master_record_number,agency,agency_tracking_number,county,city,collision_date,vehicles_involved,number_injured,number_dead,latitude,longitude,roadway_name,roadway_suffix,roadway_number,roadway_local_id,distance_from_reference,miles-feet_indicator,direction_from_reference,intersection_road_name,intersection_road_name_suffix,intersection_road_number,intersection_local_id,mile_marker,intersection_indicator,intersect_type,interchange_related_indicator,relation_to_junction,work_zone_type,construction_maintenance_zone,construction_maintenance_zone_location,fatal_case_number,officer_first_name,officer_last_name,weather_condition(s),manner_of_crash,pedestrian,bicycle,scooter,parking,hitrun,mou
102062118,METROPOLITAN NASHVILLE POLICE DEPT,20180575313,Davidson,Nashville,7/3/2018 12:15:00 PM,2,0,0,36.091350,-86.651350,MURFREESBORO PKE,,,,45.00,Feet,North,BRITISH WOODS DR,,,,0.00,N,Not at Intersection, ,Non-Junction,None,,,         ,Eric,Keller,Clear,"Sideswipe, Same Direction",no,no,no,no,yes,False
102062119,METROPOLITAN NASHVILLE POLICE DEPT,20180575405,Davidson,Not in City Limit,7/3/2018 12:10:00 PM,1,0,0,35.976790,-86.630680,BATTLE RD,,,,1329.00,Feet,East,CAROTHERS RD,,,,0.00,N,Not at Intersection, ,Non-Junction,None,,,         ,Eric,Keller,Clear,Not Collision with Motor Vehicle in Transport,no,no,no,no,yes,False
102062158,METROPOLITAN NASHVILLE POLICE DEPT,20180575311,Davidson,Nashville,7/3/2018 12:45:00 PM,2,0,0,36.066290,-86.636690,BELL RD,,,,95.00,Feet,South,MORRIS GENTRY BLVD,,,,0.00,N,Not at Intersection, ,Non-Junction,None,,,         ,Jessie,Meadows,Clear,Front to Rear,no,no,no,no,no,False
102062168,METROPOLITAN NASHVILLE POLICE DEPT,20180575352,Davidson,Nashville,7/3/2018 1:08:00 PM,1,0,0,36.150110,-86.869060,I 40,,,,0.00,,,,,,,203.30,N,Not at Intersection, ,Non-Junction,None,,,         ,Cesar,Rocha,Clear,Not Collision with Motor Vehicle in Transport,no,no,no,no,no,False
102062173,METROPOLITAN NASHVILLE POLICE DEPT,20180575439,Davidson,Nashville,7/3/2018 1:46:00 PM,2,0,0,36.157890,-86.739990,OMOHUNDRO PL,,,,331.00,Feet,North,PUMPING STATION RD,,,,0.00,N,Not at Intersection,N,"Driveway, Alley Access, etc",None,,,         ,Michael,Dance,Clear,Angle,no,no,no,no,no,False
102062174,METROPOLITAN NASHVILLE POLICE DEPT,20180575539,Davidson,Nashville,7/3/2018 2:30:00 PM,2,0,0,36.173460,-86.601920,CENTRAL PKE,,,,84.00,Feet,East,OLD HICKORY BLVD,,,,0.00,N,Not at Intersection, ,Non-Junction,None,,,         ,Thomas,Odom,Clear,Front to Rear,no,no,no,no,no,False
102062177,METROPOLITAN NASHVILLE POLICE DEPT,20180575554,Davidson,Nashville,7/3/2018 2:42:00 PM,3,0,0,36.188270,-86.815910,DOWLAN ST,,,,120.00,Feet,West,24TH AVN,,,,0.00,N,Not at Intersection, ,Non-Junction,None,,,         ,Jonathon,Sheppard,Clear,"Sideswipe, Same Direction",no,no,no,no,no,False
102062188,METROPOLITAN NASHVILLE POLICE DEPT,20180575616,Davidson,Nashville,7/3/2018 2:38:00 PM,2,0,0,36.188050,-86.797920,DOMINICAN DR,,,,171.00,Feet,East,ROSA L PARKS BLVD,,,,0.00,N,Not at Intersection,N,Non-Junction,None,,,         ,Thomas,Miller,Clear,Angle,no,no,no,no,no,False
102062236,METROPOLITAN NASHVILLE POLICE DEPT,2018-0575569,Davidson,Nashville,7/3/2018 2:05:00 PM,2,0,0,36.152720,-86.828650,CHARLOTTE AV,,,,59.00,Feet,East,37TH AVN,,,,0.00,N,Not at Intersection,N,Non-Junction,None,,,         ,Ryan,Allen,Clear,"Sideswipe, Same Direction",no,no,no,no,no,False
102062237,METROPOLITAN NASHVILLE POLICE DEPT,2018-0575780,Davidson,Nashville,7/3/2018 3:34:00 PM,3,0,0,36.136360,-86.884220,CHARLOTTE PKE,,,,254.00,Feet,West,SUMMERLY DR,,,,0.00,N,Not at Intersection,N,Non-Junction,None,,,         ,Ryan,Allen,Cloudy,Front to Rear,no,no,no,no,yes,False
102062246,METROPOLITAN NASHVILLE POLICE DEPT,20180575583,Davidson,Nashville,7/3/2018 2:45:00 PM,3,2,0,36.206270,-86.773480,W TRINITY LN,,,,0.00,,,I65 N ENT RAMP,,,,0.00,Y,T-Intersection,N,Intersection-Related,None,,,         ,Joseph,Maeser,Clear,Angle,no,no,no,no,yes,False
102062263,METROPOLITAN NASHVILLE POLICE DEPT,20180575705,Davidson,Nashville,7/3/2018 3:30:00 PM,2,0,0,36.168420,-86.687960,LEBANON PKE,,,,0.00,,,BRILEY PKWY N ENT RAMP,,,,0.00,Y,Four-Way, ,Entrance/Exit Ramp Related,None,,,         ,Brynn,Cellan,Clear,Front to Rear,no,no,no,no,no,False
102062273,METROPOLITAN NASHVILLE POLICE DEPT,20180575718,Davidson,Nashville,7/3/2018 3:21:00 PM,2,0,0,36.076490,-86.694300,I 24,,,,0.00,,,,,,,56.45,N,Not at Intersection,N,Non-Junction,None,,,         ,Andrew,Brazee,Cloudy,"Sideswipe, Same Direction",no,no,no,no,yes,False
102062274,METROPOLITAN NASHVILLE POLICE DEPT,20180572760,Davidson,Nashville,7/2/2018 5:55:00 PM,3,3,0,36.255600,-86.706930,NEELYS BEND RD,,,,101.00,Feet,East,IDLEWILD AV,,,,0.00,N,Not at Intersection,N,Non-Junction,None,,,         ,Russell,Ward,Clear,Front to Rear,no,no,no,no,no,False
102062282,METROPOLITAN NASHVILLE POLICE DEPT,20180575831,Davidson,Nashville,7/3/2018 4:04:00 PM,2,0,0,36.083220,-86.708790,HARDING PL,,,,356.00,Feet,South,LARGO DR,,,,0.00,N,Not at Intersection, ,Non-Junction,None,,,         ,YUNUS,ADAK,Clear,Angle,no,no,no,no,no,False
102062285,METROPOLITAN NASHVILLE POLICE DEPT,20180566485,Davidson,Nashville,7/3/2018 12:00:00 AM,2,0,0,36.221390,-86.773770,I24 W ENT RAMP,,,,0.00,,,I 65,,,,0.00,Y,Y-Intersection, ,Intersection,None,,,         ,John,Petriello,Clear,"Sideswipe, Same Direction",no,no,no,no,yes,False
102062289,METROPOLITAN NASHVILLE POLICE DEPT,20180575733,Davidson,Nashville,7/3/2018 3:44:00 PM,2,0,0,36.038950,-86.782660,OLD HICKORY BLVD,,,,290.00,Feet,East,I65 S EXT RAMP,,,,0.00,N,Not at Intersection, ,Non-Junction,None,,,         ,Eric,Burford,Clear,Front to Rear,no,no,no,no,no,False
102062297,METROPOLITAN NASHVILLE POLICE DEPT,20180575595,Davidson,Nashville,7/3/2018 2:18:00 PM,2,0,0,36.163890,-86.779100,4TH AVN,,,,82.00,Feet,North,CHURCH ST,,,,0.00,N,Not at Intersection, ,Non-Junction,None,,,         ,Brandon,O'Guin,Clear,"Sideswipe, Same Direction",no,no,no,no,no,False
102062298,METROPOLITAN NASHVILLE POLICE DEPT,20180575799,Davidson,Nashville,7/3/2018 4:08:00 PM,2,0,0,36.229480,-86.759840,EWING DR,,,,170.00,Feet,West,BROADMOOR DR,,,,0.00,N,Not at Intersection, ,Non-Junction,None,,,         ,Marc,Kozen,Clear,Front to Rear,no,no,no,no,no,False
102062305,METROPOLITAN NASHVILLE POLICE DEPT,20180575876,Davidson,Nashville,7/3/2018 4:38:00 PM,1,1,0,36.074140,-86.638320,MURFREESBORO PKE,,,,157.00,Feet,South,RURAL HILL RD,,,,0.00,N,Not at Intersection,N,Non-Junction,None,,,         ,Devonte,Coleman,Clear,Not Collision with Motor Vehicle in Transport,no,yes,no,no,no,False
102062306,METROPOLITAN NASHVILLE POLICE DEPT,20180575988,Davidson,Nashville,7/3/2018 5:19:00 PM,2,0,0,36.153960,-86.758320,I 40,,,,0.00,,,,,,,211.10,N,Not at Intersection,Y,Non-Junction,None,,,         ,Johnathan,Pannell,Rain,"Sideswipe, Same Direction",no,no,no,no,yes,False
102062309,METROPOLITAN NASHVILLE POLICE DEPT,20180575683,Davidson,Not in City Limit,7/3/2018 3:29:00 PM,3,1,0,36.259760,-86.788680,I 24,,,,0.00,,,,,,,41.90,N,Not at Intersection,N,Non-Junction,None,,,         ,Jason,Hogan,Rain,Angle,no,no,no,no,yes,False
102062311,METROPOLITAN NASHVILLE POLICE DEPT,20180575806,Davidson,Nashville,7/3/2018 4:09:00 PM,2,0,0,36.071870,-86.636180,MURFREESBORO PKE,,,,0.00,,,BELL RD,,,,0.00,Y,Four-Way, ,Non-Junction,None,,,         ,Alex,Moore,Clear,"Sideswipe, Same Direction",no,no,no,no,no,False
102062312,METROPOLITAN NASHVILLE POLICE DEPT,20180575915,Davidson,Not in City Limit,7/3/2018 4:45:00 PM,1,0,0,36.013700,-86.641030,CANE RIDGE RD,,,,0.58,Miles,South,CANE SPRINGS RD,,,,0.00,N,Not at Intersection,N,Non-Junction,None,,,         ,Landon,Bagwell,Cloudy,Not Collision with Motor Vehicle in Transport,no,no,no,no,no,False
102062317,METROPOLITAN NASHVILLE POLICE DEPT,20180576035,Davidson,Nashville,7/3/2018 4:41:00 PM,2,0,0,36.203650,-86.739300,E TRINITY LN,,,,539.00,Feet,East,CASPER AV,,,,0.00,N,Not at Intersection,N,Non-Junction,None,,,         ,Cody,Jaworski,Clear,Angle,no,no,no,no,yes,False
102062324,METROPOLITAN NASHVILLE POLICE DEPT,20180575769,Davidson,Nashville,7/3/2018 3:30:00 PM,2,0,0,36.164430,-86.776820,2ND AVN,,,,55.00,Feet,South,CHURCH ST,,,,0.00,N,Not at Intersection,N,Non-Junction,None,,,         ,Timothy,Mead,Rain,Angle,no,no,no,no,yes,False
102062326,METROPOLITAN NASHVILLE POLICE DEPT,20180576034,Davidson,Nashville,7/3/2018 12:00:00 AM,2,0,0,36.191870,-86.780480,I 65,,,,0.00,,,,,,,86.30,N,Not at Intersection, ,Non-Junction,None,,,         ,Trevor,Taylor,Rain,Front to Rear,no,no,no,no,no,False
102062331,METROPOLITAN NASHVILLE POLICE DEPT,20180575617,Davidson,Nashville,7/3/2018 3:02:00 PM,4,1,0,36.128910,-86.726820,I24 W EXT RAMP,,,,0.00,Feet,East,I 440,,,,0.00,N,Not at Intersection,Y,Non-Junction,None,,,         ,Dontaveous,Eubanks,Cloudy,Front to Rear,no,no,no,no,no,False
102062332,METROPOLITAN NASHVILLE POLICE DEPT,20180575963,Davidson,Nashville,7/3/2018 4:18:00 PM,2,0,0,36.140980,-86.656980,I 40,,,,0.00,,,,,,,217.85,N,Not at Intersection,N,Non-Junction,None,,,         ,Kimberly,Annson,Cloudy,Front to Rear,no,no,no,no,no,False
102062333,METROPOLITAN NASHVILLE POLICE DEPT,20180575620,Davidson,Nashville,7/3/2018 3:15:00 PM,2,0,0,36.159950,-86.760490,I 24,,,,0.00,,,,,,,49.45,N,Not at Intersection, ,Non-Junction,None,,,         ,Michael,Douglas,Cloudy,"Sideswipe, Same Direction",no,no,no,no,no,False
102062341,METROPOLITAN NASHVILLE POLICE DEPT,20180576130,Davidson,Nashville,7/3/2018 6:00:00 PM,2,0,0,36.200160,-86.776360,I 65,,,,0.00,,,,,,,86.90,N,Not at Intersection, ,Non-Junction,None,,,         ,Kevin,Clausius,Rain,Angle,no,no,no,no,no,False
102062344,METROPOLITAN NASHVILLE POLICE DEPT,20180575883,Davidson,Nashville,7/3/2018 4:36:00 PM,1,1,0,36.209640,-86.724690,GREENFIELD AV,,,,110.00,Feet,East,KENNEDY AV,,,,0.00,N,Not at Intersection,N,Non-Junction,None,,,         ,Alexander,Georgeson,,Not Collision with Motor Vehicle in Transport,no,no,no,no,yes,False
102062347,METROPOLITAN NASHVILLE POLICE DEPT,20180576173,Davidson,Nashville,7/3/2018 5:39:00 PM,2,0,0,36.083860,-86.689040,EZELL PKE,,,,123.00,Feet,East,ANTIOCH PKE,,,,0.00,N,Not at Intersection,N,Non-Junction,None,,,         ,YUNUS,ADAK,Clear,"Sideswipe, Same Direction",no,no,no,no,yes,False
102062400,METROPOLITAN NASHVILLE POLICE DEPT,20180576233,Davidson,Nashville,7/3/2018 6:22:00 PM,2,0,0,36.152790,-86.802930,21ST AVN,,,,131.00,Feet,North,CHURCH ST,,,,0.00,N,Not at Intersection, ,Non-Junction,None,,,         ,Jed,Baldoni,Clear,Angle,no,no,no,no,no,False
102062403,METROPOLITAN NASHVILLE POLICE DEPT,20180576222,Davidson,Nashville,7/3/2018 12:00:00 AM,2,0,0,36.189410,-86.745890,GALLATIN AV,,,,0.00,,,SHARPE AV,,,,0.00,Y,T-Intersection,N,Intersection,None,,,         ,Gordon,Stovall,Clear,Angle,no,no,no,no,yes,False
102062417,METROPOLITAN NASHVILLE POLICE DEPT,20180576242,Davidson,Not in City Limit,7/3/2018 6:39:00 PM,2,0,0,36.264160,-86.735590,I65 N EXT RAMP,,,,0.00,,,OLD HICKORY BLVDW,,,,0.00,Y,Y-Intersection,N,Entrance/Exit Ramp Related,None,,,         ,Christopher,Littles,Cloudy,Front to Rear,no,no,no,no,no,False
102062419,METROPOLITAN NASHVILLE POLICE DEPT,20180575591,Davidson,Nashville,7/3/2018 2:52:00 PM,2,0,0,36.076690,-86.758930,TROUSDALE DR,,,,420.00,Feet,South,BRIARWOOD DR,,,,0.00,N,Not at Intersection,N,Non-Junction,None,,,         ,Brandon,Hughes,Clear,Front to Rear,no,no,no,no,no,False
102062473,METROPOLITAN NASHVILLE POLICE DEPT,20180576241,Davidson,Not in City Limit,7/3/2018 6:59:00 PM,2,1,0,36.259770,-86.776450,BRICK CHURCH PKE,,,,490.00,Feet,North,BRICK DR,,,,0.00,N,Not at Intersection,N,Non-Junction,None,,,         ,Bradley,Campbell,Clear,HeadOn,no,no,no,no,yes,False
102062501,METROPOLITAN NASHVILLE POLICE DEPT,20180575824,Davidson,Not in City Limit,7/3/2018 4:18:00 PM,2,0,0,36.299000,-86.811890,I 24,,,,0.00,,,,,,,38.85,N,Not at Intersection, ,Non-Junction,None,,,         ,Sara,Lober,Rain,"Sideswipe, Same Direction",no,no,no,no,no,False
102062543,METROPOLITAN NASHVILLE POLICE DEPT,20180576501,Davidson,Nashville,7/3/2018 8:38:00 PM,2,1,0,36.168140,-86.687930,BRILEY PKWY N EXT RAMP,,,,103.00,Feet,South,BRILEY PKWY N ENT RAMP,,,,0.00,N,Not at Intersection,N,Non-Junction,None,,,         ,Allyson,Reis,Clear,"Sideswipe, Same Direction",no,no,no,no,no,False
102062544,METROPOLITAN NASHVILLE POLICE DEPT,2018-0576494,Davidson,Nashville,7/3/2018 8:30:00 PM,2,0,0,36.123060,-86.912210,CHARLOTTE PKE,,,,487.00,Feet,West,OLD CHARLOTTE PKE,,,,0.00,N,Not at Intersection, ,Non-Junction,None,,,         ,Ryan,Allen,Clear,Front to Rear,no,no,no,no,no,False
102062557,METROPOLITAN NASHVILLE POLICE DEPT,20180576090,Davidson,Nashville,7/3/2018 5:43:00 PM,4,0,0,36.132360,-86.719020,MURFREESBORO PKE,,,,94.00,Feet,East,WILHAGAN RD,,,,0.00,N,Not at Intersection,N,Non-Junction,None,,,         ,Dontaveous,Eubanks,Clear,Front to Rear,no,no,no,no,no,False
102062563,METROPOLITAN NASHVILLE POLICE DEPT,20180575858,Davidson,Nashville,7/3/2018 4:13:00 PM,2,0,0,36.109770,-86.744590,NOLENSVILLE PKE,,,,0.00,,,COLLIER AV,,,,0.00,Y,T-Intersection,N,Intersection,None,,,         ,Jedidayah,Merriweather,Cloudy,Angle,no,no,no,no,yes,False
102062564,METROPOLITAN NASHVILLE POLICE DEPT,20180575961,Davidson,Nashville,7/3/2018 4:53:00 PM,2,0,0,36.098960,-86.717510,MCCALL ST,,,,0.00,,,ANTIOCH PKE,,,,0.00,Y,T-Intersection, ,Intersection,None,,,         ,Jedidayah,Merriweather,Cloudy,Angle,no,no,no,no,no,False
102062577,METROPOLITAN NASHVILLE POLICE DEPT,20180576643,Davidson,Nashville,7/3/2018 8:53:00 PM,2,0,0,36.152240,-86.625070,BELL RD,,,,0.00,,,STEWARTS FERRY PKE,,,,0.00,Y,Four-Way, ,Intersection-Related,None,,,         ,Kimberly,Annson,Clear,Front to Rear,no,no,no,no,no,False
102062601,METROPOLITAN NASHVILLE POLICE DEPT,20180575982,Davidson,Nashville,7/3/2018 5:15:00 PM,2,1,0,36.173640,-86.614410,DODSON CHAPEL RD,,,,400.00,Feet,South,CENTRAL PKE,,,,0.00,N,Not at Intersection,N,Non-Junction,None,,,         ,Allyson,Reis,Clear,Front to Rear,no,no,no,no,no,False
102062608,METROPOLITAN NASHVILLE POLICE DEPT,20180575681,Davidson,Nashville,7/3/2018 3:00:00 PM,2,1,0,36.041060,-86.779030,OLD HICKORY BLVD,,,,117.00,Feet,East,FRANKLIN PIKE CIR,,,,0.00,N,Not at Intersection,N,Non-Junction,None,,,         ,Akira,McSwain,Clear,Front to Rear,no,no,no,no,no,False
102062609,METROPOLITAN NASHVILLE POLICE DEPT,20180575980,Davidson,Nashville,7/3/2018 5:04:00 PM,2,0,0,36.081950,-86.761790,I65 N EXT RAMP,,,,0.00,,,SIDCO DR,,,,0.00,Y,Y-Intersection, ,Non-Junction,None,,,         ,Akira,McSwain,Clear,Front to Rear,no,no,no,no,no,False
102062610,METROPOLITAN NASHVILLE POLICE DEPT,20180576154,Davidson,Nashville,7/3/2018 5:29:00 PM,2,0,0,36.045220,-86.714790,BRENTWOOD EAST DR,,,,13.00,Feet,East,OLD HICKORY BLVD,,,,0.00,N,Not at Intersection, ,Non-Junction,None,,,         ,Akira,McSwain,Clear,Angle,no,no,no,no,no,False
102062611,METROPOLITAN NASHVILLE POLICE DEPT,20180576480,Davidson,Nashville,7/3/2018 4:30:00 PM,2,0,0,36.110420,-86.766930,POWELL AV,,,,207.00,Feet,South,OLD POWELL AV,,,,0.00,N,Not at Intersection,N,Non-Junction,None,,,         ,Akira,McSwain,Clear,Angle,no,no,no,yes,yes,False
102062612,METROPOLITAN NASHVILLE POLICE DEPT,20180576074,Davidson,Nashville,7/3/2018 5:30:00 PM,2,2,0,36.169380,-86.763270,S 5TH ST,,,,184.00,Feet,South,FATHERLAND ST,,,,0.00,N,Not at Intersection,N,Non-Junction,None,,,         ,Maccio,Hightower,Rain,Front to Rear,no,no,no,no,no,False
102062613,METROPOLITAN NASHVILLE POLICE DEPT,20180576010,Davidson,Madison,7/3/2018 4:16:00 PM,2,0,0,36.259250,-86.713260,GALLATIN PKES,,,,242.00,Feet,South,WOODRUFF ST,,,,0.00,N,Not at Intersection, ,Non-Junction,None,,,         ,Kevin,Crawford,Clear,Angle,no,no,no,no,no,False
102062616,METROPOLITAN NASHVILLE POLICE DEPT,20180576416,Davidson,Nashville,7/3/2018 4:30:00 PM,2,0,0,36.137450,-86.800770,21ST AVS,,,,44.00,Feet,South,WEDGEWOOD AV,,,,0.00,N,Not at Intersection,N,Non-Junction,None,,,         ,Patrick,Martin,Clear,"Sideswipe, Same Direction",no,no,no,no,yes,Campus
102062631,METROPOLITAN NASHVILLE POLICE DEPT,20180576392,Davidson,Nashville,7/3/2018 7:50:00 PM,1,2,0,36.055310,-86.704050,EULALA DR,,,,0.00,,,BREWER DR,,,,0.00,Y,T-Intersection,N,Non-Junction,None,,,         ,Matthew,Turppa,Clear,Not Collision with Motor Vehicle in Transport,no,no,no,no,no,False
102062634,METROPOLITAN NASHVILLE POLICE DEPT,20180576554,Davidson,Nashville,7/3/2018 9:30:00 PM,2,0,0,36.109940,-86.720340,I24 W EXT RAMP,,,,0.00,Feet,East,I 24,,,,0.00,N,Not at Intersection, ,Entrance/Exit Ramp Related,None,,,         ,Aimee,Ortiz,Cloudy,"Sideswipe, Same Direction",no,no,no,no,no,False
102062635,METROPOLITAN NASHVILLE POLICE DEPT,20180576546,Davidson,Nashville,7/3/2018 8:48:00 PM,2,0,0,36.149300,-86.773490,I 40,,,,0.00,,,,,,,210.20,N,Not at Intersection,N,Non-Junction,None,,,         ,Trevor,Jones,Clear,"Sideswipe, Same Direction",no,no,no,no,no,False
102062639,METROPOLITAN NASHVILLE POLICE DEPT,20180576716,Davidson,Nashville,7/3/2018 9:32:00 PM,1,0,0,36.067810,-86.631070,FOREST VIEW DR,,,,0.00,,,,,,,0.00,,,N,Non-Junction,None,,,         ,YUNUS,ADAK,Clear,Not Collision with Motor Vehicle in Transport,no,no,no,no,no,False
102062640,METROPOLITAN NASHVILLE POLICE DEPT,20180576528,Davidson,Nashville,7/3/2018 8:48:00 PM,2,0,0,36.161340,-86.597130,BELL RD,,,,0.00,,,OLD HICKORY BLVD,,,,0.00,Y,Four-Way,N,Intersection,None,,,         ,Abbey,Sawl,Clear,HeadOn,no,no,no,no,no,False
102062641,METROPOLITAN NASHVILLE POLICE DEPT,20180576532,Davidson,Nashville,7/3/2018 8:49:00 PM,2,0,0,36.111620,-86.792580,WOODMONT BLVD,,,,0.00,,,GRANNY WHITE PKE,,,,0.00,Y,Four-Way,N,Intersection-Related,None,,,         ,Ryan,Storm,Clear,Front to Rear,no,no,no,no,no,False
102062647,METROPOLITAN NASHVILLE POLICE DEPT,20180576653,Davidson,Nashville,7/3/2018 9:36:00 PM,2,1,0,36.145390,-86.812380,28TH AVN,,,,123.00,Feet,North,WEST END AV,,,,0.00,N,Not at Intersection,N,Non-Junction,None,,,         ,Eric,Burford,Clear,Angle,no,no,no,yes,no,Campus
102062650,METROPOLITAN NASHVILLE POLICE DEPT,20180576604,Davidson,Nashville,7/3/2018 9:10:00 PM,2,1,0,36.213710,-86.811310,CHATEAU VALLEY DR,,,,0.00,,,CHATEAU VALLEY CT,,,,0.00,Y,T-Intersection,N,OtherLocation,None,,,         ,Jerry,Pirtle,Cloudy,Angle,no,no,no,no,yes,False
102062661,METROPOLITAN NASHVILLE POLICE DEPT,20180576844,Davidson,Nashville,7/3/2018 9:50:00 PM,2,0,0,36.109470,-86.728150,THOMPSON LN,,,,0.00,,,BRILEY PKWYN,,,,0.00,Y,Four-Way,N,Intersection-Related,None,,,         ,Steven,Wiser,Clear,Front to Rear,no,no,no,no,yes,False
102062669,METROPOLITAN NASHVILLE POLICE DEPT,20180576807,Davidson,Nashville,7/3/2018 9:22:00 PM,3,0,0,36.113900,-86.810880,HILLSBORO PKE,,,,20.00,Feet,South,WOODMONT BLVD,,,,0.00,N,Not at Intersection, ,,None,,,         ,Christian,Martin,,,no,no,no,no,no,False
102062671,METROPOLITAN NASHVILLE POLICE DEPT,20180576817,Davidson,Not in City Limit,7/3/2018 8:52:00 PM,2,0,0,36.261150,-86.712560,GALLATIN PKES,,,,33.00,Feet,South,MAPLE ST,,,,0.00,N,Not at Intersection,N,Non-Junction,None,,,         ,Craig,Amabile,Clear,HeadOn,no,no,no,yes,yes,False
102062672,METROPOLITAN NASHVILLE POLICE DEPT,20180576863,Davidson,Nashville,7/3/2018 10:50:00 PM,1,0,0,36.193600,-86.762760,DOUGLAS AV,,,,148.00,Feet,East,LISCHEY AV,,,,0.00,N,Not at Intersection,N,"Driveway, Alley Access, etc",None,,,         ,Landon,Bagwell,Clear,Not Collision with Motor Vehicle in Transport,no,no,no,no,no,False
102062673,METROPOLITAN NASHVILLE POLICE DEPT,20180576179,Davidson,Madison,7/3/2018 6:33:00 PM,2,1,1,36.266600,-86.710950,GALLATIN PKEN,,,,111.00,Feet,South,DUPONT AV,,,,0.00,N,Not at Intersection,N,Non-Junction,None,,,18-0580  ,Brian,Theriac,Clear,Angle,no,no,no,no,no,False
102062674,METROPOLITAN NASHVILLE POLICE DEPT,20180576788,Davidson,Nashville,7/3/2018 11:00:00 PM,2,0,0,36.166000,-86.777770,UNION ST EXT RAMP,,,,0.00,Feet,,UNION ST,,,,0.00,Y,T-Intersection,Y,Intersection-Related,None,,,         ,Billy,Price,Clear,Front to Rear,no,no,no,no,yes,False
102062687,METROPOLITAN NASHVILLE POLICE DEPT,20180576998,Davidson,Nashville,7/3/2018 11:17:00 PM,2,0,0,36.116240,-86.701820,WINTHORNE DR,,,,94.00,Feet,South,GLENPARK DR,,,,0.00,N,Not at Intersection, ,,None,,,         ,Robert,Erickson,,,no,no,no,no,no,False
102062703,METROPOLITAN NASHVILLE POLICE DEPT,20180577036,Davidson,Nashville,7/4/2018 12:49:00 AM,2,2,0,36.115920,-86.798620,BATTLEFIELD DR,,,,0.00,,,STOKES LN,,,,0.00,Y,Four-Way,Y,Intersection,None,,,         ,Christian,Martin,Clear,"Sideswipe, Same Direction",no,no,no,no,no,False
102062714,METROPOLITAN NASHVILLE POLICE DEPT,20180576825,Davidson,Nashville,7/3/2018 11:00:00 PM,2,0,0,36.183820,-86.748370,EASTLAND AV,,,,0.00,Feet,East,GALLATIN AV,,,,0.00,N,Not at Intersection,N,Non-Junction,None,,,         ,Eric,Hall,Clear,Front to Rear,no,no,no,no,no,False
102062727,METROPOLITAN NASHVILLE POLICE DEPT,20180577013,Davidson,Nashville,7/4/2018 12:20:00 AM,2,0,0,36.229380,-86.759280,BROADMOOR DR,,,,0.00,Feet,,DICKERSON PKE,,,,0.00,Y,Four-Way,Y,Intersection,None,,,         ,Juan,Gonzalez,Clear,Angle,no,no,no,no,no,False
102062728,METROPOLITAN NASHVILLE POLICE DEPT,20180577356,Davidson,Nashville,7/3/2018 11:38:00 PM,2,3,0,36.158410,-86.790610,GEORGE L DAVIS BLVD,,,,0.00,Feet,,CHURCH ST,,,,0.00,Y,Four-Way,N,Intersection,None,,,         ,Garrett,Reingardt,Clear,Angle,no,no,no,no,no,False
102062829,METROPOLITAN NASHVILLE POLICE DEPT,20180576797,Davidson,Nashville,7/3/2018 10:55:00 PM,2,2,0,36.118230,-86.700230,BRILEY PKWY N ENT RAMP,,,,0.00,,,BRILEY PKWYN,,,,0.00,Y,OTHER,N,Intersection,None,,,         ,David,Abbott,Clear,Angle,no,no,no,no,no,False
102062833,METROPOLITAN NASHVILLE POLICE DEPT,20180577553,Davidson,Nashville,7/4/2018 5:43:00 AM,1,0,0,36.141240,-86.663490,I40 W EXT RAMP,,,,0.00,,,I 40,,,,0.00,Y,OTHER,N,Entrance/Exit Ramp Related,None,,,         ,Jacob,West,Clear,Not Collision with Motor Vehicle in Transport,no,no,no,no,yes,False
102062834,METROPOLITAN NASHVILLE POLICE DEPT,2018-0877356,Davidson,Nashville,7/4/2018 4:00:00 AM,2,0,0,36.164030,-86.786240,CHARLOTTE AV,,,,0.00,,,ROSA L PARKS BLVD,,,,0.00,Y,Four-Way, ,Intersection,None,,,         ,Garrett,Reingardt,Clear,Angle,no,no,no,no,yes,False
102062868,METROPOLITAN NASHVILLE POLICE DEPT,20180577559,Davidson,Nashville,7/4/2018 5:55:00 AM,2,1,0,36.221450,-86.773770,I24 W ENT RAMP,,,,0.00,,,I 65,,,,0.00,Y,Y-Intersection,Y,Entrance/Exit Ramp Related,None,,,         ,Juan,Gonzalez,Clear,"Sideswipe, Same Direction",no,no,no,no,no,False
102062885,METROPOLITAN NASHVILLE POLICE DEPT,20180577592,Davidson,Nashville,7/4/2018 6:30:00 AM,2,1,0,36.283510,-86.730150,I 65,,,,0.00,,,,,,,93.65,N,Not at Intersection,N,Non-Junction,None,,,         ,Cyretha,Frazier,Clear,Front to Rear,no,no,no,no,no,False
102062892,METROPOLITAN NASHVILLE POLICE DEPT,20180577668,Davidson,Nashville,7/3/2018 9:13:00 PM,2,0,0,36.157690,-86.617090,BELL RD,,,,449.00,Feet,East,STONES RIVER GRNWY,,,,0.00,N,Not at Intersection,N,Non-Junction,None,,,         ,Michael,Dance,Clear,"Sideswipe, Same Direction",no,no,no,no,yes,False