master_record_number,agency,agency_tracking_number,county,city,collision_date,vehicles_involved,number_injured,number_dead,latitude,longitude,roadway_name,roadway_suffix,roadway_number,roadway_local_id,distance_from_reference,miles-feet_indicator,direction_from_reference,intersection_road_name,intersection_road_name_suffix,intersection_road_number,intersection_local_id,mile_marker,intersection_indicator,intersect_type,interchange_related_indicator,relation_to_junction,work_zone_type,construction_maintenance_zone,construction_maintenance_zone_location,fatal_case_number,officer_first_name,officer_last_name,weather_condition(s),manner_of_crash,pedestrian,bicycle,scooter,parking,hitrun,mou
102062894,METROPOLITAN NASHVILLE POLICE DEPT,20180577599,Davidson,Antioch,7/4/2018 6:20:00 AM,1,0,0,36.047840,-86.612050,MURFREESBORO PKE,,,,1284.00,Feet,North,MOUNTAIN SPRINGS RD,,,,0.00,N,Not at Intersection,N,Non-Junction,None,,,         ,Jessie,Meadows,Clear,Not Collision with Motor Vehicle in Transport,no,no,no,no,no,False
102062909,METROPOLITAN NASHVILLE POLICE DEPT,20180577743,Davidson,Nashville,7/4/2018 8:19:00 AM,1,1,0,36.135190,-86.631230,TRAILS END LN,,,,313.00,Feet,South,REELFOOT CIR,,,,0.00,N,Not at Intersection,N,Non-Junction,None,,,         ,Michael,Dance,Clear,Not Collision with Motor Vehicle in Transport,no,no,no,no,no,False
102062945,METROPOLITAN NASHVILLE POLICE DEPT,20180577709,Davidson,Antioch,7/4/2018 8:00:00 AM,2,0,0,36.027320,-86.615120,OLD HICKORY BLVD,,,,1296.00,Feet,South,LOGISTICS WAY,,,,0.00,N,Not at Intersection, ,Non-Junction,None,,,         ,Jessie,Meadows,Clear,Not Collision with Motor Vehicle in Transport,no,no,no,no,no,False
102062975,METROPOLITAN NASHVILLE POLICE DEPT,20180577826,Davidson,Nashville,7/4/2018 9:04:00 AM,3,0,0,36.055350,-86.642290,BELL RD,,,,128.00,Feet,North,THE OVERLOOK PVTDR,,,,0.00,N,Not at Intersection,N,Non-Junction,None,,,         ,Jessie,Meadows,Clear,"Sideswipe, Same Direction",no,no,no,no,no,False
102063019,METROPOLITAN NASHVILLE POLICE DEPT,20180577999,Davidson,Nashville,7/4/2018 10:23:00 AM,2,0,0,36.212130,-86.691300,BRILEY PKWYN,,,,1359.00,Feet,South,BRILEY PKWYS,,,,0.00,N,Not at Intersection, ,Non-Junction,None,,,         ,Michael,Dance,Clear,"Sideswipe, Same Direction",no,no,no,no,no,False
102063042,METROPOLITAN NASHVILLE POLICE DEPT,20180577970,Davidson,Nashville,7/4/2018 10:10:00 AM,1,0,0,36.135860,-86.707210,MASSMAN DR,,,,0.00,,,NORCROSS DR,,,,0.00,Y,T-Intersection,N,Intersection,None,,,         ,MIchael,Mihajlov,Clear,Not Collision with Motor Vehicle in Transport,no,no,no,no,yes,False
102063045,METROPOLITAN NASHVILLE POLICE DEPT,20180578098,Davidson,Nashville,7/4/2018 11:00:00 AM,2,0,0,36.157720,-86.846090,ILLINOIS AV,,,,52.00,Feet,East,49TH AVN,,,,0.00,N,Not at Intersection, ,Non-Junction,None,,,         ,Curtis,Rich,Clear,Rear to Side,no,no,no,no,no,False
102063203,BERRY HILL POLICE DEPT,18-2295,Davidson,Berry Hill,7/3/2018 1:50:00 PM,2,1,0,36.118860,-86.774590,FRANKLIN PKE,,,,0.00,,,BERRY RD,,,,0.00,Y,T-Intersection,Y,Intersection,None,,,         ,Ronnie,Hill,Cloudy,Angle,no,no,no,no,no,False
102063213,METROPOLITAN NASHVILLE POLICE DEPT,20180575291,Davidson,Nashville,7/3/2018 12:30:00 PM,2,0,0,36.171400,-86.768150,I 24,,,,0.00,,,,,,,48.40,N,Not at Intersection,N,Non-Junction,None,,,         ,Gregory,Julia,Clear,"Sideswipe, Same Direction",no,no,no,no,yes,False
102063228,METROPOLITAN NASHVILLE POLICE DEPT,20180578320,Davidson,Nashville,7/4/2018 1:31:00 PM,2,0,0,36.124290,-86.696340,BRILEY PKWY,,,,0.00,,,VULTEE BLVD,,,,0.00,Y,Four-Way,N,Intersection,None,,,         ,Michael,Dance,Clear,Front to Rear,no,no,no,no,yes,False
102063250,METROPOLITAN NASHVILLE POLICE DEPT,20180578331,Davidson,Nashville,7/4/2018 1:39:00 PM,2,0,0,36.116710,-86.923250,CHARLOTTE PKE,,,,0.00,,,OLD HICKORY BLVD,,,,0.00,Y,Four-Way,N,Intersection,None,,,         ,Curtis,Rich,Cloudy,Angle,no,no,no,no,no,False
102063332,METROPOLITAN NASHVILLE POLICE DEPT,20180578263,Davidson,Nashville,7/4/2018 1:15:00 PM,2,0,0,36.125430,-86.743090,GLENROSE AV,,,,162.00,Feet,East,FOX AV,,,,0.00,N,Not at Intersection,N,Non-Junction,None,,,         ,Jessie,Meadows,Clear,Front to Rear,no,no,no,no,yes,False
102063383,METROPOLITAN NASHVILLE POLICE DEPT,20180578397,Davidson,Nashville,7/4/2018 2:12:00 PM,1,0,0,36.069190,-86.689490,HAYWOOD LN,,,,0.00,,,I24 E EXT RAMP,,,,0.00,Y,OTHER,N,Non-Junction,None,,,         ,Marcus,Darden,Clear,Not Collision with Motor Vehicle in Transport,no,no,no,no,yes,False
102063414,METROPOLITAN NASHVILLE POLICE DEPT,20180578385,Davidson,Nashville,7/4/2018 2:20:00 PM,2,1,0,36.097500,-86.709100,I 24,,,,0.00,,,,,,,54.80,N,Not at Intersection,N,Non-Junction,None,,,         ,Michael,Dudley,Clear,Front to Rear,no,no,no,no,yes,False
102063457,METROPOLITAN NASHVILLE POLICE DEPT,20180578407,Davidson,Nashville,7/4/2018 2:20:00 PM,2,0,0,36.144580,-86.813140,WEST END AV,,,,0.00,,,29TH AVN,,,,0.00,Y,T-Intersection, ,Non-Junction,None,,,         ,Akira,McSwain,Clear,Angle,no,no,no,no,no,Campus
102063460,METROPOLITAN NASHVILLE POLICE DEPT,20180578573,Davidson,Nashville,7/4/2018 3:16:00 PM,1,0,0,36.069590,-86.693910,HAYWOOD LN,,,,0.00,,,EZELL RD,,,,0.00,Y,Four-Way, ,Intersection,None,,,         ,Marcus,Darden,Clear,Not Collision with Motor Vehicle in Transport,no,no,no,no,no,False
102063461,METROPOLITAN NASHVILLE POLICE DEPT,20180578588,Davidson,Not in City Limit,7/4/2018 4:00:00 PM,2,0,0,36.287150,-86.809370,I 24,,,,0.00,,,,,,,39.70,N,Not at Intersection,N,Non-Junction,None,,,         ,Sara,Lober,Clear,"Sideswipe, Same Direction",no,no,no,no,yes,False
102063478,METROPOLITAN NASHVILLE POLICE DEPT,20180578601,Davidson,Nashville,7/4/2018 4:04:00 PM,4,1,0,36.068220,-86.711130,HAYWOOD LN,,,,136.00,Feet,West,FAULKNER DR,,,,0.00,N,Not at Intersection,N,Non-Junction,None,,,         ,YUNUS,ADAK,Clear,Front to Rear,no,no,no,no,yes,False
102063521,METROPOLITAN NASHVILLE POLICE DEPT,20180578700,Davidson,Nashville,7/4/2018 4:54:00 PM,2,7,0,36.249570,-86.741590,I 65,,,,0.00,,,,,,,91.20,N,Not at Intersection,N,Non-Junction,None,,,         ,Christopher,Littles,Clear,"Sideswipe, Same Direction",no,no,no,no,no,False
102063525,METROPOLITAN NASHVILLE POLICE DEPT,20180578706,Davidson,Nashville,7/4/2018 4:55:00 PM,2,0,0,36.154450,-86.758230,I24 W ENT RAMP,,,,0.00,,,I 40,,,,0.00,Y,Y-Intersection, ,Non-Junction,None,,,         ,Hunter,Fikes,Clear,Angle,no,no,no,no,no,False
102063547,METROPOLITAN NASHVILLE POLICE DEPT,20180578822,Davidson,Nashville,7/4/2018 5:40:00 PM,1,0,0,36.209140,-86.866460,ASHLAND CITY HWY,,,,356.00,Feet,East,INDUSTRIAL PKWY,,,,0.00,N,Not at Intersection, ,Non-Junction,None,,,         ,Jerry,Pirtle,Clear,Not Collision with Motor Vehicle in Transport,no,no,no,no,no,False
102063551,METROPOLITAN NASHVILLE POLICE DEPT,20180578888,Davidson,Nashville,7/4/2018 6:42:00 PM,1,1,0,36.186990,-86.761670,N 6TH ST,,,,282.00,Feet,North,EASTLAND ST,,,,0.00,N,Not at Intersection,N,Non-Junction,None,,,         ,Kevin,Clausius,Clear,Not Collision with Motor Vehicle in Transport,yes,no,no,no,no,False
102063555,METROPOLITAN NASHVILLE POLICE DEPT,20180578908,Davidson,Nashville,7/4/2018 6:30:00 PM,2,0,0,36.184930,-86.767960,ARRINGTON ST,,,,97.00,Feet,East,MERIDIAN ST,,,,0.00,N,Not at Intersection, ,Non-Junction,None,,,         ,Joseph,Maeser,Clear,Angle,no,no,no,no,no,False
102063557,METROPOLITAN NASHVILLE POLICE DEPT,20180578899,Davidson,Not in City Limit,7/4/2018 6:49:00 PM,2,1,0,36.261500,-86.721320,LINDA LN,,,,0.00,,,DONNA DR,,,,0.00,Y,Four-Way,N,Intersection,None,,,         ,Christopher,Littles,Clear,Angle,no,no,no,no,no,False
102063566,METROPOLITAN NASHVILLE POLICE DEPT,20180578714,Davidson,Nashville,7/4/2018 5:00:00 PM,2,1,0,36.116070,-86.791930,I 440,,,,0.00,,,,,,,3.85,N,Not at Intersection,N,Non-Junction,None,,,         ,Akira,McSwain,Clear,"Sideswipe, Same Direction",no,no,no,no,yes,False
102063567,METROPOLITAN NASHVILLE POLICE DEPT,20180578855,Davidson,Nashville,7/4/2018 6:20:00 PM,2,2,0,36.134280,-86.779090,WEDGEWOOD AV,,,,0.00,,,8TH AVS,,,,0.00,Y,Four-Way,N,Intersection,None,,,         ,Akira,McSwain,Clear,Angle,no,no,no,no,no,False
102063568,Nashville Airport Police,2018-02556,Davidson,Nashville,7/4/2018 2:29:00 PM,1,0,0,36.137460,-86.670660,RAMP,,,,497.00,Feet,East,CONNECTING ROAD,,,,0.00,N,Not at Intersection,N,Non-Junction,None,,,         ,Gary,Polk,Clear,Not Collision with Motor Vehicle in Transport,no,no,no,no,no,False
102063570,METROPOLITAN NASHVILLE POLICE DEPT,20180578880,Davidson,Nashville,7/4/2018 6:30:00 PM,2,0,0,36.042310,-86.781700,I65 N ENT RAMP,,,,0.00,Feet,East,I 65,,,,0.00,N,Not at Intersection, ,Entrance/Exit Ramp Related,None,,,         ,Ryan,Coll,Clear,"Sideswipe, Same Direction",no,no,no,no,no,False
102063575,METROPOLITAN NASHVILLE POLICE DEPT,20180578975,Davidson,Nashville,7/4/2018 7:37:00 PM,2,0,0,36.188310,-86.746390,GRANADA AV,,,,0.00,,,GALLATIN AV,,,,0.00,Y,Four-Way,N,Intersection,None,,,         ,Richard,Conger,Clear,Angle,no,no,no,no,no,False
102063590,METROPOLITAN NASHVILLE POLICE DEPT,20180578906,Davidson,Nashville,7/4/2018 6:53:00 PM,2,0,0,36.083300,-86.703200,LINBAR DR,,,,390.00,Feet,South,LARGO DR,,,,0.00,N,Not at Intersection,N,Non-Junction,None,,,         ,Johnathon,Birdwell,Clear,Angle,no,no,no,no,no,False
102063616,METROPOLITAN NASHVILLE POLICE DEPT,20180578834,Davidson,Nashville,7/4/2018 6:06:00 PM,2,0,0,36.161720,-86.776090,3RD AVN,,,,75.00,Feet,North,BROADWAY,,,,0.00,N,Not at Intersection, ,Non-Junction,None,,,         ,Jason,King,Clear,"Sideswipe, Same Direction",no,no,no,no,no,False
102063658,METROPOLITAN NASHVILLE POLICE DEPT,20180579165,Davidson,Nashville,7/4/2018 9:05:00 PM,2,0,0,36.184860,-86.759280,CLEVELAND ST,,,,0.00,,,ELLINGTON PKWY N ENT RAMP,,,,0.00,Y,Four-Way,Y,Non-Junction,None,,,         ,Kevin,Clausius,Clear,Front to Rear,no,no,no,no,yes,False
102063659,METROPOLITAN NASHVILLE POLICE DEPT,20180578490,Davidson,Nashville,7/4/2018 3:07:00 PM,2,0,0,36.045720,-86.709300,OLD HICKORY BLVD,,,,842.00,Feet,West,HICKORY VALLEY CONDOS PVTDR,,,,0.00,N,Not at Intersection,N,Non-Junction,None,,,         ,Patrick,Martin,Clear,Front to Rear,no,no,no,no,no,False
102063665,METROPOLITAN NASHVILLE POLICE DEPT,20180579153,Davidson,Nashville,7/4/2018 9:08:00 PM,3,1,0,36.059070,-86.716220,NOLENSVILLE PKE,,,,0.00,,,TUSCULUM RD,,,,0.00,Y,Four-Way,N,Intersection,None,,,         ,YUNUS,ADAK,Clear,Angle,no,no,no,no,yes,False
102063693,METROPOLITAN NASHVILLE POLICE DEPT,20180579192,Davidson,Nashville,7/4/2018 8:45:00 PM,1,0,0,36.079230,-86.710590,WALLACE RD,,,,227.00,Feet,East,FAULKNER DR,,,,0.00,N,Not at Intersection,N,Non-Junction,None,,,         ,William,Durham,Clear,Not Collision with Motor Vehicle in Transport,no,no,no,no,yes,False
102063726,METROPOLITAN NASHVILLE POLICE DEPT,20180579216,Davidson,Nashville,7/4/2018 9:48:00 PM,1,1,0,36.143510,-86.737470,I 40,,,,0.00,,,,,,,212.65,N,Not at Intersection,N,Non-Junction,None,,,         ,Samuel,Sundra,Clear,Not Collision with Motor Vehicle in Transport,no,no,no,no,no,False
102063735,METROPOLITAN NASHVILLE POLICE DEPT,20180579100,Davidson,Nashville,7/4/2018 8:34:00 PM,2,1,0,36.154630,-86.779160,8TH AVS,,,,0.00,,,LAFAYETTE ST,,,,0.00,Y,Roundabout,N,Intersection,None,,,         ,Jason,King,Clear,Angle,no,no,no,no,no,False
102063796,METROPOLITAN NASHVILLE POLICE DEPT,20180579043,Davidson,Nashville,7/3/2018 5:00:00 PM,2,0,0,36.188860,-86.628370,LEBANON PKE,,,,362.00,Feet,East,HICKORY HILL LN,,,,0.00,N,Not at Intersection, ,Non-Junction,None,,,         ,Marvis,Malone,Clear,"Sideswipe, Opposite Direction",no,no,no,yes,yes,False
102063809,METROPOLITAN NASHVILLE POLICE DEPT,20180579179,Davidson,Nashville,7/4/2018 9:23:00 PM,2,1,0,36.174030,-86.606660,CENTRAL PKE,,,,0.00,Feet,,CENTRAL PKE EXIT RAMP,,,,0.00,Y,T-Intersection,N,Intersection-Related,None,,,         ,David,Stanley,Clear,Angle,no,no,no,no,no,False
102063811,METROPOLITAN NASHVILLE POLICE DEPT,20180578845,Davidson,Antioch,7/4/2018 6:16:00 PM,2,3,0,36.042850,-86.606550,MURFREESBORO PKE,,,,0.00,,,HOBSON PKE,,,,0.00,Y,Four-Way,N,Intersection,None,,,         ,Patrick,Martin,Clear,Angle,no,no,no,no,no,False
102063834,METROPOLITAN NASHVILLE POLICE DEPT,20180579406,Davidson,Nashville,7/4/2018 11:23:00 PM,2,0,0,36.181430,-86.773670,DICKERSON PKE,,,,41.00,Feet,South,DICKERSON PKE NB ENT RAMP,,,,0.00,N,Not at Intersection, ,Non-Junction,None,,,         ,Ethan,Usherwood,Clear,"Sideswipe, Same Direction",no,no,no,no,no,False
102063844,METROPOLITAN NASHVILLE POLICE DEPT,20180579211,Davidson,Nashville,7/4/2018 9:45:00 PM,2,0,0,36.146710,-86.882550,STARLINER DR,,,,104.00,Feet,West,RANCHERO DR,,,,0.00,N,Not at Intersection,N,Non-Junction,None,,,         ,Jeremy,Huffine,Clear,Angle,no,no,no,no,no,False
102063859,METROPOLITAN NASHVILLE POLICE DEPT,20180579333,Davidson,Nashville,7/4/2018 10:35:00 PM,2,0,0,36.168130,-86.766870,INTERSTATE DR,,,,551.00,Feet,South,RUSSELL ST,,,,0.00,N,Not at Intersection, ,Non-Junction,None,,,         ,Stephen,Waterman,Clear,Angle,no,no,no,no,no,False
102063860,METROPOLITAN NASHVILLE POLICE DEPT,20180579419,Davidson,Nashville,7/4/2018 11:20:00 PM,2,0,0,36.093730,-86.710170,DONNA KAY DR,,,,177.00,Feet,North,KAY CT,,,,0.00,N,Not at Intersection,N,Non-Junction,None,,,         ,Kurt,Lewton,Clear,Angle,no,no,no,no,no,False
102063875,METROPOLITAN NASHVILLE POLICE DEPT,20180579316,Davidson,Nashville,7/4/2018 12:00:00 AM,1,0,0,36.133700,-86.727110,I 24,,,,0.00,,,,,,,52.05,N,Not at Intersection,N,Unknown,Unknown,Unknown,Unknown,         ,David,Smith,Cloudy,Unknown,no,no,no,no,no,False
102063901,METROPOLITAN NASHVILLE POLICE DEPT,20180579513,Davidson,Nashville,7/4/2018 11:10:00 PM,3,0,0,36.168750,-86.766090,I 24,,,,0.00,,,,,,,48.80,N,Not at Intersection,N,Non-Junction,None,,,         ,Landon,Bagwell,Clear,Front to Rear,no,no,no,no,no,False
102063903,METROPOLITAN NASHVILLE POLICE DEPT,20180579492,Davidson,Antioch,7/4/2018 11:26:00 PM,2,0,0,36.032090,-86.617700,SHALLOWBROOK,TRL,,,300.00,Feet,South,PRESERVE,BLVD,,,0.00,N,Not at Intersection,N,Non-Junction,None,,,         ,Kevin,Breeding,Clear,Angle,no,no,no,no,yes,False
102063906,METROPOLITAN NASHVILLE POLICE DEPT,20180579437,Davidson,Nashville,7/4/2018 11:15:00 PM,2,0,0,36.168750,-86.766090,I 24,,,,0.00,,,,,,,48.80,N,Not at Intersection, ,Non-Junction,None,,,         ,Landon,Bagwell,Clear,Front to Rear,no,no,no,no,no,False
102063949,METROPOLITAN NASHVILLE POLICE DEPT,20180579716,Davidson,Nashville,7/5/2018 1:56:00 AM,1,0,0,36.141970,-86.677660,I 40,,,,0.00,,,,,,,216.00,N,Not at Intersection,N,Non-Junction,None,,,         ,Ralph,Smith IV,Rain,Not Collision with Motor Vehicle in Transport,no,no,no,no,no,False
102063956,METROPOLITAN NASHVILLE POLICE DEPT,20180579393,Davidson,Not in City Limit,7/4/2018 11:13:00 PM,2,0,0,36.265080,-86.737440,I 65,,,,0.00,,,,,,,92.30,N,Not at Intersection,N,Entrance/Exit Ramp Related,None,,,         ,Craig,Amabile,Clear,"Sideswipe, Same Direction",no,no,no,no,yes,False
102063957,METROPOLITAN NASHVILLE POLICE DEPT,20180579714,Davidson,Nashville,7/5/2018 1:54:00 AM,2,1,0,36.171840,-86.764770,S 5TH ST,,,,0.00,,,WOODLAND ST,,,,0.00,Y,Four-Way,Y,Intersection,None,,,         ,Ryan,Worstall,Rain,Angle,no,no,no,no,no,False
102063959,METROPOLITAN NASHVILLE POLICE DEPT,20180579647,Davidson,Nashville,7/4/2018 7:35:00 PM,2,0,0,36.176630,-86.813680,OSAGE ST,,,,0.00,Feet,,23RD AVN,,,,0.00,Y,Four-Way,N,Non-Junction,None,,,         ,Coleman,McKellar,Unknown,Angle,no,no,no,no,yes,False
102063962,METROPOLITAN NASHVILLE POLICE DEPT,20180579760,Davidson,Nashville,7/5/2018 2:24:00 AM,2,1,0,36.124290,-86.696340,BRILEY PKWY,,,,0.00,,,VULTEE BLVD,,,,0.00,Y,Four-Way,N,Intersection,None,,,         ,Ralph,Smith IV,Rain,Angle,no,no,no,no,no,False
102063965,METROPOLITAN NASHVILLE POLICE DEPT,20180579306,Davidson,Not in City Limit,7/4/2018 9:20:00 PM,1,0,0,36.022960,-86.684110,BARNES RD,,,,584.00,Feet,East,STANFORD VILLAGE DR,,,,0.00,N,Not at Intersection, ,Non-Junction,None,,,         ,Kevin,Breeding,Clear,Not Collision with Motor Vehicle in Transport,no,no,no,no,no,False
102063967,METROPOLITAN NASHVILLE POLICE DEPT,20180579401,Davidson,Nashville,7/4/2018 11:22:00 PM,3,0,0,36.156030,-86.765570,ACADEMY PL,,,,68.00,Feet,South,NANCE AV,,,,0.00,N,Not at Intersection,N,Non-Junction,None,,,         ,Austin,Childress,Clear,"Sideswipe, Same Direction",no,no,no,no,no,False
102063970,METROPOLITAN NASHVILLE POLICE DEPT,20180579828,Davidson,Nashville,7/5/2018 2:16:00 AM,2,0,0,36.157050,-86.773040,3RD AVS,,,,233.00,Feet,North,PEABODY ST,,,,0.00,N,Not at Intersection,N,Non-Junction,None,,,         ,Brenton,Adcox,Rain,"Sideswipe, Same Direction",no,no,no,no,yes,False
102063971,GOODLETTSVILLE POLICE DEPT,18-23303,Davidson,Goodlettsville,7/4/2018 10:40:00 PM,1,1,0,36.300911,-86.716143,DRAPER,DR,,,0.00,Miles,West,ALTA LOMA,RD,,,0.00,N,Not at Intersection,N,Non-Junction,None,,,         ,Andre,Sanders,Clear,Not Collision with Motor Vehicle in Transport,no,no,no,no,no,False
102063976,METROPOLITAN NASHVILLE POLICE DEPT,20180579809,Davidson,Nashville,7/5/2018 2:53:00 AM,1,1,0,36.157980,-86.772640,2ND AVS,,,,0.00,,,KOREAN VETERANS BLVD,,,,0.00,Y,Four-Way,N,Intersection,None,,,         ,Damon,Hutcheson,Cloudy,Not Collision with Motor Vehicle in Transport,yes,no,no,no,no,False
102063978,METROPOLITAN NASHVILLE POLICE DEPT,20180579795,Davidson,Nashville,7/5/2018 12:00:00 AM,2,0,0,36.162180,-86.778570,COMMERCE ST,,,,160.00,Feet,West,4TH AVN,,,,0.00,N,Not at Intersection, ,Non-Junction,None,,,         ,Austin,Childress,Rain,Angle,no,no,no,no,no,False
102063980,METROPOLITAN NASHVILLE POLICE DEPT,20180579083,Davidson,Nashville,7/4/2018 8:37:00 PM,2,0,0,36.171530,-86.768770,JAMES ROBERTSON PKWY,,,,87.00,Feet,East,INTERSTATE DR,,,,0.00,N,Not at Intersection, ,,None,,,         ,Kelcey,Bell,,,no,no,no,no,no,False
102063981,METROPOLITAN NASHVILLE POLICE DEPT,20180579854,Davidson,Nashville,7/4/2018 10:45:00 PM,2,0,0,36.231710,-86.803400,EWING DR,,,,178.00,Feet,East,KNIGHT DR,,,,0.00,N,Not at Intersection,N,Non-Junction,None,,,         ,Charles,Duke,Clear,"Sideswipe, Opposite Direction",no,no,no,no,yes,False
102063982,METROPOLITAN NASHVILLE POLICE DEPT,20180579788,Davidson,Nashville,7/5/2018 12:09:00 AM,2,0,0,36.157370,-86.770700,PEABODY ST,,,,50.00,Feet,East,RUTLEDGE ST,,,,0.00,N,Not at Intersection, ,,None,,,         ,Kelcey,Bell,,,no,no,no,no,no,False
102063984,METROPOLITAN NASHVILLE POLICE DEPT,20180579719,Davidson,Nashville,7/5/2018 1:59:00 AM,1,3,0,36.116100,-86.797980,I 440,,,,0.00,,,,,,,3.40,N,Not at Intersection,N,Non-Junction,None,,,         ,Christopher,Dameron,Clear,Not Collision with Motor Vehicle in Transport,no,no,no,no,no,False
102063985,METROPOLITAN NASHVILLE POLICE DEPT,20180579800,Davidson,Nashville,7/5/2018 2:49:00 AM,1,0,0,36.163620,-86.762450,I 24,,,,0.00,,,,,,,49.20,N,Not at Intersection, ,Non-Junction,None,,,         ,Stephen,Waterman,Rain,Not Collision with Motor Vehicle in Transport,no,no,no,no,no,False
102064008,METROPOLITAN NASHVILLE POLICE DEPT,20180578340,Davidson,Nashville,7/4/2018 2:15:00 PM,3,1,0,36.062830,-86.630610,HAMILTON CHURCH RD,,,,82.00,Feet,North,HAMILTON CROSSINGS,,,,0.00,N,Not at Intersection,N,Non-Junction,None,,,         ,Jessie,Meadows,Clear,Angle,no,no,no,no,no,False
102064010,METROPOLITAN NASHVILLE POLICE DEPT,20180579757,Davidson,Nashville,7/5/2018 2:20:00 AM,2,5,0,36.155040,-86.797520,18TH AVN,,,,0.00,,,CHURCH ST,,,,0.00,Y,T-Intersection,Y,Intersection,None,,,         ,Jonathan,Hadley,Rain,Angle,no,no,no,no,no,False
102064018,METROPOLITAN NASHVILLE POLICE DEPT,20180580098,Davidson,Nashville,7/5/2018 5:56:00 AM,1,0,0,36.155920,-86.759560,I24 W ENT RAMP,,,,0.00,,,I40 E ENT RAMP,,,,0.00,Y,OTHER,N,Entrance/Exit Ramp Related,None,,,         ,Ralph,Smith IV,Clear,Not Collision with Motor Vehicle in Transport,no,no,no,no,no,False
102064080,METROPOLITAN NASHVILLE POLICE DEPT,20180579992,Davidson,Nashville,7/5/2018 5:00:00 AM,4,0,0,36.187780,-86.815010,MCKINNEY AV,,,,73.00,Feet,East,24TH AVN,,,,0.00,N,Not at Intersection,N,Non-Junction,None,,,         ,Christopher,Royer,Clear,Angle,no,no,no,no,yes,False
102064094,METROPOLITAN NASHVILLE POLICE DEPT,20180580227,Davidson,Nashville,7/5/2018 7:29:00 AM,2,0,0,36.151630,-86.752240,I 40,,,,0.00,,,,,,,211.45,N,Not at Intersection, ,Non-Junction,None,,,         ,Thomas,Odom,Clear,"Sideswipe, Same Direction",no,no,no,no,no,False
102064114,METROPOLITAN NASHVILLE POLICE DEPT,20180580266,Davidson,Nashville,7/4/2018 10:30:00 PM,2,2,0,36.060620,-86.916530,HIGHWAY 100,,,,121.00,Feet,West,OLD HICKORY BLVD,,,,0.00,N,Not at Intersection,N,Non-Junction,None,,,         ,Curtis,Rich,Cloudy,Front to Rear,no,no,no,no,yes,False
102064177,METROPOLITAN NASHVILLE POLICE DEPT,20180580447,Davidson,Nashville,7/5/2018 9:05:00 AM,2,0,0,36.124630,-86.757800,GLADSTONE AV,,,,87.00,Feet,North,ROSEDALE AV,,,,0.00,N,Not at Intersection, ,Non-Junction,None,,,         ,Jon,Mcvey,Clear,Front to Rear,no,no,no,no,no,False
102064193,METROPOLITAN NASHVILLE POLICE DEPT,20180580170,Davidson,Antioch,7/5/2018 6:49:00 AM,2,0,0,36.015600,-86.620170,OLD HICKORY BLVD,,,,18.00,Feet,North,I24 W EXT RAMP,,,,0.00,N,Not at Intersection, ,Non-Junction,None,,,         ,Jessie,Meadows,Clear,"Sideswipe, Same Direction",no,no,no,no,no,False
102064194,METROPOLITAN NASHVILLE POLICE DEPT,20180580239,Davidson,Nashville,7/5/2018 1:15:00 AM,2,0,0,36.112710,-86.736110,ROLYNN DR,,,,579.00,Feet,West,DRUID DR,,,,0.00,N,Not at Intersection, ,Non-Junction,None,,,         ,Jessie,Meadows,Clear,HeadOn,no,no,no,no,no,False
102064206,METROPOLITAN NASHVILLE POLICE DEPT,20180580537,Davidson,Nashville,7/5/2018 10:00:00 AM,2,0,0,36.130290,-86.899940,CHARLOTTE PKE,,,,0.00,,,I40 W EXT RAMP,,,,0.00,Y,T-Intersection, ,,None,,,         ,Curtis,Rich,,,no,no,no,no,no,False
102064216,METROPOLITAN NASHVILLE POLICE DEPT,20180580496,Davidson,Nashville,7/5/2018 8:43:00 AM,2,0,0,36.140750,-86.738050,MURFREESBORO PKE,,,,0.00,,,TRANSIT AV,,,,0.00,Y,T-Intersection,N,Non-Junction,None,,,         ,Thomas,Odom,Clear,Angle,no,no,no,no,no,False
102064217,METROPOLITAN NASHVILLE POLICE DEPT,20180580554,Davidson,Nashville,7/5/2018 9:18:00 AM,2,0,0,36.136020,-86.724920,SPENCE LN,,,,88.00,Feet,North,MURFREESBORO PKE,,,,0.00,N,Not at Intersection, ,Non-Junction,None,,,         ,Thomas,Odom,Clear,Front to Rear,no,no,no,no,no,False
102064243,METROPOLITAN NASHVILLE POLICE DEPT,20180580627,Davidson,Nashville,7/5/2018 10:30:00 AM,2,0,0,36.109930,-86.788820,DRAUGHON AV,,,,273.00,Feet,West,LEALAND LN,,,,0.00,N,Not at Intersection, ,Non-Junction,None,,,         ,Jon,Mcvey,Clear,Angle,no,no,no,no,no,False
102064297,METROPOLITAN NASHVILLE POLICE DEPT,20180580366,Davidson,Nashville,7/5/2018 6:30:00 AM,1,0,0,36.198120,-86.776920,BRICK CHURCH PKE,,,,0.00,,,WEAKLEY AV,,,,0.00,Y,OTHER,N,Non-Junction,None,,,         ,Freddirico,Pye,Clear,Not Collision with Motor Vehicle in Transport,no,no,no,no,yes,False
102064310,METROPOLITAN NASHVILLE POLICE DEPT,20180579876,Davidson,Nashville,7/5/2018 3:57:00 AM,2,3,0,36.161410,-86.598890,BELL RD,,,,521.00,Feet,West,OLD HICKORY BLVD,,,,0.00,N,Not at Intersection,N,Non-Junction,None,,,         ,Carey,Steel,Unknown,HeadOn,no,no,no,no,yes,False