master_record_number,agency,agency_tracking_number,county,city,collision_date,vehicles_involved,number_injured,number_dead,latitude,longitude,roadway_name,roadway_suffix,roadway_number,roadway_local_id,distance_from_reference,miles-feet_indicator,direction_from_reference,intersection_road_name,intersection_road_name_suffix,intersection_road_number,intersection_local_id,mile_marker,intersection_indicator,intersect_type,interchange_related_indicator,relation_to_junction,work_zone_type,construction_maintenance_zone,construction_maintenance_zone_location,fatal_case_number,officer_first_name,officer_last_name,weather_condition(s),manner_of_crash,pedestrian,bicycle,scooter,parking,hitrun,mou
102064311,METROPOLITAN NASHVILLE POLICE DEPT,20180580281,Davidson,Nashville,7/5/2018 7:45:00 AM,2,0,0,36.175010,-86.784680,3RD AVN,,,,0.00,,,JEFFERSON ST,,,,0.00,Y,Four-Way, ,Intersection,None,,,         ,Cody,O'Quinn,Cloudy,Angle,no,no,no,no,no,False
102064324,METROPOLITAN NASHVILLE POLICE DEPT,20180580690,Davidson,Old Hickory,7/5/2018 12:00:00 AM,2,0,0,36.249000,-86.637000,LAKESHORE DR,,,,0.00,,North,,,,,1.00,N,Not at Intersection, ,OtherLocation,None,,,         ,William,Mckay,Clear,Unknown,no,no,no,yes,yes,False
102064326,METROPOLITAN NASHVILLE POLICE DEPT,20180580772,Davidson,Not in City Limit,7/5/2018 11:55:00 AM,1,0,0,36.138850,-86.944820,RIVER ROAD PKE,,,,2202.00,Feet,West,OLD RIVER RD,,,,0.00,N,Not at Intersection, ,Non-Junction,None,,,         ,Curtis,Rich,Clear,Not Collision with Motor Vehicle in Transport,no,no,no,no,no,False
102064334,METROPOLITAN NASHVILLE POLICE DEPT,20180580811,Davidson,Nashville,7/5/2018 10:38:00 AM,2,0,0,36.180630,-86.803130,10TH AVN,,,,71.00,Feet,North,BUCHANAN ST,,,,0.00,N,Not at Intersection,N,Non-Junction,None,,,         ,Brian,Warstadt,Clear,"Sideswipe, Opposite Direction",no,no,no,no,yes,False
102064336,METROPOLITAN NASHVILLE POLICE DEPT,20180580832,Davidson,Nashville,7/5/2018 12:08:00 PM,3,0,0,36.105270,-86.670910,MURFREESBORO PKE,,,,292.00,Feet,East,EZELL PKE,,,,0.00,N,Not at Intersection,N,Non-Junction,None,,,         ,Thomas,Odom,Clear,Front to Rear,no,no,no,no,no,False
102064337,METROPOLITAN NASHVILLE POLICE DEPT,20180580730,Davidson,Nashville,7/5/2018 11:26:00 AM,2,0,0,36.187920,-86.798480,DOMINICAN DR,,,,0.00,,,ROSA L PARKS BLVD,,,,0.00,Y,Four-Way,N,Intersection,None,,,         ,Caleb,Jernigan,Clear,"Sideswipe, Opposite Direction",no,no,no,no,no,False
102064338,METROPOLITAN NASHVILLE POLICE DEPT,20180580583,Davidson,Nashville,7/5/2018 12:00:00 AM,3,0,0,36.061680,-86.644350,HICKORY HIGHLANDS DR,,,,166.00,Feet,East,RURAL HILL RD,,,,0.00,N,Not at Intersection,N,Non-Junction,None,,,         ,Honorio,Canchola,Unknown,Angle,no,no,no,yes,yes,False
102064339,METROPOLITAN NASHVILLE POLICE DEPT,20180580754,Davidson,Nashville,7/5/2018 11:42:00 AM,2,1,0,36.090020,-86.733660,NOLENSVILLE PKE,,,,0.00,,,ZOO RD,,,,0.00,Y,Four-Way,N,Intersection-Related,None,,,         ,Jon,Mcvey,Clear,Front to Rear,no,no,no,no,no,False
102064345,METROPOLITAN NASHVILLE POLICE DEPT,20180580831,Davidson,Nashville,7/5/2018 12:00:00 AM,2,1,0,36.180630,-86.796250,GARFIELD ST,,,,30.00,Feet,East,ROSA L PARKS BLVD,,,,0.00,N,Not at Intersection, ,Non-Junction,None,,,         ,Terrance,Stuckey,Clear,Front to Rear,no,no,no,no,no,False
102064351,METROPOLITAN NASHVILLE POLICE DEPT,20180580920,Davidson,Nashville,7/5/2018 12:30:00 PM,1,0,0,36.110960,-86.893020,TORRINGTON RD,,,,456.00,Feet,West,TORRINGTON CT,,,,0.00,N,Not at Intersection, ,Non-Junction,None,,,         ,Wesley,Tilley,Clear,Not Collision with Motor Vehicle in Transport,no,no,no,no,yes,False
102064357,METROPOLITAN NASHVILLE POLICE DEPT,20180580835,Davidson,Not in City Limit,7/5/2018 12:10:00 PM,2,0,0,36.263910,-86.707410,STATE RT 45,,,,0.00,,,KATE ST,,,,0.00,Y,T-Intersection, ,Entrance/Exit Ramp Related,None,,,         ,Cyretha,Frazier,Clear,"Sideswipe, Same Direction",no,no,no,no,no,False
102064400,METROPOLITAN NASHVILLE POLICE DEPT,20180580750,Davidson,Not in City Limit,7/5/2018 11:30:00 AM,2,0,0,36.279350,-86.708830,GALLATIN PKEN,,,,0.00,,,ONE MILE PKWY,,,,0.00,Y,T-Intersection,N,Intersection,None,,,         ,Cyretha,Frazier,Clear,Angle,no,no,no,no,yes,False
102064401,METROPOLITAN NASHVILLE POLICE DEPT,20180580837,Davidson,Not in City Limit,7/5/2018 11:09:00 AM,2,0,0,36.265870,-86.791580,I 24,,,,0.00,,,,,,,41.45,N,Not at Intersection,N,Non-Junction,None,,,         ,Julius,Gallon,Clear,Front to Rear,no,no,no,no,no,False
102064403,METROPOLITAN NASHVILLE POLICE DEPT,20180581008,Davidson,Nashville,7/5/2018 12:45:00 PM,1,0,0,36.196600,-86.730670,PENNINGTON AV,,,,462.00,Feet,North,CAHAL AV,,,,0.00,N,Not at Intersection,N,Non-Junction,None,,,         ,Erik,Nash,Clear,Not Collision with Motor Vehicle in Transport,no,no,no,yes,no,False
102064404,METROPOLITAN NASHVILLE POLICE DEPT,20180580764,Davidson,Not in City Limit,7/5/2018 11:44:00 AM,2,1,0,36.264880,-86.791100,I 24,,,,0.00,,,,,,,41.50,N,Not at Intersection,N,Non-Junction,None,,,         ,Tony,Folad,Clear,Front to Rear,no,no,no,no,no,False
102064418,METROPOLITAN NASHVILLE POLICE DEPT,20180580922,Davidson,Nashville,7/5/2018 12:36:00 PM,2,0,0,36.186290,-86.768130,MERIDIAN ST,,,,215.00,Feet,North,WILBURN ST,,,,0.00,N,Not at Intersection,N,Non-Junction,None,,,         ,George,Patonis,Clear,"Sideswipe, Same Direction",no,no,no,no,no,False
102064419,METROPOLITAN NASHVILLE POLICE DEPT,20180580862,Davidson,Nashville,7/5/2018 12:24:00 PM,1,0,0,36.217080,-86.763330,DICKERSON PKE,,,,109.00,Feet,South,LORRAINE AV,,,,0.00,N,Not at Intersection,N,Non-Junction,None,,,         ,Joseph,Progar,Clear,Not Collision with Motor Vehicle in Transport,no,no,no,no,no,False
102064439,METROPOLITAN NASHVILLE POLICE DEPT,20180581050,Davidson,Nashville,7/5/2018 6:30:00 AM,2,0,0,36.216850,-86.864080,PRINCESS LN,,,,293.00,Feet,East,EATONS CREEK RD,,,,0.00,N,Not at Intersection,N,Non-Junction,None,,,         ,Brian,Warstadt,Clear,Unknown,no,no,no,no,yes,False
102064447,METROPOLITAN NASHVILLE POLICE DEPT,20180581041,Davidson,Nashville,7/5/2018 1:30:00 PM,2,0,0,36.140380,-86.731510,I 24,,,,0.00,,,,,,,51.60,N,Not at Intersection, ,Non-Junction,None,,,         ,Ryan,Ludvigson,Clear,Front to Rear,no,no,no,no,no,False
102064478,METROPOLITAN NASHVILLE POLICE DEPT,20180581081,Davidson,Nashville,7/5/2018 1:54:00 PM,2,0,0,36.174090,-86.605930,I40 E EXT RAMP,,,,0.00,,,CENTRAL PKE,,,,0.00,Y,Four-Way, ,Intersection-Related,None,,,         ,Tien,Nguyen,Clear,Front to Rear,no,no,no,no,no,False
102064499,METROPOLITAN NASHVILLE POLICE DEPT,20180581007,Davidson,OTHER,7/4/2018 6:15:00 PM,1,0,0,36.028350,-86.590470,MURFREESBORO PKE,,,,0.00,Feet,East,LAVERGNE COUCHVILLE PKE,,,,0.00,N,Not at Intersection, ,Non-Junction,None,,,         ,Eric,Keller,Clear,Not Collision with Motor Vehicle in Transport,no,no,no,no,yes,False
102064538,METROPOLITAN NASHVILLE POLICE DEPT,20180578703,Davidson,Not in City Limit,7/4/2018 4:57:00 PM,1,0,0,36.068490,-87.000200,MCCRORY LN,,,,1719.00,Feet,West,AVONDALE PARK BLVD,,,,0.00,N,Not at Intersection,N,Non-Junction,None,,,         ,Ryan,Burger,Clear,Not Collision with Motor Vehicle in Transport,no,no,no,no,no,False
102064544,METROPOLITAN NASHVILLE POLICE DEPT,20180581255,Davidson,Nashville,7/5/2018 3:28:00 PM,2,0,0,36.169360,-86.807510,JEFFERSON ST,,,,264.00,Feet,West,DR D B TODD JR BLVD,,,,0.00,N,Not at Intersection,N,Non-Junction,None,,,         ,Christopher,Dickerson,Clear,"Sideswipe, Same Direction",no,no,no,no,yes,False
102064551,METROPOLITAN NASHVILLE POLICE DEPT,20180581279,Davidson,Nashville,7/5/2018 3:35:00 PM,1,0,0,36.099960,-86.711120,I 24,,,,0.00,,,,,,,54.55,N,Not at Intersection,N,Non-Junction,None,,,         ,Eric,Keller,Clear,Not Collision with Motor Vehicle in Transport,no,no,no,no,no,False
102064552,METROPOLITAN NASHVILLE POLICE DEPT,20180581136,Davidson,Nashville,7/5/2018 2:40:00 PM,2,1,0,36.144670,-86.744210,ELM HILL PKE,,,,51.00,Feet,West,FESSLERS LN,,,,0.00,N,Not at Intersection,N,Non-Junction,None,,,         ,Johnathan,Pannell,Clear,Front to Rear,no,no,no,no,no,False
102064576,METROPOLITAN NASHVILLE POLICE DEPT,20180581222,Davidson,Nashville,7/5/2018 2:12:00 PM,2,0,0,36.149580,-86.761020,CLAIBORNE ST,,,,434.00,Feet,North,LAFAYETTE ST,,,,0.00,N,Not at Intersection,N,Non-Junction,None,,,         ,Samuel,Sundra,Clear,Front to Rear,no,no,no,no,yes,False
102064579,METROPOLITAN NASHVILLE POLICE DEPT,20180581231,Davidson,Nashville,7/5/2018 3:15:00 PM,2,0,0,36.160180,-86.781400,7TH AVN,,,,314.00,Feet,North,BROADWAY,,,,0.00,N,Not at Intersection,N,Non-Junction,None,,,         ,Steven,Fisher,Clear,Front to Rear,no,no,no,no,no,False
102064588,METROPOLITAN NASHVILLE POLICE DEPT,20180581318,Davidson,Not in City Limit,7/5/2018 3:54:00 PM,2,0,0,36.279600,-86.779050,OLD HICKORY BLVD,,,,1332.00,Feet,East,BRICK CHURCH PKE,,,,0.00,N,Not at Intersection,N,Non-Junction,None,,,         ,Christopher,Littles,Clear,Front to Rear,no,no,no,no,no,False
102064590,METROPOLITAN NASHVILLE POLICE DEPT,20180581254,Davidson,Nashville,7/5/2018 3:15:00 PM,2,0,0,36.087110,-86.693010,HARDING PL,,,,262.00,Feet,West,ANTIOCH PKE,,,,0.00,N,Not at Intersection,N,Non-Junction,None,,,         ,Taylor,Hurley,Clear,Angle,no,no,no,no,no,False
102064599,METROPOLITAN NASHVILLE POLICE DEPT,20180581362,Davidson,Nashville,7/5/2018 4:05:00 PM,1,2,0,36.133250,-86.775020,I 65,,,,0.00,,,,,,,81.30,N,Not at Intersection,N,Non-Junction,None,,,         ,Trevor,Jones,Clear,Not Collision with Motor Vehicle in Transport,no,no,no,no,no,False
102064607,METROPOLITAN NASHVILLE POLICE DEPT,20180581436,Davidson,Nashville,7/5/2018 4:30:00 PM,2,0,0,36.124920,-86.734450,I 440,,,,0.00,,,,,,,7.15,N,Not at Intersection, ,Non-Junction,None,,,         ,Ryan,Sherry,Clear,Front to Rear,no,no,no,no,no,False
102064609,METROPOLITAN NASHVILLE POLICE DEPT,20180581260,Davidson,Nashville,7/5/2018 3:23:00 PM,2,0,0,36.202590,-86.776650,I 65,,,,0.00,,,,,,,87.05,N,Not at Intersection, ,Non-Junction,None,,,         ,Daniel,Wadham,Clear,Front to Rear,no,no,no,no,no,False
102064611,METROPOLITAN NASHVILLE POLICE DEPT,20180580471,Davidson,Nashville,7/5/2018 9:26:00 AM,1,1,0,36.074350,-86.663060,UNA ANTIOCH PKE,,,,101.00,Feet,North,PEPPER RIDGE CIR,,,,0.00,N,Not at Intersection,N,Non-Junction,None,,,         ,Jessie,Meadows,Clear,Not Collision with Motor Vehicle in Transport,no,no,no,no,no,False
102064612,METROPOLITAN NASHVILLE POLICE DEPT,20180580657,Davidson,Nashville,7/5/2018 12:00:00 AM,2,0,0,36.089690,-86.658310,GRACE CREST PT,,,,62.00,Feet,North,HOPE CV,,,,0.00,N,Not at Intersection,N,Non-Junction,None,,,         ,Jessie,Meadows,Clear,Unknown,no,no,no,no,yes,False
102064614,METROPOLITAN NASHVILLE POLICE DEPT,20180580809,Davidson,Nashville,7/5/2018 11:57:00 AM,1,0,0,36.140140,-86.736260,MURFREESBORO PKE,,,,496.00,Feet,East,MENZLER RD,,,,0.00,N,Not at Intersection, ,Non-Junction,None,,,         ,Jessie,Meadows,Clear,Not Collision with Motor Vehicle in Transport,no,no,no,no,no,False
102064615,METROPOLITAN NASHVILLE POLICE DEPT,20180581225,Davidson,Nashville,7/5/2018 3:00:00 PM,2,0,0,36.180090,-86.800390,I 65,,,,0.00,,,,,,,85.00,N,Not at Intersection,N,Non-Junction,None,,,         ,Jerry,Pirtle,Cloudy,Front to Rear,no,no,no,no,no,False
102064617,METROPOLITAN NASHVILLE POLICE DEPT,20180581499,Davidson,Nashville,7/5/2018 4:15:00 PM,2,0,0,36.137200,-86.699670,BRILEY PKWY,,,,0.00,,,GLASTONBURY RD,,,,0.00,Y,Four-Way, ,,None,,,         ,Brady,Reynolds,,,no,no,no,no,no,False
102064625,METROPOLITAN NASHVILLE POLICE DEPT,20180580932,Davidson,Nashville,7/4/2018 1:00:00 PM,1,0,0,36.205530,-86.712210,FERNWOOD DR,,,,0.00,,,,,,,0.00,,,N,Non-Junction,None,,,         ,Alexander,Georgeson,Clear,Not Collision with Motor Vehicle in Transport,no,no,no,no,yes,False
102064641,METROPOLITAN NASHVILLE POLICE DEPT,20180581443,Davidson,Nashville,7/5/2018 4:30:00 PM,2,0,0,36.090510,-86.703430,I 24,,,,0.00,,,,,,,55.35,N,Not at Intersection, ,Non-Junction,None,,,         ,Jesse,Cox,Clear,Front to Rear,no,no,no,no,no,False
102064645,METROPOLITAN NASHVILLE POLICE DEPT,20180581282,Davidson,Nashville,7/5/2018 12:00:00 AM,1,1,0,36.196050,-86.835160,CLARKSVILLE PKE,,,,0.00,,,ASHTON AV,,,,0.00,Y,T-Intersection,N,Non-Junction,None,,,         ,Russell,Jones,Clear,Not Collision with Motor Vehicle in Transport,no,no,no,no,no,False
102064646,METROPOLITAN NASHVILLE POLICE DEPT,20180581585,Davidson,Nashville,7/5/2018 4:57:00 PM,2,0,0,36.152980,-86.792030,16TH AVS,,,,112.00,Feet,South,MCGAVOCK ST,,,,0.00,N,Not at Intersection, ,Non-Junction,None,,,         ,Gary,Peters,Clear,"Sideswipe, Same Direction",no,no,no,no,no,False
102064649,METROPOLITAN NASHVILLE POLICE DEPT,2018-0581558,Davidson,Nashville,7/5/2018 5:23:00 PM,2,0,0,36.125810,-86.909170,CHARLOTTE PKE,,,,169.00,Feet,South,LILLY VALLEY WAY,,,,0.00,N,Not at Intersection,N,"Driveway, Alley Access, etc",None,,,         ,Ryan,Allen,Clear,Angle,no,no,no,no,no,False
102064665,METROPOLITAN NASHVILLE POLICE DEPT,20180581521,Davidson,Nashville,7/5/2018 5:06:00 PM,2,0,0,36.192710,-86.744370,DOUGLAS AV,,,,0.00,,,GALLATIN AV,,,,0.00,Y,Four-Way,N,Intersection,None,,,         ,Richard,Conger,Clear,Angle,no,no,no,no,no,False
102064670,METROPOLITAN NASHVILLE POLICE DEPT,20180581522,Davidson,Nashville,7/5/2018 4:35:00 PM,2,0,0,36.045490,-86.673230,BELL RD,,,,350.00,Feet,East,BLUE HOLE RD,,,,0.00,N,Not at Intersection, ,Non-Junction,None,,,         ,Patrick,Martin,Clear,Front to Rear,no,no,no,no,no,False
102064694,METROPOLITAN NASHVILLE POLICE DEPT,20180581572,Davidson,Nashville,7/5/2018 5:17:00 PM,2,0,0,36.090310,-86.626390,SMITH SPRINGS RD,,,,32.00,Feet,West,BELL RD,,,,0.00,N,Not at Intersection, ,Non-Junction,None,,,         ,Kimberly,Annson,Clear,"Sideswipe, Same Direction",no,no,no,no,no,False
102064703,METROPOLITAN NASHVILLE POLICE DEPT,20180581579,Davidson,Nashville,7/5/2018 5:03:00 PM,2,0,0,36.111450,-86.771680,I 65,,,,0.00,,,,,,,79.85,N,Not at Intersection,N,Non-Junction,None,,,         ,Trevor,Jones,Clear,"Sideswipe, Same Direction",no,no,no,no,yes,False
102064725,METROPOLITAN NASHVILLE POLICE DEPT,20180581858,Davidson,Nashville,7/5/2018 6:56:00 PM,2,0,0,36.251000,-86.728250,SAUNDERS AV,,,,422.00,Feet,South,FAIROAKS DR,,,,0.00,N,Not at Intersection,N,Non-Junction,None,,,         ,Christopher,Littles,Clear,Angle,no,no,no,no,yes,False
102064727,METROPOLITAN NASHVILLE POLICE DEPT,20180581463,Davidson,Nashville,7/5/2018 4:51:00 PM,2,2,0,36.188340,-86.816760,DOWLAN ST,,,,0.00,,,25TH AVN,,,,0.00,Y,Four-Way,N,Intersection,None,,,         ,Brian,Woodard,Clear,Angle,no,no,no,no,no,False
102064735,METROPOLITAN NASHVILLE POLICE DEPT,20180581736,Davidson,Nashville,7/5/2018 5:37:00 PM,2,0,0,36.087780,-86.691370,HARDING PL,,,,279.00,Feet,East,ANTIOCH PKE,,,,0.00,N,Not at Intersection, ,Non-Junction,None,,,         ,Jesse,Cox,Clear,Angle,no,no,no,no,no,False
102064744,METROPOLITAN NASHVILLE POLICE DEPT,20180580972,Davidson,Nashville,7/5/2018 1:20:00 PM,2,0,0,36.047770,-86.655570,BELL RD,,,,133.00,Feet,East,HICKORY HOLLOW PKWY,,,,0.00,N,Not at Intersection, ,Non-Junction,None,,,         ,Jessie,Meadows,Clear,Front to Rear,no,no,no,no,no,False
102064747,METROPOLITAN NASHVILLE POLICE DEPT,20180581605,Davidson,Nashville,7/5/2018 5:30:00 PM,2,0,0,36.193260,-86.744080,GALLATIN AV,,,,150.00,Feet,South,STRAIGHTWAY AV,,,,0.00,N,Not at Intersection, ,Non-Junction,None,,,         ,Hunter,Fikes,Clear,Front to Rear,no,no,no,no,no,False
102064771,METROPOLITAN NASHVILLE POLICE DEPT,20180572928,Davidson,Bellevue,7/2/2018 7:09:00 PM,2,1,0,36.078020,-86.949070,HIGHWAY 70S,,,,0.00,,,BELLEVUE CTR PVTDR,,,,0.00,Y,Four-Way,Y,Intersection,None,,,         ,Matthew,Jankiewicz,Clear,HeadOn,no,no,no,no,no,False
102064774,METROPOLITAN NASHVILLE POLICE DEPT,20180581893,Davidson,Nashville,7/5/2018 6:05:00 PM,2,0,0,36.172150,-86.792400,PHILLIPS ST,,,,143.00,Feet,West,9TH AVN,,,,0.00,N,Not at Intersection, ,Non-Junction,None,,,         ,Joseph,Gawlowski,Clear,Rear to Rear,no,no,no,no,no,False
102064821,METROPOLITAN NASHVILLE POLICE DEPT,20180582065,Davidson,Not in City Limit,7/5/2018 8:42:00 PM,2,0,0,36.283700,-86.718850,N GRAYCROFT AV,,,,140.00,Feet,West,STAR BLVD,,,,0.00,N,Not at Intersection,N,Non-Junction,None,,,         ,Christopher,Littles,Clear,"Sideswipe, Opposite Direction",no,no,no,no,yes,False
102064830,METROPOLITAN NASHVILLE POLICE DEPT,20180581655,Davidson,Nashville,7/5/2018 5:55:00 PM,1,1,0,36.241090,-86.750120,I65 S EXT RAMP,,,,0.00,Feet,East,I 65,,,,0.00,N,Not at Intersection,Y,Entrance/Exit Ramp Related,None,,,         ,Joshua,Whitworth,Clear,Not Collision with Motor Vehicle in Transport,no,no,no,no,no,False
102064870,METROPOLITAN NASHVILLE POLICE DEPT,20180581259,Davidson,Nashville,7/5/2018 3:14:00 PM,1,0,0,36.071860,-86.688600,BAKERTOWN RD,,,,660.00,Feet,West,HAYSTACK LN,,,,0.00,N,Not at Intersection,N,Non-Junction,None,,,         ,Marcus,Darden,Clear,Not Collision with Motor Vehicle in Transport,no,no,no,no,yes,False
102064876,METROPOLITAN NASHVILLE POLICE DEPT,20180582250,Davidson,Nashville,7/5/2018 7:20:00 PM,2,0,0,36.164530,-86.811990,24TH AVN,,,,92.00,Feet,South,EDEN ST,,,,0.00,N,Not at Intersection,N,Unknown,None,,,         ,Joseph,Gawlowski,Clear,Unknown,no,no,no,no,yes,False
102064885,METROPOLITAN NASHVILLE POLICE DEPT,20180582223,Davidson,Nashville,7/5/2018 9:47:00 PM,2,0,0,36.163850,-86.776450,2ND AVN,,,,247.00,Feet,North,COMMERCE ST,,,,0.00,N,Not at Intersection, ,Non-Junction,None,,,         ,Anthony,Cucci,Clear,"Sideswipe, Same Direction",no,no,no,no,yes,False
102064896,METROPOLITAN NASHVILLE POLICE DEPT,20180582094,Davidson,Nashville,7/5/2018 8:52:00 PM,2,2,0,36.059160,-86.715670,TUSCULUM RD,,,,165.00,Feet,East,NOLENSVILLE PKE,,,,0.00,N,Not at Intersection,N,Non-Junction,None,,,         ,Carey,Steel,Clear,HeadOn,no,no,no,no,yes,False
102064939,METROPOLITAN NASHVILLE POLICE DEPT,20180582382,Davidson,Nashville,7/5/2018 8:20:00 PM,2,0,0,36.141620,-86.876850,CHARLOTTE PKE,,,,450.00,Feet,East,CHARLOTTE ROAD CIR,,,,0.00,N,Not at Intersection, ,Non-Junction,None,,,         ,Aaron,Wigginton,Clear,Angle,no,no,no,no,no,False
102064940,METROPOLITAN NASHVILLE POLICE DEPT,20180582409,Davidson,Nashville,7/5/2018 10:46:00 PM,2,0,0,36.152010,-86.791960,DIVISION ST,,,,119.00,Feet,West,MUSIC SQW,,,,0.00,N,Not at Intersection, ,,None,,,         ,Jonathan,Hadley,,,no,no,no,no,no,False
102064976,METROPOLITAN NASHVILLE POLICE DEPT,20180582541,Davidson,Nashville,7/5/2018 11:35:00 PM,1,0,0,36.238080,-86.783110,I24 W EXT RAMP,,,,0.00,,,BRILEY PKWYE,,,,0.00,Y,OTHER,Y,Entrance/Exit Ramp Related,None,,,         ,Geoffrey,Daugherty,Rain,Not Collision with Motor Vehicle in Transport,no,no,no,no,no,False
102064983,METROPOLITAN NASHVILLE POLICE DEPT,20180582569,Davidson,Nashville,7/5/2018 11:26:00 PM,1,0,0,36.159950,-86.866300,BRILEY PKWYS,,,,687.00,Feet,East,BRILEY PKWYN,,,,0.00,N,Not at Intersection,N,Non-Junction,None,,,         ,Corey,Oakley,Cloudy,Not Collision with Motor Vehicle in Transport,no,no,no,no,no,False
102065004,METROPOLITAN NASHVILLE POLICE DEPT,20180582681,Davidson,Nashville,7/6/2018 12:37:00 AM,2,2,0,36.154150,-86.621590,BELL RD,,,,350.00,Feet,East,BELL RD PVTDR,,,,0.00,N,Not at Intersection,N,Non-Junction,None,,,         ,Jacob,West,Clear,HeadOn,no,no,no,no,no,False
102065008,METROPOLITAN NASHVILLE POLICE DEPT,20180582407,Davidson,Nashville,7/5/2018 12:00:00 AM,2,0,0,36.215120,-86.597670,LEBANON PKE,,,,0.00,,,ANDREW JACKSON PKWY,,,,0.00,Y,Four-Way,N,Non-Junction,None,,,         ,Emily,Mulready,Clear,Front to Rear,no,no,no,no,yes,False
102065030,METROPOLITAN NASHVILLE POLICE DEPT,20180852996,Davidson,Not in City Limit,7/6/2018 2:46:00 AM,1,1,0,35.990740,-86.641000,BURKITT RD,,,,0.78,Miles,East,WHITTEMORE LN,,,,0.00,N,Not at Intersection,N,Non-Junction,None,,,         ,William,Monaghan,Clear,Not Collision with Motor Vehicle in Transport,no,no,no,no,no,False
102065115,METROPOLITAN NASHVILLE POLICE DEPT,20180583482,Davidson,Nashville,7/6/2018 6:34:00 AM,2,0,0,36.187950,-86.607770,ANDREW JACKSON PKWY,,,,0.00,,,OLD LEBANON DIRT RD,,,,0.00,Y,Four-Way, ,Intersection,None,,,         ,Thomas,Odom,Clear,Front to Rear,no,no,no,no,no,False
102065119,METROPOLITAN NASHVILLE POLICE DEPT,20180583442,Davidson,Nashville,7/6/2018 6:22:00 AM,2,0,0,36.152100,-86.690650,ELM HILL PKE,,,,0.00,Feet,East,BRILEY PKWYN,,,,0.00,N,Not at Intersection, ,Non-Junction,None,,,         ,Tyler,Manivong,Clear,Front to Rear,no,no,no,no,no,False
102065121,METROPOLITAN NASHVILLE POLICE DEPT,20180583479,Davidson,Nashville,7/6/2018 6:55:00 AM,2,0,0,36.171270,-86.870980,CENTENNIAL BLVD,,,,0.00,,,BRILEY PKWY S EXT RAMP,,,,0.00,Y,T-Intersection, ,Intersection,None,,,         ,Curtis,Rich,Clear,Front to Rear,no,no,no,no,no,False
102065122,METROPOLITAN NASHVILLE POLICE DEPT,20180583484,Davidson,Antioch,7/6/2018 12:00:00 AM,2,0,0,36.035160,-86.582510,SOPHIE DR,,,,329.00,Feet,East,MAXWELL PL,,,,0.00,N,Not at Intersection, ,Non-Junction,None,,,         ,Jessie,Meadows,Clear,Unknown,no,no,no,no,yes,False
102065146,METROPOLITAN NASHVILLE POLICE DEPT,20180583496,Davidson,Nashville,7/6/2018 6:54:00 AM,2,0,0,36.229610,-86.747610,ELLINGTON PKWYS,,,,132.00,Feet,South,ELLINGTON PKWYN,,,,0.00,N,Not at Intersection,N,Non-Junction,None,,,         ,Nicholas,Smith,Clear,Front to Rear,no,no,no,no,no,False
102065158,METROPOLITAN NASHVILLE POLICE DEPT,20180583416,Davidson,Nashville,7/6/2018 6:03:00 AM,2,0,0,36.078610,-86.745220,HARDING PL,,,,0.00,,,DANBY DR,,,,0.00,Y,Four-Way,N,Intersection,None,,,         ,Ty,Cummings,Clear,Front to Rear,no,no,no,no,no,False
102065159,METROPOLITAN NASHVILLE POLICE DEPT,20180583594,Davidson,Nashville,7/6/2018 7:45:00 AM,2,0,0,36.136120,-86.825150,RICHLAND AV,,,,182.00,Feet,East,BOWLING AV,,,,0.00,N,Not at Intersection, ,,None,,,         ,Curtis,Rich,,,no,no,no,no,no,False
102065179,METROPOLITAN NASHVILLE POLICE DEPT,20180583580,Davidson,Nashville,7/6/2018 7:55:00 AM,3,0,0,36.134060,-86.726920,I24E,,,,54.00,Feet,East,I24 E ENT RAMP,,,,0.00,N,Not at Intersection,N,Non-Junction,None,,,         ,Jessie,Meadows,Clear,Front to Rear,no,no,no,no,no,False
102065253,METROPOLITAN NASHVILLE POLICE DEPT,20180583648,Davidson,Nashville,7/6/2018 8:05:00 AM,2,0,0,36.082100,-86.761700,HARDING PL,,,,0.00,,,SIDCO DR,,,,0.00,Y,Four-Way, ,Intersection-Related,None,,,         ,Jon,Mcvey,Cloudy,"Sideswipe, Same Direction",no,no,no,no,no,False
102065285,METROPOLITAN NASHVILLE POLICE DEPT,20180583704,Davidson,Nashville,7/6/2018 8:34:00 AM,2,0,0,36.032560,-86.768700,CLOVERLAND DR,,,,0.00,Feet,,CHURCH STE,,,,0.00,Y,Four-Way, ,Intersection-Related,None,,,         ,Samuel,Miller,Clear,Front to Rear,no,no,no,no,no,False
102065286,METROPOLITAN NASHVILLE POLICE DEPT,20180583698,Davidson,Nashville,7/6/2018 8:44:00 AM,2,0,0,36.078410,-86.885620,HIGHWAY 100,,,,198.00,Feet,South,VAUGHNS GAP RD,,,,0.00,N,Not at Intersection, ,Non-Junction,None,,,         ,Curtis,Rich,Clear,Front to Rear,no,no,no,no,no,False
102065294,METROPOLITAN NASHVILLE POLICE DEPT,20180583643,Davidson,Nashville,7/6/2018 7:35:00 AM,2,0,0,36.047700,-86.655680,BELL RD,,,,94.00,Feet,East,HICKORY HOLLOW PKWY,,,,0.00,N,Not at Intersection, ,Non-Junction,None,,,         ,Honorio,Canchola,Clear,Front to Rear,no,no,no,no,yes,False