master_record_number,agency,agency_tracking_number,county,city,collision_date,vehicles_involved,number_injured,number_dead,latitude,longitude,roadway_name,roadway_suffix,roadway_number,roadway_local_id,distance_from_reference,miles-feet_indicator,direction_from_reference,intersection_road_name,intersection_road_name_suffix,intersection_road_number,intersection_local_id,mile_marker,intersection_indicator,intersect_type,interchange_related_indicator,relation_to_junction,work_zone_type,construction_maintenance_zone,construction_maintenance_zone_location,fatal_case_number,officer_first_name,officer_last_name,weather_condition(s),manner_of_crash,pedestrian,bicycle,scooter,parking,hitrun,mou
102065304,METROPOLITAN NASHVILLE POLICE DEPT,20180583808,Davidson,Nashville,7/6/2018 9:19:00 AM,2,1,0,36.153060,-86.764850,I 40,,,,0.00,,,,,,,210.70,N,Not at Intersection,N,Non-Junction,None,,,         ,Thomas,Odom,Clear,Front to Rear,no,no,no,no,no,False
102065312,METROPOLITAN NASHVILLE POLICE DEPT,20180583768,Davidson,Nashville,7/6/2018 9:00:00 AM,1,0,0,36.160970,-86.758710,DAVIDSON ST,,,,74.00,Feet,West,S 5TH ST,,,,0.00,N,Not at Intersection, ,,None,,,         ,Russell,Freeman,,,no,no,no,no,no,False
102065322,METROPOLITAN NASHVILLE POLICE DEPT,20180583839,Davidson,Nashville,7/6/2018 9:30:00 AM,2,0,0,36.153060,-86.764850,I 40,,,,0.00,,,,,,,210.70,N,Not at Intersection,N,OtherLocation,None,,,         ,Ryan,Ludvigson,Clear,Not Collision with Motor Vehicle in Transport,no,no,no,no,no,False
102065336,METROPOLITAN NASHVILLE POLICE DEPT,20180583850,Davidson,Nashville,7/6/2018 9:38:00 AM,2,1,0,36.140090,-86.826670,MURPHY RD,,,,50.00,Feet,East,BOWLING AV,,,,0.00,N,Not at Intersection, ,Non-Junction,None,,,         ,Walter,Gray II,Clear,Front to Rear,no,no,no,no,no,False
102065398,METROPOLITAN NASHVILLE POLICE DEPT,20180583963,Davidson,Nashville,7/6/2018 10:19:00 AM,1,1,0,36.074660,-86.891750,HIGHWAY 100,,,,1098.00,Feet,South,HARPETH TRACE SMT,,,,0.00,N,Not at Intersection,N,Non-Junction,None,,,         ,Curtis,Rich,Cloudy,Not Collision with Motor Vehicle in Transport,no,no,no,no,no,False
102065410,METROPOLITAN NASHVILLE POLICE DEPT,20180583898,Davidson,Madison,7/6/2018 9:20:00 AM,2,0,0,36.267590,-86.700460,N DUPONT AV,,,,469.00,Feet,East,N DUPONT AV PVTDR,,,,0.00,N,Not at Intersection, ,"Driveway, Alley Access, etc",None,,,         ,Peter,Lynch,Cloudy,"Sideswipe, Same Direction",no,no,no,no,no,False
102065411,METROPOLITAN NASHVILLE POLICE DEPT,20180583741,Davidson,Madison,7/6/2018 8:52:00 AM,2,0,0,36.263330,-86.714600,OLD HICKORY BLVDW,,,,0.00,Feet,East,DOUGLAS ST,,,,0.00,N,Not at Intersection, ,Non-Junction,None,,,         ,Steven,Snitzer,Clear,"Sideswipe, Same Direction",no,no,no,no,no,False
102065420,METROPOLITAN NASHVILLE POLICE DEPT,20180583853,Davidson,Nashville,7/6/2018 9:40:00 AM,2,0,0,36.206280,-86.773500,I65 N ENT RAMP,,,,0.00,,,W TRINITY LN,,,,0.00,Y,Four-Way,N,Intersection-Related,None,,,         ,Jon,Mcvey,Cloudy,Angle,no,no,no,no,no,False
102065429,METROPOLITAN NASHVILLE POLICE DEPT,20180584071,Davidson,Nashville,7/6/2018 11:12:00 AM,2,0,0,36.220080,-86.693700,MUSIC VALLEY DR,,,,0.00,,,RUDY CIR,,,,0.00,Y,T-Intersection, ,Intersection,None,,,         ,Thomas,Odom,Clear,Angle,no,no,no,no,no,False
102065448,METROPOLITAN NASHVILLE POLICE DEPT,20180583965,Davidson,Nashville,7/6/2018 10:15:00 AM,2,0,0,36.135020,-86.801500,21ST AVS,,,,0.00,,,,,,,0.00,,, ,"Driveway, Alley Access, etc",None,,,         ,Timothy,Skopek,Rain,Front to Rear,no,no,no,yes,no,Campus
102065458,METROPOLITAN NASHVILLE POLICE DEPT,20180583874,Davidson,Madison,7/6/2018 9:51:00 AM,3,2,0,36.263600,-86.684270,STATE RT 45,,,,0.00,,,LARKIN SPRINGS RD,,,,0.00,Y,T-Intersection,N,Intersection-Related,None,,,         ,Timothy,Kearney,Clear,Angle,no,no,no,no,no,False
102065467,METROPOLITAN NASHVILLE POLICE DEPT,20180584006,Davidson,Nashville,7/6/2018 10:42:00 AM,2,0,0,36.120140,-86.749830,NOLENSVILLE PKE,,,,154.00,Feet,South,I440 E ENT RAMP,,,,0.00,N,Not at Intersection, ,Non-Junction,None,,,         ,Jessie,Meadows,Clear,"Sideswipe, Same Direction",no,no,no,no,no,False
102065476,METROPOLITAN NASHVILLE POLICE DEPT,20180584132,Davidson,Nashville,7/6/2018 11:39:00 AM,2,0,0,36.183650,-86.610660,OLD HICKORY BLVD,,,,0.00,Feet,,ANDREW JACKSON PKWY,,,,0.00,Y,Four-Way, ,Intersection,None,,,         ,Thomas,Odom,Clear,Angle,no,no,no,no,no,False
102065479,METROPOLITAN NASHVILLE POLICE DEPT,20180584095,Davidson,Not in City Limit,7/6/2018 11:25:00 AM,1,0,0,36.077220,-87.015030,I 40,,,,0.00,,,,,,,192.85,N,Not at Intersection,N,Non-Junction,None,,,         ,Wesley,Tilley,Cloudy,Not Collision with Motor Vehicle in Transport,no,no,no,no,no,False
102065487,METROPOLITAN NASHVILLE POLICE DEPT,20180584077,Davidson,Nashville,7/6/2018 11:20:00 AM,2,0,0,36.159370,-86.821680,I 40,,,,0.00,,,,,,,206.05,N,Not at Intersection,N,AccelDecelLane,None,,,         ,Teresah,Pinho,Rain,"Sideswipe, Same Direction",no,no,no,no,yes,False
102065498,METROPOLITAN NASHVILLE POLICE DEPT,20180584036,Davidson,Nashville,7/6/2018 10:53:00 AM,3,1,0,36.137260,-86.810740,BELCOURT AV,,,,90.00,Feet,East,NATCHEZ TRC,,,,0.00,N,Not at Intersection,N,Non-Junction,None,,,         ,David,Lang,Rain,Front to Rear,no,no,no,no,no,Campus
102065509,METROPOLITAN NASHVILLE POLICE DEPT,20180584118,Davidson,Nashville,7/6/2018 11:29:00 AM,2,0,0,36.116570,-86.771540,I 440,,,,0.00,,,,,,,5.00,N,Not at Intersection, ,Non-Junction,None,,,         ,John,Chambers,Rain,Front to Rear,no,no,no,no,no,False
102065514,METROPOLITAN NASHVILLE POLICE DEPT,20180583991,Davidson,Nashville,7/6/2018 10:33:00 AM,2,0,0,36.103030,-86.838300,ESTES RD,,,,0.00,,,HOBBS RD,,,,0.00,Y,Four-Way, ,Intersection,None,,,         ,Walter,Gray II,Cloudy,Angle,no,no,no,no,no,False
102065521,METROPOLITAN NASHVILLE POLICE DEPT,20180584063,Davidson,Nashville,7/6/2018 10:53:00 AM,2,0,0,36.218110,-86.775060,I 65,,,,0.00,,,,,,,88.15,N,Not at Intersection,Y,Non-Junction,None,,,         ,Freddirico,Pye,Clear,Front to Rear,no,no,no,no,yes,False
102065522,METROPOLITAN NASHVILLE POLICE DEPT,20180584062,Davidson,Nashville,7/6/2018 11:00:00 AM,2,0,0,36.021580,-86.711560,NOLENSVILLE PKE,,,,90.00,Feet,North,BIENVILLE DR,,,,0.00,N,Not at Intersection,N,Non-Junction,None,,,         ,Jessie,Meadows,Clear,Front to Rear,no,no,no,no,no,False
102065531,METROPOLITAN NASHVILLE POLICE DEPT,20180583632,Davidson,Nashville,7/6/2018 7:25:00 AM,2,1,0,36.206020,-86.776530,I 65,,,,0.00,,,,,,,87.30,N,Not at Intersection,N,Non-Junction,None,,,         ,Ronald,Bright,Clear,Front to Rear,no,no,no,no,no,False
102065553,METROPOLITAN NASHVILLE POLICE DEPT,20180584283,Davidson,Nashville,7/6/2018 1:00:00 PM,2,0,0,36.140250,-86.879100,CHARLOTTE PKE,,,,52.00,Feet,East,RUSSLEO DR,,,,0.00,N,Not at Intersection, ,Non-Junction,None,,,         ,Curtis,Rich,Rain,Front to Rear,no,no,no,no,no,False
102065557,METROPOLITAN NASHVILLE POLICE DEPT,20180584232,Davidson,Nashville,7/6/2018 12:38:00 PM,2,1,0,36.177610,-86.616330,JAMES KAY LN,,,,120.00,Feet,East,CENTRAL PKE,,,,0.00,N,Not at Intersection,N,Non-Junction,None,,,         ,Thomas,Odom,Rain,Front to Rear,no,no,no,no,no,False
102065558,METROPOLITAN NASHVILLE POLICE DEPT,20180584133,Davidson,Nashville,7/6/2018 11:44:00 AM,4,0,0,36.117300,-86.773510,I 65,,,,0.00,,,,,,,80.30,N,Not at Intersection,N,Non-Junction,None,,,         ,Jon,Mcvey,Rain,Front to Rear,no,no,no,no,yes,False
102065559,METROPOLITAN NASHVILLE POLICE DEPT,20180584172,Davidson,Nashville,7/6/2018 12:10:00 PM,3,0,0,36.080890,-86.697020,I 24,,,,0.00,,,,,,,56.10,N,Not at Intersection,N,Non-Junction,None,,,         ,Ryan,Howard,Rain,Front to Rear,no,no,no,no,yes,False
102065566,METROPOLITAN NASHVILLE POLICE DEPT,20180584235,Davidson,Nashville,7/6/2018 12:40:00 PM,2,0,0,36.158540,-86.818550,28TH AVN,,,,69.00,Feet,South,CLIFTON AV,,,,0.00,N,Not at Intersection, ,Non-Junction,None,,,         ,Teresah,Pinho,Rain,Front to Rear,no,no,no,no,no,False
102065602,METROPOLITAN NASHVILLE POLICE DEPT,20180584026,Davidson,Nashville,7/6/2018 10:49:00 AM,3,0,0,36.184040,-86.748270,GALLATIN AV,,,,83.00,Feet,North,EASTLAND AV,,,,0.00,N,Not at Intersection,N,OtherLocation,None,,,         ,Joshua,Baker,Cloudy,Front to Rear,no,no,no,no,no,False
102065603,METROPOLITAN NASHVILLE POLICE DEPT,20180584194,Davidson,Nashville,7/6/2018 12:23:00 PM,2,0,0,36.150680,-86.767950,2ND AVS,,,,2.00,Feet,South,LAFAYETTE ST,,,,0.00,N,Not at Intersection, ,Non-Junction,None,,,         ,James,Kerrigan,Rain,Angle,no,no,no,no,no,False
102065604,METROPOLITAN NASHVILLE POLICE DEPT,20180584113,Davidson,Nashville,7/6/2018 11:41:00 AM,1,0,0,36.171390,-86.869260,BRILEY PKWYS,,,,0.00,,,CENTENNIAL BLVD,,,,0.00,Y,OTHER,N,Non-Junction,None,,,         ,Ted,Woosley,Rain,Not Collision with Motor Vehicle in Transport,no,no,no,no,no,False
102065605,METROPOLITAN NASHVILLE POLICE DEPT,20180584101,Davidson,Nashville,7/6/2018 11:34:00 AM,2,1,0,36.188300,-86.796840,DOMINICAN DR,,,,0.00,,,FRENCH LANDING DR,,,,0.00,Y,Four-Way,N,Intersection,None,,,         ,Kevin,Frei,Cloudy,Angle,no,no,no,no,no,False
102065655,BERRY HILL POLICE DEPT,18-2338,Davidson,Berry Hill,7/6/2018 12:15:00 PM,2,0,0,36.125790,-86.765870,BRANSFORD AV,,,,0.00,,,CRAIGHEAD ST,,,,0.00,Y,Four-Way,N,Intersection,None,,,         ,Larry,Carter,Rain,HeadOn,no,no,no,no,no,False
102065671,METROPOLITAN NASHVILLE POLICE DEPT,20180584347,Davidson,Nashville,7/6/2018 12:37:00 PM,2,0,0,36.169520,-86.678590,LEBANON PKE,,,,389.00,Feet,East,MCGAVOCK PKE,,,,0.00,N,Not at Intersection, ,Non-Junction,None,,,         ,Thomas,Odom,Rain,Angle,no,no,no,no,no,False
102065704,METROPOLITAN NASHVILLE POLICE DEPT,20180584096,Davidson,Nashville,7/6/2018 11:30:00 AM,2,1,0,36.207020,-86.791600,W TRINITY LN,,,,0.00,,,WHITES CREEK PKE,,,,0.00,Y,Four-Way,N,Intersection,None,,,         ,Zachary,Goodall,Rain,Angle,no,no,no,no,no,False
102065709,METROPOLITAN NASHVILLE POLICE DEPT,20180584325,Davidson,Nashville,7/6/2018 1:26:00 PM,2,0,0,36.073390,-86.769320,I 65,,,,0.00,,,,,,,77.20,N,Not at Intersection, ,Non-Junction,None,,,         ,Raymond,Flaherty,Rain,Front to Rear,no,no,no,no,no,False
102065734,METROPOLITAN NASHVILLE POLICE DEPT,20180584335,Davidson,Nashville,7/6/2018 12:49:00 PM,2,0,0,36.154120,-86.745530,LEBANON PKE,,,,672.00,Feet,West,FESSLERS LN,,,,0.00,N,Not at Intersection, ,,None,,,         ,Michael,Dance,,,no,no,no,no,no,False
102065744,METROPOLITAN NASHVILLE POLICE DEPT,20180584142,Davidson,Nashville,7/6/2018 11:50:00 AM,2,0,0,36.130900,-86.727470,I 24,,,,0.00,,,,,,,51.10,N,Not at Intersection,N,Non-Junction,None,,,         ,James,Thomas,Rain,Front to Rear,no,no,no,no,no,False
102065749,METROPOLITAN NASHVILLE POLICE DEPT,20180584413,Davidson,Nashville,7/6/2018 1:01:00 PM,2,0,0,36.136310,-86.771280,SOUTHGATE AV,,,,0.00,,,STEWART PL,,,,0.00,Y,T-Intersection, ,Non-Junction,None,,,         ,James,Kerrigan,Rain,"Sideswipe, Same Direction",no,no,no,no,yes,False
102065751,METROPOLITAN NASHVILLE POLICE DEPT,20180584367,Davidson,Nashville,7/6/2018 1:41:00 PM,2,1,0,36.109520,-86.728420,THOMPSON LN,,,,113.00,Feet,West,BRILEY PKWYN,,,,0.00,N,Not at Intersection,N,Non-Junction,None,,,         ,Jessie,Meadows,Rain,Front to Rear,no,no,no,no,no,False
102065754,METROPOLITAN NASHVILLE POLICE DEPT,20180584364,Davidson,Nashville,7/6/2018 1:35:00 PM,2,1,0,36.138720,-86.857540,WHITE BRIDGE PKE,,,,301.00,Feet,South,KENDALL DR,,,,0.00,N,Not at Intersection,N,Non-Junction,None,,,         ,George,Spencer,Rain,Angle,no,no,no,no,no,False
102065781,METROPOLITAN NASHVILLE POLICE DEPT,20180584371,Davidson,Nashville,7/6/2018 12:30:00 PM,2,0,0,36.155970,-86.808710,CHARLOTTE AV,,,,0.00,,,23RD AVN,,,,0.00,Y,Four-Way,N,Intersection,None,,,         ,Jon,Mcvey,Rain,Angle,no,no,no,no,no,False
102065785,METROPOLITAN NASHVILLE POLICE DEPT,20180584285,Davidson,Madison,7/6/2018 12:40:00 PM,2,0,0,36.297850,-86.698410,GALLATIN PKEN,,,,406.00,Feet,North,RIVERGATE PKWY,,,,0.00,N,Not at Intersection,N,Non-Junction,None,,,         ,Cyretha,Frazier,Rain,"Sideswipe, Same Direction",no,no,no,no,yes,False
102065786,METROPOLITAN NASHVILLE POLICE DEPT,20180584293,Davidson,Nashville,7/6/2018 1:50:00 AM,2,0,0,36.074000,-86.924520,BELLE FOREST CIR,,,,13.00,Feet,North,HIGHWAY 70S,,,,0.00,N,Not at Intersection, ,Non-Junction,None,,,         ,Alexander,Donald,Rain,Front to Rear,no,no,no,no,no,False
102065793,METROPOLITAN NASHVILLE POLICE DEPT,20180584358,Davidson,Nashville,7/6/2018 1:03:00 PM,2,0,0,36.133640,-86.827930,WEST END AV,,,,75.00,Feet,West,CRAIGHEAD AV,,,,0.00,N,Not at Intersection,N,Non-Junction,None,,,         ,Walter,Gray II,Rain,"Sideswipe, Same Direction",no,no,no,no,no,False
102065795,METROPOLITAN NASHVILLE POLICE DEPT,20180584359,Davidson,Nashville,7/6/2018 1:38:00 PM,1,2,0,36.150800,-86.785420,I40 W EXT RAMP,,,,0.00,,,I 40,,,,0.00,Y,OTHER,N,Entrance/Exit Ramp Related,None,,,         ,Cody,O'Quinn,Cloudy,Not Collision with Motor Vehicle in Transport,no,no,no,no,no,False
102065809,METROPOLITAN NASHVILLE POLICE DEPT,20180583510,Davidson,Goodlettsville,7/6/2018 7:10:00 AM,2,0,0,36.299530,-86.712250,I 65,,,,0.00,,,,,,,95.10,N,Not at Intersection, ,Non-Junction,None,,,         ,Brandon,Wood,Clear,Not Collision with Motor Vehicle in Transport,no,no,no,no,no,False
102065823,METROPOLITAN NASHVILLE POLICE DEPT,20180584400,Davidson,Nashville,7/6/2018 1:52:00 PM,2,0,0,36.197960,-86.775880,I 65,,,,0.00,,,,,,,86.70,N,Not at Intersection, ,Non-Junction,None,,,         ,Joseph,Progar,Cloudy,"Sideswipe, Same Direction",no,no,no,no,no,False
102065824,METROPOLITAN NASHVILLE POLICE DEPT,20180581269,Davidson,Nashville,7/5/2018 3:30:00 PM,2,0,0,36.130650,-86.778600,8TH AVS,,,,59.00,Feet,North,PRENTICE AV,,,,0.00,N,Not at Intersection,N,Non-Junction,None,,,         ,Akira,McSwain,Clear,Front to Rear,no,no,no,no,no,False
102065825,METROPOLITAN NASHVILLE POLICE DEPT,20180581434,Davidson,Nashville,7/5/2018 4:10:00 PM,2,0,0,36.111060,-86.747360,LOUISE DR,,,,0.00,,,THOMPSON LN,,,,0.00,Y,T-Intersection,N,Intersection,None,,,         ,Akira,McSwain,Clear,Angle,no,no,no,no,yes,False
102065826,METROPOLITAN NASHVILLE POLICE DEPT,20180581600,Davidson,Nashville,7/5/2018 4:40:00 PM,2,0,0,36.119040,-86.787360,LEALAND LN,,,,256.00,Feet,South,KIRKWOOD AV,,,,0.00,N,Not at Intersection,N,Non-Junction,None,,,         ,Akira,McSwain,Clear,"Sideswipe, Same Direction",no,no,no,no,yes,False
102065853,METROPOLITAN NASHVILLE POLICE DEPT,20180584414,Davidson,Nashville,7/6/2018 1:16:00 PM,1,1,0,36.075506,-86.608667,ANDERSON ROAD,,,,100.00,Feet,East,WEST TOWNE VILLAGE CT,,,,0.00,N,Not at Intersection,N,Non-Junction,None,,,         ,Michael,Dance,Rain,Not Collision with Motor Vehicle in Transport,no,no,no,no,no,False
102065854,Nashville Airport Police,2018-02518,Davidson,Nashville,7/6/2018 2:35:00 PM,2,0,0,36.137170,-86.664870,SATELLITE WAY,,,,0.00,,,I40 W ENT RAMP,,,,0.00,,Not at Intersection, ,,None,,,         ,Lucas,Delheimer,,,no,no,no,yes,no,False
102065859,BERRY HILL POLICE DEPT,18-2327,Davidson,Berry Hill,7/5/2018 10:04:00 PM,2,0,0,36.122800,-86.775950,FRANKLIN PKE,,,,91.00,Feet,North,BILOXI AV,,,,0.00,N,Not at Intersection, ,Non-Junction,None,,,         ,John,Gleixner,Cloudy,Angle,no,no,no,no,no,False
102065899,METROPOLITAN NASHVILLE POLICE DEPT,20180583501,Davidson,Nashville,7/6/2018 7:00:00 AM,2,0,0,36.198050,-86.776330,I 65,,,,0.00,,,,,,,86.75,N,Not at Intersection, ,Non-Junction,None,,,         ,Monica,Blake,Clear,Front to Rear,no,no,no,no,no,False
102065907,Nashville Airport Police,2018-02519,Davidson,Nashville,7/6/2018 3:00:00 PM,2,0,0,36.136450,-86.666960,TERMINAL DR,,,,0.00,,,,,,,0.00,,, ,,None,,,         ,Lucas,Delheimer,,,no,no,no,yes,no,False
102065920,METROPOLITAN NASHVILLE POLICE DEPT,20180584391,Davidson,Nashville,7/6/2018 1:46:00 PM,2,0,0,36.081100,-86.758360,HARDING PL,,,,0.00,,,TROUSDALE DR,,,,0.00,Y,Four-Way, ,Intersection-Related,None,,,         ,Russell,Wade,Rain,Front to Rear,no,no,no,no,no,False
102065923,METROPOLITAN NASHVILLE POLICE DEPT,20180584592,Davidson,Nashville,7/6/2018 2:21:00 PM,2,0,0,36.133290,-86.768840,WEDGEWOOD AV,,,,0.00,,,BRANSFORD AV,,,,0.00,Y,T-Intersection, ,,None,,,         ,FELIKS,ABRAHAMYAN,,,no,no,no,no,no,False
102065934,METROPOLITAN NASHVILLE POLICE DEPT,20180584562,Davidson,Nashville,7/6/2018 12:00:00 AM,2,1,0,36.159110,-86.818630,28TH AVN,,,,140.00,Feet,North,CLIFTON AV,,,,0.00,N,Not at Intersection,N,Non-Junction,None,,,         ,Christopher,Dickerson,Cloudy,Front to Rear,no,no,no,no,no,False
102065935,METROPOLITAN NASHVILLE POLICE DEPT,20180578669,Davidson,Nashville,7/4/2018 4:33:00 PM,1,0,0,36.078590,-86.921980,SUMMIT OAKS DR,,,,543.00,Feet,South,PINNACLE PL,,,,0.00,N,Not at Intersection,N,Non-Junction,None,,,         ,Timothy,Morgan,Clear,Not Collision with Motor Vehicle in Transport,no,no,no,yes,yes,False
102065955,Nashville Airport Police,18-02590,Davidson,Nashville,7/6/2018 2:10:00 PM,2,0,0,36.141790,-86.675130,I 40,,,,0.00,,,,,,,215.00,N,Not at Intersection, ,Non-Junction,None,,,         ,Christopher,Swisher,Rain,"Sideswipe, Same Direction",no,no,no,no,no,False
102065967,METROPOLITAN NASHVILLE POLICE DEPT,20180584594,Davidson,Nashville,7/6/2018 3:00:00 PM,2,0,0,36.117690,-86.804150,STOKES LN,,,,0.00,Feet,West,STOKESMONT RD,,,,0.00,N,Not at Intersection,N,Non-Junction,None,,,         ,Gregory,Scott,Clear,Angle,no,no,no,no,yes,False
102065972,METROPOLITAN NASHVILLE POLICE DEPT,20180584555,Davidson,Nashville,7/6/2018 2:35:00 PM,1,1,0,36.143420,-86.793680,EDGEHILL AV,,,,164.00,Feet,West,16TH AVS,,,,0.00,N,Not at Intersection,N,Non-Junction,None,,,         ,Jed,Baldoni,Clear,Not Collision with Motor Vehicle in Transport,no,no,no,no,no,False
102065981,METROPOLITAN NASHVILLE POLICE DEPT,20180584570,Davidson,Nashville,7/6/2018 2:20:00 PM,2,0,0,36.084320,-86.705370,HARDING PL,,,,162.00,Feet,East,LINBAR DR,,,,0.00,N,Not at Intersection, ,Non-Junction,None,,,         ,Richard,Olive,Rain,Front to Rear,no,no,no,no,no,False
102065997,METROPOLITAN NASHVILLE POLICE DEPT,20180578114,Davidson,Nashville,7/4/2018 11:40:00 AM,2,0,0,36.154480,-86.779430,8TH AVS,,,,0.00,,,LAFAYETTE ST,,,,0.00,Y,Roundabout,N,Intersection,None,,,         ,William,Vincion,Clear,Angle,no,no,no,no,no,False
102066040,METROPOLITAN NASHVILLE POLICE DEPT,20180584779,Davidson,Nashville,7/6/2018 4:08:00 PM,2,0,0,36.137200,-86.699670,BRILEY PKWY,,,,0.00,,,GLASTONBURY RD,,,,0.00,Y,Four-Way, ,,None,,,         ,Seth,Vaughn,,,no,no,no,no,no,False
102066043,METROPOLITAN NASHVILLE POLICE DEPT,20180584473,Davidson,Nashville,7/6/2018 2:29:00 PM,2,1,0,36.128000,-86.851960,WHITE BRIDGE PKE,,,,0.00,,,POST PL,,,,0.00,Y,Four-Way,N,Intersection,None,,,         ,Timothy,Morgan,Clear,Angle,no,no,no,no,no,False
102066050,METROPOLITAN NASHVILLE POLICE DEPT,20180584575,Davidson,Nashville,7/6/2018 2:16:00 PM,2,0,0,36.072070,-86.636370,MURFREESBORO PKE,,,,90.00,Feet,North,BELL RD,,,,0.00,N,Not at Intersection, ,Non-Junction,None,,,         ,Patrick,Martin,Clear,Front to Rear,no,no,no,no,no,False
102066058,METROPOLITAN NASHVILLE POLICE DEPT,20180584766,Davidson,Nashville,7/6/2018 4:14:00 PM,2,0,0,36.109860,-86.744640,NOLENSVILLE PKE,,,,39.00,Feet,North,COLLIER AV,,,,0.00,N,Not at Intersection,N,Non-Junction,None,,,         ,Jarret,Sonnenberg,Clear,Front to Rear,no,no,no,no,no,False
102066069,METROPOLITAN NASHVILLE POLICE DEPT,20180584742,Davidson,Nashville,7/6/2018 4:24:00 PM,2,0,0,36.163850,-86.597480,OLD HICKORY BLVD,,,,74.00,Feet,South,ARBOR LAKE BLVD,,,,0.00,N,Not at Intersection, ,Non-Junction,None,,,         ,Marvis,Malone,Cloudy,"Sideswipe, Same Direction",no,no,no,no,yes,False
102066077,METROPOLITAN NASHVILLE POLICE DEPT,20180584483,Davidson,Nashville,7/6/2018 2:20:00 PM,2,0,0,36.155490,-86.789180,I 40,,,,0.00,,,,,,,209.15,N,Not at Intersection,N,Non-Junction,None,,,         ,Akira,McSwain,Rain,Angle,no,no,no,no,yes,False
102066078,METROPOLITAN NASHVILLE POLICE DEPT,20180584666,Davidson,Nashville,7/6/2018 3:15:00 PM,2,0,0,36.111090,-86.722720,I 24,,,,0.00,,,,,,,53.60,N,Not at Intersection,N,Non-Junction,None,,,         ,Jesse,Cox,Cloudy,Front to Rear,no,no,no,no,yes,False
102066079,METROPOLITAN NASHVILLE POLICE DEPT,20180584658,Davidson,Nashville,7/6/2018 3:05:00 PM,2,0,0,36.157480,-86.801290,19TH AVN,,,,54.00,Feet,East,CHARLOTTE AV,,,,0.00,N,Not at Intersection, ,Non-Junction,None,,,         ,Akira,McSwain,Clear,Angle,no,no,no,no,no,False
102066083,GOODLETTSVILLE POLICE DEPT,18-23482,Davidson,Goodlettsville,7/6/2018 4:55:00 PM,2,0,0,36.304810,-86.702680,RIVERGATE PKWY,,,,310.00,Feet,North,RIVERGATE MALL PVTDR,,,,0.00,N,Not at Intersection,N,Non-Junction,None,,,         ,Rico,Jones,Cloudy,Front to Rear,no,no,no,no,no,False
102066084,METROPOLITAN NASHVILLE POLICE DEPT,20180584833,Davidson,Not in City Limit,7/6/2018 4:42:00 PM,2,0,0,36.273620,-86.735700,I 65,,,,0.00,,,,,,,92.90,N,Not at Intersection, ,Non-Junction,None,,,         ,Michael,Thompson,Clear,Front to Rear,no,no,no,no,no,False
102066128,METROPOLITAN NASHVILLE POLICE DEPT,20180585040,Davidson,Nashville,7/6/2018 6:00:00 PM,2,0,0,36.156770,-86.760350,I40 E ENT RAMP,,,,0.00,,,I 24,,,,0.00,Y,OTHER,Y,Entrance/Exit Ramp Related,None,,,         ,Joseph,Maeser,Rain,"Sideswipe, Same Direction",no,no,no,no,yes,False
102066138,METROPOLITAN NASHVILLE POLICE DEPT,20180584840,Davidson,Nashville,7/6/2018 4:25:00 PM,2,0,0,36.224000,-86.625620,OLD HICKORY BLVD,,,,19.00,Feet,South,COMMERCE ST,,,,0.00,N,Not at Intersection, ,Non-Junction,None,,,         ,Zachariah,Bush,Cloudy,Front to Rear,no,no,no,no,no,False
102066147,METROPOLITAN NASHVILLE POLICE DEPT,20180584860,Davidson,Nashville,7/6/2018 4:58:00 PM,1,0,0,36.141650,-86.733080,I 40,,,,0.00,,,,,,,212.90,N,Not at Intersection,N,Non-Junction,None,,,         ,Trenton,Searcy,Clear,Not Collision with Motor Vehicle in Transport,no,no,no,no,no,False
102066162,METROPOLITAN NASHVILLE POLICE DEPT,20180584817,Davidson,Nashville,7/6/2018 4:51:00 PM,2,2,0,36.181280,-86.799910,I 65,,,,0.00,,,,,,,85.10,N,Not at Intersection,N,Non-Junction,None,,,         ,Shannon,Forsyth,Cloudy,Front to Rear,no,no,no,no,yes,False
102066163,METROPOLITAN NASHVILLE POLICE DEPT,20180584462,Davidson,Nashville,7/6/2018 2:20:00 PM,1,0,0,36.207460,-86.722950,RIVERSIDE DR,,,,0.00,,,KIRKLAND AV,,,,0.00,Y,T-Intersection,N,Intersection,None,,,         ,Brian,Theriac,Rain,Not Collision with Motor Vehicle in Transport,no,no,no,no,no,False
102066172,METROPOLITAN NASHVILLE POLICE DEPT,20180585115,Davidson,Nashville,7/6/2018 2:20:00 PM,1,0,0,36.175760,-86.807630,17TH AVN,,,,379.00,Feet,South,WHELESS ST,,,,0.00,N,Not at Intersection,N,"Driveway, Alley Access, etc",None,,,         ,Joseph,Gawlowski,Cloudy,Not Collision with Motor Vehicle in Transport,no,no,no,no,yes,False
102066179,METROPOLITAN NASHVILLE POLICE DEPT,20180585126,Davidson,Nashville,7/6/2018 6:46:00 PM,2,0,0,36.082980,-86.698280,I24 E ENT RAMP,,,,0.00,Feet,East,I 24,,,,0.00,N,Not at Intersection,N,Non-Junction,None,,,         ,Johnathon,Birdwell,Rain,Front to Rear,no,no,no,no,no,False