master_record_number,agency,agency_tracking_number,county,city,collision_date,vehicles_involved,number_injured,number_dead,latitude,longitude,roadway_name,roadway_suffix,roadway_number,roadway_local_id,distance_from_reference,miles-feet_indicator,direction_from_reference,intersection_road_name,intersection_road_name_suffix,intersection_road_number,intersection_local_id,mile_marker,intersection_indicator,intersect_type,interchange_related_indicator,relation_to_junction,work_zone_type,construction_maintenance_zone,construction_maintenance_zone_location,fatal_case_number,officer_first_name,officer_last_name,weather_condition(s),manner_of_crash,pedestrian,bicycle,scooter,parking,hitrun,mou
102067405,METROPOLITAN NASHVILLE POLICE DEPT,20180587743,Davidson,Nashville,7/7/2018 6:18:00 PM,2,0,0,36.130390,-86.801960,21ST AVS,,,,0.00,,,BLAIR BLVD,,,,0.00,Y,Four-Way, ,Non-Junction,None,,,         ,Akira,McSwain,Clear,Angle,no,no,no,no,no,False
102067427,METROPOLITAN NASHVILLE POLICE DEPT,20180587897,Davidson,Nashville,7/7/2018 7:20:00 PM,1,1,0,36.207790,-86.611570,HIGHLAND VIEW DR,,,,0.00,Feet,North,LEBANON PKE,,,,0.00,N,Not at Intersection,N,Non-Junction,None,,,         ,Marvis,Malone,Clear,Not Collision with Motor Vehicle in Transport,no,no,no,no,no,False
102067464,METROPOLITAN NASHVILLE POLICE DEPT,20180588083,Davidson,Nashville,7/7/2018 8:48:00 PM,2,1,0,36.152850,-86.757780,GREEN ST,,,,0.00,,,LEWIS ST,,,,0.00,Y,T-Intersection,N,Intersection,None,,,         ,Jessica,Johann,Clear,Front to Rear,no,no,no,no,no,False
102067465,METROPOLITAN NASHVILLE POLICE DEPT,20180588181,Davidson,Nashville,7/7/2018 12:00:00 AM,2,0,0,36.090330,-86.626500,SMITH SPRINGS RD,,,,0.00,Feet,,BELL RD,,,,0.00,Y,Four-Way,N,Non-Junction,None,,,         ,Deandera,Payne,Clear,Front to Rear,no,no,no,no,yes,False
102067466,METROPOLITAN NASHVILLE POLICE DEPT,20180588122,Davidson,Nashville,7/7/2018 7:32:00 PM,2,1,0,36.157980,-86.772640,2ND AVS,,,,0.00,,,KOREAN VETERANS BLVD,,,,0.00,Y,Four-Way, ,Non-Junction,None,,,         ,Seth,Quiles,Clear,Angle,no,no,no,no,no,False
102067468,METROPOLITAN NASHVILLE POLICE DEPT,20180588067,Davidson,Nashville,7/7/2018 8:40:00 PM,2,0,0,36.153630,-86.753610,HERMITAGE AV,,,,0.00,,,DECATUR AV,,,,0.00,Y,T-Intersection, ,,None,,,         ,Trenton,Searcy,,,no,no,no,no,no,False
102067470,METROPOLITAN NASHVILLE POLICE DEPT,20180587735,Davidson,Nashville,7/7/2018 5:45:00 PM,2,1,0,36.084250,-86.705620,HARDING PL,,,,85.00,Feet,East,LINBAR DR,,,,0.00,N,Not at Intersection,N,Non-Junction,None,,,         ,Taylor,Hurley,Clear,Angle,no,no,no,no,no,False
102067487,METROPOLITAN NASHVILLE POLICE DEPT,20180588220,Davidson,Nashville,7/7/2018 9:45:00 PM,2,0,0,36.168150,-86.777420,GAY ST,,,,0.00,,,JAMES ROBERTSON PKWY,,,,0.00,Y,T-Intersection,Y,Intersection,None,,,         ,Joseph,Bingham,Clear,Front to Rear,no,no,no,no,no,False
102067528,METROPOLITAN NASHVILLE POLICE DEPT,2018-0588238,Davidson,Nashville,7/7/2018 8:30:00 PM,2,0,0,36.172930,-86.600940,CENTRAL PKE,,,,0.00,,,BURNING TREE DR,,,,0.00,Y,T-Intersection, ,Intersection-Related,None,,,         ,Joshua,McGarvey,Cloudy,HeadOn,no,no,no,no,no,False
102067537,METROPOLITAN NASHVILLE POLICE DEPT,20180587891,Davidson,Nashville,7/7/2018 4:11:00 PM,2,0,0,36.168570,-86.813360,I40 E EXT RAMP,,,,0.00,,,I 40,,,,0.00,Y,T-Intersection, ,Intersection,None,,,         ,Andrey,Volfson,Clear,Front to Rear,no,no,no,no,no,False
102067538,METROPOLITAN NASHVILLE POLICE DEPT,20180588328,Davidson,Nashville,7/7/2018 10:59:00 PM,2,0,0,36.152960,-86.789740,DEMONBREUN ST,,,,452.00,Feet,West,MUSIC CIRE,,,,0.00,N,Not at Intersection, ,,None,,,         ,Jonathan,Hadley,,,no,no,no,no,no,False
102067574,METROPOLITAN NASHVILLE POLICE DEPT,20180588261,Davidson,Nashville,7/7/2018 10:00:00 PM,3,3,0,36.095140,-86.737140,NOLENSVILLE PKE,,,,268.00,Feet,South,WHEELER AV,,,,0.00,N,Not at Intersection,N,Non-Junction,None,,,         ,Jesse,Cox,Clear,Front to Rear,no,no,no,no,no,False
102067577,METROPOLITAN NASHVILLE POLICE DEPT,20180588402,Davidson,Not in City Limit,7/7/2018 11:41:00 PM,1,0,0,36.083230,-86.952090,I 40,,,,0.00,,,,,,,196.60,N,Not at Intersection, ,Non-Junction,None,,,         ,Sekou,Samassi,Clear,Not Collision with Motor Vehicle in Transport,no,no,no,no,no,False
102067579,METROPOLITAN NASHVILLE POLICE DEPT,20180588398,Davidson,Nashville,7/7/2018 11:30:00 PM,2,0,0,36.157980,-86.772640,2ND AVS,,,,0.00,,,KOREAN VETERANS BLVD,,,,0.00,Y,Four-Way, ,,None,,,         ,Jeremy,Arrington,,,no,no,no,no,no,False
102067608,METROPOLITAN NASHVILLE POLICE DEPT,20180588619,Davidson,Nashville,7/8/2018 1:24:00 AM,1,0,0,36.089500,-86.920770,OLD HICKORY BLVD,,,,242.00,Feet,South,THE RESERVE PVTDR,,,,0.00,N,Not at Intersection, ,Non-Junction,None,,,         ,Laura,Mullin,Clear,Not Collision with Motor Vehicle in Transport,no,no,no,no,no,False
102067612,METROPOLITAN NASHVILLE POLICE DEPT,20180588277,Davidson,Nashville,7/7/2018 12:00:00 AM,4,0,0,36.168910,-86.766190,I 24,,,,0.00,,,,,,,48.80,N,Not at Intersection,N,Non-Junction,None,,,         ,Colin,Bleem,Clear,Front to Rear,no,no,no,no,no,False
102067619,METROPOLITAN NASHVILLE POLICE DEPT,20180588633,Davidson,Not in City Limit,7/8/2018 1:22:00 AM,2,2,0,36.272440,-86.710200,GALLATIN PKEN,,,,0.00,,,,,,,0.00,,,N,"Driveway, Alley Access, etc",None,,,         ,Patrick,McGinnis,Clear,Angle,no,no,no,no,yes,False
102067691,METROPOLITAN NASHVILLE POLICE DEPT,20180588313,Davidson,Nashville,7/7/2018 10:45:00 PM,2,0,0,36.172100,-86.767300,JAMES ROBERTSON PKWY,,,,51.00,Feet,West,ELLINGTON PKWY N ENT RAMP,,,,0.00,N,Not at Intersection,N,Non-Junction,None,,,         ,Eric,Cunningham,Clear,Front to Rear,no,no,no,no,no,False
102067703,METROPOLITAN NASHVILLE POLICE DEPT,20180588822,Davidson,Nashville,7/8/2018 3:05:00 AM,1,0,0,36.029440,-86.662530,PRESTON RD,,,,838.00,Feet,South,OLD FRANKLIN RD,,,,0.00,N,Not at Intersection,N,Non-Junction,None,,,         ,Kevin,Breeding,Clear,Not Collision with Motor Vehicle in Transport,no,no,no,no,yes,False
102067704,METROPOLITAN NASHVILLE POLICE DEPT,20180588801,Davidson,Nashville,7/8/2018 2:31:00 AM,2,0,0,36.142270,-86.734800,I 40,,,,0.00,,,,,,,212.80,N,Not at Intersection,N,Non-Junction,None,,,         ,Nicolas,Pernell,Clear,"Sideswipe, Same Direction",no,no,no,no,yes,False
102067734,METROPOLITAN NASHVILLE POLICE DEPT,20180588471,Davidson,Nashville,7/8/2018 12:03:00 AM,2,0,0,36.166340,-86.779070,3RD AVN,,,,0.00,,,DEADERICK ST,,,,0.00,Y,T-Intersection, ,Intersection-Related,None,,,         ,Stephen,Waterman,Clear,"Sideswipe, Opposite Direction",no,no,no,no,no,False
102067785,METROPOLITAN NASHVILLE POLICE DEPT,20180589276,Davidson,Nashville,7/8/2018 8:11:00 AM,2,0,0,36.209640,-86.781030,N AVONDALE CIR,,,,505.00,Feet,West,HAMPTON ST,,,,0.00,N,Not at Intersection,N,Non-Junction,None,,,         ,James,Wray,Clear,"Sideswipe, Same Direction",no,no,no,no,yes,False
102067790,THP District 9 - Administrative,318044660,Davidson,Nashville,7/7/2018 7:40:00 PM,2,0,0,36.221700,-86.761670,DICKERSON PKE,,,,0.00,,,HART LN,,,,0.00,Y,T-Intersection, ,Intersection-Related,None,,,         ,James,Behne,Clear,Front to Rear,no,no,no,no,no,False
102067795,METROPOLITAN NASHVILLE POLICE DEPT,20180589273,Davidson,Nashville,7/8/2018 8:10:00 AM,2,0,0,36.187060,-86.631070,LEBANON PKE,,,,0.00,,,CENTRAL PKE,,,,0.00,Y,Four-Way, ,Intersection,None,,,         ,Cassandra,Del Bosco,Clear,"Sideswipe, Opposite Direction",no,no,no,no,no,False
102067798,METROPOLITAN NASHVILLE POLICE DEPT,20180589225,Davidson,Nashville,7/8/2018 7:45:00 AM,2,0,0,36.070290,-86.684540,ANTIOCH PKE,,,,0.00,,,HAYWOOD LN,,,,0.00,Y,T-Intersection, ,,None,,,         ,Troy,Loewen,,,no,no,no,no,no,False
102067827,METROPOLITAN NASHVILLE POLICE DEPT,20180589392,Davidson,Nashville,7/8/2018 9:20:00 AM,2,3,0,36.241970,-86.757050,DICKERSON PKE ENT RAMP,,,,0.00,,,DICKERSON PKE,,,,0.00,Y,Four-Way,Y,Intersection,None,,,         ,Brandon,Wood,Clear,Angle,no,no,no,no,no,False
102067832,METROPOLITAN NASHVILLE POLICE DEPT,20180589443,Davidson,Nashville,7/8/2018 9:55:00 AM,2,1,0,36.151820,-86.766920,1ST AVS,,,,0.00,,,CARROLL ST,,,,0.00,Y,T-Intersection,N,Non-Junction,None,,,         ,Steven,Folliard,Clear,"Sideswipe, Same Direction",no,no,no,no,no,False
102067843,METROPOLITAN NASHVILLE POLICE DEPT,20180589353,Davidson,Nashville,7/8/2018 9:02:00 AM,2,0,0,36.095250,-86.924180,OLD HICKORY BLVD,,,,538.00,Feet,East,RIDGELAKE PKWY,,,,0.00,N,Not at Intersection, ,Non-Junction,None,,,         ,Cesar,Rocha,Cloudy,"Sideswipe, Same Direction",no,no,no,no,no,False
102067844,METROPOLITAN NASHVILLE POLICE DEPT,20180589505,Davidson,Nashville,7/8/2018 9:59:00 AM,2,0,0,36.142120,-86.775780,FORT NEGLEY BLVD,,,,0.00,,,CHESTNUT ST,,,,0.00,Y,Four-Way,N,Intersection,None,,,         ,John,Chambers,Cloudy,Angle,no,no,no,no,no,False
102067846,METROPOLITAN NASHVILLE POLICE DEPT,20180589471,Davidson,Nashville,7/8/2018 10:13:00 AM,2,0,0,36.206260,-86.589830,TULIP GROVE RD,,,,0.00,,,BROOKE CASTLE DR,,,,0.00,Y,T-Intersection, ,Intersection,None,,,         ,Cassandra,Del Bosco,Clear,"Sideswipe, Same Direction",no,no,no,no,no,False
102067878,METROPOLITAN NASHVILLE POLICE DEPT,20180589491,Davidson,Nashville,7/8/2018 9:15:00 AM,1,0,0,36.055480,-86.703790,BREWER DR,,,,98.00,Feet,East,EULALA DR,,,,0.00,N,Not at Intersection,N,Non-Junction,None,,,         ,Jason,Hees,Clear,Not Collision with Motor Vehicle in Transport,no,no,no,no,no,False
102067891,METROPOLITAN NASHVILLE POLICE DEPT,20180589567,Davidson,Nashville,7/8/2018 10:45:00 AM,2,0,0,36.151370,-86.799330,20TH AVS,,,,0.00,,,WEST END AV,,,,0.00,Y,Four-Way, ,Intersection,None,,,         ,David,Lang,Clear,"Sideswipe, Same Direction",no,no,no,no,no,Campus
102067927,METROPOLITAN NASHVILLE POLICE DEPT,20180589502,Davidson,Nashville,7/8/2018 10:25:00 AM,3,1,0,36.251920,-86.717690,W WEBSTER ST,,,,0.00,,,GALLATIN PKES,,,,0.00,Y,Four-Way,N,Intersection-Related,None,,,         ,Samuel,Kersten,Cloudy,Front to Rear,no,no,no,no,yes,False
102067953,METROPOLITAN NASHVILLE POLICE DEPT,20180589498,Davidson,Not in City Limit,7/8/2018 10:24:00 AM,1,1,0,36.300540,-86.810320,LICKTON PKE,,,,0.00,,,CLAY LICK CT,,,,0.00,Y,OTHER,N,Non-Junction,None,,,         ,James,Wray,Clear,Not Collision with Motor Vehicle in Transport,no,no,no,no,no,False
102067956,METROPOLITAN NASHVILLE POLICE DEPT,20180589719,Davidson,Nashville,7/8/2018 12:20:00 PM,2,0,0,36.189150,-86.820620,ROSA L PARKS BLVD,,,,505.00,Feet,North,CLARKSVILLE PKE,,,,0.00,N,Not at Intersection,N,Non-Junction,None,,,         ,Patrick,Taylor,Clear,Angle,no,no,no,no,yes,False
102067960,METROPOLITAN NASHVILLE POLICE DEPT,20180589655,Davidson,Nashville,7/8/2018 12:00:00 AM,2,0,0,36.073690,-86.597390,COUNTRY WAY RD,,,,68.00,Feet,West,SEBETHA CT,,,,0.00,N,Not at Intersection,N,Non-Junction,None,,,         ,Terence,Mitchell,Unknown,HeadOn,no,no,no,no,yes,False
102068009,METROPOLITAN NASHVILLE POLICE DEPT,2018-0589697,Davidson,Nashville,7/8/2018 12:10:00 PM,2,0,0,36.081040,-86.757920,HARDING PL,,,,130.00,Feet,East,TROUSDALE DR,,,,0.00,N,Not at Intersection, ,Non-Junction,None,,,         ,Sean,Williams,Clear,Front to Rear,no,no,no,no,no,False
102068010,METROPOLITAN NASHVILLE POLICE DEPT,20180589710,Davidson,Nashville,7/8/2018 11:15:00 AM,2,0,0,36.182670,-86.736080,EASTLAND AV,,,,120.00,Feet,West,CHAPEL AV,,,,0.00,N,Not at Intersection, ,Non-Junction,None,,,         ,Eric,Knight,Cloudy,Angle,no,no,no,no,no,False
102068011,METROPOLITAN NASHVILLE POLICE DEPT,20180589827,Davidson,Nashville,7/8/2018 1:19:00 PM,2,2,0,36.242940,-86.760470,SKYLINE COMMONS PVTDR,,,,258.00,Feet,North,DOVERSIDE DR,,,,0.00,N,Not at Intersection,N,Non-Junction,None,,,         ,Brandon,Wood,Clear,Angle,no,no,no,no,yes,False
102068021,METROPOLITAN NASHVILLE POLICE DEPT,20180589765,Davidson,Nashville,7/8/2018 12:52:00 PM,1,1,0,36.205310,-86.778010,BRICK CHURCH PKE,,,,0.00,,,I65 S ENT RAMP,,,,0.00,Y,OTHER,N,Non-Junction,None,,,         ,James,Wray,Clear,Not Collision with Motor Vehicle in Transport,yes,no,no,no,no,False
102068024,METROPOLITAN NASHVILLE POLICE DEPT,20180589833,Davidson,Nashville,7/8/2018 1:17:00 PM,2,0,0,36.088460,-86.702040,I 24,,,,0.00,,,,,,,55.55,N,Not at Intersection,Y,Entrance/Exit Ramp Related,None,,,         ,Stephen,Soule,Clear,"Sideswipe, Same Direction",no,no,no,no,yes,False
102068038,METROPOLITAN NASHVILLE POLICE DEPT,20180589767,Davidson,Nashville,7/8/2018 12:30:00 PM,2,0,0,36.180650,-86.774300,I 24,,,,0.00,,,,,,,47.65,N,Not at Intersection, ,Non-Junction,None,,,         ,Thomas,Clingan,Clear,Front to Rear,no,no,no,no,no,False
102068051,METROPOLITAN NASHVILLE POLICE DEPT,20180589826,Davidson,Nashville,7/8/2018 1:21:00 PM,2,1,0,36.051420,-86.699700,OCALA DR,,,,477.00,Feet,West,TUSCULUM CT,,,,0.00,N,Not at Intersection,N,Non-Junction,None,,,         ,Brandon,Vance,Clear,Front to Rear,no,no,no,no,no,False
102068052,METROPOLITAN NASHVILLE POLICE DEPT,20180589794,Davidson,Nashville,7/8/2018 1:00:00 PM,2,0,0,36.140470,-86.731740,I 24,,,,0.00,,,,,,,51.60,N,Not at Intersection, ,Non-Junction,None,,,         ,Brian,Etchison,Clear,"Sideswipe, Same Direction",no,no,no,no,no,False
102068054,METROPOLITAN NASHVILLE POLICE DEPT,20180589703,Davidson,Nashville,7/8/2018 11:40:00 AM,2,0,0,36.125540,-86.696170,BRILEY PKWY,,,,64.00,Feet,North,KERMIT DR,,,,0.00,N,Not at Intersection,N,Non-Junction,None,,,         ,MIchael,Mihajlov,Clear,"Sideswipe, Same Direction",no,no,no,no,no,False
102068093,METROPOLITAN NASHVILLE POLICE DEPT,20180589920,Davidson,Not in City Limit,7/8/2018 2:23:00 PM,2,3,0,36.277640,-86.751250,NESBITT DR,,,,0.00,,,DICKERSON PKE,,,,0.00,Y,Four-Way,N,Intersection,None,,,         ,Brandon,Wood,Clear,Angle,no,no,no,no,no,False
102068125,METROPOLITAN NASHVILLE POLICE DEPT,20180589910,Davidson,Nashville,7/8/2018 2:11:00 PM,4,1,0,36.130020,-86.715380,MURFREESBORO PKE,,,,280.00,Feet,West,MILLWOOD DR,,,,0.00,N,Not at Intersection,N,Non-Junction,None,,,         ,Michael,Parman,Cloudy,Rear to Rear,yes,no,no,yes,no,False
102068163,METROPOLITAN NASHVILLE POLICE DEPT,20180589957,Davidson,Nashville,7/8/2018 2:56:00 PM,2,0,0,36.089650,-86.806020,HARDING PL,,,,0.00,,,BELMONT PARK TER,,,,0.00,Y,OTHER, ,Intersection,None,,,         ,Douglas,Sykes,Clear,Angle,no,no,no,no,no,False
102068192,METROPOLITAN NASHVILLE POLICE DEPT,20180590020,Davidson,Nashville,7/8/2018 2:30:00 PM,2,0,0,36.225470,-86.744340,LEMONT DR,,,,0.00,,,WHITE OAK CT,,,,0.00,Y,T-Intersection,N,Intersection,None,,,         ,Kevin,Clausius,Clear,HeadOn,no,no,no,no,yes,False
102068206,METROPOLITAN NASHVILLE POLICE DEPT,20180590047,Davidson,Nashville,7/8/2018 12:00:00 AM,3,0,0,36.186820,-86.775300,I 24,,,,0.00,,,,,,,47.10,N,Not at Intersection, ,Non-Junction,None,,,         ,Gordon,Stovall,Clear,Front to Rear,no,no,no,no,no,False
102068211,METROPOLITAN NASHVILLE POLICE DEPT,20180590119,Davidson,Nashville,7/8/2018 12:00:00 AM,2,0,0,36.141760,-86.674710,I 40,,,,0.00,,,,,,,215.00,N,Not at Intersection, ,Non-Junction,None,,,         ,Deandera,Payne,Clear,"Sideswipe, Same Direction",no,no,no,no,no,False
102068214,METROPOLITAN NASHVILLE POLICE DEPT,20180590151,Davidson,Nashville,7/8/2018 4:29:00 PM,2,1,0,36.079600,-86.726320,NOLENSVILLE PKE,,,,0.00,,,HARDING PL,,,,0.00,Y,Four-Way,N,Intersection-Related,None,,,         ,Ryan,Storm,Clear,Front to Rear,no,no,no,no,no,False
102068218,METROPOLITAN NASHVILLE POLICE DEPT,20180590040,Davidson,Nashville,7/8/2018 2:56:00 PM,2,0,0,36.152370,-86.837230,CHARLOTTE AV,,,,50.00,Feet,West,42ND AVN,,,,0.00,N,Not at Intersection,N,Non-Junction,None,,,         ,Andrew,McCarron,Clear,Front to Rear,no,no,no,no,no,False
102068220,METROPOLITAN NASHVILLE POLICE DEPT,20180590208,Davidson,Nashville,7/8/2018 4:55:00 PM,2,0,0,36.163740,-86.762590,I 24,,,,0.00,,,,,,,49.20,N,Not at Intersection, ,Non-Junction,None,,,         ,Anthony,Cucci,Clear,Front to Rear,no,no,no,no,no,False
102068225,METROPOLITAN NASHVILLE POLICE DEPT,20180590212,Davidson,Nashville,7/8/2018 5:00:00 PM,2,0,0,36.166640,-86.764950,I 24,,,,0.00,,,,,,,48.95,N,Not at Intersection, ,Non-Junction,None,,,         ,Steven,Fisher,Clear,Front to Rear,no,no,no,no,no,False
102068228,METROPOLITAN NASHVILLE POLICE DEPT,20180589978,Davidson,Nashville,7/8/2018 2:52:00 PM,3,0,0,36.247370,-86.720740,GALLATIN PKES,,,,256.00,Feet,South,DUE WEST AVW,,,,0.00,N,Not at Intersection,N,Non-Junction,None,,,         ,Peter,Vaught,Clear,Front to Rear,no,no,no,no,no,False
102068238,METROPOLITAN NASHVILLE POLICE DEPT,20180589960,Davidson,Nashville,7/8/2018 2:40:00 PM,2,0,0,36.160030,-86.760110,I 24,,,,0.00,,,,,,,49.50,N,Not at Intersection,N,Non-Junction,None,,,         ,Daniel,Wadham,Clear,"Sideswipe, Same Direction",no,no,no,no,no,False
102068245,METROPOLITAN NASHVILLE POLICE DEPT,20180590160,Davidson,Nashville,7/8/2018 4:30:00 PM,2,1,0,36.059420,-86.707540,TUSCULUM RD,,,,0.00,Feet,,PACKARD DR,,,,0.00,Y,Four-Way,Y,Intersection-Related,None,,,         ,Richard,Olive,Clear,Angle,no,no,no,no,no,False
102068266,METROPOLITAN NASHVILLE POLICE DEPT,20180590353,Davidson,Nashville,7/8/2018 6:12:00 PM,2,0,0,36.074110,-86.922160,OLD HARDING PKE,,,,58.00,Feet,West,HIGHWAY 70S,,,,0.00,N,Not at Intersection, ,Non-Junction,None,,,         ,Matthew,Jankiewicz,Clear,Angle,no,no,no,no,no,False
102068273,METROPOLITAN NASHVILLE POLICE DEPT,20180590255,Davidson,Nashville,7/8/2018 5:13:00 PM,2,0,0,36.078350,-86.670270,BILLINGSGATE RD,,,,0.00,,,FRANKLIN LIMESTONE RD,,,,0.00,Y,OTHER, ,Non-Junction,None,,,         ,Jedidayah,Merriweather,Clear,"Sideswipe, Opposite Direction",no,no,no,no,yes,False
102068296,METROPOLITAN NASHVILLE POLICE DEPT,20180589974,Davidson,Nashville,7/8/2018 2:29:00 PM,2,0,0,36.127530,-86.803580,21ST AVS,,,,0.00,,,W LINDEN AV,,,,0.00,Y,T-Intersection, ,Non-Junction,None,,,         ,Darryl,Williams,Clear,Front to Rear,no,no,no,no,no,False
102068299,METROPOLITAN NASHVILLE POLICE DEPT,20180590346,Davidson,Nashville,7/8/2018 6:12:00 PM,1,2,0,36.089060,-86.771680,FRANKLIN PKE,,,,366.00,Feet,North,S CURTISWOOD LN,,,,0.00,N,Not at Intersection,N,Non-Junction,None,,,         ,Ryan,Storm,Clear,Not Collision with Motor Vehicle in Transport,no,no,no,no,yes,False
102068306,METROPOLITAN NASHVILLE POLICE DEPT,20180589995,Davidson,Nashville,7/8/2018 1:28:00 PM,1,0,0,36.090020,-86.708390,DONNA KAY DR,,,,265.00,Feet,South,ECKHART DR,,,,0.00,N,Not at Intersection,N,Non-Junction,None,,,         ,Jesse,Cox,Clear,Not Collision with Motor Vehicle in Transport,no,no,no,no,yes,False
102068307,METROPOLITAN NASHVILLE POLICE DEPT,20180589984,Davidson,Not in City Limit,7/8/2018 12:00:00 AM,1,0,0,36.159170,-86.950850,RIVER ROAD PKE,,,,31.00,Feet,North,LAKEVIEW DR,,,,0.00,N,Not at Intersection,N,Non-Junction,None,,,         ,Kelby,Dumond,Clear,Not Collision with Motor Vehicle in Transport,no,no,no,no,no,False
102068314,METROPOLITAN NASHVILLE POLICE DEPT,20180590277,Davidson,Nashville,7/8/2018 5:33:00 PM,3,0,0,36.245500,-86.745890,I 65,,,,0.00,,,,,,,90.80,N,Not at Intersection,N,Non-Junction,None,,,         ,John,Frazier,Clear,Other,no,no,no,no,no,False
102068321,METROPOLITAN NASHVILLE POLICE DEPT,20180590468,Davidson,Nashville,7/8/2018 7:05:00 PM,2,0,0,36.087740,-86.607190,SMITH SPRINGS RD,,,,0.00,,,ANDERSON RD,,,,0.00,Y,Four-Way, ,Intersection,None,,,         ,Brady,Reynolds,Clear,Angle,no,no,no,no,no,False
102068343,METROPOLITAN NASHVILLE POLICE DEPT,20180590309,Davidson,Nashville,7/8/2018 5:47:00 PM,1,0,0,36.076290,-86.659340,UNA ANTIOCH PKE,,,,233.00,Feet,East,TREETOP DR,,,,0.00,N,Not at Intersection,N,Non-Junction,None,,,         ,Shelby,Hughes,Clear,Not Collision with Motor Vehicle in Transport,no,no,no,no,yes,False
102068353,METROPOLITAN NASHVILLE POLICE DEPT,20180590408,Davidson,Antioch,7/8/2018 6:35:00 PM,2,0,0,36.050620,-86.606180,GROVEDALE TRC,,,,0.00,,,PIN HOOK RD,,,,0.00,Y,Four-Way,Y,Intersection,None,,,         ,Ian,Swander,Clear,Angle,no,no,no,no,no,False
102068371,METROPOLITAN NASHVILLE POLICE DEPT,20180590503,Davidson,Nashville,7/8/2018 7:25:00 PM,2,1,0,36.086850,-86.730200,NOLENSVILLE PKE,,,,10.00,Feet,South,ELYSIAN FIELDS CT,,,,0.00,N,Not at Intersection,N,Non-Junction,None,,,         ,Ryan,Sherry,Clear,Front to Rear,no,no,no,no,yes,False
102068380,METROPOLITAN NASHVILLE POLICE DEPT,20180590308,Davidson,Nashville,7/8/2018 5:38:00 PM,2,0,0,36.132200,-86.894670,CHARLOTTE PKE,,,,279.00,Feet,East,I40 E ENT RAMP,,,,0.00,N,Not at Intersection, ,Non-Junction,None,,,         ,Kristen,Morgan,Clear,Front to Rear,no,no,no,no,no,False
102068449,METROPOLITAN NASHVILLE POLICE DEPT,20180590595,Davidson,Not in City Limit,7/8/2018 8:31:00 PM,2,0,0,36.045400,-86.950950,HIGHWAY 100,,,,119.00,Feet,West,TEMPLE RD,,,,0.00,N,Not at Intersection, ,,None,,,         ,Adam,Reese,,,no,no,no,no,no,False
102068470,METROPOLITAN NASHVILLE POLICE DEPT,20180590568,Davidson,Nashville,7/8/2018 8:10:00 PM,1,0,0,36.082680,-86.883440,HIGHWAY 100,,,,610.00,Feet,East,PERCY WARNER BLVD,,,,0.00,N,Not at Intersection, ,Non-Junction,None,,,         ,Robert,Crow,Clear,Not Collision with Motor Vehicle in Transport,no,no,no,no,no,False
102068472,METROPOLITAN NASHVILLE POLICE DEPT,20180590341,Davidson,Nashville,7/8/2018 6:02:00 PM,2,0,0,36.071540,-86.664330,APOLLO DR,,,,0.00,,,UNA ANTIOCH PKE,,,,0.00,Y,OTHER,N,Non-Junction,None,,,         ,Jedidayah,Merriweather,Clear,"Sideswipe, Opposite Direction",no,no,no,no,no,False
102068498,METROPOLITAN NASHVILLE POLICE DEPT,20180590592,Davidson,Nashville,7/8/2018 8:35:00 PM,2,1,0,36.084830,-86.728190,NOLENSVILLE PKE,,,,0.00,,,PARAGON MILLS RD,,,,0.00,Y,T-Intersection,N,Intersection,None,,,         ,Ryan,Storm,Clear,Angle,no,no,no,no,no,False
102068525,METROPOLITAN NASHVILLE POLICE DEPT,20180590749,Davidson,Nashville,7/8/2018 10:13:00 PM,2,0,0,36.140570,-86.722950,I 40,,,,0.00,,,,,,,213.50,N,Not at Intersection,N,Non-Junction,Construction Zone,Laneclosure,Transition Area,         ,Seth,Vaughn,Clear,Front to Rear,no,no,no,no,no,False
102068537,METROPOLITAN NASHVILLE POLICE DEPT,20180590719,Davidson,Nashville,7/8/2018 9:15:00 PM,3,1,0,36.039510,-86.708440,CEDARVIEW DR,,,,133.00,Feet,South,ILAWOOD DR,,,,0.00,N,Not at Intersection,N,Non-Junction,None,,,         ,Ian,Swander,Clear,"Sideswipe, Opposite Direction",no,no,no,no,no,False
102068563,METROPOLITAN NASHVILLE POLICE DEPT,20180590856,Davidson,Nashville,7/8/2018 11:20:00 PM,2,0,0,36.195200,-86.739920,CHESTER AV,,,,0.00,,,CHAPEL AV,,,,0.00,Y,OTHER,N,Non-Junction,None,,,         ,Douglas,Smith,Clear,"Sideswipe, Same Direction",no,no,no,no,no,False
102068573,METROPOLITAN NASHVILLE POLICE DEPT,20180590969,Davidson,Nashville,7/8/2018 10:12:00 PM,3,0,0,36.049980,-86.649500,BELL RD,,,,0.00,Feet,East,MT VIEW RD,,,,0.00,N,Not at Intersection,N,Non-Junction,None,,,         ,Richard,Luellen,Clear,Front to Rear,no,no,no,no,yes,False
102068574,METROPOLITAN NASHVILLE POLICE DEPT,20180590967,Davidson,Not in City Limit,7/9/2018 12:04:00 AM,1,0,0,36.346140,-86.895590,BIDWELL RD,,,,2371.00,Feet,South,BAXTER RD,,,,0.00,N,Not at Intersection,N,Non-Junction,None,,,         ,Abigail,Malone,Clear,Not Collision with Motor Vehicle in Transport,no,no,no,no,no,False
102068578,GOODLETTSVILLE POLICE DEPT,18-23776,Davidson,Goodlettsville,7/8/2018 10:34:00 PM,1,0,0,36.294270,-86.717870,I 65,,,,0.00,,,,,,,94.60,N,Not at Intersection,N,Non-Junction,None,,,         ,Zachary,Goodwin,Clear,Not Collision with Motor Vehicle in Transport,no,no,no,no,no,False