master_record_number,agency,agency_tracking_number,county,city,collision_date,vehicles_involved,number_injured,number_dead,latitude,longitude,roadway_name,roadway_suffix,roadway_number,roadway_local_id,distance_from_reference,miles-feet_indicator,direction_from_reference,intersection_road_name,intersection_road_name_suffix,intersection_road_number,intersection_local_id,mile_marker,intersection_indicator,intersect_type,interchange_related_indicator,relation_to_junction,work_zone_type,construction_maintenance_zone,construction_maintenance_zone_location,fatal_case_number,officer_first_name,officer_last_name,weather_condition(s),manner_of_crash,pedestrian,bicycle,scooter,parking,hitrun,mou
102069253,METROPOLITAN NASHVILLE POLICE DEPT,20180593219,Davidson,Not in City Limit,7/9/2018 5:32:00 PM,2,2,0,36.261000,-86.765580,BELLSHIRE DR,,,,0.00,Feet,,WESTCHESTER DR,,,,0.00,Y,Four-Way,Y,Intersection-Related,None,,,         ,Bradley,Fort,Clear,Angle,no,no,no,no,no,False
102069255,METROPOLITAN NASHVILLE POLICE DEPT,20180593248,Davidson,Nashville,7/9/2018 5:48:00 PM,3,0,0,36.173510,-86.765650,SPRING ST,,,,258.00,Feet,East,MAIN ST ENT RAMP,,,,0.00,N,Not at Intersection,Y,Entrance/Exit Ramp Related,None,,,         ,Gordon,Stovall,Clear,Front to Rear,no,no,no,no,no,False
102069267,METROPOLITAN NASHVILLE POLICE DEPT,20180593280,Davidson,Not in City Limit,7/9/2018 6:05:00 PM,2,1,0,36.257190,-86.786930,I 24,,,,0.00,,,,,,,42.10,N,Not at Intersection,Y,Non-Junction,None,,,         ,Rodney,Phipps,Clear,Front to Rear,no,no,no,no,no,False
102069268,METROPOLITAN NASHVILLE POLICE DEPT,20180593231,Davidson,Nashville,7/9/2018 5:35:00 PM,3,1,0,36.169740,-86.797340,I 40,,,,0.00,,,,,,,207.95,N,Not at Intersection,N,Non-Junction,None,,,         ,Jonathon,Sheppard,Clear,Front to Rear,no,no,no,no,no,False
102069275,METROPOLITAN NASHVILLE POLICE DEPT,20180593136,Davidson,Nashville,7/9/2018 4:53:00 PM,2,0,0,36.045370,-86.713260,NOLENSVILLE PKE,,,,0.00,,,OLD HICKORY BLVD,,,,0.00,Y,Four-Way, ,Intersection-Related,None,,,         ,Patrick,Martin,Clear,Front to Rear,no,no,no,no,no,False
102069278,METROPOLITAN NASHVILLE POLICE DEPT,20180593339,Davidson,Not in City Limit,7/9/2018 5:34:00 PM,2,0,0,36.275000,-86.689430,MYATT DR,,,,379.00,Feet,South,MYATT CENTER LN,,,,0.00,N,Not at Intersection,N,OtherLocation,None,,,         ,Adam,Nicholson,Clear,"Sideswipe, Same Direction",no,no,no,no,yes,False
102069279,METROPOLITAN NASHVILLE POLICE DEPT,20180593176,Davidson,Not in City Limit,7/9/2018 5:19:00 PM,2,0,0,36.261010,-86.788650,I 24,,,,0.00,,,,,,,41.80,N,Not at Intersection, ,Non-Junction,None,,,         ,Christopher,Littles,Clear,Front to Rear,no,no,no,no,no,False
102069280,METROPOLITAN NASHVILLE POLICE DEPT,20180593238,Davidson,Not in City Limit,7/9/2018 5:20:00 PM,2,1,0,36.264570,-86.737540,I 65,,,,0.00,,,,,,,92.25,N,Not at Intersection,N,Non-Junction,None,,,         ,Christopher,Littles,Clear,Front to Rear,no,no,no,no,no,False
102069281,METROPOLITAN NASHVILLE POLICE DEPT,20180593385,Davidson,Not in City Limit,7/9/2018 7:00:00 PM,2,0,0,36.261010,-86.788650,I 24,,,,0.00,,,,,,,41.80,N,Not at Intersection, ,Non-Junction,None,,,         ,Christopher,Littles,Clear,"Sideswipe, Same Direction",no,no,no,no,no,False
102069293,METROPOLITAN NASHVILLE POLICE DEPT,20180593162,Davidson,Nashville,7/9/2018 5:12:00 PM,1,1,0,36.197130,-86.596660,CHANDLER RD,,,,928.00,Feet,South,WAYNEWOOD LN,,,,0.00,N,Not at Intersection,N,Non-Junction,None,,,         ,Abbey,Sawl,Clear,Not Collision with Motor Vehicle in Transport,no,no,no,no,no,False
102069295,METROPOLITAN NASHVILLE POLICE DEPT,20180593205,Davidson,Nashville,7/9/2018 4:55:00 PM,2,0,0,36.131430,-86.726950,I24E,,,,424.00,Feet,North,I24 W ENT RAMP,,,,0.00,N,Not at Intersection, ,Non-Junction,None,,,         ,Je-Marc,Sears,Cloudy,Front to Rear,no,no,no,no,no,False
102069296,METROPOLITAN NASHVILLE POLICE DEPT,20180593356,Davidson,Nashville,7/9/2018 5:45:00 PM,2,0,0,36.124060,-86.744400,I 440,,,,0.00,,,,,,,6.60,N,Not at Intersection,N,Non-Junction,None,,,         ,Je-Marc,Sears,Clear,Front to Rear,no,no,no,no,no,False
102069298,METROPOLITAN NASHVILLE POLICE DEPT,20180593285,Davidson,Nashville,7/9/2018 5:25:00 PM,2,0,0,36.045610,-86.719770,OLD HICKORY BLVD,,,,0.00,Feet,,ZERMATT AV,,,,0.00,Y,T-Intersection,Y,Intersection-Related,None,,,         ,Ryan,Storm,Clear,Front to Rear,no,no,no,no,no,False
102069305,METROPOLITAN NASHVILLE POLICE DEPT,20180593439,Davidson,Nashville,7/9/2018 7:27:00 PM,2,3,0,36.074480,-86.920940,OLD HICKORY BLVD,,,,0.00,Feet,,HIGHWAY 70S,,,,0.00,Y,Four-Way,Y,Intersection,None,,,         ,Matthew,Jankiewicz,Cloudy,Angle,no,no,no,no,no,False
102069330,METROPOLITAN NASHVILLE POLICE DEPT,20180593430,Davidson,Nashville,7/9/2018 7:02:00 PM,2,1,0,36.055090,-86.731890,MCMURRAY DR,,,,0.00,,,ASHLEY DR,,,,0.00,Y,Four-Way,N,Intersection,None,,,         ,Eric,Burford,Clear,Angle,no,no,no,no,no,False
102069331,METROPOLITAN NASHVILLE POLICE DEPT,20180593126,Davidson,Nashville,7/9/2018 4:40:00 PM,2,0,0,36.141930,-86.733880,I 40,,,,0.00,,,,,,,212.90,N,Not at Intersection,Y,Non-Junction,None,,,         ,Alexander,Spradling,Clear,Front to Rear,no,no,no,no,no,False
102069332,METROPOLITAN NASHVILLE POLICE DEPT,20180593333,Davidson,Nashville,7/9/2018 3:45:00 PM,2,0,0,36.151270,-86.667320,OLD DONELSON PKE,,,,143.00,Feet,South,NODYNE DR,,,,0.00,N,Not at Intersection,N,Non-Junction,None,,,         ,Alexander,Spradling,Clear,Other,no,no,no,yes,yes,False
102069345,METROPOLITAN NASHVILLE POLICE DEPT,20180593113,Davidson,Nashville,7/9/2018 4:50:00 PM,2,0,0,36.152260,-86.840180,CHARLOTTE AV,,,,179.00,Feet,West,44TH AVN,,,,0.00,N,Not at Intersection,N,Non-Junction,None,,,         ,Kelby,Dumond,Clear,Front to Rear,no,no,no,no,no,False
102069361,METROPOLITAN NASHVILLE POLICE DEPT,20180593220,Davidson,Nashville,7/9/2018 4:50:00 PM,2,0,0,36.161590,-86.773940,1ST AVS,,,,175.00,Feet,North,DOWNTOWN GRNWY,,,,0.00,N,Not at Intersection, ,Non-Junction,None,,,         ,Joshua,Reece,Clear,Angle,no,no,no,no,no,False
102069374,METROPOLITAN NASHVILLE POLICE DEPT,20180593590,Davidson,Nashville,7/9/2018 8:41:00 PM,2,1,0,36.131040,-86.726720,I24 W ENT RAMP,,,,0.00,Feet,East,I 24,,,,0.00,N,Not at Intersection, ,Non-Junction,None,,,         ,William,Durham,Clear,Front to Rear,no,no,no,no,no,False
102069375,METROPOLITAN NASHVILLE POLICE DEPT,20180593370,Davidson,Nashville,7/9/2018 6:07:00 PM,1,0,0,36.080190,-86.754970,RICHMAR DR,,,,44.00,Feet,East,TIMBERHILL DR,,,,0.00,N,Not at Intersection,N,Non-Junction,None,,,         ,William,King,Clear,Not Collision with Motor Vehicle in Transport,no,no,no,no,no,False
102069386,METROPOLITAN NASHVILLE POLICE DEPT,2018-0591152,Davidson,Nashville,7/8/2018 2:00:00 PM,2,0,0,36.187950,-86.607770,OLD LEBANON DIRT RD,,,,0.00,,,ANDREW JACKSON PKWY,,,,0.00,Y,OTHER,N,Non-Junction,None,,,         ,Tyler,Hall,Clear,Rear to Rear,no,no,no,yes,yes,False
102069387,METROPOLITAN NASHVILLE POLICE DEPT,20180593384,Davidson,Nashville,7/9/2018 5:40:00 PM,2,0,0,36.237380,-86.788730,BRILEY PKWYE,,,,283.00,Feet,North,BRILEY PKWYW,,,,0.00,N,Not at Intersection, ,Non-Junction,None,,,         ,Jerry,Pirtle,Cloudy,Angle,no,no,no,no,no,False
102069413,METROPOLITAN NASHVILLE POLICE DEPT,2018-0593555,Davidson,Nashville,7/9/2018 5:18:00 PM,2,0,0,36.162100,-86.779490,5TH AVN,,,,93.00,Feet,North,COMMERCE ST,,,,0.00,N,Not at Intersection, ,Non-Junction,None,,,         ,Brandon,O'Guin,Clear,Unknown,no,no,no,yes,yes,False
102069443,METROPOLITAN NASHVILLE POLICE DEPT,20180592731,Davidson,Nashville,7/9/2018 2:32:00 PM,2,2,0,36.117430,-86.748510,NOLENSVILLE PKE,,,,0.00,,,WOODBINE ST,,,,0.00,Y,T-Intersection,Y,Intersection,None,,,         ,Trevor,Jones,Clear,Front to Rear,no,no,no,no,no,False
102069444,METROPOLITAN NASHVILLE POLICE DEPT,20180593656,Davidson,Nashville,7/9/2018 9:18:00 PM,2,2,0,36.249390,-86.719410,E PALESTINE AV,,,,0.00,,,GALLATIN PKES,,,,0.00,Y,Four-Way,N,Intersection,None,,,         ,Christopher,Littles,Clear,Front to Rear,no,no,no,no,no,False
102069447,METROPOLITAN NASHVILLE POLICE DEPT,20180593258,Davidson,Nashville,7/9/2018 5:07:00 PM,2,0,0,36.039710,-86.781400,OLD HICKORY BLVD,,,,136.00,Feet,East,I65 N EXT RAMP,,,,0.00,N,Not at Intersection, ,Non-Junction,None,,,         ,William,King,Clear,Front to Rear,no,no,no,no,no,False
102069461,METROPOLITAN NASHVILLE POLICE DEPT,20180593265,Davidson,Nashville,7/9/2018 12:00:00 AM,2,0,0,36.232950,-86.822390,BRILEY PKWYE,,,,344.00,Feet,West,BRILEY PKWY E EXT RAMP,,,,0.00,N,Not at Intersection, ,Non-Junction,None,,,         ,John,Petriello,Clear,Front to Rear,no,no,no,no,no,False
102069498,Nashville Airport Police,2018-02620,Davidson,Nashville,7/8/2018 4:56:00 AM,2,0,0,36.103620,-86.666480,OLD MURFREESBORO PKE,,,,0.00,,,FAIRCLOTH LN,,,,0.00,Y,OTHER, ,,None,,,         ,Jacob,Bennett,,,no,no,no,yes,no,False
102069500,METROPOLITAN NASHVILLE POLICE DEPT,20180593594,Davidson,Nashville,7/9/2018 8:41:00 PM,2,3,0,36.090960,-86.651100,MURFREESBORO PKE,,,,0.00,,,BOROWOOD DR,,,,0.00,Y,T-Intersection,N,Intersection,None,,,         ,Patrick,Martin,Clear,Angle,no,no,no,no,no,False
102069509,METROPOLITAN NASHVILLE POLICE DEPT,20180590666,Davidson,Nashville,7/8/2018 9:09:00 PM,2,1,0,36.170820,-86.601550,OLD HICKORY BLVD,,,,0.00,,,I40 W EXT RAMP,,,,0.00,Y,Four-Way,N,Entrance/Exit Ramp Related,None,,,         ,Brian,Dugre,Clear,Angle,no,no,no,no,no,False
102069510,METROPOLITAN NASHVILLE POLICE DEPT,20180593811,Davidson,Nashville,7/9/2018 10:25:00 PM,1,0,0,36.145430,-86.695460,I40 W ENT RAMP,,,,0.00,Feet,East,BRILEY PKWYN,,,,0.00,N,Not at Intersection,Y,Entrance/Exit Ramp Related,None,,,         ,Joseph,Zambardi,Clear,Not Collision with Motor Vehicle in Transport,no,no,no,no,no,False
102069522,METROPOLITAN NASHVILLE POLICE DEPT,20180593715,Davidson,Nashville,7/9/2018 9:48:00 PM,3,1,0,36.225640,-86.597810,ANDREW JACKSON PKWY,,,,0.00,Feet,,LEXINGTON WAY,,,,0.00,Y,Four-Way,N,Intersection-Related,None,,,         ,Autumn,Manning,Clear,Front to Rear,no,no,no,no,yes,False
102069534,METROPOLITAN NASHVILLE POLICE DEPT,20180593912,Davidson,Nashville,7/9/2018 8:59:00 PM,2,0,0,36.198440,-86.620270,LEBANON PKE,,,,0.00,,,OLD HICKORY BLVD,,,,0.00,Y,Four-Way, ,,None,,,         ,Jason,Kedzierski,,,no,no,no,no,no,False
102069540,METROPOLITAN NASHVILLE POLICE DEPT,20180593899,Davidson,Nashville,7/9/2018 9:18:00 PM,1,0,0,36.132530,-86.785670,10TH AVS,,,,0.00,,,CALDWELL AV,,,,0.00,Y,T-Intersection,N,Intersection-Related,None,,,         ,Steven,Wiser,Clear,Not Collision with Motor Vehicle in Transport,no,no,no,no,yes,False
102069546,METROPOLITAN NASHVILLE POLICE DEPT,20180594055,Davidson,Not in City Limit,7/10/2018 12:25:00 AM,1,1,0,36.360170,-86.885500,WHITES CREEK PKE,,,,1140.00,Feet,North,JACKMAN RD,,,,0.00,N,Not at Intersection,N,Non-Junction,None,,,         ,Erik,Schall,Clear,Not Collision with Motor Vehicle in Transport,no,no,no,no,no,False
102069555,METROPOLITAN NASHVILLE POLICE DEPT,20180593874,Davidson,Nashville,7/9/2018 5:53:00 PM,2,0,0,36.180170,-86.791200,5TH AVN,,,,137.00,Feet,South,HUME ST,,,,0.00,N,Not at Intersection,N,Non-Junction,None,,,         ,Abigail,Malone,Clear,Unknown,no,no,no,no,yes,False
102069560,METROPOLITAN NASHVILLE POLICE DEPT,20180594211,Davidson,Nashville,7/10/2018 1:50:00 AM,1,1,0,36.149850,-86.796850,DIVISION ST,,,,39.00,Feet,West,LYLE AV,,,,0.00,N,Not at Intersection,N,Non-Junction,None,,,         ,Craig,Oakley,Clear,Not Collision with Motor Vehicle in Transport,yes,no,no,no,no,False
102069562,Nashville Airport Police,2018-02636,Davidson,Nashville,7/9/2018 12:00:00 AM,2,0,0,36.127980,-86.666460,AIRPORT SERVICE RD,,,,0.00,,,,,,,0.00,,, ,Non-Junction,None,,,         ,Patrick,Nicholson,Clear,Front to Rear,no,no,no,yes,no,False
102069564,METROPOLITAN NASHVILLE POLICE DEPT,20180594001,Davidson,Nashville,7/10/2018 12:04:00 AM,1,0,0,36.180280,-86.805250,BUCHANAN ST,,,,111.00,Feet,East,CEPHAS ST,,,,0.00,N,Not at Intersection,N,Non-Junction,None,,,         ,Abigail,Malone,Clear,Not Collision with Motor Vehicle in Transport,no,no,no,no,yes,False
102069565,METROPOLITAN NASHVILLE POLICE DEPT,20180593972,Davidson,Madison,7/9/2018 11:50:00 PM,2,0,0,36.260820,-86.678340,SANDHURST DR,,,,48.00,Feet,South,CAMELOT CT,,,,0.00,N,Not at Intersection,N,Non-Junction,None,,,         ,Wallis,Massey,Clear,Not Collision with Motor Vehicle in Transport,no,no,no,no,yes,False
102069595,METROPOLITAN NASHVILLE POLICE DEPT,20180594535,Davidson,Nashville,7/10/2018 5:02:00 AM,2,0,0,36.169500,-86.774330,JAMES ROBERTSON PKWY,,,,508.00,Feet,West,MAIN ST,,,,0.00,N,Not at Intersection,N,Non-Junction,None,,,         ,Kelcey,Bell,Clear,"Sideswipe, Same Direction",no,no,no,no,no,False
102069597,METROPOLITAN NASHVILLE POLICE DEPT,20180594581,Davidson,Nashville,7/10/2018 4:53:00 AM,2,0,0,36.132370,-86.726750,I 24,,,,0.00,,,,,,,52.00,N,Not at Intersection,N,Non-Junction,None,,,         ,Richard,Luellen,Clear,Front to Rear,no,no,no,no,no,False
102069624,GOODLETTSVILLE POLICE DEPT,18-23961,Davidson,Goodlettsville,7/10/2018 5:40:00 AM,4,0,0,36.311620,-86.682850,VIETNAM VETERANS BLVDS,,,,0.77,Miles,East,CONFERENCE DR,,,,0.00,N,Not at Intersection,N,Non-Junction,None,,,         ,George,Forbes,Clear,"Sideswipe, Same Direction",no,no,no,no,no,False
102069625,METROPOLITAN NASHVILLE POLICE DEPT,20180594714,Davidson,Nashville,7/10/2018 6:37:00 AM,2,0,0,36.191020,-86.798950,VANTAGE WAY CT,,,,0.00,,,VANTAGE WAY,,,,0.00,Y,Four-Way, ,Non-Junction,None,,,         ,Brian,Warstadt,Clear,Front to Rear,no,no,no,no,no,False
102069632,METROPOLITAN NASHVILLE POLICE DEPT,20180594718,Davidson,Nashville,7/10/2018 6:38:00 AM,2,0,0,36.081390,-86.697320,I 24,,,,0.00,,,,,,,56.10,N,Not at Intersection,N,Non-Junction,None,,,         ,Jessie,Meadows,Clear,"Sideswipe, Same Direction",no,no,no,no,no,False
102069633,METROPOLITAN NASHVILLE POLICE DEPT,20180594731,Davidson,Nashville,7/10/2018 6:50:00 AM,1,0,0,36.093940,-86.699450,ANTIOCH PKE,,,,2466.00,Feet,East,SPACE PARK SOUTH DR,,,,0.00,N,Not at Intersection,N,Non-Junction,None,,,         ,Stephen,Soule,Clear,Not Collision with Motor Vehicle in Transport,no,no,no,no,no,False
102069641,METROPOLITAN NASHVILLE POLICE DEPT,20180594799,Davidson,Nashville,7/10/2018 7:30:00 AM,2,0,0,36.153710,-86.844460,I 40,,,,0.00,,,,,,,204.70,N,Not at Intersection,N,Non-Junction,None,,,         ,Curtis,Rich,Cloudy,Front to Rear,no,no,no,no,no,False
102069643,METROPOLITAN NASHVILLE POLICE DEPT,20180594711,Davidson,Antioch,7/10/2018 12:00:00 AM,2,0,0,36.030880,-86.589630,HICKORY WAY,,,,0.00,,,,,,,0.00,,,N,Non-Junction,None,,,         ,Kaleb,Stella,Clear,Angle,no,no,no,yes,yes,False
102069657,METROPOLITAN NASHVILLE POLICE DEPT,20180594835,Davidson,Nashville,7/10/2018 7:35:00 AM,2,0,0,36.039800,-86.781460,I65 N EXT RAMP,,,,0.00,Feet,East,I 65,,,,0.00,N,Not at Intersection, ,Non-Junction,None,,,         ,Jon,Mcvey,Clear,Front to Rear,no,no,no,no,no,False
102069668,METROPOLITAN NASHVILLE POLICE DEPT,20180594757,Davidson,Nashville,7/10/2018 7:15:00 AM,2,0,0,36.150900,-86.769870,I 40,,,,0.00,,,,,,,210.45,N,Not at Intersection, ,Non-Junction,None,,,         ,Cory,West,Clear,Front to Rear,no,no,no,no,no,False
102069671,METROPOLITAN NASHVILLE POLICE DEPT,20180594850,Davidson,Nashville,7/10/2018 7:50:00 AM,2,2,0,36.145950,-86.666600,ROYAL PKWY,,,,0.00,,,DONELSON PKE,,,,0.00,Y,Four-Way,N,Intersection,None,,,         ,Gabriel,Vasquez,Clear,HeadOn,no,no,no,no,no,False
102069678,METROPOLITAN NASHVILLE POLICE DEPT,20180594939,Davidson,Nashville,7/10/2018 8:21:00 AM,2,0,0,36.107340,-86.672440,DONELSON PKE,,,,450.00,Feet,North,MURFREESBORO PKE,,,,0.00,N,Not at Intersection,N,Non-Junction,None,,,         ,Ronald,Bright,Cloudy,Front to Rear,no,no,no,no,no,False
102069683,METROPOLITAN NASHVILLE POLICE DEPT,20180594826,Davidson,Nashville,7/10/2018 7:30:00 AM,1,0,0,36.207190,-86.768060,DICKERSON PKE,,,,143.00,Feet,South,DUKE ST,,,,0.00,N,Not at Intersection,N,Non-Junction,None,,,         ,Steven,Spillers,Clear,Not Collision with Motor Vehicle in Transport,yes,no,no,no,no,False
102069688,METROPOLITAN NASHVILLE POLICE DEPT,20180595036,Davidson,Nashville,7/10/2018 9:11:00 AM,2,0,0,36.135310,-86.823550,WEST END AV,,,,0.00,,,I440 WEST END AV ENT RAMP,,,,0.00,Y,T-Intersection, ,Intersection,None,,,         ,Curtis,Rich,Cloudy,Angle,no,no,no,no,no,False
102069697,METROPOLITAN NASHVILLE POLICE DEPT,20180595022,Davidson,Nashville,7/10/2018 9:09:00 AM,2,0,0,36.160960,-86.793220,CHARLOTTE AV,,,,5.00,Feet,South,I40 E EXT RAMP,,,,0.00,N,Not at Intersection, ,Non-Junction,None,,,         ,James,Kerrigan,Clear,"Sideswipe, Same Direction",no,no,no,no,no,False
102069701,METROPOLITAN NASHVILLE POLICE DEPT,20180595000,Davidson,Nashville,7/10/2018 8:51:00 AM,2,0,0,36.061700,-86.740300,EDMONDSON PKE,,,,0.00,,,ELLINGTON AG CENTER PVTDR,,,,0.00,Y,T-Intersection,N,Intersection-Related,None,,,         ,Jon,Mcvey,Cloudy,Angle,no,no,no,no,no,False
102069703,METROPOLITAN NASHVILLE POLICE DEPT,2018-0594975,Davidson,Nashville,7/10/2018 8:45:00 AM,2,0,0,36.155070,-86.813050,CHARLOTTE AV,,,,301.00,Feet,West,25TH AVN,,,,0.00,N,Not at Intersection, ,,None,,,         ,Sean,Weaver,,,no,no,no,no,no,False
102069722,METROPOLITAN NASHVILLE POLICE DEPT,20180595035,Davidson,Nashville,7/10/2018 9:10:00 AM,2,0,0,36.203000,-86.776650,I 65,,,,0.00,,,,,,,87.10,N,Not at Intersection, ,Non-Junction,None,,,         ,Erik,Nash,Cloudy,"Sideswipe, Same Direction",no,no,no,no,yes,False
102069761,METROPOLITAN NASHVILLE POLICE DEPT,20180594930,Davidson,Nashville,7/10/2018 8:25:00 AM,2,2,0,36.109820,-86.731090,MASHBURN RD,,,,39.00,Feet,North,THOMPSON LN,,,,0.00,N,Not at Intersection,N,Non-Junction,None,,,         ,Jessie,Meadows,Clear,"Sideswipe, Same Direction",no,no,no,no,no,False
102069765,METROPOLITAN NASHVILLE POLICE DEPT,20180595115,Davidson,Nashville,7/10/2018 9:45:00 AM,2,0,0,36.150480,-86.770350,4TH AVS,,,,0.00,Feet,,I40 E EXT RAMP,,,,0.00,Y,OTHER,N,OtherLocation,None,,,         ,James,Thomas,Clear,Angle,no,no,no,no,yes,False
102069773,METROPOLITAN NASHVILLE POLICE DEPT,20180595162,Davidson,Nashville,7/10/2018 9:56:00 AM,2,0,0,36.140950,-86.731790,ARLINGTON AV,,,,520.00,Feet,South,POPLAR AV,,,,0.00,N,Not at Intersection, ,Non-Junction,None,,,         ,Michael,Dance,Clear,Front to Rear,no,no,no,no,no,False
102069788,METROPOLITAN NASHVILLE POLICE DEPT,20180595137,Davidson,Nashville,7/10/2018 9:55:00 AM,2,0,0,36.204090,-86.776760,I 65,,,,0.00,,,,,,,87.15,N,Not at Intersection, ,Non-Junction,None,,,         ,Patrick,Taylor,Clear,"Sideswipe, Same Direction",no,no,no,no,no,False
102069790,METROPOLITAN NASHVILLE POLICE DEPT,20180594961,Davidson,Nashville,7/10/2018 8:38:00 AM,2,0,0,36.086580,-86.771970,FRANKLIN PKE,,,,0.00,,,HARDING PL,,,,0.00,Y,Four-Way, ,,Construction Zone,,,         ,Raymond,Flaherty,,,no,no,no,no,no,False
102069802,METROPOLITAN NASHVILLE POLICE DEPT,20180595127,Davidson,Not in City Limit,7/10/2018 9:45:00 AM,2,0,0,36.084290,-86.950260,I 40,,,,0.00,,,,,,,196.75,N,Not at Intersection, ,Non-Junction,None,,,         ,Curtis,Rich,Cloudy,Front to Rear,no,no,no,no,yes,False
102069803,METROPOLITAN NASHVILLE POLICE DEPT,20180595174,Davidson,Nashville,7/10/2018 9:06:00 AM,2,0,0,36.181370,-86.799860,I 65,,,,0.00,,,,,,,85.10,N,Not at Intersection, ,Non-Junction,None,,,         ,Raymond,Heymann,Clear,"Sideswipe, Same Direction",no,no,no,no,no,False
102069823,METROPOLITAN NASHVILLE POLICE DEPT,20180595377,Davidson,Nashville,7/10/2018 11:35:00 AM,2,0,0,36.160760,-86.793690,14TH AVN,,,,0.00,,,CHARLOTTE AV,,,,0.00,Y,OTHER, ,Intersection,None,,,         ,William,Coy,Clear,Angle,no,no,no,no,no,False
102069854,METROPOLITAN NASHVILLE POLICE DEPT,20180595450,Davidson,Nashville,7/10/2018 12:05:00 PM,2,0,0,36.105470,-86.814140,HILLSBORO PKE,,,,158.00,Feet,South,ABBOTT MARTIN RD,,,,0.00,N,Not at Intersection, ,Non-Junction,None,,,         ,Jon,Mcvey,Cloudy,Front to Rear,no,no,no,no,no,False
102069875,METROPOLITAN NASHVILLE POLICE DEPT,20180595269,Davidson,Not in City Limit,7/10/2018 10:48:00 AM,2,0,0,36.022520,-86.629380,I 24,,,,0.00,,,,,,,61.85,N,Not at Intersection, ,Non-Junction,None,,,         ,Jessie,Meadows,Clear,"Sideswipe, Same Direction",no,no,no,no,no,False
102069894,METROPOLITAN NASHVILLE POLICE DEPT,20180595305,Davidson,Nashville,7/10/2018 10:55:00 AM,2,0,0,36.157120,-86.760450,I40 W ENT RAMP,,,,0.00,,,I 24,,,,0.00,Y,OTHER, ,Entrance/Exit Ramp Related,None,,,         ,Catherine,Poole,Clear,Front to Rear,no,no,no,no,no,False
102069903,GOODLETTSVILLE POLICE DEPT,18-23993,Davidson,Goodlettsville,7/10/2018 11:47:00 AM,2,2,0,36.309480,-86.695660,CONFERENCE DR,,,,0.00,,,VIETNAM VETERANS BLVD SB EXT R,,,,0.00,Y,OTHER,N,Non-Junction,None,,,         ,George,Forbes,Clear,Angle,no,no,no,no,no,False
102069906,METROPOLITAN NASHVILLE POLICE DEPT,20180595616,Davidson,Nashville,7/10/2018 1:00:00 PM,2,0,0,36.152430,-86.822500,I 440,,,,0.00,,,,,,,1.60,N,Not at Intersection, ,Non-Junction,None,,,         ,Curtis,Rich,Cloudy,Not Collision with Motor Vehicle in Transport,no,no,no,no,no,False
102069956,METROPOLITAN NASHVILLE POLICE DEPT,20180595698,Davidson,Nashville,7/10/2018 1:15:00 PM,2,0,0,36.153090,-86.764040,UNIVERSITY CT,,,,0.00,,,CARROLL ST,,,,0.00,Y,T-Intersection, ,,None,,,         ,Michael,Dance,,,no,no,no,no,no,False
102069963,METROPOLITAN NASHVILLE POLICE DEPT,20180595424,Davidson,Nashville,7/10/2018 11:57:00 AM,3,2,0,36.179570,-86.800540,I 65,,,,0.00,,,,,,,85.00,N,Not at Intersection,N,Non-Junction,None,,,         ,Raymond,Heymann,Clear,"Sideswipe, Same Direction",no,no,no,no,no,False
102069964,METROPOLITAN NASHVILLE POLICE DEPT,20180595487,Davidson,Goodlettsville,7/10/2018 12:16:00 PM,2,1,0,36.299890,-86.694330,SHEPHERD HILLS DR,,,,352.00,Feet,South,GALLATIN PKEN,,,,0.00,N,Not at Intersection,N,"Driveway, Alley Access, etc",None,,,         ,Brandon,Tennant,Cloudy,Angle,no,no,no,no,no,False
102069983,METROPOLITAN NASHVILLE POLICE DEPT,20180595602,Davidson,Nashville,7/10/2018 12:38:00 PM,2,0,0,36.149910,-86.773430,6TH AVS,,,,0.00,,,MULBERRY ST,,,,0.00,Y,Four-Way, ,Intersection,None,,,         ,Andrew,Richey,Clear,Angle,no,no,no,no,no,False
102069984,METROPOLITAN NASHVILLE POLICE DEPT,20180595701,Davidson,Nashville,7/10/2018 1:25:00 PM,2,2,0,36.124560,-86.794270,BELMONT BLVD,,,,12.00,Feet,North,SWEETBRIAR AV,,,,0.00,N,Not at Intersection,N,Non-Junction,None,,,         ,Jon,Mcvey,Rain,Front to Rear,no,no,no,no,no,False
102069998,METROPOLITAN NASHVILLE POLICE DEPT,20180595669,Davidson,Nashville,7/10/2018 1:15:00 PM,1,0,0,36.167650,-86.811320,MEHARRY BLVD,,,,348.00,Feet,East,21ST AVN,,,,0.00,N,Not at Intersection, ,Non-Junction,None,,,         ,Brian,Warstadt,Clear,Not Collision with Motor Vehicle in Transport,no,no,no,no,yes,False
102070007,METROPOLITAN NASHVILLE POLICE DEPT,20180595353,Davidson,Nashville,7/10/2018 11:26:00 AM,2,0,0,36.138560,-86.731510,MURFREESBORO PKE,,,,0.00,,,BLANTON AV,,,,0.00,Y,T-Intersection, ,Intersection,None,,,         ,Thomas,Odom,Clear,Angle,no,no,no,no,no,False
102070008,BRENTWOOD POLICE DEPT,BPD-18-02051,Davidson,Nashville,7/10/2018 2:07:00 PM,2,0,0,36.034550,-86.802810,MARYLAND WAY,,,,0.00,,,WESTPARK DR,,,,0.00,Y,Four-Way, ,Intersection,None,,,         ,Nicholas,Surre,Cloudy,Front to Rear,no,no,no,no,no,False