master_record_number,agency,agency_tracking_number,county,city,collision_date,vehicles_involved,number_injured,number_dead,latitude,longitude,roadway_name,roadway_suffix,roadway_number,roadway_local_id,distance_from_reference,miles-feet_indicator,direction_from_reference,intersection_road_name,intersection_road_name_suffix,intersection_road_number,intersection_local_id,mile_marker,intersection_indicator,intersect_type,interchange_related_indicator,relation_to_junction,work_zone_type,construction_maintenance_zone,construction_maintenance_zone_location,fatal_case_number,officer_first_name,officer_last_name,weather_condition(s),manner_of_crash,pedestrian,bicycle,scooter,parking,hitrun,mou
102070733,METROPOLITAN NASHVILLE POLICE DEPT,20180598150,Davidson,Nashville,7/11/2018 7:49:00 AM,2,0,0,36.102910,-86.665970,MURFREESBORO PKE,,,,93.00,Feet,East,TOWN PARK DR,,,,0.00,N,Not at Intersection,N,Non-Junction,None,,,         ,Jessie,Meadows,Clear,"Sideswipe, Same Direction",no,no,no,no,yes,False
102070741,METROPOLITAN NASHVILLE POLICE DEPT,20180598166,Davidson,Nashville,7/11/2018 8:02:00 AM,2,1,0,36.114090,-86.724150,I 24,,,,0.00,,,,,,,53.35,N,Not at Intersection,N,Non-Junction,None,,,         ,Jessie,Meadows,Clear,Front to Rear,no,no,no,no,no,False
102070746,METROPOLITAN NASHVILLE POLICE DEPT,20180598415,Davidson,Nashville,7/11/2018 9:10:00 AM,2,0,0,36.115770,-86.781880,I 440,,,,0.00,,,,,,,4.40,N,Not at Intersection,N,Non-Junction,None,,,         ,Nathan,Kemp,Clear,Front to Rear,no,no,no,no,no,False
102070747,METROPOLITAN NASHVILLE POLICE DEPT,20180598199,Davidson,Nashville,7/11/2018 8:14:00 AM,2,2,0,36.211680,-86.775820,I 65,,,,0.00,,,,,,,87.70,N,Not at Intersection,N,Non-Junction,None,,,         ,William,Coy,Clear,Front to Rear,no,no,no,no,no,False
102070748,METROPOLITAN NASHVILLE POLICE DEPT,20180598280,Davidson,Nashville,7/11/2018 8:35:00 AM,2,2,0,36.147970,-86.784180,HAWKINS ST,,,,369.00,Feet,East,12TH AVS,,,,0.00,N,Not at Intersection,N,Non-Junction,None,,,         ,Jon,Mcvey,Clear,Angle,no,no,no,no,no,False
102070753,METROPOLITAN NASHVILLE POLICE DEPT,20180598441,Davidson,Nashville,7/11/2018 9:45:00 AM,2,0,0,36.154110,-86.881720,HENRY FORD DR,,,,0.00,,,ANNEX AV,,,,0.00,Y,Four-Way, ,Intersection,None,,,         ,Curtis,Rich,Clear,Angle,no,no,no,no,no,False
102070755,METROPOLITAN NASHVILLE POLICE DEPT,20180598298,Davidson,Nashville,7/11/2018 8:45:00 AM,2,0,0,36.180990,-86.800250,I 65,,,,0.00,,,,,,,85.10,N,Not at Intersection, ,Non-Junction,None,,,         ,Brian,Mclarty,Clear,"Sideswipe, Same Direction",no,no,no,no,no,False
102070778,Nashville Airport Police,18-02660,Davidson,Nashville,7/11/2018 7:30:00 AM,3,0,0,36.133050,-86.664010,STATE HWY 255,,,,1.00,Feet,North,RAMP,,,,0.00,N,Not at Intersection,N,Non-Junction,None,,,         ,Phillip,Schmidt,Clear,Front to Rear,no,no,no,no,no,False
102070783,METROPOLITAN NASHVILLE POLICE DEPT,20180598285,Davidson,Nashville,7/11/2018 8:46:00 AM,1,1,0,36.210090,-86.733720,GALLATIN PKE,,,,38.00,Feet,South,HOME RD,,,,0.00,N,Not at Intersection,N,Non-Junction,None,,,         ,Nathan,Mayo,Clear,Not Collision with Motor Vehicle in Transport,no,no,no,no,no,False
102070787,METROPOLITAN NASHVILLE POLICE DEPT,20180598482,Davidson,Nashville,7/11/2018 10:13:00 AM,2,0,0,36.153740,-86.734640,LEBANON PKE,,,,1485.00,Feet,East,OMOHUNDRO PL,,,,0.00,N,Not at Intersection, ,Non-Junction,None,,,         ,Michael,Dance,Clear,Front to Rear,no,no,no,no,no,False
102070799,METROPOLITAN NASHVILLE POLICE DEPT,20180598380,Davidson,Not in City Limit,7/11/2018 9:34:00 AM,1,0,0,36.280400,-86.708340,GALLATIN PKEN,,,,95.00,Feet,South,ODETTE ST,,,,0.00,N,Not at Intersection,N,Non-Junction,None,,,         ,Michelle,Steidl,Clear,Not Collision with Motor Vehicle in Transport,no,no,no,no,no,False
102070801,METROPOLITAN NASHVILLE POLICE DEPT,20180598681,Davidson,Nashville,7/11/2018 11:38:00 AM,2,0,0,36.152220,-86.841670,CHARLOTTE AV,,,,163.00,Feet,East,46TH AVN,,,,0.00,N,Not at Intersection, ,,None,,,         ,Curtis,Rich,,,no,no,no,no,no,False
102070808,METROPOLITAN NASHVILLE POLICE DEPT,20180598507,Davidson,Nashville,7/11/2018 10:03:00 AM,2,0,0,36.205720,-86.778010,I65 S ENT RAMP,,,,0.00,,,I 65,,,,0.00,Y,T-Intersection,N,Intersection,None,,,         ,William,Coy,Clear,Angle,no,no,no,no,no,False
102070826,METROPOLITAN NASHVILLE POLICE DEPT,20180598764,Davidson,Nashville,7/11/2018 12:00:00 AM,2,0,0,36.152720,-86.765600,I 40,,,,0.00,,,,,,,210.65,N,Not at Intersection,N,Non-Junction,None,,,         ,Michael,Dance,Clear,"Sideswipe, Same Direction",no,no,no,no,yes,False
102070838,METROPOLITAN NASHVILLE POLICE DEPT,2018 0598603,Davidson,Nashville,7/11/2018 10:55:00 AM,3,1,0,36.149540,-86.873070,I 40,,,,0.00,,,,,,,203.05,N,Not at Intersection,N,Non-Junction,None,,,         ,Paul,Junkmann,Clear,Front to Rear,no,no,no,no,yes,False
102070842,METROPOLITAN NASHVILLE POLICE DEPT,20180598731,Davidson,Nashville,7/11/2018 12:00:00 PM,2,0,0,36.109390,-86.727830,BRILEY PKWYN,,,,66.00,Feet,East,BRILEY PKWYS,,,,0.00,N,Not at Intersection, ,Non-Junction,None,,,         ,Jessie,Meadows,Clear,Front to Rear,no,no,no,no,no,False
102070849,METROPOLITAN NASHVILLE POLICE DEPT,20180598060,Davidson,Nashville,7/11/2018 7:15:00 AM,2,2,0,36.162420,-86.759300,S 5TH ST,,,,0.00,,,CRUTCHER ST,,,,0.00,Y,Four-Way,N,Intersection,None,,,         ,Russell,Freeman,Clear,Angle,no,no,no,no,no,False
102070892,METROPOLITAN NASHVILLE POLICE DEPT,20180598822,Davidson,Nashville,7/11/2018 12:35:00 PM,2,0,0,36.156430,-86.805670,21ST AVN,,,,79.00,Feet,South,CHARLOTTE AV,,,,0.00,N,Not at Intersection, ,Non-Junction,None,,,         ,Jon,Mcvey,Cloudy,"Sideswipe, Same Direction",no,no,no,no,no,False
102070893,METROPOLITAN NASHVILLE POLICE DEPT,20180598825,Davidson,Not in City Limit,7/11/2018 12:55:00 PM,1,0,0,36.045540,-86.981550,MCCRORY LN,,,,530.00,Feet,North,NATCHEZ POINTE DR,,,,0.00,N,Not at Intersection,N,Non-Junction,Maintenance Zone,,,         ,Curtis,Rich,Cloudy,Not Collision with Motor Vehicle in Transport,no,no,no,no,no,False
102070918,METROPOLITAN NASHVILLE POLICE DEPT,20180598813,Davidson,Nashville,7/11/2018 12:35:00 PM,2,0,0,36.141140,-86.721950,I40 W EXT RAMP,,,,0.00,,,I 40,,,,0.00,Y,T-Intersection, ,Intersection,None,,,         ,Thomas,Odom,Clear,Angle,no,no,no,no,no,False
102070920,METROPOLITAN NASHVILLE POLICE DEPT,20180598780,Davidson,Nashville,7/11/2018 11:54:00 AM,2,1,0,36.201660,-86.776840,I 65,,,,0.00,,,,,,,87.00,N,Not at Intersection, ,Non-Junction,None,,,         ,William,Coy,Clear,Front to Rear,no,no,no,no,no,False
102070938,METROPOLITAN NASHVILLE POLICE DEPT,20180593267,Davidson,Nashville,7/9/2018 5:28:00 PM,2,1,0,36.183380,-86.865490,BRILEY PKWYN,,,,935.00,Feet,South,BRILEY PKWY N EXT RAMP,,,,0.00,N,Not at Intersection, ,Non-Junction,None,,,         ,Andrey,Volfson,Clear,Front to Rear,no,no,no,no,no,False
102070955,METROPOLITAN NASHVILLE POLICE DEPT,20180598438,Davidson,Nashville,7/11/2018 9:50:00 AM,2,0,0,36.151370,-86.799330,20TH AVS,,,,0.00,,,20TH AVN,,,,0.00,Y,Four-Way, ,Intersection-Related,None,,,         ,Phillip,Murphy,Clear,"Sideswipe, Same Direction",no,no,no,no,no,Campus
102070957,METROPOLITAN NASHVILLE POLICE DEPT,20180598738,Davidson,Nashville,7/11/2018 12:00:00 PM,2,0,0,36.153290,-86.857440,I40 W EXT RAMP,,,,0.00,Feet,East,BRILEY PKWY S EXT RAMP,,,,0.00,N,Not at Intersection, ,,None,,,         ,Brian,Myatt,,,no,no,no,no,no,False
102070958,METROPOLITAN NASHVILLE POLICE DEPT,20180598831,Davidson,Nashville,7/11/2018 12:35:00 PM,2,0,0,36.112040,-86.764040,THOMPSON LN,,,,332.00,Feet,West,E IRIS DR,,,,0.00,N,Not at Intersection, ,Non-Junction,None,,,         ,Jonathan,Nicholson,Clear,Front to Rear,no,no,no,no,no,False
102070985,METROPOLITAN NASHVILLE POLICE DEPT,20180598755,Davidson,Nashville,7/11/2018 12:12:00 PM,2,2,0,36.120110,-86.749810,NOLENSVILLE PKE,,,,164.00,Feet,South,I440 E ENT RAMP,,,,0.00,N,Not at Intersection,N,"Driveway, Alley Access, etc",None,,,         ,Stephen,Soule,Clear,Angle,no,no,no,no,no,False
102071030,METROPOLITAN NASHVILLE POLICE DEPT,20180598909,Davidson,Nashville,7/11/2018 1:19:00 PM,2,0,0,36.206620,-86.777900,W TRINITY LN,,,,0.00,,,BRICK CHURCH PKE,,,,0.00,Y,Four-Way, ,Intersection,None,,,         ,Royce,McLester,Cloudy,Front to Rear,no,no,no,no,no,False
102071031,VANDERBILT UNIVERSITY POLICE,20180598847,Davidson,Nashville,7/11/2018 12:00:00 AM,2,0,0,36.140980,-86.811360,NATCHEZ TRC,,,,0.00,,,,,,,0.00,,Not at Intersection,N,Non-Junction,None,,,         ,Olivia,Oliver,Clear,Unknown,no,no,no,yes,yes,Campus
102071041,METROPOLITAN NASHVILLE POLICE DEPT,20180598730,Davidson,Nashville,7/11/2018 11:55:00 AM,2,0,0,36.141800,-86.776620,I 65,,,,0.00,,,,,,,81.90,N,Not at Intersection,Y,Entrance/Exit Ramp Related,None,,,         ,Nathan,Mayo,Clear,"Sideswipe, Same Direction",no,no,no,no,yes,False
102071042,METROPOLITAN NASHVILLE POLICE DEPT,20180598943,Davidson,Nashville,7/11/2018 12:00:00 AM,2,0,0,36.190890,-86.628170,PACIFICA DR,,,,469.00,Feet,South,ALOHA CT,,,,0.00,N,Not at Intersection,N,Non-Junction,None,,,         ,Michael,Dance,Clear,Angle,no,no,no,yes,yes,False
102071061,THP District 9 - Administrative,318045106,Davidson,Nashville,7/9/2018 3:56:00 PM,2,0,0,36.144100,-86.738870,I 40,,,,0.00,,,,,,,212.40,N,Not at Intersection, ,Non-Junction,None,,,         ,Michael,Morgan,Clear,Front to Rear,no,no,no,no,no,False
102071087,METROPOLITAN NASHVILLE POLICE DEPT,20180598985,Davidson,Nashville,7/11/2018 1:55:00 PM,2,0,0,36.150050,-86.810900,25TH AVN,,,,369.00,Feet,South,CENTENNIAL PARK PVTDR,,,,0.00,N,Not at Intersection, ,Non-Junction,None,,,         ,Jon,Mcvey,Cloudy,Front to Rear,no,no,no,no,no,False
102071147,METROPOLITAN NASHVILLE POLICE DEPT,20180599156,Davidson,Nashville,7/11/2018 3:30:00 PM,2,0,0,36.183270,-86.609870,OLD HICKORY BLVD,,,,271.00,Feet,East,ANDREW JACKSON PKWY,,,,0.00,N,Not at Intersection, ,Non-Junction,None,,,         ,Thomas,Odom,Clear,Front to Rear,no,no,no,no,no,False
102071178,METROPOLITAN NASHVILLE POLICE DEPT,20180599083,Davidson,Nashville,7/11/2018 2:49:00 PM,2,2,0,36.192520,-86.624140,LEBANON PKE,,,,159.00,Feet,South,JUAREZ DR,,,,0.00,N,Not at Intersection,N,Non-Junction,None,,,         ,Thomas,Barnes,Clear,Angle,no,no,no,no,no,False
102071183,METROPOLITAN NASHVILLE POLICE DEPT,20180599228,Davidson,Nashville,7/11/2018 3:32:00 PM,2,0,0,36.175530,-86.792020,MONROE ST,,,,170.00,Feet,West,7TH AVN,,,,0.00,N,Not at Intersection, ,Non-Junction,None,,,         ,Katelin,Ehrhardt,Cloudy,Front to Rear,no,no,no,no,no,False
102071184,METROPOLITAN NASHVILLE POLICE DEPT,20180599003,Davidson,Nashville,7/11/2018 12:00:00 AM,2,0,0,36.191630,-86.775460,I 24,,,,0.00,,,,,,,46.80,N,Not at Intersection, ,,None,,,         ,Gordon,Stovall,,,no,no,no,no,no,False
102071207,METROPOLITAN NASHVILLE POLICE DEPT,20180599200,Davidson,Nashville,7/11/2018 3:37:00 PM,2,0,0,36.200540,-86.620920,OLD HICKORY BLVD,,,,4.00,Feet,South,PLANTATION DR,,,,0.00,N,Not at Intersection,N,Non-Junction,None,,,         ,Marvis,Malone,Cloudy,Angle,no,no,no,no,no,False
102071209,METROPOLITAN NASHVILLE POLICE DEPT,20180599292,Davidson,Nashville,7/11/2018 4:10:00 PM,2,0,0,36.078940,-86.632140,EDGE O LAKE DR,,,,202.00,Feet,South,BELL RD,,,,0.00,N,Not at Intersection,N,Non-Junction,None,,,         ,Eric,Keller,Clear,Angle,no,no,no,no,yes,False
102071210,VANDERBILT UNIVERSITY POLICE,18-0599220,Davidson,Nashville,7/11/2018 3:26:00 PM,2,0,0,36.149490,-86.800470,21ST AVS,,,,0.00,,,TERRACE PL,,,,0.00,Y,T-Intersection, ,Intersection,None,,,         ,Lydell,Reedy,Cloudy,Angle,no,no,no,no,no,Campus
102071211,METROPOLITAN NASHVILLE POLICE DEPT,20180599317,Davidson,Not in City Limit,7/11/2018 4:17:00 PM,2,0,0,36.267360,-86.705020,CUMBERLAND AV,,,,0.00,,,BIXLER AV,,,,0.00,Y,Four-Way, ,Non-Junction,None,,,         ,Christopher,Littles,Clear,Angle,no,no,no,no,no,False
102071213,BERRY HILL POLICE DEPT,18-2410,Davidson,Berry Hill,7/11/2018 12:00:00 AM,2,0,0,36.118860,-86.774590,FRANKLIN PKE,,,,0.00,,,BERRY RD,,,,0.00,Y,Four-Way, ,Intersection-Related,None,,,         ,John,Gleixner,Clear,Front to Rear,no,no,no,no,no,False
102071221,METROPOLITAN NASHVILLE POLICE DEPT,20180599061,Davidson,Nashville,7/11/2018 1:49:00 PM,2,0,0,36.151460,-86.857740,WHITE BRIDGE PKE,,,,0.00,,,I40 E ENT RAMP,,,,0.00,Y,OTHER,N,Entrance/Exit Ramp Related,None,,,         ,Ryan,Allen,Clear,Angle,no,no,no,no,no,False
102071236,METROPOLITAN NASHVILLE POLICE DEPT,20180599124,Davidson,Madison,7/11/2018 3:09:00 PM,2,0,0,36.297530,-86.698670,GALLATIN PKEN,,,,265.00,Feet,North,RIVERGATE PKWY,,,,0.00,N,Not at Intersection, ,,None,,,         ,Christopher,Augustin,,,no,no,no,no,no,False
102071237,METROPOLITAN NASHVILLE POLICE DEPT,20180599199,Davidson,Nashville,7/11/2018 12:00:00 AM,2,0,0,36.198290,-86.708950,GUEST DR,,,,482.00,Feet,North,WELCOME LN,,,,0.00,N,Not at Intersection,N,Non-Junction,None,,,         ,Daniel,Wadham,Clear,Angle,no,no,no,no,yes,False
102071240,METROPOLITAN NASHVILLE POLICE DEPT,20180599394,Davidson,Nashville,7/11/2018 4:43:00 PM,2,0,0,36.171440,-86.601710,OLD HICKORY BLVD,,,,793.00,Feet,South,CENTRAL PKE,,,,0.00,N,Not at Intersection,N,Non-Junction,None,,,         ,Thomas,Barnes,Clear,Angle,no,no,no,no,yes,False
102071241,METROPOLITAN NASHVILLE POLICE DEPT,20180599106,Davidson,Nashville,7/11/2018 2:41:00 PM,1,0,0,36.160470,-86.778440,5TH AVS,,,,0.00,,,BROADWAY,,,,0.00,Y,Four-Way, ,Intersection,None,,,         ,Timothy,Mead,Clear,Not Collision with Motor Vehicle in Transport,no,no,no,no,no,False
102071261,METROPOLITAN NASHVILLE POLICE DEPT,20180599505,Davidson,Nashville,7/11/2018 5:26:00 PM,2,0,0,36.192790,-86.623910,LEBANON PKE,,,,37.00,Feet,South,JUAREZ DR,,,,0.00,N,Not at Intersection, ,Non-Junction,None,,,         ,Marvis,Malone,Clear,"Sideswipe, Same Direction",no,no,no,no,yes,False
102071266,METROPOLITAN NASHVILLE POLICE DEPT,20180599424,Davidson,Nashville,7/11/2018 5:07:00 PM,2,0,0,36.114060,-86.836850,ESTES RD,,,,0.00,,,AUBURN LN,,,,0.00,Y,T-Intersection, ,Intersection,None,,,         ,Alex,DiBernardo,Clear,Front to Rear,no,no,no,no,no,False
102071276,METROPOLITAN NASHVILLE POLICE DEPT,20180599517,Davidson,Not in City Limit,7/11/2018 3:55:00 PM,2,0,0,36.274620,-86.817020,LICKTON PKE,,,,402.00,Feet,North,OLD HICKORY BLVD,,,,0.00,N,Not at Intersection,N,Non-Junction,None,,,         ,Brian,Woodard,Clear,"Sideswipe, Opposite Direction",no,no,no,no,yes,False
102071296,METROPOLITAN NASHVILLE POLICE DEPT,20180599037,Davidson,Nashville,7/11/2018 2:19:00 PM,2,1,0,36.183500,-86.610760,OLD HICKORY BLVD,,,,0.00,,,DODSON CHAPEL RD,,,,0.00,Y,Four-Way,N,Intersection,None,,,         ,Russell,Ward,Clear,Angle,no,no,no,no,no,False
102071306,METROPOLITAN NASHVILLE POLICE DEPT,20180599552,Davidson,Nashville,7/11/2018 12:00:00 AM,2,0,0,36.155010,-86.627110,STEWARTS FERRY PKE,,,,0.00,,,I40 E EXT RAMP,,,,0.00,Y,T-Intersection,N,Intersection,None,,,         ,Kimberly,Annson,Clear,Front to Rear,no,no,no,no,yes,False
102071307,METROPOLITAN NASHVILLE POLICE DEPT,20180599612,Davidson,Nashville,7/11/2018 12:00:00 AM,2,0,0,36.101700,-86.626540,BELL RD,,,,0.55,Miles,North,HARBOR LIGHTS DR,,,,0.00,N,Not at Intersection,N,Non-Junction,None,,,         ,Kimberly,Annson,Clear,"Sideswipe, Same Direction",no,no,no,no,yes,False
102071309,METROPOLITAN NASHVILLE POLICE DEPT,20180599225,Davidson,Nashville,7/11/2018 3:48:00 PM,2,0,0,36.186110,-86.798370,I65 S EXT RAMP,,,,0.00,,,ROSA L PARKS BLVD,,,,0.00,Y,T-Intersection, ,Entrance/Exit Ramp Related,None,,,         ,Brian,Theriac,Clear,Front to Rear,no,no,no,no,no,False
102071310,METROPOLITAN NASHVILLE POLICE DEPT,20180599534,Davidson,Nashville,7/11/2018 5:47:00 PM,2,1,0,36.061730,-86.740380,ELLINGTON AG CENTER PVTDR,,,,26.00,Feet,West,EDMONDSON PKE,,,,0.00,N,Not at Intersection, ,Non-Junction,None,,,         ,Eric,Burford,Clear,Front to Rear,no,no,no,no,no,False
102071329,METROPOLITAN NASHVILLE POLICE DEPT,20180599703,Davidson,Nashville,7/11/2018 6:10:00 PM,2,0,0,36.125230,-86.789460,12TH AVS,,,,0.00,Feet,East,BEECHWOOD AV,,,,0.00,N,Not at Intersection, ,,None,,,         ,Gregory,Scott,,,no,no,no,no,no,False
102071331,METROPOLITAN NASHVILLE POLICE DEPT,20180599594,Davidson,Not in City Limit,7/11/2018 6:20:00 PM,4,3,0,36.274630,-86.865900,CLARKSVILLE PKE,,,,90.00,Feet,South,DRY FORK RD,,,,0.00,N,Not at Intersection,N,Non-Junction,None,,,         ,Jason,Hogan,Clear,Front to Rear,no,no,no,no,yes,False
102071335,METROPOLITAN NASHVILLE POLICE DEPT,20180599619,Davidson,Nashville,7/11/2018 6:36:00 PM,3,0,0,36.158290,-86.771890,HERMITAGE AV,,,,0.00,,,KOREAN VETERANS BLVD,,,,0.00,Y,Four-Way, ,Intersection,None,,,         ,Brynn,Cellan,Clear,Front to Rear,no,no,no,no,no,False
102071363,METROPOLITAN NASHVILLE POLICE DEPT,20180599696,Davidson,Not in City Limit,7/11/2018 5:00:00 PM,2,1,0,36.278520,-86.872110,CLARKSVILLE PKE,,,,519.00,Feet,East,OLD HICKORY BLVD,,,,0.00,N,Not at Intersection, ,Non-Junction,None,,,         ,Jerry,Pirtle,Cloudy,Front to Rear,no,no,no,no,no,False
102071373,METROPOLITAN NASHVILLE POLICE DEPT,2018-0599566,Davidson,Not in City Limit,7/11/2018 6:00:00 PM,1,0,0,36.138500,-86.950710,RIVER ROAD PKE,,,,1451.00,Feet,East,INDIAN CREEK RD,,,,0.00,N,Not at Intersection,N,Non-Junction,None,,,         ,Ryan,Allen,Clear,Not Collision with Motor Vehicle in Transport,no,no,no,no,no,False
102071379,METROPOLITAN NASHVILLE POLICE DEPT,20180599679,Davidson,Nashville,7/11/2018 7:09:00 PM,1,2,0,36.232010,-86.785210,EWING DR,,,,0.00,,,,,,,0.00,,,N,Non-Junction,None,,,         ,Brian,Woodard,Clear,Not Collision with Motor Vehicle in Transport,no,no,no,yes,no,False
102071397,METROPOLITAN NASHVILLE POLICE DEPT,20180599682,Davidson,Nashville,7/11/2018 12:00:00 AM,2,0,0,36.185520,-86.817180,CLARKSVILLE PKE,,,,0.00,,,25TH AVN,,,,0.00,Y,Four-Way,N,Intersection-Related,None,,,         ,Russell,Jones,Clear,Front to Rear,no,no,no,no,yes,False
102071402,METROPOLITAN NASHVILLE POLICE DEPT,20180599853,Davidson,Nashville,7/11/2018 5:45:00 PM,2,0,0,36.195130,-86.743530,MCCLURKAN AV,,,,117.00,Feet,West,CHESTER AV,,,,0.00,N,Not at Intersection, ,Non-Junction,None,,,         ,Edward,Conrads,Clear,"Sideswipe, Same Direction",no,no,no,no,no,False
102071412,METROPOLITAN NASHVILLE POLICE DEPT,20180599350,Davidson,Nashville,7/11/2018 4:30:00 PM,2,2,0,36.049430,-86.658410,HICKORY HOLLOW MALL PVTDR PL,,,,0.00,,East,HICKORY HOLLOW PKWY,,,,0.00,N,Not at Intersection,N,Non-Junction,None,,,         ,Melissa,Flores,Clear,Angle,no,no,no,no,no,False
102071424,THP District 3 - Nashville,318045751,Davidson,Nashville,7/11/2018 7:39:00 PM,2,0,0,36.136070,-86.726720,I 24,,,,0.00,,,,,,,52.25,N,Not at Intersection, ,Non-Junction,None,,,         ,Christopher,Brooks,Clear,"Sideswipe, Same Direction",no,no,no,no,no,False
102071431,METROPOLITAN NASHVILLE POLICE DEPT,20180599436,Davidson,Nashville,7/11/2018 5:00:00 PM,2,0,0,36.240920,-86.753860,BRILEY PKWYE,,,,463.00,Feet,East,BRILEY PKWYW,,,,0.00,N,Not at Intersection, ,Non-Junction,None,,,         ,Jeffrey,Barfield,Clear,Front to Rear,no,no,no,no,no,False
102071465,METROPOLITAN NASHVILLE POLICE DEPT,20180599120,Davidson,Nashville,7/11/2018 2:00:00 PM,2,0,0,36.033130,-86.774380,CHURCH STE,,,,324.00,Feet,West,PLUM ORCHARD DR,,,,0.00,N,Not at Intersection,N,Non-Junction,None,,,         ,Akira,McSwain,Clear,Front to Rear,no,no,no,no,yes,False
102071466,METROPOLITAN NASHVILLE POLICE DEPT,20180599299,Davidson,Nashville,7/11/2018 2:40:00 PM,2,0,0,36.040110,-86.744470,OLD HICKORY BLVD,,,,296.00,Feet,West,EDMONDSON PKE,,,,0.00,N,Not at Intersection,N,Non-Junction,None,,,         ,Akira,McSwain,Clear,Front to Rear,no,no,no,yes,yes,False
102071467,METROPOLITAN NASHVILLE POLICE DEPT,20180599467,Davidson,Nashville,7/11/2018 3:44:00 PM,2,0,0,36.128150,-86.753820,NOLENSVILLE PKE,,,,30.00,Feet,South,NAPOLEON AV,,,,0.00,N,Not at Intersection, ,Non-Junction,None,,,         ,Akira,McSwain,Clear,Front to Rear,no,no,no,no,no,False
102071468,METROPOLITAN NASHVILLE POLICE DEPT,20180599647,Davidson,Nashville,7/11/2018 5:30:00 PM,2,0,0,36.032540,-86.768560,CLOVERLAND DR,,,,41.00,Feet,West,JONES PKWY,,,,0.00,N,Not at Intersection, ,Non-Junction,None,,,         ,Akira,McSwain,Rain,Angle,no,no,no,no,no,False
102071485,METROPOLITAN NASHVILLE POLICE DEPT,20180599097,Davidson,Nashville,7/11/2018 12:48:00 PM,2,0,0,36.176880,-86.776180,SPRING ST,,,,0.00,,,COWAN ST,,,,0.00,Y,Four-Way, ,,None,,,         ,Michael,Douglas,,,no,no,no,no,no,False
102071513,METROPOLITAN NASHVILLE POLICE DEPT,20180599769,Davidson,Nashville,7/11/2018 12:00:00 AM,2,0,0,36.088720,-86.627530,BELL RD,,,,159.00,Feet,South,NASHBORO BLVD,,,,0.00,N,Not at Intersection,N,Non-Junction,None,,,         ,Kimberly,Annson,Clear,Front to Rear,no,no,no,no,yes,False
102071539,METROPOLITAN NASHVILLE POLICE DEPT,20180600026,Davidson,Nashville,7/11/2018 9:57:00 PM,2,0,0,36.243890,-86.756580,SKYLINE MEMORIAL CT,,,,0.00,,,DICKERSON PKE,,,,0.00,Y,Four-Way,N,Intersection,None,,,         ,Christopher,Littles,Clear,Front to Rear,no,no,no,no,yes,False
102071541,METROPOLITAN NASHVILLE POLICE DEPT,20180599623,Davidson,Nashville,7/11/2018 12:00:00 AM,3,2,0,36.181140,-86.753440,LAURENT ST,,,,203.00,Feet,South,MANSFIELD ST,,,,0.00,N,Not at Intersection,N,Non-Junction,None,,,         ,Gordon,Stovall,Clear,Angle,yes,no,no,no,no,False
102071543,METROPOLITAN NASHVILLE POLICE DEPT,20180599903,Davidson,Nashville,7/11/2018 9:00:00 PM,3,0,0,36.213720,-86.764470,DICKERSON PKE,,,,54.00,Feet,North,DELLWAY VILLA RD,,,,0.00,N,Not at Intersection,N,Non-Junction,None,,,         ,Cody,Jaworski,Clear,Not Collision with Motor Vehicle in Transport,no,no,no,no,no,False
102071617,METROPOLITAN NASHVILLE POLICE DEPT,20180600038,Davidson,Nashville,7/11/2018 10:11:00 PM,2,1,0,36.176910,-86.774580,SPRING ST,,,,0.00,,,N 1ST ST,,,,0.00,Y,Four-Way,N,Intersection,None,,,         ,Zachary,Plese,Clear,Angle,no,no,no,no,no,False
102071633,METROPOLITAN NASHVILLE POLICE DEPT,20180600252,Davidson,Nashville,7/11/2018 6:05:00 PM,1,0,0,36.155150,-86.585510,JOHN HAGAR RD,,,,319.00,Feet,East,S NEW HOPE RD,,,,0.00,N,Not at Intersection,N,Non-Junction,None,,,         ,Benjamin,Cole,Clear,Not Collision with Motor Vehicle in Transport,no,no,no,no,no,False
102071642,METROPOLITAN NASHVILLE POLICE DEPT,20180600336,Davidson,Nashville,7/12/2018 1:03:00 AM,2,1,0,36.082100,-86.761700,HARDING PL,,,,0.00,,,SIDCO DR,,,,0.00,Y,Four-Way,Y,Intersection-Related,None,,,         ,Dakota,Vermillion,Clear,Front to Rear,no,no,no,no,yes,False
102071661,METROPOLITAN NASHVILLE POLICE DEPT,20180600391,Davidson,Nashville,7/12/2018 12:00:00 AM,2,1,0,36.067410,-86.631250,MURFREESBORO PKE,,,,0.00,Feet,,FOREST VIEW DR,,,,0.00,Y,Four-Way,N,Intersection-Related,None,,,         ,Autumn,Manning,Clear,Front to Rear,no,no,no,no,yes,False
102071685,METROPOLITAN NASHVILLE POLICE DEPT,20180600678,Davidson,Nashville,7/12/2018 3:16:00 AM,2,0,0,36.160470,-86.786350,CHURCH ST,,,,128.00,Feet,West,10TH AVN,,,,0.00,N,Not at Intersection,N,Non-Junction,None,,,         ,Daniel,Caruth,Clear,"Sideswipe, Same Direction",no,no,no,yes,yes,False
102071686,METROPOLITAN NASHVILLE POLICE DEPT,20180600072,Davidson,Nashville,7/11/2018 10:38:00 PM,2,1,0,36.192180,-86.776260,I 24,,,,0.00,,,,,,,46.75,N,Not at Intersection,N,Non-Junction,None,,,         ,Kelcey,Bell,Clear,"Sideswipe, Same Direction",no,no,no,no,no,False