master_record_number,agency,agency_tracking_number,county,city,collision_date,vehicles_involved,number_injured,number_dead,latitude,longitude,roadway_name,roadway_suffix,roadway_number,roadway_local_id,distance_from_reference,miles-feet_indicator,direction_from_reference,intersection_road_name,intersection_road_name_suffix,intersection_road_number,intersection_local_id,mile_marker,intersection_indicator,intersect_type,interchange_related_indicator,relation_to_junction,work_zone_type,construction_maintenance_zone,construction_maintenance_zone_location,fatal_case_number,officer_first_name,officer_last_name,weather_condition(s),manner_of_crash,pedestrian,bicycle,scooter,parking,hitrun,mou
102072450,METROPOLITAN NASHVILLE POLICE DEPT,20180602371,Davidson,Nashville,7/12/2018 4:47:00 PM,2,0,0,36.073790,-86.920660,BELLEVUE VALLEY PLAZA PVTDR,,,,14.00,Feet,East,OLD HICKORY BLVD,,,,0.00,N,Not at Intersection, ,Non-Junction,None,,,         ,Timothy,Morgan,Clear,Angle,no,no,no,no,no,False
102072453,METROPOLITAN NASHVILLE POLICE DEPT,20180602165,Davidson,Nashville,7/12/2018 3:25:00 PM,5,1,0,36.178380,-86.800740,I 65,,,,0.00,,,,,,,84.90,N,Not at Intersection,Y,Non-Junction,None,,,         ,Zachary,Plese,Clear,Angle,no,no,no,no,yes,False
102072455,METROPOLITAN NASHVILLE POLICE DEPT,20180602470,Davidson,Nashville,7/12/2018 5:41:00 PM,2,2,0,36.213430,-86.799690,WHITES CREEK PKE,,,,158.00,Feet,South,FRANCES ST,,,,0.00,N,Not at Intersection,N,Non-Junction,None,,,         ,Justin,Vaughn,Clear,Angle,no,no,no,no,no,False
102072456,METROPOLITAN NASHVILLE POLICE DEPT,20180602437,Davidson,Nashville,7/12/2018 5:27:00 PM,2,4,0,36.165170,-86.816200,ALBION ST,,,,0.00,,,26TH AVN,,,,0.00,Y,Four-Way,N,Non-Junction,None,,,         ,Katelin,Ehrhardt,Clear,Angle,no,no,no,no,no,False
102072464,METROPOLITAN NASHVILLE POLICE DEPT,20180602682,Davidson,Nashville,7/12/2018 7:15:00 PM,3,0,0,36.205890,-86.768610,E TRINITY LN,,,,0.00,,,W TRINITY LN,,,,0.00,Y,Four-Way,N,Intersection,None,,,         ,Joseph,Maeser,Clear,Front to Rear,no,no,no,no,yes,False
102072466,METROPOLITAN NASHVILLE POLICE DEPT,20180602343,Davidson,Nashville,7/12/2018 3:30:00 PM,2,0,0,36.170630,-86.804380,I 40,,,,0.00,,,,,,,207.65,N,Not at Intersection,N,Non-Junction,None,,,         ,Christopher,Dickerson,Clear,"Sideswipe, Same Direction",no,no,no,no,yes,False
102072471,METROPOLITAN NASHVILLE POLICE DEPT,20180602722,Davidson,Nashville,7/12/2018 6:55:00 PM,2,0,0,36.151180,-86.691820,ELM HILL PKE,,,,0.00,Feet,,BRILEY PKWY S EXT RAMP,,,,0.00,Y,T-Intersection, ,Intersection,None,,,         ,Samuel,Sundra,Clear,Angle,no,no,no,no,no,False
102072487,METROPOLITAN NASHVILLE POLICE DEPT,20180602803,Davidson,Nashville,7/12/2018 6:23:00 PM,2,0,0,36.110270,-86.766850,POWELL AV,,,,267.00,Feet,South,OLD POWELL AV,,,,0.00,N,Not at Intersection,N,Non-Junction,None,,,         ,FELIKS,ABRAHAMYAN,Clear,Angle,no,no,no,no,yes,False
102072503,METROPOLITAN NASHVILLE POLICE DEPT,20180602442,Davidson,Nashville,7/12/2018 5:10:00 PM,2,0,0,36.167780,-86.663710,LEBANON PKE,,,,123.00,Feet,West,DONELSON PKE,,,,0.00,N,Not at Intersection, ,,None,,,         ,Allyson,Reis,,,no,no,no,no,no,False
102072504,METROPOLITAN NASHVILLE POLICE DEPT,20180602496,Davidson,Nashville,7/12/2018 5:50:00 PM,2,0,0,36.143580,-86.655030,ELM HILL PKE,,,,0.00,,,MCCRORY CREEK RD,,,,0.00,Y,Four-Way,Y,Intersection,None,,,         ,Allyson,Reis,Clear,Angle,no,no,no,no,no,False
102072506,METROPOLITAN NASHVILLE POLICE DEPT,20180602056,Davidson,Nashville,7/12/2018 2:38:00 PM,1,0,0,36.170240,-86.596730,I 40,,,,0.00,,,,,,,221.10,N,Not at Intersection,N,Non-Junction,None,,,         ,Marvis,Malone,Clear,Not Collision with Motor Vehicle in Transport,no,no,no,no,no,False
102072511,METROPOLITAN NASHVILLE POLICE DEPT,20180602482,Davidson,Nashville,7/12/2018 5:52:00 PM,2,1,0,36.124420,-86.833310,WOODLAWN DR,,,,0.00,,,WILSON BLVDS,,,,0.00,Y,Four-Way,Y,Intersection-Related,None,,,         ,Kelby,Dumond,Clear,Angle,no,no,no,no,no,False
102072513,METROPOLITAN NASHVILLE POLICE DEPT,20180602765,Davidson,Not in City Limit,7/12/2018 7:48:00 PM,2,1,0,36.278230,-86.789240,OLD HICKORY BLVD,,,,0.00,,,COBBLESTONE CREEK DR,,,,0.00,Y,T-Intersection,N,Intersection,None,,,         ,Christopher,Littles,Clear,HeadOn,no,no,no,no,no,False
102072593,METROPOLITAN NASHVILLE POLICE DEPT,20180602927,Davidson,Antioch,7/12/2018 8:00:00 PM,2,0,0,36.047840,-86.612050,MURFREESBORO PKE,,,,1284.00,Feet,North,MOUNTAIN SPRINGS RD,,,,0.00,N,Not at Intersection,Y,Non-Junction,None,,,         ,Andrew,Brazee,Clear,Front to Rear,no,no,no,no,no,False
102072594,METROPOLITAN NASHVILLE POLICE DEPT,20180602683,Davidson,Nashville,7/12/2018 7:11:00 PM,2,0,0,36.082780,-86.628700,MOSSDALE DR,,,,0.00,,,BELL RD,,,,0.00,Y,Four-Way,N,Intersection,None,,,         ,Cheri,Cox,Clear,Angle,no,no,no,no,no,False
102072595,METROPOLITAN NASHVILLE POLICE DEPT,20180602909,Davidson,Nashville,7/12/2018 8:44:00 PM,2,1,0,36.044770,-86.660700,BELL RD,,,,68.00,Feet,West,I24 E ENT RAMP,,,,0.00,N,Not at Intersection,N,Non-Junction,None,,,         ,Melissa,Flores,Clear,Front to Rear,no,no,no,no,no,False
102072641,METROPOLITAN NASHVILLE POLICE DEPT,20180602144,Davidson,Nashville,7/12/2018 12:00:00 AM,2,0,0,36.169380,-86.802870,16TH AVN,,,,128.00,Feet,North,MEHARRY BLVD,,,,0.00,N,Not at Intersection,N,Non-Junction,None,,,         ,Joseph,Gawlowski,Clear,Unknown,no,no,no,no,yes,False
102072643,METROPOLITAN NASHVILLE POLICE DEPT,20180602329,Davidson,Nashville,7/12/2018 3:20:00 PM,1,0,0,36.134920,-86.742600,WOODYCREST AV,,,,209.00,Feet,East,TERMINAL CT,,,,0.00,N,Not at Intersection, ,Non-Junction,None,,,         ,Aimee,Ortiz,Clear,Not Collision with Motor Vehicle in Transport,no,no,no,no,no,False
102072646,METROPOLITAN NASHVILLE POLICE DEPT,20180602177,Davidson,Nashville,7/12/2018 3:30:00 PM,2,0,0,36.134280,-86.780370,WEDGEWOOD AV,,,,58.00,Feet,East,BEECH AV,,,,0.00,N,Not at Intersection,N,Non-Junction,None,,,         ,Akira,McSwain,Clear,Front to Rear,no,no,no,no,yes,False
102072648,METROPOLITAN NASHVILLE POLICE DEPT,20180602289,Davidson,Nashville,7/12/2018 3:42:00 PM,2,0,0,36.102070,-86.763430,ARMORY DR,,,,0.00,,,ARMORY DR ENT RAMP,,,,0.00,Y,OTHER, ,Non-Junction,None,,,         ,Akira,McSwain,Clear,"Sideswipe, Same Direction",no,no,no,no,no,False
102072650,METROPOLITAN NASHVILLE POLICE DEPT,20180602492,Davidson,Nashville,7/12/2018 5:45:00 PM,2,1,0,36.091600,-86.771400,FRANKLIN PKE,,,,86.00,Feet,North,ELYSIAN FIELDS RD,,,,0.00,N,Not at Intersection,N,Non-Junction,None,,,         ,Akira,McSwain,Clear,Front to Rear,no,no,no,no,no,False
102072673,METROPOLITAN NASHVILLE POLICE DEPT,20180603010,Davidson,Nashville,7/12/2018 12:00:00 AM,2,0,0,36.179020,-86.810370,17TH AVN,,,,208.00,Feet,South,DR D B TODD JR BLVD,,,,0.00,N,Not at Intersection,N,Non-Junction,None,,,         ,Russell,Jones,Clear,Front to Rear,no,no,no,no,yes,False
102072712,METROPOLITAN NASHVILLE POLICE DEPT,20180603056,Davidson,Nashville,7/12/2018 9:35:00 PM,2,0,0,36.082770,-86.710170,HARDING PL,,,,102.00,Feet,East,TAMPA DR,,,,0.00,N,Not at Intersection, ,Non-Junction,None,,,         ,Richard,Olive,Clear,Front to Rear,no,no,no,no,no,False
102072716,GOODLETTSVILLE POLICE DEPT,18-24281,Davidson,Goodlettsville,7/12/2018 6:45:00 PM,2,0,0,36.296220,-86.715400,I 65,,,,0.00,,,,,,,94.80,N,Not at Intersection,N,Non-Junction,None,,,         ,Marcus,Zugelder,Clear,Front to Rear,no,no,no,no,no,False
102072717,METROPOLITAN NASHVILLE POLICE DEPT,20180603145,Davidson,Antioch,7/12/2018 10:19:00 PM,4,4,0,36.031010,-86.593470,MURFREESBORO PKE,,,,521.00,Feet,North,HURRICANE CREEK BLVD,,,,0.00,N,Not at Intersection,N,Non-Junction,None,,,         ,Hillary,Sherman,Clear,Front to Rear,no,no,no,no,no,False
102072765,METROPOLITAN NASHVILLE POLICE DEPT,20180603398,Davidson,Nashville,7/13/2018 12:00:00 AM,2,0,0,36.148800,-86.774910,I 40,,,,0.00,,,,,,,210.10,N,Not at Intersection,Y,Entrance/Exit Ramp Related,Construction Zone,Laneclosure,Advanced Warning Area,         ,Landon,Bagwell,Clear,Front to Rear,no,no,no,no,no,False
102072776,METROPOLITAN NASHVILLE POLICE DEPT,20180603355,Davidson,Nashville,7/12/2018 11:45:00 PM,3,0,0,36.160840,-86.777640,BROADWAY,,,,500.00,Feet,West,,,,,0.01,N,Not at Intersection,N,Non-Junction,None,,,         ,Daniel,Russett,Clear,Front to Rear,no,no,no,no,yes,False
102072803,METROPOLITAN NASHVILLE POLICE DEPT,20180603432,Davidson,Nashville,7/13/2018 12:08:00 AM,2,0,0,36.118250,-86.703680,WINTHORNE DR,,,,190.00,Feet,North,MCDONALD DR,,,,0.00,N,Not at Intersection,N,Non-Junction,None,,,         ,Sharissa,Perez,Clear,Front to Rear,no,no,no,no,no,False
102072806,METROPOLITAN NASHVILLE POLICE DEPT,20180603427,Davidson,Nashville,7/13/2018 12:30:00 AM,2,2,0,36.131090,-86.773940,I 65,,,,0.00,,,,,,,81.15,N,Not at Intersection,N,Non-Junction,None,,,         ,Ronald,Raynore,Clear,Front to Rear,no,no,no,no,yes,False
102072881,GOODLETTSVILLE POLICE DEPT,18-24032,Davidson,Goodlettsville,7/10/2018 5:08:00 PM,2,0,0,36.306519,-86.699093,VIETNAM VETERANS,BLVD,SR386,,0.00,,,,,,,1.00,N,Not at Intersection, ,Non-Junction,None,,,         ,Jeremy,Baker,Rain,Front to Rear,no,no,no,no,no,False
102072894,METROPOLITAN NASHVILLE POLICE DEPT,20180603915,Davidson,Antioch,7/13/2018 5:45:00 AM,1,0,0,36.037430,-86.587390,MAXWELL RD,,,,139.00,Feet,East,ROUND ROCK DR,,,,0.00,N,Not at Intersection,N,Non-Junction,None,,,         ,William,Monaghan,Clear,Not Collision with Motor Vehicle in Transport,no,no,no,no,yes,False
102072931,GOODLETTSVILLE POLICE DEPT,18-24348,Davidson,Goodlettsville,7/13/2018 7:40:00 AM,2,0,0,36.306530,-86.699990,VIETNAM VETERANS BLVDS,,,,1546.00,Feet,West,CONFERENCE DR,,,,0.00,N,Not at Intersection, ,Non-Junction,None,,,         ,George,Forbes,Clear,Front to Rear,no,no,no,no,no,False
102072953,METROPOLITAN NASHVILLE POLICE DEPT,20180604146,Davidson,Nashville,7/13/2018 8:18:00 AM,2,0,0,36.144300,-86.738890,I 40,,,,0.00,,,,,,,212.35,N,Not at Intersection,N,Non-Junction,None,,,         ,Zachary,Scott,Clear,"Sideswipe, Same Direction",no,no,no,no,yes,False
102072960,METROPOLITAN NASHVILLE POLICE DEPT,20180604194,Davidson,Nashville,7/13/2018 8:31:00 AM,2,0,0,36.141010,-86.663240,I 40,,,,0.00,,,,,,,218.00,N,Not at Intersection,N,Non-Junction,None,,,         ,Tien,Nguyen,Clear,Front to Rear,no,no,no,no,no,False
102072962,METROPOLITAN NASHVILLE POLICE DEPT,20180604101,Davidson,Nashville,7/13/2018 7:56:00 AM,1,0,0,36.167630,-86.811430,MEHARRY BLVD,,,,315.00,Feet,East,24TH AVN,,,,0.00,N,Not at Intersection,N,Non-Junction,None,,,         ,Victor,Alexander,Unknown,Not Collision with Motor Vehicle in Transport,no,no,no,no,yes,False
102072970,METROPOLITAN NASHVILLE POLICE DEPT,20180604181,Davidson,Nashville,7/13/2018 8:30:00 AM,2,0,0,36.146990,-86.795060,GRAND AV,,,,0.00,,,18TH AVS,,,,0.00,Y,Four-Way,N,Intersection,None,,,         ,Michael,McCord,Clear,Angle,no,no,no,no,no,Campus
102073008,METROPOLITAN NASHVILLE POLICE DEPT,20180604230,Davidson,Nashville,7/13/2018 8:30:00 AM,2,0,0,36.155290,-86.812060,CHARLOTTE AV,,,,0.00,,,25TH AVN,,,,0.00,Y,T-Intersection,N,Intersection,None,,,         ,Jon,Mcvey,Clear,Angle,no,no,no,no,no,False
102073011,METROPOLITAN NASHVILLE POLICE DEPT,20180604103,Davidson,Nashville,7/13/2018 6:40:00 AM,2,0,0,36.139600,-86.727400,I24 W ENT RAMP,,,,0.00,,,I 40,,,,0.00,Y,OTHER,N,OtherLocation,None,,,         ,Frank,Campbell,Clear,"Sideswipe, Same Direction",no,no,no,no,yes,False
102073021,METROPOLITAN NASHVILLE POLICE DEPT,20180604336,Davidson,Nashville,7/13/2018 9:29:00 AM,2,1,0,36.146840,-86.743040,I 40,,,,0.00,,,,,,,212.10,N,Not at Intersection, ,Non-Junction,None,,,         ,Zachary,Scott,Clear,Front to Rear,no,no,no,no,no,False
102073022,METROPOLITAN NASHVILLE POLICE DEPT,20180604085,Davidson,Nashville,7/13/2018 7:58:00 AM,2,0,0,36.124130,-86.746210,I 440,,,,0.00,,,,,,,6.50,N,Not at Intersection,N,Non-Junction,None,,,         ,Jessie,Meadows,Clear,Front to Rear,no,no,no,no,no,False
102073023,METROPOLITAN NASHVILLE POLICE DEPT,20180604227,Davidson,Nashville,7/13/2018 9:03:00 AM,2,0,0,36.067970,-86.718900,NOLENSVILLE PKE,,,,106.00,Feet,South,HAYWOOD LN,,,,0.00,N,Not at Intersection,N,Non-Junction,None,,,         ,Jessie,Meadows,Clear,Angle,no,no,no,no,no,False
102073024,METROPOLITAN NASHVILLE POLICE DEPT,20180604010,Davidson,Nashville,7/12/2018 11:30:00 PM,2,0,0,36.257360,-86.774840,BELLE ARBOR DR,,,,62.00,Feet,West,BROOKWAY DR,,,,0.00,N,Not at Intersection, ,Non-Junction,None,,,         ,Cyretha,Frazier,Clear,HeadOn,no,no,no,no,no,False
102073037,METROPOLITAN NASHVILLE POLICE DEPT,20180604436,Davidson,Nashville,7/13/2018 10:09:00 AM,2,0,0,36.155330,-86.765850,ACADEMY PL,,,,57.00,Feet,South,HERMITAGE AV,,,,0.00,N,Not at Intersection, ,Non-Junction,None,,,         ,Tony,Folad,Clear,Front to Rear,no,no,no,no,no,False
102073057,METROPOLITAN NASHVILLE POLICE DEPT,20180604521,Davidson,Nashville,7/13/2018 10:45:00 AM,2,0,0,36.140180,-86.776340,I 65,,,,0.00,,,,,,,81.80,N,Not at Intersection, ,Non-Junction,None,,,         ,Jon,Mcvey,Clear,Front to Rear,no,no,no,no,no,False
102073058,METROPOLITAN NASHVILLE POLICE DEPT,20180604423,Davidson,Nashville,7/13/2018 9:54:00 AM,3,1,0,36.126700,-86.711090,EAST THOMPSON LN,,,,0.00,,,MURFREESBORO PKE,,,,0.00,Y,Four-Way,N,Intersection-Related,None,,,         ,Tien,Nguyen,Clear,Angle,no,no,no,no,no,False
102073062,METROPOLITAN NASHVILLE POLICE DEPT,20180604511,Davidson,Nashville,7/13/2018 10:20:00 AM,2,0,0,36.169730,-86.667440,OLD LEBANON PKE,,,,245.00,Feet,West,J B ESTILLE DR,,,,0.00,N,Not at Intersection, ,Non-Junction,None,,,         ,Zachary,Scott,Clear,Angle,no,no,no,no,no,False
102073063,METROPOLITAN NASHVILLE POLICE DEPT,20180604589,Davidson,Nashville,7/13/2018 11:20:00 AM,2,0,0,36.046520,-86.657280,BELL RD,,,,265.00,Feet,East,COLLINS PARK DR,,,,0.00,N,Not at Intersection,N,Non-Junction,None,,,         ,Jessie,Meadows,Clear,Front to Rear,no,no,no,no,yes,False
102073092,METROPOLITAN NASHVILLE POLICE DEPT,20180604537,Davidson,Nashville,7/13/2018 10:50:00 AM,2,0,0,36.081950,-86.763810,I 65,,,,0.00,,,,,,,77.80,N,Not at Intersection,N,Non-Junction,None,,,         ,James,Kerrigan,Clear,Front to Rear,no,no,no,no,yes,False
102073093,METROPOLITAN NASHVILLE POLICE DEPT,20180604470,Davidson,Nashville,7/13/2018 10:26:00 AM,2,0,0,36.125500,-86.700290,GOODBAR DR,,,,0.00,,,KERMIT DR,,,,0.00,Y,Four-Way, ,Intersection,None,,,         ,Terry,Denton,Clear,Angle,no,no,no,no,no,False
102073107,METROPOLITAN NASHVILLE POLICE DEPT,20180604551,Davidson,Nashville,7/13/2018 11:00:00 AM,1,1,0,36.189030,-86.594620,OLD LEBANON DIRT RD,,,,0.00,,,RACHELS RETREAT CIR,,,,0.00,Y,T-Intersection,N,Intersection,None,,,         ,Steven,Folliard,Clear,Not Collision with Motor Vehicle in Transport,no,no,no,no,no,False
102073108,METROPOLITAN NASHVILLE POLICE DEPT,20180604301,Davidson,Nashville,7/13/2018 9:19:00 AM,2,0,0,36.103960,-86.766190,I 65,,,,0.00,,,,,,,79.35,N,Not at Intersection,N,Non-Junction,None,,,         ,Samuel,Miller,Clear,Front to Rear,no,no,no,no,no,False
102073113,METROPOLITAN NASHVILLE POLICE DEPT,20180604617,Davidson,Nashville,7/13/2018 11:41:00 AM,2,0,0,36.188110,-86.775370,I 24,,,,0.00,,,,,,,47.05,N,Not at Intersection,N,Non-Junction,None,,,         ,Nicholas,Smith,Clear,"Sideswipe, Same Direction",no,no,no,no,yes,False
102073117,METROPOLITAN NASHVILLE POLICE DEPT,20180604711,Davidson,Nashville,7/13/2018 12:23:00 PM,2,0,0,36.193940,-86.807080,GREAT CIRCLE RD,,,,98.00,Feet,North,ROSA L PARKS BLVD,,,,0.00,N,Not at Intersection,N,Non-Junction,None,,,         ,Patrick,Taylor,Clear,Angle,no,no,no,no,yes,False
102073133,METROPOLITAN NASHVILLE POLICE DEPT,20180604804,Davidson,Nashville,7/13/2018 1:00:00 PM,2,0,0,36.149560,-86.772930,I40 E EXT RAMP,,,,0.00,Feet,East,I 40,,,,0.00,N,Not at Intersection,N,Non-Junction,None,,,         ,Nathan,Kemp,Clear,Front to Rear,no,no,no,no,no,False
102073157,METROPOLITAN NASHVILLE POLICE DEPT,20180604801,Davidson,Nashville,7/13/2018 1:05:00 PM,2,0,0,36.089400,-86.802930,GRANNY WHITE PKE,,,,16.00,Feet,North,BATTERY LN,,,,0.00,N,Not at Intersection, ,Non-Junction,None,,,         ,Jon,Mcvey,Clear,Front to Rear,no,no,no,no,no,False
102073172,METROPOLITAN NASHVILLE POLICE DEPT,20180604006,Davidson,Nashville,7/13/2018 6:21:00 AM,2,0,0,36.205300,-86.776600,I 65,,,,0.00,,,,,,,87.25,N,Not at Intersection, ,Non-Junction,None,,,         ,Royce,McLester,Clear,Front to Rear,no,no,no,no,no,False
102073205,METROPOLITAN NASHVILLE POLICE DEPT,20180604818,Davidson,Nashville,7/13/2018 1:12:00 PM,2,1,0,36.124420,-86.833310,WOODLAWN DR,,,,0.00,,,WILSON BLVDS,,,,0.00,Y,Four-Way,N,Intersection,None,,,         ,Curtis,Rich,Clear,Angle,no,no,no,no,no,False
102073206,METROPOLITAN NASHVILLE POLICE DEPT,20180604783,Davidson,Nashville,7/13/2018 12:41:00 PM,2,0,0,36.181950,-86.799510,I65 N EXT RAMP,,,,0.00,,,I 65,,,,0.00,Y,OTHER, ,Non-Junction,None,,,         ,Freddirico,Pye,Clear,Front to Rear,no,no,no,no,no,False
102073227,METROPOLITAN NASHVILLE POLICE DEPT,20180604640,Davidson,Nashville,7/13/2018 11:50:00 AM,2,0,0,36.150650,-86.690920,BRILEY PKWYS,,,,303.00,Feet,South,BRILEY PKWYN,,,,0.00,N,Not at Intersection,N,Non-Junction,None,,,         ,Zachary,Scott,Clear,"Sideswipe, Same Direction",no,no,no,no,no,False
102073272,GOODLETTSVILLE POLICE DEPT,18-24378,Davidson,Goodlettsville,7/13/2018 1:25:00 PM,2,0,0,36.322570,-86.710340,LONG HOLLOW PKE,,,,388.00,Feet,North,TWO MILE PKE,,,,0.00,N,Not at Intersection, ,Non-Junction,None,,,         ,George,Forbes,Clear,Angle,no,no,no,no,no,False
102073282,METROPOLITAN NASHVILLE POLICE DEPT,20180604906,Davidson,Nashville,7/13/2018 12:30:00 PM,2,0,0,36.157360,-86.802530,CHARLOTTE AV,,,,57.00,Feet,East,JO JOHNSTON AV,,,,0.00,N,Not at Intersection, ,Non-Junction,None,,,         ,Isaac,Wood,Clear,Front to Rear,no,no,no,no,no,False
102073285,BERRY HILL POLICE DEPT,18-2440,Davidson,Berry Hill,7/13/2018 12:30:00 PM,3,0,0,36.111930,-86.762920,THOMPSON LN,,,,0.00,,,E IRIS DR,,,,0.00,Y,T-Intersection, ,Intersection-Related,None,,,         ,Larry,Carter,Clear,Front to Rear,no,no,no,no,no,False
102073286,METROPOLITAN NASHVILLE POLICE DEPT,20180604946,Davidson,Nashville,7/13/2018 2:00:00 PM,2,0,0,36.142330,-86.699460,BRILEY PKWYS,,,,193.00,Feet,South,BRILEY PKWYN,,,,0.00,N,Not at Intersection,N,Non-Junction,None,,,         ,Ryan,Ludvigson,Clear,Front to Rear,no,no,no,no,no,False
102073288,METROPOLITAN NASHVILLE POLICE DEPT,20180604901,Davidson,Nashville,7/13/2018 1:40:00 PM,2,0,0,36.103920,-86.718030,TWIN OAKS DR,,,,184.00,Feet,West,TWIN OAKS PVTDR,,,,0.00,N,Not at Intersection, ,Non-Junction,None,,,         ,Eric,Keller,Clear,Angle,no,no,no,no,yes,False
102073309,METROPOLITAN NASHVILLE POLICE DEPT,20180604815,Davidson,Nashville,7/13/2018 1:07:00 PM,2,0,0,36.127130,-86.711650,MURFREESBORO PKE,,,,226.00,Feet,West,THOMPSON PL,,,,0.00,N,Not at Intersection, ,Non-Junction,None,,,         ,Terry,Denton,Clear,Front to Rear,no,no,no,no,yes,False
102073331,METROPOLITAN NASHVILLE POLICE DEPT,20180604913,Davidson,Nashville,7/13/2018 1:45:00 PM,2,0,0,36.102520,-86.762260,ARMORY DR,,,,0.00,,,POWELL AV,,,,0.00,Y,T-Intersection, ,Intersection-Related,None,,,         ,Jon,Mcvey,Clear,"Sideswipe, Same Direction",no,no,no,no,no,False
102073345,METROPOLITAN NASHVILLE POLICE DEPT,2018-0604973,Davidson,Nashville,7/13/2018 1:55:00 PM,2,0,0,36.170430,-86.862630,CENTENNIAL BLVD,,,,453.00,Feet,North,LINDER INDUSTRIAL DR,,,,0.00,N,Not at Intersection,N,Non-Junction,None,,,         ,Ryan,Allen,Clear,"Sideswipe, Same Direction",no,no,no,no,yes,False
102073359,METROPOLITAN NASHVILLE POLICE DEPT,20180604983,Davidson,Nashville,7/13/2018 2:29:00 PM,1,0,0,36.174050,-86.605740,CENTRAL PKE,,,,57.00,Feet,East,I40 E EXT RAMP,,,,0.00,N,Not at Intersection,N,Non-Junction,None,,,         ,Jason,Thomas,Clear,Not Collision with Motor Vehicle in Transport,no,no,no,no,no,False
102073364,METROPOLITAN NASHVILLE POLICE DEPT,20180604966,Davidson,Nashville,7/13/2018 2:10:00 PM,2,1,0,36.139540,-86.746530,FESSLERS LN,,,,0.00,,,ENOS REED DR,,,,0.00,Y,Four-Way,N,Intersection,None,,,         ,Eric,Keller,Clear,Angle,no,no,no,no,no,False
102073375,METROPOLITAN NASHVILLE POLICE DEPT,20180604863,Davidson,Nashville,7/13/2018 1:32:00 PM,2,0,0,36.045620,-86.673840,BELL RD,,,,156.00,Feet,East,BLUE HOLE RD,,,,0.00,N,Not at Intersection, ,Non-Junction,None,,,         ,Jessie,Meadows,Clear,Front to Rear,no,no,no,no,no,False
102073377,METROPOLITAN NASHVILLE POLICE DEPT,20180604976,Davidson,Nashville,7/13/2018 2:20:00 PM,1,0,0,36.065180,-86.626990,HAMILTON CHURCH RD,,,,462.00,Feet,East,MURFREESBORO PKE,,,,0.00,N,Not at Intersection,N,Non-Junction,None,,,         ,Jessie,Meadows,Clear,Not Collision with Motor Vehicle in Transport,no,no,no,no,no,False
102073397,METROPOLITAN NASHVILLE POLICE DEPT,20180605002,Davidson,Nashville,7/13/2018 2:30:00 PM,2,0,0,36.161570,-86.773930,1ST AVS,,,,166.00,Feet,North,DOWNTOWN GRNWY,,,,0.00,N,Not at Intersection, ,Non-Junction,None,,,         ,Zachary,Plese,Clear,Front to Rear,no,no,no,no,no,False
102073398,METROPOLITAN NASHVILLE POLICE DEPT,20180604919,Davidson,Nashville,7/13/2018 12:32:00 PM,2,0,0,36.181370,-86.799860,I 65,,,,0.00,,,,,,,85.10,N,Not at Intersection,N,Entrance/Exit Ramp Related,None,,,         ,Royce,McLester,Clear,Front to Rear,no,no,no,no,no,False
102073399,METROPOLITAN NASHVILLE POLICE DEPT,20180604994,Davidson,Nashville,7/13/2018 2:39:00 PM,2,0,0,36.155720,-86.823150,I40 W EXT RAMP,,,,0.00,Feet,East,I 40,,,,0.00,N,Not at Intersection, ,Non-Junction,None,,,         ,Katelin,Ehrhardt,Clear,"Sideswipe, Same Direction",no,no,no,no,no,False
102073422,METROPOLITAN NASHVILLE POLICE DEPT,20180605063,Davidson,Nashville,7/13/2018 2:35:00 PM,2,0,0,36.181050,-86.741290,N 16TH ST,,,,83.00,Feet,South,MCEWEN AV,,,,0.00,N,Not at Intersection, ,Non-Junction,None,,,         ,Wade,Johnson,Clear,"Sideswipe, Opposite Direction",no,no,no,no,no,False
102073446,METROPOLITAN NASHVILLE POLICE DEPT,20180605016,Davidson,Antioch,7/13/2018 2:26:00 PM,2,0,0,36.042290,-86.607530,HOBSON PKE,,,,353.00,Feet,West,MURFREESBORO PKE,,,,0.00,N,Not at Intersection,N,Non-Junction,None,,,         ,Andrew,Brazee,Clear,Angle,no,no,no,no,no,False
102073451,METROPOLITAN NASHVILLE POLICE DEPT,20180605008,Davidson,Nashville,7/13/2018 2:33:00 PM,2,0,0,36.155210,-86.759140,I24 W ENT RAMP,,,,0.00,Feet,East,I 40,,,,0.00,N,Not at Intersection,N,Entrance/Exit Ramp Related,None,,,         ,Jessica,Scott,Clear,Front to Rear,no,no,no,no,yes,False
102073459,METROPOLITAN NASHVILLE POLICE DEPT,20180605073,Davidson,Nashville,7/13/2018 2:20:00 PM,2,1,0,36.077160,-86.964710,I 40,,,,0.00,,,,,,,195.80,N,Not at Intersection,N,Non-Junction,None,,,         ,Timothy,Morgan,Clear,"Sideswipe, Same Direction",no,no,no,no,yes,False
102073491,METROPOLITAN NASHVILLE POLICE DEPT,20180605236,Davidson,Nashville,7/13/2018 4:27:00 PM,2,0,0,36.044630,-86.658080,I 24,,,,0.00,,,,,,,59.50,N,Not at Intersection, ,Non-Junction,None,,,         ,Eric,Keller,Clear,Front to Rear,no,no,no,no,no,False
102073562,METROPOLITAN NASHVILLE POLICE DEPT,20180605308,Davidson,Nashville,7/13/2018 5:00:00 PM,2,0,0,36.187020,-86.756790,ELLINGTON PKWYN,,,,241.00,Feet,East,ELLINGTON PKWYS,,,,0.00,N,Not at Intersection, ,Non-Junction,None,,,         ,Kevin,Clausius,Clear,Front to Rear,no,no,no,no,no,False