master_record_number,agency,agency_tracking_number,county,city,collision_date,vehicles_involved,number_injured,number_dead,latitude,longitude,roadway_name,roadway_suffix,roadway_number,roadway_local_id,distance_from_reference,miles-feet_indicator,direction_from_reference,intersection_road_name,intersection_road_name_suffix,intersection_road_number,intersection_local_id,mile_marker,intersection_indicator,intersect_type,interchange_related_indicator,relation_to_junction,work_zone_type,construction_maintenance_zone,construction_maintenance_zone_location,fatal_case_number,officer_first_name,officer_last_name,weather_condition(s),manner_of_crash,pedestrian,bicycle,scooter,parking,hitrun,mou
102074713,METROPOLITAN NASHVILLE POLICE DEPT,20180607546,Davidson,Nashville,7/14/2018 2:45:00 PM,2,0,0,36.138380,-86.800660,21ST AVS,,,,94.00,Feet,South,CHILDRENS WAY,,,,0.00,N,Not at Intersection, ,Non-Junction,None,,,         ,Akira,McSwain,Clear,Angle,no,no,no,no,no,Campus
102074714,METROPOLITAN NASHVILLE POLICE DEPT,20180607673,Davidson,Nashville,7/14/2018 2:46:00 PM,2,0,0,36.153840,-86.788110,I 40,,,,0.00,,,,,,,209.30,N,Not at Intersection, ,Non-Junction,None,,,         ,Akira,McSwain,Clear,Front to Rear,no,no,no,no,no,False
102074726,METROPOLITAN NASHVILLE POLICE DEPT,20180607735,Davidson,Nashville,7/14/2018 3:59:00 PM,2,0,0,36.147960,-86.768670,4TH AVS,,,,122.00,Feet,North,CAMERON ST,,,,0.00,N,Not at Intersection, ,Non-Junction,None,,,         ,Ciarra,Rench,Clear,Front to Rear,no,no,no,no,no,False
102074750,METROPOLITAN NASHVILLE POLICE DEPT,20180607785,Davidson,Nashville,7/14/2018 3:07:00 PM,2,0,0,36.206270,-86.773460,W TRINITY LN,,,,3.00,Feet,East,I65 N ENT RAMP,,,,0.00,N,Not at Intersection,N,Entrance/Exit Ramp Related,None,,,         ,Janelle,Keslar,Clear,Other,no,no,no,no,yes,False
102074755,METROPOLITAN NASHVILLE POLICE DEPT,20180607605,Davidson,Not in City Limit,7/14/2018 3:36:00 PM,3,0,0,36.262180,-86.679110,STATE RT 45,,,,0.00,,,EAGAN CIR,,,,0.00,Y,OTHER,N,Non-Junction,None,,,         ,John,Frazier,Clear,Rear to Rear,no,no,no,no,no,False
102074784,METROPOLITAN NASHVILLE POLICE DEPT,20180607720,Davidson,Nashville,7/14/2018 3:15:00 PM,2,1,0,36.206270,-86.613040,LEBANON PKE,,,,103.00,Feet,North,MONACO DR,,,,0.00,N,Not at Intersection,N,Non-Junction,None,,,         ,Joshua,McGarvey,Cloudy,Rear to Rear,no,no,no,yes,no,False
102074791,METROPOLITAN NASHVILLE POLICE DEPT,20180607682,Davidson,Not in City Limit,7/14/2018 3:35:00 PM,3,0,0,36.075620,-86.968440,I 40,,,,0.00,,,,,,,195.55,N,Not at Intersection, ,Non-Junction,Construction Zone,,,         ,Regina,Lewis,Clear,"Sideswipe, Same Direction",no,no,no,no,yes,False
102074826,METROPOLITAN NASHVILLE POLICE DEPT,20180607820,Davidson,Nashville,7/14/2018 5:20:00 PM,2,1,0,36.120530,-86.765550,I 440,,,,0.00,,,,,,,5.45,N,Not at Intersection,N,Non-Junction,None,,,         ,Akira,McSwain,Clear,Front to Rear,no,no,no,no,yes,False
102074831,METROPOLITAN NASHVILLE POLICE DEPT,20180607962,Davidson,Nashville,7/14/2018 6:39:00 PM,2,0,0,36.163720,-86.776370,2ND AVN,,,,192.00,Feet,North,COMMERCE ST,,,,0.00,N,Not at Intersection, ,Non-Junction,None,,,         ,Anthony,Cucci,Clear,"Sideswipe, Same Direction",no,no,no,no,no,False
102074847,METROPOLITAN NASHVILLE POLICE DEPT,20180607757,Davidson,Goodlettsville,7/14/2018 4:46:00 PM,4,5,0,36.293700,-86.701950,GALLATIN PKEN,,,,237.00,Feet,North,RIVERGATE STATION PVTDR,,,,0.00,N,Not at Intersection, ,Non-Junction,None,,,         ,Kevin,Crawford,Clear,Front to Rear,no,no,no,no,no,False
102074849,METROPOLITAN NASHVILLE POLICE DEPT,20180607994,Davidson,Not in City Limit,7/14/2018 4:24:00 PM,2,0,0,36.261950,-86.715080,DOUGLAS ST,,,,521.00,Feet,South,OLD HICKORY BLVDW,,,,0.00,N,Not at Intersection,N,Non-Junction,None,,,         ,Brittani,Campbell,Clear,Angle,no,no,no,yes,yes,False
102074856,METROPOLITAN NASHVILLE POLICE DEPT,20180607914,Davidson,Nashville,7/14/2018 6:15:00 PM,2,0,0,36.169920,-86.808150,I 40,,,,0.00,,,,,,,207.20,N,Not at Intersection, ,Non-Junction,None,,,         ,Joseph,Gawlowski,Clear,"Sideswipe, Same Direction",no,no,no,no,no,False
102074878,METROPOLITAN NASHVILLE POLICE DEPT,20180607583,Davidson,Nashville,7/14/2018 3:14:00 PM,2,2,0,36.069820,-86.897360,HIGHWAY 100,,,,0.00,,,HARPETH TRACE DR,,,,0.00,Y,T-Intersection,N,Intersection-Related,None,,,         ,Kelby,Dumond,Clear,"Sideswipe, Opposite Direction",no,no,no,no,no,False
102074882,METROPOLITAN NASHVILLE POLICE DEPT,20180607833,Davidson,Nashville,7/14/2018 5:38:00 PM,2,0,0,36.166980,-86.777170,UNION ST,,,,3.00,Feet,South,1ST AVN,,,,0.00,N,Not at Intersection, ,Non-Junction,None,,,         ,Michael,Moss,Clear,"Sideswipe, Same Direction",no,no,no,no,no,False
102074896,METROPOLITAN NASHVILLE POLICE DEPT,20180607702,Davidson,Nashville,7/14/2018 4:15:00 PM,3,6,0,36.207740,-86.695420,OPRY MILLS DR,,,,0.00,,,,,,,0.00,,,N,Non-Junction,None,,,         ,Jessica,Johann,Clear,Angle,no,no,no,yes,no,False
102074897,METROPOLITAN NASHVILLE POLICE DEPT,20180607827,Davidson,Nashville,7/14/2018 5:30:00 PM,2,0,0,36.124980,-86.847640,WHITE BRIDGE PKE,,,,0.00,,,HARDING PKE,,,,0.00,Y,Four-Way, ,Intersection-Related,None,,,         ,Kelby,Dumond,Clear,Angle,no,no,no,no,no,False
102074898,METROPOLITAN NASHVILLE POLICE DEPT,20180607853,Davidson,Nashville,7/14/2018 5:48:00 PM,2,0,0,36.065740,-86.629470,MURFREESBORO PKE,,,,0.00,,,HAMILTON CROSSINGS,,,,0.00,Y,T-Intersection,N,Non-Junction,None,,,         ,Melissa,Flores,Clear,Angle,no,no,no,no,no,False
102074921,METROPOLITAN NASHVILLE POLICE DEPT,20180607940,Davidson,Not in City Limit,7/14/2018 5:05:00 PM,3,0,0,36.274180,-86.695060,MAY DR,,,,200.00,Feet,North,FARVIEW DR,,,,0.00,N,Not at Intersection, ,Non-Junction,None,,,         ,John,Frazier,Clear,Not Collision with Motor Vehicle in Transport,yes,no,no,no,no,False
102074989,METROPOLITAN NASHVILLE POLICE DEPT,20180608329,Davidson,Nashville,7/14/2018 9:54:00 PM,2,1,0,36.163950,-86.804200,DR D B TODD JR BLVD,,,,43.00,Feet,North,HERMAN ST,,,,0.00,N,Not at Intersection,N,Non-Junction,None,,,         ,Katelin,Ehrhardt,Clear,Angle,no,no,no,no,no,False
102075015,METROPOLITAN NASHVILLE POLICE DEPT,20180608341,Davidson,Nashville,7/14/2018 9:51:00 PM,2,0,0,36.053470,-86.672870,BLUE HOLE RD,,,,321.00,Feet,North,BLUE HOLE RD PVTDR,,,,0.00,N,Not at Intersection,N,Non-Junction,None,,,         ,Andrew,Brazee,Clear,"Sideswipe, Opposite Direction",no,no,no,no,yes,False
102075058,METROPOLITAN NASHVILLE POLICE DEPT,20180608509,Davidson,Nashville,7/14/2018 11:45:00 PM,2,0,0,36.162200,-86.776400,3RD AVN,,,,275.00,Feet,North,BROADWAY,,,,0.00,N,Not at Intersection,N,Non-Junction,None,,,         ,Brenton,Adcox,Clear,Front to Rear,no,no,no,no,yes,False
102075059,METROPOLITAN NASHVILLE POLICE DEPT,20180608411,Davidson,Nashville,7/14/2018 8:57:00 PM,2,0,0,36.226160,-86.603210,SHUTE LN,,,,55.00,Feet,South,SAUNDERSVILLE RD,,,,0.00,N,Not at Intersection,N,Non-Junction,None,,,         ,Emily,Mulready,Clear,Angle,no,no,no,no,yes,False
102075060,METROPOLITAN NASHVILLE POLICE DEPT,20180608435,Davidson,Nashville,7/13/2018 12:00:00 AM,1,1,0,36.081120,-86.715380,HARDING PL,,,,76.00,Feet,West,HUMBER DR,,,,0.00,N,Not at Intersection,N,Non-Junction,None,,,         ,Ciarra,Rench,Clear,Not Collision with Motor Vehicle in Transport,yes,no,no,no,yes,False
102075080,METROPOLITAN NASHVILLE POLICE DEPT,20180608682,Davidson,Nashville,7/15/2018 1:00:00 AM,1,0,0,36.142070,-86.711340,I 40,,,,0.00,,,,,,,214.15,N,Not at Intersection,N,Non-Junction,None,,,         ,Ralph,Smith IV,Clear,Not Collision with Motor Vehicle in Transport,no,no,no,no,no,False
102075081,METROPOLITAN NASHVILLE POLICE DEPT,20180608422,Davidson,Not in City Limit,7/14/2018 10:51:00 PM,2,0,0,36.268640,-86.689980,MYATT DR,,,,271.00,Feet,South,ROOSEVELT AV,,,,0.00,N,Not at Intersection,N,Non-Junction,None,,,         ,Coleman,McKellar,Clear,Other,no,no,no,no,yes,False
102075082,METROPOLITAN NASHVILLE POLICE DEPT,20180608536,Davidson,Nashville,7/15/2018 12:00:00 AM,1,1,0,36.172100,-86.799010,I65 N ENT RAMP,,,,0.00,,,I 40,,,,0.00,Y,Y-Intersection,Y,Entrance/Exit Ramp Related,None,,,         ,Christopher,Royer,Clear,Not Collision with Motor Vehicle in Transport,no,no,no,no,no,False
102075083,METROPOLITAN NASHVILLE POLICE DEPT,20180608471,Davidson,Nashville,7/14/2018 11:30:00 PM,2,0,0,36.080400,-86.717930,RECOVERY RD,,,,0.00,,,HARDING PL,,,,0.00,Y,Four-Way,N,Intersection-Related,None,,,         ,Autumn,Manning,Clear,Front to Rear,no,no,no,no,no,False
102075090,METROPOLITAN NASHVILLE POLICE DEPT,20180608713,Davidson,Not in City Limit,7/14/2018 11:00:00 PM,1,0,0,36.267170,-86.703430,CUMBERLAND AV,,,,29.00,Feet,East,DELAWARE AV,,,,0.00,N,Not at Intersection,N,Non-Junction,None,,,         ,Bryant,Presley,Clear,Not Collision with Motor Vehicle in Transport,no,no,no,no,yes,False
102075105,METROPOLITAN NASHVILLE POLICE DEPT,20180608783,Davidson,Nashville,7/15/2018 2:03:00 AM,1,1,0,36.153140,-86.795720,WEST END AV,,,,95.00,Feet,East,18TH AVS,,,,0.00,N,Not at Intersection,N,Non-Junction,None,,,         ,Craig,Oakley,Clear,Not Collision with Motor Vehicle in Transport,yes,no,no,no,no,False
102075108,METROPOLITAN NASHVILLE POLICE DEPT,20180608872,Davidson,Nashville,7/15/2018 2:54:00 AM,1,0,0,36.168760,-86.813660,I 40,,,,0.00,,,,,,,206.90,N,Not at Intersection,N,Non-Junction,None,,,         ,Joshua,Green,Clear,Not Collision with Motor Vehicle in Transport,no,no,no,no,no,False
102075116,METROPOLITAN NASHVILLE POLICE DEPT,20180608741,Davidson,Nashville,7/15/2018 1:35:00 AM,2,1,0,36.172610,-86.768840,I24 W EXT RAMP,,,,0.00,Feet,East,I 24,,,,0.00,N,Not at Intersection,Y,Entrance/Exit Ramp Related,None,,,         ,Lindsey,Anderson,Clear,"Sideswipe, Same Direction",no,no,no,no,yes,False
102075132,METROPOLITAN NASHVILLE POLICE DEPT,20180608535,Davidson,Nashville,7/14/2018 8:34:00 PM,2,0,0,36.174060,-86.588370,CENTRAL VALLEY DR,,,,333.00,Feet,West,BROOKE VALLEY DR,,,,0.00,N,Not at Intersection,N,Non-Junction,None,,,         ,Nicolas,Pernell,Clear,HeadOn,no,no,no,no,yes,False
102075133,METROPOLITAN NASHVILLE POLICE DEPT,20180608917,Davidson,Nashville,7/15/2018 2:43:00 AM,2,0,0,36.157580,-86.793970,MCMILLIN ST,,,,131.00,Feet,North,16TH AVN,,,,0.00,N,Not at Intersection,N,Non-Junction,None,,,         ,Joseph,Jakes,Clear,Other,no,no,no,no,yes,False
102075135,METROPOLITAN NASHVILLE POLICE DEPT,20180608916,Davidson,Nashville,7/15/2018 2:20:00 AM,2,0,0,36.249120,-86.718480,E PALESTINE AV,,,,0.00,,,,,,,0.00,,,N,Non-Junction,None,,,         ,Bryant,Presley,Clear,Other,no,no,no,no,yes,False
102075149,METROPOLITAN NASHVILLE POLICE DEPT,20180608600,Davidson,Nashville,7/15/2018 12:37:00 AM,3,0,0,36.150970,-86.762150,CANNON ST,,,,0.00,Feet,North,CHARLES E DAVIS BLVD,,,,0.00,N,Not at Intersection,N,Non-Junction,None,,,         ,Tyler,Manivong,Clear,Angle,no,no,no,no,yes,False
102075151,METROPOLITAN NASHVILLE POLICE DEPT,20180608914,Davidson,Nashville,7/15/2018 3:30:00 AM,1,0,0,36.107150,-86.721270,NEESE DR,,,,182.00,Feet,West,GLENCLIFF RD,,,,0.00,N,Not at Intersection,N,Non-Junction,None,,,         ,Sandra,Fly,Clear,Not Collision with Motor Vehicle in Transport,no,no,no,no,yes,False
102075154,METROPOLITAN NASHVILLE POLICE DEPT,20180608852,Davidson,Nashville,7/15/2018 2:25:00 AM,2,1,0,36.157110,-86.774670,4TH AVS,,,,0.00,Feet,,KOREAN VETERANS BLVD,,,,0.00,Y,Four-Way,N,Intersection,None,,,         ,Damon,Hutcheson,Clear,HeadOn,no,no,no,no,no,False
102075160,METROPOLITAN NASHVILLE POLICE DEPT,20180608919,Davidson,Nashville,7/15/2018 3:06:00 AM,2,0,0,36.066540,-86.718320,NORTHCREST DR,,,,122.00,Feet,West,NOLENSVILLE PKE,,,,0.00,N,Not at Intersection,N,"Driveway, Alley Access, etc",None,,,         ,Nakia,Reid,Clear,Front to Rear,no,no,no,yes,yes,False
102075168,METROPOLITAN NASHVILLE POLICE DEPT,20180608579,Davidson,Nashville,7/15/2018 12:24:00 AM,2,0,0,36.148560,-86.760210,J C NAPIER CT,,,,90.00,Feet,North,LAFAYETTE ST,,,,0.00,N,Not at Intersection,N,Non-Junction,None,,,         ,Tyler,Manivong,Clear,Front to Rear,no,no,no,yes,yes,False
102075172,METROPOLITAN NASHVILLE POLICE DEPT,20180608957,Davidson,Nashville,7/15/2018 4:05:00 AM,1,0,0,36.150770,-86.770550,4TH AVS,,,,54.00,Feet,South,I40 W ENT RAMP,,,,0.00,N,Not at Intersection,N,Non-Junction,None,,,         ,Brenna,Hosey,Clear,Not Collision with Motor Vehicle in Transport,no,no,no,no,yes,False
102075178,METROPOLITAN NASHVILLE POLICE DEPT,20180608738,Davidson,Nashville,7/15/2018 1:30:00 AM,2,0,0,36.176560,-86.770150,SPRING ST,,,,51.00,Feet,East,DICKERSON PKE,,,,0.00,N,Not at Intersection,N,OtherLocation,None,,,         ,Landon,Bagwell,Clear,Front to Rear,no,no,no,no,no,False
102075193,METROPOLITAN NASHVILLE POLICE DEPT,20180608815,Davidson,Nashville,7/15/2018 12:00:00 AM,3,0,0,36.115630,-86.705080,BRILEY PKWYS,,,,321.00,Feet,East,BRILEY PKWYN,,,,0.00,N,Not at Intersection,N,Non-Junction,None,,,         ,Sharissa,Perez,Clear,Front to Rear,no,no,no,no,yes,False
102075203,METROPOLITAN NASHVILLE POLICE DEPT,2018-0609188,Davidson,Not in City Limit,7/15/2018 7:00:00 AM,1,1,0,36.258230,-86.738450,I 65,,,,0.00,,,,,,,91.80,N,Not at Intersection,N,Non-Junction,None,,,         ,Travis,Baxter,Rain,Not Collision with Motor Vehicle in Transport,no,no,no,no,no,False
102075234,METROPOLITAN NASHVILLE POLICE DEPT,20180609245,Davidson,Nashville,7/15/2018 7:35:00 AM,1,0,0,36.145680,-86.645660,I 40,,,,0.00,,,,,,,217.10,N,Not at Intersection,N,Non-Junction,None,,,         ,Tien,Nguyen,Rain,Not Collision with Motor Vehicle in Transport,no,no,no,no,no,False
102075262,METROPOLITAN NASHVILLE POLICE DEPT,20180609263,Davidson,Nashville,7/15/2018 7:44:00 AM,1,1,0,36.141990,-86.677960,I 40,,,,0.00,,,,,,,216.00,N,Not at Intersection,N,Non-Junction,None,,,         ,Michael,Brooks,Rain,Not Collision with Motor Vehicle in Transport,no,no,no,no,no,False
102075266,METROPOLITAN NASHVILLE POLICE DEPT,20180609346,Davidson,Nashville,7/15/2018 8:40:00 AM,1,0,0,36.130060,-86.727050,I 24,,,,0.00,,,,,,,52.20,N,Not at Intersection,N,Non-Junction,None,,,         ,Brandon,Evans,Rain,Not Collision with Motor Vehicle in Transport,no,no,no,no,no,False
102075267,METROPOLITAN NASHVILLE POLICE DEPT,20180609303,Davidson,Not in City Limit,7/15/2018 8:00:00 AM,2,0,0,36.079570,-86.953510,HIGHWAY 70S,,,,0.00,,,COLEY DAVIS RD,,,,0.00,Y,Four-Way, ,Intersection-Related,None,,,         ,Douglas,Atwood,Rain,Unknown,no,no,no,no,no,False
102075272,METROPOLITAN NASHVILLE POLICE DEPT,20180609372,Davidson,Nashville,7/15/2018 8:50:00 AM,1,1,0,36.093840,-86.706410,I 24,,,,0.00,,,,,,,55.05,N,Not at Intersection,N,Non-Junction,None,,,         ,Stephen,Soule,Rain,Not Collision with Motor Vehicle in Transport,no,no,no,no,no,False
102075274,METROPOLITAN NASHVILLE POLICE DEPT,20180609197,Davidson,Nashville,7/15/2018 7:08:00 AM,1,1,0,36.152100,-86.777200,MIDDLETON ST,,,,195.00,Feet,East,7TH AVS,,,,0.00,N,Not at Intersection,N,Non-Junction,None,,,         ,Joshua,Asbell,Rain,Not Collision with Motor Vehicle in Transport,yes,no,no,yes,yes,False
102075291,METROPOLITAN NASHVILLE POLICE DEPT,20180609349,Davidson,Nashville,7/15/2018 7:44:00 AM,2,1,0,36.144030,-86.692570,I40 E ENT RAMP,,,,0.00,Feet,East,I 40,,,,0.00,N,Not at Intersection,N,Non-Junction,None,,,         ,Gabriel,Vasquez,Rain,Angle,no,no,no,no,no,False
102075296,METROPOLITAN NASHVILLE POLICE DEPT,20180609377,Davidson,Nashville,7/15/2018 8:57:00 AM,2,0,0,36.082710,-86.698070,I 24,,,,0.00,,,,,,,56.00,N,Not at Intersection, ,Non-Junction,None,,,         ,Amy,Hirschmann,Rain,Angle,no,no,no,no,no,False
102075299,METROPOLITAN NASHVILLE POLICE DEPT,20180609351,Davidson,Nashville,7/15/2018 8:40:00 AM,1,1,0,36.187920,-86.794120,I 65,,,,0.00,,,,,,,85.45,N,Not at Intersection,N,Non-Junction,None,,,         ,Patrick,Taylor,Rain,Not Collision with Motor Vehicle in Transport,no,no,no,no,no,False
102075301,METROPOLITAN NASHVILLE POLICE DEPT,20180609451,Davidson,Nashville,7/15/2018 9:53:00 AM,2,0,0,36.184200,-86.610310,ANDREW JACKSON PKWY,,,,225.00,Feet,North,OLD HICKORY BLVD,,,,0.00,N,Not at Intersection,N,Non-Junction,None,,,         ,Cassandra,Del Bosco,Cloudy,Front to Rear,no,no,no,no,yes,False
102075302,METROPOLITAN NASHVILLE POLICE DEPT,20180609399,Davidson,Antioch,7/15/2018 8:56:00 AM,2,0,0,36.013170,-86.620940,I24 E EXT RAMP,,,,120.00,Feet,North,I 24,,,,0.00,N,Not at Intersection, ,Non-Junction,None,,,         ,Brandon,Vance,Rain,"Sideswipe, Same Direction",no,no,no,no,no,False
102075308,METROPOLITAN NASHVILLE POLICE DEPT,20180609276,Davidson,Nashville,7/15/2018 7:35:00 AM,2,0,0,36.165400,-86.763890,I24 W ENT RAMP,,,,0.00,Feet,East,I 24,,,,0.00,N,Not at Intersection,N,Non-Junction,None,,,         ,Faye,Denson,Rain,Angle,no,no,no,no,no,False
102075333,METROPOLITAN NASHVILLE POLICE DEPT,20180609052,Davidson,Nashville,7/15/2018 4:30:00 AM,2,0,0,36.034730,-86.707200,CEDARMONT DR,,,,88.00,Feet,North,CEDARVIEW DR,,,,0.00,N,Not at Intersection, ,Non-Junction,None,,,         ,Brandon,Evans,Clear,Angle,no,no,no,no,no,False
102075360,METROPOLITAN NASHVILLE POLICE DEPT,20180609519,Davidson,Nashville,7/15/2018 12:00:00 AM,2,0,0,36.081940,-86.718320,JONQUIL DR,,,,374.00,Feet,North,WELCH RD,,,,0.00,N,Not at Intersection,N,Non-Junction,None,,,         ,Amy,Hirschmann,Unknown,Unknown,no,no,no,no,yes,False
102075370,GOODLETTSVILLE POLICE DEPT,18-24640,Davidson,Goodlettsville,7/15/2018 10:15:00 AM,2,0,0,36.323080,-86.707660,LONG HOLLOW PKE,,,,25.00,Feet,West,CARTWRIGHT ST,,,,0.00,N,Not at Intersection,N,Non-Junction,None,,,         ,Jeremy,Baker,Rain,Front to Rear,no,no,no,no,no,False
102075372,METROPOLITAN NASHVILLE POLICE DEPT,20180609598,Davidson,Nashville,7/15/2018 11:25:00 AM,2,0,0,36.186770,-86.631640,CENTRAL PKE,,,,0.00,,,LEBANON PKE,,,,0.00,Y,Four-Way, ,Intersection-Related,None,,,         ,Tien,Nguyen,Rain,Angle,no,no,no,no,no,False
102075377,METROPOLITAN NASHVILLE POLICE DEPT,20180609632,Davidson,Not in City Limit,7/15/2018 11:45:00 AM,2,0,0,36.080810,-86.955610,HIGHWAY 70S,,,,134.00,Feet,West,I40 E ENT RAMP,,,,0.00,N,Not at Intersection, ,Non-Junction,None,,,         ,Douglas,Atwood,Cloudy,"Sideswipe, Same Direction",no,no,no,no,no,False
102075382,METROPOLITAN NASHVILLE POLICE DEPT,20180609366,Davidson,Nashville,7/15/2018 8:44:00 AM,1,0,0,36.120130,-86.766040,I 440,,,,0.00,,,,,,,5.40,N,Not at Intersection,N,Non-Junction,None,,,         ,Carlos,angulo,Rain,Not Collision with Motor Vehicle in Transport,no,no,no,no,no,False
102075393,METROPOLITAN NASHVILLE POLICE DEPT,20180609640,Davidson,Nashville,7/15/2018 11:57:00 AM,2,0,0,36.234630,-86.799820,BRILEY PKWYE,,,,456.00,Feet,West,BRILEY PKWYW,,,,0.00,N,Not at Intersection, ,Non-Junction,None,,,         ,Brandon,Tennant,Rain,"Sideswipe, Same Direction",no,no,no,no,no,False
102075395,METROPOLITAN NASHVILLE POLICE DEPT,20180609637,Davidson,Nashville,7/15/2018 11:52:00 AM,2,1,0,36.209590,-86.872650,ASHLAND CITY HWY WB EXT RAMP,,,,0.00,,,ASHLAND CITY HWY EB EXT RAMP,,,,0.00,Y,OTHER, ,Entrance/Exit Ramp Related,None,,,         ,William,Coy,Rain,Front to Rear,no,no,no,no,no,False
102075402,METROPOLITAN NASHVILLE POLICE DEPT,20180609555,Davidson,Nashville,7/15/2018 10:55:00 AM,2,1,0,36.157640,-86.874680,ROBERTSON AV,,,,0.00,,,CROLEY DR,,,,0.00,Y,Four-Way,N,Non-Junction,None,,,         ,Darren,Key,Cloudy,Angle,no,no,no,no,no,False
102075403,METROPOLITAN NASHVILLE POLICE DEPT,20180609628,Davidson,Nashville,7/15/2018 11:48:00 AM,2,1,0,36.175110,-86.765720,SPRING ST,,,,40.00,Feet,East,ELLINGTON PKWY N ENT RAMP,,,,0.00,N,Not at Intersection, ,Non-Junction,None,,,         ,Joseph,Progar,Rain,Front to Rear,no,no,no,no,no,False
102075420,METROPOLITAN NASHVILLE POLICE DEPT,20180609652,Davidson,Nashville,7/15/2018 12:10:00 PM,2,0,0,36.235150,-86.798600,BRILEY PKWYE,,,,295.00,Feet,North,BRILEY PKWYW,,,,0.00,N,Not at Intersection, ,Non-Junction,None,,,         ,Royce,McLester,Rain,"Sideswipe, Same Direction",no,no,no,no,no,False
102075421,METROPOLITAN NASHVILLE POLICE DEPT,20180609664,Davidson,Antioch,7/15/2018 11:33:00 AM,2,0,0,36.013440,-86.620690,I24 E EXT RAMP,,,,0.00,,,I 24,,,,0.00,Y,Four-Way,Y,Entrance/Exit Ramp Related,None,,,         ,Stephen,Soule,Rain,Angle,no,no,no,no,no,False
102075457,METROPOLITAN NASHVILLE POLICE DEPT,20180609646,Davidson,Nashville,7/15/2018 12:06:00 PM,1,0,0,36.140830,-86.659060,I 40,,,,0.00,,,,,,,217.95,N,Not at Intersection, ,Non-Junction,None,,,         ,Gabriel,Vasquez,Rain,Not Collision with Motor Vehicle in Transport,no,no,no,no,no,False
102075490,METROPOLITAN NASHVILLE POLICE DEPT,20180609522,Davidson,Nashville,7/15/2018 10:33:00 AM,1,0,0,36.196630,-86.752490,ELLINGTON PKWYS,,,,75.00,Feet,East,ELLINGTON PKWYN,,,,0.00,N,Not at Intersection,N,Non-Junction,None,,,         ,Nathan,Mayo,Rain,Not Collision with Motor Vehicle in Transport,no,no,no,no,no,False
102075492,METROPOLITAN NASHVILLE POLICE DEPT,20180609679,Davidson,Nashville,7/15/2018 12:30:00 PM,2,1,0,36.205090,-86.690870,OPRY MILLS DR,,,,246.00,Feet,West,OPRYLAND DR,,,,0.00,N,Not at Intersection, ,Non-Junction,None,,,         ,Gerry,Hutcheson,Rain,Angle,no,no,no,yes,no,False
102075503,METROPOLITAN NASHVILLE POLICE DEPT,20180609549,Davidson,Nashville,7/15/2018 10:48:00 AM,2,0,0,36.195400,-86.723380,RIVERSIDE DR,,,,7.00,Feet,North,PORTER RD,,,,0.00,N,Not at Intersection, ,Non-Junction,None,,,         ,Michael,Agee,Cloudy,Angle,no,no,no,no,yes,False
102075504,METROPOLITAN NASHVILLE POLICE DEPT,20180609291,Davidson,Not in City Limit,7/15/2018 12:00:00 AM,1,0,0,36.006560,-86.703200,BLUFF RD,,,,790.00,Feet,West,CULBERTSON RD,,,,0.00,N,Not at Intersection,N,Non-Junction,None,,,         ,Samuel,Miller,Unknown,Not Collision with Motor Vehicle in Transport,no,no,no,no,yes,False
102075520,METROPOLITAN NASHVILLE POLICE DEPT,20180609693,Davidson,Nashville,7/15/2018 12:46:00 PM,2,0,0,36.197270,-86.771420,MARIE ST,,,,0.00,,,DICKERSON PKE,,,,0.00,Y,T-Intersection,N,Intersection,None,,,         ,Doyle,Price,Rain,Angle,no,no,no,no,yes,False
102075565,METROPOLITAN NASHVILLE POLICE DEPT,20180609714,Davidson,Nashville,7/15/2018 1:06:00 PM,2,1,0,36.054500,-86.667260,HICKORY HOLLOW PKWY,,,,1835.00,Feet,South,MT VIEW RD,,,,0.00,N,Not at Intersection,N,Non-Junction,None,,,         ,Jason,Hees,Rain,Angle,no,no,no,no,no,False
102075582,METROPOLITAN NASHVILLE POLICE DEPT,20180609535,Davidson,Nashville,7/15/2018 10:45:00 AM,2,3,0,36.193080,-86.777270,I 65,,,,0.00,,,,,,,86.50,N,Not at Intersection,Y,Entrance/Exit Ramp Related,None,,,         ,James,Wray,Rain,"Sideswipe, Same Direction",no,no,no,no,no,False
102075589,METROPOLITAN NASHVILLE POLICE DEPT,20180609676,Davidson,Nashville,7/15/2018 12:29:00 PM,2,0,0,36.076820,-86.694510,I 24,,,,0.00,,,,,,,56.45,N,Not at Intersection,N,Non-Junction,None,,,         ,Amy,Hirschmann,Rain,Front to Rear,no,no,no,no,no,False
102075651,METROPOLITAN NASHVILLE POLICE DEPT,20180609815,Davidson,Nashville,7/15/2018 2:20:00 PM,2,0,0,36.086580,-86.771960,FRANKLIN PKE,,,,1.00,Feet,North,HARDING PL,,,,0.00,N,Not at Intersection, ,Non-Junction,None,,,         ,Conor,Cronin,Rain,"Sideswipe, Same Direction",no,no,no,no,no,False
102075657,METROPOLITAN NASHVILLE POLICE DEPT,20180609851,Davidson,Nashville,7/15/2018 2:30:00 PM,2,0,0,36.184530,-86.612270,OLD HICKORY BLVD,,,,571.00,Feet,West,ANDREW JACKSON PKWY,,,,0.00,N,Not at Intersection, ,,None,,,         ,Steven,Folliard,,,no,no,no,yes,no,False