master_record_number,agency,agency_tracking_number,county,city,collision_date,vehicles_involved,number_injured,number_dead,latitude,longitude,roadway_name,roadway_suffix,roadway_number,roadway_local_id,distance_from_reference,miles-feet_indicator,direction_from_reference,intersection_road_name,intersection_road_name_suffix,intersection_road_number,intersection_local_id,mile_marker,intersection_indicator,intersect_type,interchange_related_indicator,relation_to_junction,work_zone_type,construction_maintenance_zone,construction_maintenance_zone_location,fatal_case_number,officer_first_name,officer_last_name,weather_condition(s),manner_of_crash,pedestrian,bicycle,scooter,parking,hitrun,mou
102079979,METROPOLITAN NASHVILLE POLICE DEPT,20180622588,Davidson,Nashville,7/19/2018 4:51:00 PM,2,0,0,36.134120,-86.779110,8TH AVS,,,,59.00,Feet,South,WEDGEWOOD AV,,,,0.00,N,Not at Intersection, ,Non-Junction,None,,,         ,Akira,McSwain,Clear,Angle,no,no,no,no,no,False
102079981,METROPOLITAN NASHVILLE POLICE DEPT,20180622693,Davidson,Nashville,7/19/2018 5:39:00 PM,2,0,0,36.154830,-86.763340,LINDSLEY AV,,,,0.00,,,ANTHES DR,,,,0.00,Y,Four-Way, ,Intersection,None,,,         ,Brynn,Cellan,Clear,Front to Rear,no,no,no,no,no,False
102079998,METROPOLITAN NASHVILLE POLICE DEPT,20180622510,Davidson,Nashville,7/19/2018 4:40:00 PM,2,0,0,36.167970,-86.818130,JEFFERSON ST,,,,161.00,Feet,East,27TH AVN,,,,0.00,N,Not at Intersection,N,Non-Junction,None,,,         ,Christopher,Dickerson,Clear,Angle,no,no,no,no,yes,False
102080006,METROPOLITAN NASHVILLE POLICE DEPT,20180622131,Davidson,Nashville,7/19/2018 2:49:00 PM,2,3,0,36.192320,-86.616300,JUAREZ DR,,,,0.00,,,OLD HICKORY BLVD,,,,0.00,Y,Four-Way,N,Intersection,None,,,         ,Dontaveous,Eubanks,Clear,HeadOn,no,no,no,no,no,False
102080064,METROPOLITAN NASHVILLE POLICE DEPT,20180622533,Davidson,Nashville,7/19/2018 4:45:00 PM,2,0,0,36.215710,-86.606760,SHUTE LN,,,,0.00,,,,,,,0.00,,, ,,None,,,         ,Jessica,Johann,,,no,no,no,yes,no,False
102080078,METROPOLITAN NASHVILLE POLICE DEPT,20180622790,Davidson,Not in City Limit,7/19/2018 5:41:00 PM,1,0,0,36.318380,-86.884510,OLD CLARKSVILLE PKE,,,,1085.00,Feet,East,CLARKSVILLE PKE,,,,0.00,N,Not at Intersection, ,Non-Junction,None,,,         ,Justin,Vaughn,Clear,Not Collision with Motor Vehicle in Transport,no,no,no,no,no,False
102080116,METROPOLITAN NASHVILLE POLICE DEPT,20180622708,Davidson,Nashville,7/19/2018 6:31:00 PM,1,0,0,36.163440,-86.791320,11TH AVN,,,,0.00,,,NELSON MERRY ST,,,,0.00,Y,Four-Way,N,Intersection-Related,Construction Zone,Work On Shoulder Or Median,Unknown,         ,Phillip,Box,Clear,Not Collision with Motor Vehicle in Transport,no,no,no,no,no,False
102080117,METROPOLITAN NASHVILLE POLICE DEPT,20180622618,Davidson,Nashville,7/19/2018 4:55:00 PM,2,0,0,36.189480,-86.775400,I 24,,,,0.00,,,,,,,46.90,N,Not at Intersection, ,Non-Junction,None,,,         ,Riley,Brewer,Clear,Front to Rear,no,no,no,no,no,False
102080118,METROPOLITAN NASHVILLE POLICE DEPT,20180622707,Davidson,Nashville,7/19/2018 6:10:00 PM,2,0,0,36.128180,-86.789070,12TH AVS,,,,193.00,Feet,South,ASHWOOD AV,,,,0.00,N,Not at Intersection,N,Non-Junction,None,,,         ,Gary,Peters,Clear,"Sideswipe, Opposite Direction",no,no,no,no,yes,False
102080150,METROPOLITAN NASHVILLE POLICE DEPT,20180623090,Davidson,Nashville,7/19/2018 9:00:00 PM,1,0,0,36.148360,-86.777040,I 40,,,,0.00,,,,,,,210.00,N,Not at Intersection, ,Non-Junction,Construction Zone,,,         ,Akira,McSwain,Clear,Not Collision with Motor Vehicle in Transport,no,no,no,no,no,False
102080201,METROPOLITAN NASHVILLE POLICE DEPT,20180623047,Davidson,Nashville,7/19/2018 6:16:00 PM,2,0,0,36.058860,-86.716200,NOLENSVILLE PKE,,,,76.00,Feet,South,TUSCULUM RD,,,,0.00,N,Not at Intersection,N,Non-Junction,None,,,         ,Marcus,Darden,Clear,Front to Rear,no,no,no,no,no,False
102080202,METROPOLITAN NASHVILLE POLICE DEPT,20180622936,Davidson,Nashville,7/19/2018 5:15:00 PM,2,0,0,36.214980,-86.591200,LEBANON PKE,,,,807.00,Feet,West,ANDREW JACKSON PKWY,,,,0.00,N,Not at Intersection, ,Non-Junction,None,,,         ,Destiny,Zunic,Clear,Angle,no,no,no,no,no,False
102080209,METROPOLITAN NASHVILLE POLICE DEPT,20180623094,Davidson,Nashville,7/19/2018 9:14:00 PM,2,1,0,36.106230,-86.718860,I 24,,,,0.00,,,,,,,54.00,N,Not at Intersection,N,Non-Junction,None,,,         ,Johnathon,Birdwell,Clear,Angle,no,no,no,no,yes,False
102080216,METROPOLITAN NASHVILLE POLICE DEPT,20180622527,Davidson,Nashville,7/19/2018 12:00:00 AM,2,0,0,36.238980,-86.777470,BRILEY PKWYE,,,,179.00,Feet,East,BRILEY PKWYW,,,,0.00,N,Not at Intersection,N,Non-Junction,None,,,         ,Joel,Callies,Clear,Front to Rear,no,no,no,no,no,False
102080276,METROPOLITAN NASHVILLE POLICE DEPT,20180623411,Davidson,Nashville,7/19/2018 11:01:00 PM,2,1,0,36.151870,-86.791470,DIVISION ST,,,,45.00,Feet,East,MUSIC SQE,,,,0.00,N,Not at Intersection, ,Non-Junction,None,,,         ,Randall,Atkinson,Clear,"Sideswipe, Same Direction",no,no,no,no,no,False
102080279,METROPOLITAN NASHVILLE POLICE DEPT,20180623375,Davidson,Nashville,7/19/2018 12:00:00 AM,1,0,0,36.228150,-86.810950,WHITES CREEK PKE,,,,1672.00,Feet,North,AUGUSTA DR,,,,0.00,N,Not at Intersection,N,Non-Junction,None,,,         ,Daniel,Kallman,Clear,Not Collision with Motor Vehicle in Transport,no,no,no,no,yes,False
102080289,METROPOLITAN NASHVILLE POLICE DEPT,20180623290,Davidson,Nashville,7/19/2018 9:21:00 PM,2,0,0,36.160760,-86.793690,14TH AVN,,,,0.00,,,CHARLOTTE AV,,,,0.00,Y,Four-Way, ,Intersection,None,,,         ,Eric,Westbrook,Clear,Angle,no,no,no,no,no,False
102080314,METROPOLITAN NASHVILLE POLICE DEPT,20180623845,Davidson,Nashville,7/20/2018 3:25:00 AM,1,0,0,36.186990,-86.822410,ED TEMPLE BLVD,,,,440.00,Feet,South,ROSA L PARKS BLVD,,,,0.00,N,Not at Intersection,N,Non-Junction,None,,,         ,William,Erickson,Clear,Not Collision with Motor Vehicle in Transport,no,no,no,no,no,False
102080315,METROPOLITAN NASHVILLE POLICE DEPT,20180622789,Davidson,Nashville,7/19/2018 12:00:00 AM,2,0,0,36.210090,-86.778600,BRICK CHURCH PKE,,,,0.00,,,,,,,0.00,,,N,Non-Junction,None,,,         ,Nicholas,MacDougall,Clear,Unknown,no,no,no,yes,yes,False
102080331,METROPOLITAN NASHVILLE POLICE DEPT,20180623505,Davidson,Nashville,7/20/2018 12:25:00 AM,2,0,0,36.228920,-86.591340,SAUNDERSVILLE RD,,,,0.00,,,WOODSIDE DR,,,,0.00,Y,Four-Way, ,Intersection,None,,,         ,Emily,Mulready,Clear,HeadOn,no,no,no,no,no,False
102080363,METROPOLITAN NASHVILLE POLICE DEPT,20180623803,Davidson,Nashville,7/20/2018 3:17:00 AM,1,1,0,36.069040,-86.681820,RICHARDS RD,,,,184.00,Feet,West,CUMMINGS PARK DR,,,,0.00,N,Not at Intersection,N,Non-Junction,None,,,         ,William,Williams,Clear,Not Collision with Motor Vehicle in Transport,no,no,no,yes,yes,False
102080401,METROPOLITAN NASHVILLE POLICE DEPT,20180623527,Davidson,Nashville,7/20/2018 12:00:00 AM,1,0,0,36.230210,-86.763760,EWING DR,,,,615.00,Feet,South,RICH ACRES DR,,,,0.00,N,Not at Intersection,N,Non-Junction,None,,,         ,Amanda,Hane,Clear,Not Collision with Motor Vehicle in Transport,no,no,no,no,yes,False
102080419,METROPOLITAN NASHVILLE POLICE DEPT,20180623526,Davidson,Nashville,7/20/2018 12:15:00 AM,2,0,0,36.084370,-86.703210,LARGO DR,,,,0.00,Feet,West,TRAVELERS INN DR,,,,0.00,N,Not at Intersection, ,Non-Junction,None,,,         ,Nopel,Stella,Clear,"Sideswipe, Opposite Direction",no,no,no,no,no,False
102080453,BERRY HILL POLICE DEPT,18-2510,Davidson,Berry Hill,7/19/2018 1:40:00 PM,2,0,0,36.112330,-86.767020,THOMPSON LN,,,,0.00,,,BRANSFORD AV,,,,0.00,Y,Four-Way, ,Non-Junction,None,,,         ,Larry,Carter,Cloudy,"Sideswipe, Same Direction",no,no,no,no,no,False
102080459,METROPOLITAN NASHVILLE POLICE DEPT,20180624025,Davidson,Antioch,7/20/2018 5:10:00 AM,2,1,0,36.053890,-86.618200,MURFREESBORO,PINE,,,0.00,,,MT VIEW,RD,,,0.00,Y,Four-Way,N,Intersection,None,,,         ,Sandra,Fly,Clear,Angle,no,no,no,no,no,False
102080468,METROPOLITAN NASHVILLE POLICE DEPT,20180624247,Davidson,Nashville,7/20/2018 7:15:00 AM,2,0,0,36.186300,-86.798390,ROSA L PARKS BLVD,,,,69.00,Feet,North,I65 S EXT RAMP,,,,0.00,N,Not at Intersection,N,Entrance/Exit Ramp Related,None,,,         ,Brian,Mclarty,Clear,"Sideswipe, Same Direction",no,no,no,no,yes,False
102080470,METROPOLITAN NASHVILLE POLICE DEPT,20180624166,Davidson,Nashville,7/20/2018 6:20:00 AM,2,1,0,36.166110,-86.781290,CHARLOTTE AV,,,,196.00,Feet,West,4TH AVN,,,,0.00,N,Not at Intersection,N,Non-Junction,None,,,         ,Kyle,Eicholtz,Clear,Angle,no,no,no,no,no,False
102080479,METROPOLITAN NASHVILLE POLICE DEPT,20180624302,Davidson,Nashville,7/20/2018 7:51:00 AM,2,0,0,36.140790,-86.738190,MURFREESBORO PKE,,,,0.00,,,TRANSIT AV,,,,0.00,Y,T-Intersection,N,Intersection,None,,,         ,Michael,Dance,Clear,Front to Rear,no,no,no,no,no,False
102080481,METROPOLITAN NASHVILLE POLICE DEPT,20180624332,Davidson,Nashville,7/20/2018 12:00:00 AM,1,0,0,36.167120,-86.780380,JAMES ROBERTSON PKWY,,,,195.00,Feet,East,4TH AVN,,,,0.00,N,Not at Intersection, ,,None,,,         ,Robert,Schohn,,,no,no,no,no,no,False
102080487,METROPOLITAN NASHVILLE POLICE DEPT,20180624308,Davidson,Nashville,7/20/2018 7:50:00 AM,2,0,0,36.115910,-86.785360,I 440,,,,0.00,,,,,,,4.25,N,Not at Intersection, ,Non-Junction,None,,,         ,Jonathan,Nicholson,Clear,Front to Rear,no,no,no,no,no,False
102080488,METROPOLITAN NASHVILLE POLICE DEPT,20180624228,Davidson,Nashville,7/20/2018 7:00:00 AM,1,0,0,36.032030,-86.756640,CLOVERLAND DR,,,,198.00,Feet,East,PORTSMOUTH CV,,,,0.00,N,Not at Intersection, ,Non-Junction,None,,,         ,Jon,Mcvey,Clear,Not Collision with Motor Vehicle in Transport,no,no,no,no,no,False
102080489,METROPOLITAN NASHVILLE POLICE DEPT,20180624318,Davidson,Nashville,7/20/2018 12:00:00 AM,2,0,0,36.072690,-86.745550,DANBY DR,,,,646.00,Feet,South,BLACKMAN RD,,,,0.00,N,Not at Intersection,N,Non-Junction,None,,,         ,Jon,Mcvey,Unknown,Unknown,no,no,no,no,yes,False
102080493,METROPOLITAN NASHVILLE POLICE DEPT,20180621985,Davidson,OTHER,7/19/2018 1:25:00 PM,2,0,0,36.013420,-86.620710,I24 E EXT RAMP,,,,0.00,,,I 24,,,,0.00,Y,T-Intersection, ,Non-Junction,None,,,         ,Eric,Keller,Clear,"Sideswipe, Same Direction",no,no,no,no,no,False
102080498,METROPOLITAN NASHVILLE POLICE DEPT,20180624347,Davidson,Not in City Limit,7/20/2018 8:20:00 AM,2,0,0,36.036980,-86.973580,MCCRORY LN,,,,86.00,Feet,North,NATCHEZ TRACE PKWY EXT RAMP,,,,0.00,N,Not at Intersection,N,Non-Junction,None,,,         ,Curtis,Rich,Clear,Front to Rear,no,no,no,no,no,False
102080507,METROPOLITAN NASHVILLE POLICE DEPT,20180624263,Davidson,Nashville,7/20/2018 7:26:00 AM,3,0,0,36.140580,-86.722190,I 40,,,,0.00,,,,,,,213.50,N,Not at Intersection,N,Non-Junction,None,,,         ,Ralph,Harvey,Clear,Front to Rear,no,no,no,no,no,False
102080510,METROPOLITAN NASHVILLE POLICE DEPT,20180624244,Davidson,Nashville,7/20/2018 12:00:00 AM,2,0,0,36.218870,-86.833630,KINGS LN,,,,185.00,Feet,East,HAYNES PARK DR,,,,0.00,N,Not at Intersection,N,Non-Junction,None,,,         ,Kenneth,Oneal,Clear,Not Collision with Motor Vehicle in Transport,no,no,no,yes,yes,False
102080523,METROPOLITAN NASHVILLE POLICE DEPT,20180624310,Davidson,Nashville,7/20/2018 7:55:00 AM,2,1,0,36.106210,-86.673060,MURFREESBORO PKE,,,,0.00,,,DONELSON PKE,,,,0.00,Y,Four-Way,N,Intersection,None,,,         ,Terry,Denton,Clear,Front to Rear,no,no,no,no,no,False
102080561,METROPOLITAN NASHVILLE POLICE DEPT,20180624458,Davidson,Nashville,7/20/2018 9:00:00 AM,2,1,0,36.237880,-86.724120,GALLATIN PKES,,,,2.00,Feet,South,GALLATIN PKE SB EXT RAMP,,,,0.00,N,Not at Intersection,N,Non-Junction,None,,,         ,Brian,Otto,Cloudy,Angle,no,no,no,no,no,False
102080669,METROPOLITAN NASHVILLE POLICE DEPT,20180624590,Davidson,Nashville,7/20/2018 10:00:00 AM,2,1,0,36.152020,-86.792000,DIVISION ST,,,,131.00,Feet,West,MUSIC SQW,,,,0.00,N,Not at Intersection,N,Non-Junction,None,,,         ,Jon,Mcvey,Clear,Front to Rear,no,no,no,no,no,False
102080670,METROPOLITAN NASHVILLE POLICE DEPT,20180624761,Davidson,Nashville,7/20/2018 11:22:00 AM,2,0,0,36.107160,-86.813060,HILLSBORO PKE,,,,263.00,Feet,South,GREEN HILLS VILLAGE DR,,,,0.00,N,Not at Intersection, ,Non-Junction,None,,,         ,Curtis,Rich,Clear,Front to Rear,no,no,no,no,no,False
102080680,METROPOLITAN NASHVILLE POLICE DEPT,20180624651,Davidson,Nashville,7/20/2018 10:30:00 AM,2,0,0,36.223750,-86.871150,JORDAN RIDGE DR,,,,112.00,Feet,East,CATO RIDGE DR,,,,0.00,N,Not at Intersection, ,,None,,,         ,Brent,Hedgcoth,,,no,no,no,no,no,False
102080705,METROPOLITAN NASHVILLE POLICE DEPT,20180624792,Davidson,Nashville,7/20/2018 9:36:00 AM,2,0,0,36.171720,-86.651190,LEBANON PKE,,,,521.00,Feet,East,RIVERCREST PASS,,,,0.00,N,Not at Intersection,N,OtherLocation,None,,,         ,Larry,Benz,Clear,Rear to Rear,no,no,no,yes,yes,False
102080708,BELLE MEADE POLICE DEPT,18-0202,Davidson,Belle Meade,7/20/2018 10:39:00 AM,2,0,0,36.098370,-86.856810,BELLE MEADE BLVD,,,,0.00,,,IROQUOIS AV,,,,0.00,Y,OTHER, ,Intersection-Related,None,,,         ,Keith,Samol,Clear,Angle,no,no,no,no,no,False
102080712,METROPOLITAN NASHVILLE POLICE DEPT,20180624749,Davidson,Nashville,7/20/2018 11:30:00 AM,2,0,0,36.147360,-86.758110,LAFAYETTE ST,,,,58.00,Feet,West,FAIRFIELD AV,,,,0.00,N,Not at Intersection, ,Non-Junction,None,,,         ,Jessie,Meadows,Clear,Front to Rear,no,no,no,no,no,False
102080728,METROPOLITAN NASHVILLE POLICE DEPT,20180624872,Davidson,Nashville,7/20/2018 11:40:00 AM,2,0,0,36.089700,-86.806510,HARDING PL,,,,143.00,Feet,West,BELMONT PARK TER,,,,0.00,N,Not at Intersection, ,Non-Junction,None,,,         ,Jonathan,Nicholson,Clear,Front to Rear,no,no,no,no,no,False
102080800,METROPOLITAN NASHVILLE POLICE DEPT,20180624967,Davidson,Not in City Limit,7/20/2018 12:30:00 PM,2,0,0,36.227650,-86.971360,BULL RUN RD,,,,0.99,Miles,West,PINE VALLEY RD,,,,0.00,N,Not at Intersection, ,Non-Junction,None,,,         ,Brent,Hedgcoth,Clear,Front to Rear,no,no,no,no,no,False
102080855,METROPOLITAN NASHVILLE POLICE DEPT,20180624960,Davidson,Nashville,7/20/2018 12:35:00 PM,2,0,0,36.191270,-86.745080,GALLATIN AV,,,,184.00,Feet,North,GREENWOOD AV,,,,0.00,N,Not at Intersection, ,,None,,,         ,Joshua,Baker,,,no,no,no,no,no,False
102080892,METROPOLITAN NASHVILLE POLICE DEPT,20180624998,Davidson,Nashville,7/20/2018 12:52:00 PM,2,1,0,36.119030,-86.701500,BRILEY PKWY S ENT RAMP,,,,0.00,Feet,East,BRILEY PKWY S EXT RAMP,,,,0.00,N,Not at Intersection,N,Non-Junction,None,,,         ,Jessie,Meadows,Clear,Front to Rear,no,no,no,no,no,False
102080893,METROPOLITAN NASHVILLE POLICE DEPT,20180625037,Davidson,Nashville,7/20/2018 1:03:00 PM,2,0,0,36.153820,-86.784190,11TH AVS,,,,360.00,Feet,North,PINE ST,,,,0.00,N,Not at Intersection, ,Non-Junction,None,,,         ,Michael,Schlegel,Clear,Front to Rear,no,no,no,no,yes,False
102080894,METROPOLITAN NASHVILLE POLICE DEPT,20180625066,Davidson,Nashville,7/20/2018 12:38:00 PM,2,0,0,36.171210,-86.739700,BOSCOBEL ST,,,,112.00,Feet,East,S 17TH ST,,,,0.00,N,Not at Intersection, ,Non-Junction,None,,,         ,Ky,Luu,Cloudy,Rear to Side,no,no,no,no,no,False
102080910,METROPOLITAN NASHVILLE POLICE DEPT,20180591363,Davidson,Nashville,7/9/2018 3:40:00 AM,1,0,1,36.191840,-86.828250,CLARKSVILLE PKE,,,,295.00,Feet,East,CLIFF DR,,,,0.00,N,Not at Intersection,N,Non-Junction,None,,,18-0457  ,Donald,Davidson,Clear,Not Collision with Motor Vehicle in Transport,yes,no,no,no,yes,False
102080911,METROPOLITAN NASHVILLE POLICE DEPT,20180597430,Davidson,Nashville,7/11/2018 1:37:00 AM,1,0,1,36.150980,-86.768860,LAFAYETTE ST,,,,65.00,Feet,East,I40 E EXT RAMP,,,,0.00,N,Not at Intersection,N,Non-Junction,None,,,18-0492  ,Donald,Davidson,Clear,Not Collision with Motor Vehicle in Transport,yes,no,no,no,yes,False
102080912,METROPOLITAN NASHVILLE POLICE DEPT,20180586841,Davidson,Nashville,7/7/2018 10:04:00 AM,4,2,0,36.111640,-86.792700,WOODMONT BLVD,,,,33.00,Feet,West,GRANNY WHITE PKE,,,,0.00,N,Not at Intersection,N,Non-Junction,None,,,         ,Donald,Davidson,,Front to Rear,no,no,no,no,no,False
102080929,METROPOLITAN NASHVILLE POLICE DEPT,20180624869,Davidson,Nashville,7/20/2018 11:15:00 AM,2,0,0,36.161540,-86.792810,I40 W ENT RAMP,,,,130.00,Feet,North,CHARLOTTE AV,,,,0.00,N,Not at Intersection, ,Non-Junction,None,,,         ,Wesley,Henderson,Clear,Angle,no,no,no,no,no,False
102080931,METROPOLITAN NASHVILLE POLICE DEPT,20180625028,Davidson,Nashville,7/20/2018 1:06:00 PM,3,0,0,36.159520,-86.760050,I 24,,,,0.00,,,,,,,49.50,N,Not at Intersection, ,,None,,,         ,Jason,Thomas,,,no,no,no,no,no,False
102080940,METROPOLITAN NASHVILLE POLICE DEPT,2018-0624839,Davidson,Nashville,7/20/2018 11:47:00 AM,1,4,0,36.272040,-86.775410,BRICK CHURCH PKE,,,,609.00,Feet,North,BELL GRIMES LN,,,,0.00,N,Not at Intersection,N,Non-Junction,None,,,         ,Arthur,Hipp,Clear,Not Collision with Motor Vehicle in Transport,no,no,no,no,no,False
102080955,METROPOLITAN NASHVILLE POLICE DEPT,20180622376,Davidson,Nashville,7/19/2018 3:57:00 PM,3,0,0,36.191870,-86.780970,I 65,,,,0.00,,,,,,,86.25,N,Not at Intersection, ,Non-Junction,None,,,         ,William,Vincion,Clear,Front to Rear,no,no,no,no,no,False
102080959,METROPOLITAN NASHVILLE POLICE DEPT,20180625104,Davidson,Nashville,7/20/2018 2:00:00 PM,1,0,0,36.051490,-86.703390,OCALA DR,,,,147.00,Feet,East,COUNTRY DR,,,,0.00,N,Not at Intersection, ,,None,,,         ,Jessie,Meadows,,,no,no,no,no,no,False
102080960,METROPOLITAN NASHVILLE POLICE DEPT,20180625161,Davidson,Not in City Limit,7/20/2018 2:10:00 PM,1,0,0,36.154250,-86.950910,RIVER ROAD PKE,,,,156.00,Feet,North,RIVER ROAD PKE PVTDR,,,,0.00,N,Not at Intersection,N,Non-Junction,None,,,         ,Curtis,Rich,Clear,Not Collision with Motor Vehicle in Transport,no,no,no,no,no,False
102080981,METROPOLITAN NASHVILLE POLICE DEPT,20180625043,Davidson,Nashville,7/20/2018 1:11:00 PM,2,0,0,36.173860,-86.788810,JEFFERSON ST,,,,34.00,Feet,West,6TH AVN,,,,0.00,N,Not at Intersection, ,Non-Junction,None,,,         ,Kyle,Eicholtz,Clear,Angle,no,no,no,no,no,False
102081019,METROPOLITAN NASHVILLE POLICE DEPT,20180625125,Davidson,Nashville,7/20/2018 1:30:00 PM,2,0,0,36.153010,-86.796000,18TH AVS,,,,0.00,,,WEST END AV,,,,0.00,Y,Four-Way,N,Intersection-Related,None,,,         ,Jon,Mcvey,Clear,Front to Rear,no,no,no,no,no,False
102081020,METROPOLITAN NASHVILLE POLICE DEPT,20180624880,Davidson,Not in City Limit,7/20/2018 11:55:00 AM,2,0,0,36.005810,-86.686370,CARISSA DR,,,,177.00,Feet,North,CORALBERRY DR,,,,0.00,N,Not at Intersection, ,Non-Junction,None,,,         ,Eric,Keller,Clear,"Sideswipe, Same Direction",no,no,no,no,no,False
102081024,METROPOLITAN NASHVILLE POLICE DEPT,20180625170,Davidson,Nashville,7/20/2018 2:10:00 PM,2,0,0,36.044880,-86.663580,BELL RD,,,,609.00,Feet,West,CANE RIDGE RD,,,,0.00,N,Not at Intersection, ,Non-Junction,None,,,         ,Eric,Keller,Clear,Front to Rear,no,no,no,no,yes,False
102081031,METROPOLITAN NASHVILLE POLICE DEPT,20180625159,Davidson,Nashville,7/20/2018 2:08:00 PM,2,1,0,36.138400,-86.794090,16TH AVS,,,,334.00,Feet,North,MAGNOLIA BLVD,,,,0.00,N,Not at Intersection,N,Non-Junction,None,,,         ,Michael,McCord,Clear,"Sideswipe, Same Direction",no,no,no,no,no,False
102081032,METROPOLITAN NASHVILLE POLICE DEPT,20180625172,Davidson,Goodlettsville,7/20/2018 2:17:00 PM,2,0,0,36.302280,-86.692530,GALLATIN PKEN,,,,76.00,Feet,East,TWIN HILLS DR,,,,0.00,N,Not at Intersection, ,"Driveway, Alley Access, etc",None,,,         ,Cyretha,Frazier,Cloudy,Angle,no,no,no,no,no,False
102081033,METROPOLITAN NASHVILLE POLICE DEPT,20180625150,Davidson,Nashville,7/20/2018 1:15:00 PM,3,0,0,36.151730,-86.752110,I 40,,,,0.00,,,,,,,211.45,N,Not at Intersection,N,Non-Junction,None,,,         ,Michael,Dance,Clear,Front to Rear,no,no,no,no,no,False
102081094,METROPOLITAN NASHVILLE POLICE DEPT,20180625239,Davidson,Nashville,7/20/2018 2:33:00 PM,3,0,0,36.126690,-86.845190,HARDING PKE,,,,110.00,Feet,East,RIDGEFIELD WAY,,,,0.00,N,Not at Intersection,N,Non-Junction,None,,,         ,Eric,McCoy,Clear,Front to Rear,no,no,no,no,no,False
102081097,METROPOLITAN NASHVILLE POLICE DEPT,20180625219,Davidson,Nashville,7/20/2018 12:00:00 AM,2,1,0,36.180020,-86.809510,16TH AVN,,,,0.00,,,BUCHANAN ST,,,,0.00,Y,T-Intersection,N,Intersection-Related,None,,,         ,Russell,Jones,Clear,Angle,no,no,no,no,yes,False
102081108,METROPOLITAN NASHVILLE POLICE DEPT,20180625258,Davidson,Nashville,7/20/2018 3:09:00 PM,2,1,0,36.118180,-86.778720,VAULX LN,,,,299.00,Feet,North,GALE LN,,,,0.00,N,Not at Intersection,N,Non-Junction,None,,,         ,Ryan,Storm,Clear,"Sideswipe, Same Direction",no,no,no,no,no,False
102081140,METROPOLITAN NASHVILLE POLICE DEPT,20180625221,Davidson,Nashville,7/20/2018 1:30:00 PM,2,0,0,36.141930,-86.767790,HUMPHREYS ST,,,,0.00,Feet,East,BROWN ST,,,,0.00,N,Not at Intersection, ,Non-Junction,None,,,         ,Conor,Cronin,Clear,"Sideswipe, Same Direction",no,no,no,no,yes,False
102081147,METROPOLITAN NASHVILLE POLICE DEPT,20180625211,Davidson,Nashville,7/20/2018 12:00:00 AM,2,0,0,36.158110,-86.771750,HERMITAGE AV,,,,128.00,Feet,West,1ST AVS,,,,0.00,N,Not at Intersection, ,,None,,,         ,Trevor,Taylor,,,no,no,no,no,no,False
102081160,METROPOLITAN NASHVILLE POLICE DEPT,20180625199,Davidson,Nashville,7/20/2018 2:09:00 PM,1,0,0,36.248600,-86.728630,DUE WEST AVW,,,,0.00,,,SAUNDERS AV,,,,0.00,Y,Four-Way,Y,Intersection,None,,,         ,Michael,Thompson,Clear,Not Collision with Motor Vehicle in Transport,no,no,no,no,yes,False
102081173,METROPOLITAN NASHVILLE POLICE DEPT,20180625207,Davidson,Not in City Limit,7/20/2018 2:20:00 PM,2,0,0,36.264150,-86.691470,STATE RT 45,,,,0.00,,,MCARTHUR DR,,,,0.00,Y,Four-Way,N,Non-Junction,None,,,         ,Jason,Dudley,Clear,Angle,no,no,no,no,yes,False
102081184,METROPOLITAN NASHVILLE POLICE DEPT,20180625186,Davidson,Nashville,7/20/2018 2:35:00 PM,2,1,0,36.159080,-86.791790,I 40,,,,0.00,,,,,,,208.90,N,Not at Intersection,N,Non-Junction,None,,,         ,Zachary,Plese,Clear,Not Collision with Motor Vehicle in Transport,no,no,no,no,no,False
102081185,METROPOLITAN NASHVILLE POLICE DEPT,20180625402,Davidson,Nashville,7/20/2018 3:59:00 PM,2,0,0,36.155240,-86.797120,CHURCH ST,,,,142.00,Feet,East,18TH AVN,,,,0.00,N,Not at Intersection,N,Non-Junction,None,,,         ,Randall,Ward,Clear,"Sideswipe, Same Direction",no,no,no,no,yes,False
102081186,METROPOLITAN NASHVILLE POLICE DEPT,20180625272,Davidson,Nashville,7/20/2018 3:16:00 PM,2,4,0,36.102770,-86.664380,OLD MURFREESBORO PKE,,,,550.00,Feet,East,MURFREESBORO PKE,,,,0.00,N,Not at Intersection,N,Non-Junction,None,,,         ,Kimberly,Annson,Clear,HeadOn,no,no,no,no,no,False
102081187,METROPOLITAN NASHVILLE POLICE DEPT,20180625384,Davidson,Nashville,7/20/2018 3:55:00 PM,2,2,0,36.078510,-86.643290,MURFREESBORO PKE,,,,107.00,Feet,West,MARTWAY DR,,,,0.00,N,Not at Intersection, ,Non-Junction,None,,,         ,William,Durham,Clear,Front to Rear,no,no,no,no,no,False
102081194,METROPOLITAN NASHVILLE POLICE DEPT,20180625155,Davidson,Nashville,7/20/2018 2:08:00 PM,2,0,0,36.180950,-86.824260,BUCHANAN ST,,,,0.00,,,ED TEMPLE BLVD,,,,0.00,Y,OTHER,N,OtherLocation,None,,,         ,Freddirico,Pye,Clear,"Sideswipe, Same Direction",no,no,no,no,no,False