master_record_number,agency,agency_tracking_number,county,city,collision_date,vehicles_involved,number_injured,number_dead,latitude,longitude,roadway_name,roadway_suffix,roadway_number,roadway_local_id,distance_from_reference,miles-feet_indicator,direction_from_reference,intersection_road_name,intersection_road_name_suffix,intersection_road_number,intersection_local_id,mile_marker,intersection_indicator,intersect_type,interchange_related_indicator,relation_to_junction,work_zone_type,construction_maintenance_zone,construction_maintenance_zone_location,fatal_case_number,officer_first_name,officer_last_name,weather_condition(s),manner_of_crash,pedestrian,bicycle,scooter,parking,hitrun,mou
102082917,METROPOLITAN NASHVILLE POLICE DEPT,20180630197,Davidson,Nashville,7/22/2018 9:49:00 AM,2,1,0,36.046960,-86.713450,NOLENSVILLE PKE,,,,585.00,Feet,North,OLD HICKORY BLVD,,,,0.00,N,Not at Intersection,N,"Driveway, Alley Access, etc",None,,,         ,Thomas,White,Clear,Front to Rear,no,no,no,no,no,False
102082931,METROPOLITAN NASHVILLE POLICE DEPT,20180630223,Davidson,Nashville,7/22/2018 10:00:00 AM,2,0,0,36.143940,-86.691560,I 40,,,,0.00,,,,,,,215.20,N,Not at Intersection, ,Non-Junction,None,,,         ,Gerry,Hutcheson,Cloudy,"Sideswipe, Same Direction",no,no,no,no,no,False
102082941,METROPOLITAN NASHVILLE POLICE DEPT,20180630239,Davidson,Antioch,7/22/2018 10:24:00 AM,1,0,0,36.046779,-86.364166,COUNTRY WAY,,,,50.00,Feet,East,ANDERSON,RD,,,0.00,N,Not at Intersection,N,Non-Junction,None,,,         ,Gabriel,Vasquez,Clear,Not Collision with Motor Vehicle in Transport,no,no,no,no,no,False
102082943,METROPOLITAN NASHVILLE POLICE DEPT,20180630295,Davidson,Nashville,7/22/2018 11:12:00 AM,2,0,0,36.153230,-86.769540,2ND AVS,,,,14.00,Feet,South,ASH ST,,,,0.00,N,Not at Intersection, ,Non-Junction,None,,,         ,Kyle,Eicholtz,Cloudy,Angle,no,no,no,no,no,False
102082947,METROPOLITAN NASHVILLE POLICE DEPT,20180630215,Davidson,Not in City Limit,7/22/2018 10:01:00 AM,2,0,0,36.282470,-86.731250,I 65,,,,0.00,,,,,,,93.55,N,Not at Intersection, ,Non-Junction,None,,,         ,Brandon,Wood,Clear,"Sideswipe, Same Direction",no,no,no,no,no,False
102082951,METROPOLITAN NASHVILLE POLICE DEPT,20180630255,Davidson,Nashville,7/22/2018 12:00:00 AM,3,0,0,36.159410,-86.774550,3RD AVS,,,,70.00,Feet,South,DEMONBREUN ST,,,,0.00,N,Not at Intersection,N,Non-Junction,None,,,         ,James,Thornton,Clear,Angle,no,no,no,yes,yes,False
102082966,METROPOLITAN NASHVILLE POLICE DEPT,20180630290,Davidson,Nashville,7/22/2018 11:14:00 AM,2,0,0,36.079710,-86.725920,HARDING PL,,,,125.00,Feet,East,NOLENSVILLE PKE,,,,0.00,N,Not at Intersection, ,Non-Junction,None,,,         ,Brandon,Vance,Clear,Front to Rear,no,no,no,no,no,False
102083052,METROPOLITAN NASHVILLE POLICE DEPT,20180630370,Davidson,Nashville,7/22/2018 12:30:00 PM,2,0,0,36.106420,-86.767850,I 65,,,,0.00,,,,,,,79.45,N,Not at Intersection, ,Non-Junction,None,,,         ,Randy,Puckett,Clear,Angle,no,no,no,no,no,False
102083064,METROPOLITAN NASHVILLE POLICE DEPT,20180630369,Davidson,Nashville,7/22/2018 12:34:00 PM,2,0,0,36.101000,-86.764500,I 65,,,,0.00,,,,,,,79.10,N,Not at Intersection,N,Non-Junction,None,,,         ,John,Chambers,Cloudy,Angle,no,no,no,no,yes,False
102083067,METROPOLITAN NASHVILLE POLICE DEPT,2018-0627987,Davidson,Nashville,7/21/2018 2:00:00 PM,2,0,0,36.146740,-86.767860,4TH AVS,,,,83.00,Feet,North,MILDRED SHUTE AV,,,,0.00,N,Not at Intersection, ,Non-Junction,None,,,         ,Carlos,angulo,Clear,Angle,no,no,no,no,no,False
102083092,METROPOLITAN NASHVILLE POLICE DEPT,20180630445,Davidson,Not in City Limit,7/22/2018 1:01:00 PM,2,0,0,36.108730,-86.934910,WOODLAND WAY,,,,0.00,,,CHARLOTTE PKE,,,,0.00,Y,T-Intersection, ,,None,,,         ,Benjamin,Cantrell,,,no,no,no,no,no,False
102083117,METROPOLITAN NASHVILLE POLICE DEPT,20180630444,Davidson,Nashville,7/22/2018 1:15:00 PM,2,0,0,36.148180,-86.799230,BROADWAY,,,,183.00,Feet,North,21ST AVS,,,,0.00,N,Not at Intersection, ,Non-Junction,None,,,         ,Randy,Puckett,Clear,Front to Rear,no,no,no,yes,yes,Campus
102083118,METROPOLITAN NASHVILLE POLICE DEPT,20180630423,Davidson,Not in City Limit,7/22/2018 1:38:00 PM,2,2,0,36.276030,-86.689600,MYATT DR,,,,0.00,Feet,,MYATT CENTER LN,,,,0.00,Y,T-Intersection,N,Intersection,None,,,         ,Michelle,Steidl,Cloudy,Angle,no,no,no,no,yes,False
102083122,METROPOLITAN NASHVILLE POLICE DEPT,20180630452,Davidson,Nashville,7/22/2018 2:17:00 PM,1,1,0,36.237770,-86.740770,BRILEY PKWY E EXT RAMP,,,,0.00,,,BRILEY PKWY E ENT RAMP,,,,0.00,Y,Traffic Circle,Y,Entrance/Exit Ramp Related,None,,,         ,David,Collins,Cloudy,Not Collision with Motor Vehicle in Transport,no,no,no,no,no,False
102083133,METROPOLITAN NASHVILLE POLICE DEPT,20180630417,Davidson,Nashville,7/22/2018 1:32:00 PM,2,3,0,36.185520,-86.817180,CLARKSVILLE PKE,,,,0.00,,,25TH AVN,,,,0.00,Y,Four-Way,N,Intersection-Related,None,,,         ,William,Coy,Cloudy,Front to Rear,no,no,no,no,no,False
102083203,METROPOLITAN NASHVILLE POLICE DEPT,20180630353,Davidson,Nashville,7/22/2018 12:28:00 PM,2,3,0,36.151340,-86.857760,WHITE BRIDGE PKE,,,,41.00,Feet,South,I40 E ENT RAMP,,,,0.00,N,Not at Intersection,Y,Entrance/Exit Ramp Related,None,,,         ,Jack,Crouch,Cloudy,"Sideswipe, Same Direction",no,no,no,no,no,False
102083233,METROPOLITAN NASHVILLE POLICE DEPT,20180630385,Davidson,Nashville,7/22/2018 1:00:00 PM,2,0,0,36.202180,-86.735620,BRONTE AV,,,,52.00,Feet,North,LITTON AV,,,,0.00,N,Not at Intersection,N,Non-Junction,None,,,         ,Eric,Knight,Cloudy,Angle,no,no,no,no,no,False
102083234,METROPOLITAN NASHVILLE POLICE DEPT,20180630479,Davidson,Nashville,7/22/2018 12:00:00 AM,2,0,0,36.172210,-86.799080,I65 N ENT RAMP,,,,0.00,Feet,East,I 40,,,,0.00,N,Not at Intersection, ,Entrance/Exit Ramp Related,None,,,         ,John,Petriello,Cloudy,Front to Rear,no,no,no,no,yes,False
102083240,METROPOLITAN NASHVILLE POLICE DEPT,20180630380,Davidson,Not in City Limit,7/22/2018 12:54:00 PM,3,2,0,36.339370,-86.916200,I 24,,,,0.00,,,,,,,32.00,N,Not at Intersection,N,Non-Junction,None,,,         ,Royce,McLester,Cloudy,Front to Rear,no,no,no,no,no,False
102083272,METROPOLITAN NASHVILLE POLICE DEPT,20180630481,Davidson,Nashville,7/22/2018 1:41:00 PM,2,0,0,36.243080,-86.749550,I65 S EXT RAMP,,,,0.00,Feet,East,I 65,,,,0.00,N,Not at Intersection,Y,Entrance/Exit Ramp Related,None,,,         ,Jessica,Scott,Clear,"Sideswipe, Same Direction",no,no,no,no,yes,False
102083308,METROPOLITAN NASHVILLE POLICE DEPT,20180630507,Davidson,Nashville,7/22/2018 12:00:00 AM,2,0,0,36.165080,-86.613960,I 40,,,,0.00,,,,,,,220.05,N,Not at Intersection, ,Non-Junction,None,,,         ,Alexander,Spradling,Cloudy,"Sideswipe, Same Direction",no,no,no,no,no,False
102083318,METROPOLITAN NASHVILLE POLICE DEPT,20180630527,Davidson,Nashville,7/22/2018 2:20:00 PM,2,0,0,36.177670,-86.773260,I 24,,,,0.00,,,,,,,47.85,N,Not at Intersection,N,Non-Junction,None,,,         ,Joseph,Bingham,Clear,"Sideswipe, Same Direction",no,no,no,no,yes,False
102083328,METROPOLITAN NASHVILLE POLICE DEPT,20180630633,Davidson,Nashville,7/22/2018 3:50:00 PM,2,0,0,36.182310,-86.744970,STRATTON AV,,,,20.00,Feet,East,N 14TH ST,,,,0.00,N,Not at Intersection, ,Non-Junction,None,,,         ,Michael,Fitch,Cloudy,Angle,no,no,no,no,no,False
102083335,METROPOLITAN NASHVILLE POLICE DEPT,20180630639,Davidson,Nashville,7/22/2018 3:50:00 PM,2,0,0,36.183440,-86.726990,GROVES PARK RD,,,,565.00,Feet,North,EASTLAND AV,,,,0.00,N,Not at Intersection, ,Non-Junction,None,,,         ,Christopher,Butner,Cloudy,Angle,no,no,no,no,no,False
102083336,METROPOLITAN NASHVILLE POLICE DEPT,20180630537,Davidson,Not in City Limit,7/22/2018 3:23:00 PM,2,0,0,36.262370,-86.681030,E OLD HICKORY BLVD,,,,8.00,Feet,East,RIO VISTA DR,,,,0.00,N,Not at Intersection, ,Non-Junction,None,,,         ,John,Frazier,Clear,"Sideswipe, Opposite Direction",no,no,no,no,no,False
102083337,METROPOLITAN NASHVILLE POLICE DEPT,20180630532,Davidson,Not in City Limit,7/22/2018 2:58:00 PM,2,0,0,36.307960,-86.821540,I 24,,,,0.00,,,,,,,38.00,N,Not at Intersection, ,Non-Junction,None,,,         ,Jerry,Pirtle,Cloudy,"Sideswipe, Same Direction",no,no,no,no,no,False
102083338,METROPOLITAN NASHVILLE POLICE DEPT,20180630450,Davidson,Nashville,7/22/2018 12:38:00 PM,1,0,0,36.076900,-86.767630,LAMBERT DR,,,,0.00,,,BRINDLEY DR,,,,0.00,Y,T-Intersection,N,Non-Junction,None,,,         ,Ryan,Coll,Clear,Not Collision with Motor Vehicle in Transport,no,no,no,no,no,False
102083339,METROPOLITAN NASHVILLE POLICE DEPT,20180630569,Davidson,Nashville,7/22/2018 3:30:00 PM,3,1,0,36.154330,-86.758210,I 40,,,,0.00,,,,,,,211.10,N,Not at Intersection,N,Unknown,None,,,         ,Trenton,Searcy,Cloudy,Front to Rear,no,no,no,no,yes,False
102083344,METROPOLITAN NASHVILLE POLICE DEPT,20180630640,Davidson,Nashville,7/22/2018 2:30:00 PM,2,0,0,36.044770,-86.661200,BELL RD,,,,97.00,Feet,East,CANE RIDGE RD,,,,0.00,N,Not at Intersection, ,Non-Junction,None,,,         ,Ryan,Sherry,Clear,Front to Rear,no,no,no,no,no,False
102083345,METROPOLITAN NASHVILLE POLICE DEPT,20180630673,Davidson,Nashville,7/22/2018 4:24:00 PM,2,0,0,36.159110,-86.773360,MOLLOY ST,,,,0.00,,,2ND AVS,,,,0.00,Y,T-Intersection, ,Non-Junction,None,,,         ,Seth,Quiles,Cloudy,"Sideswipe, Same Direction",no,no,no,no,no,False
102083348,METROPOLITAN NASHVILLE POLICE DEPT,20180630614,Davidson,Nashville,7/22/2018 4:00:00 PM,1,0,0,36.025110,-86.717790,BRADFORD HILLS DR,,,,114.00,Feet,East,COLD CREEK TRL,,,,0.00,N,Not at Intersection,N,Non-Junction,None,,,         ,Eric,Burford,Clear,Not Collision with Motor Vehicle in Transport,no,no,no,no,no,False
102083349,METROPOLITAN NASHVILLE POLICE DEPT,20180630585,Davidson,Nashville,7/21/2018 12:00:00 AM,1,0,0,36.133940,-86.779120,8TH AVS,,,,124.00,Feet,South,WEDGEWOOD AV,,,,0.00,N,Not at Intersection,N,Non-Junction,None,,,         ,Gregory,Scott,Unknown,Not Collision with Motor Vehicle in Transport,no,no,no,yes,yes,False
102083351,METROPOLITAN NASHVILLE POLICE DEPT,20180630615,Davidson,Nashville,7/22/2018 3:31:00 PM,2,0,0,36.178620,-86.750910,FORREST AV,,,,0.00,,,GALLATIN AV,,,,0.00,Y,T-Intersection,N,Intersection,None,,,         ,Marc,Kozen,Cloudy,Not Collision with Motor Vehicle in Transport,no,no,no,no,no,False
102083359,METROPOLITAN NASHVILLE POLICE DEPT,20180630636,Davidson,Nashville,7/22/2018 4:12:00 PM,2,0,0,36.141260,-86.731780,I 40,,,,0.00,,,,,,,213.00,N,Not at Intersection, ,Non-Junction,None,,,         ,Samuel,Sundra,Cloudy,"Sideswipe, Same Direction",no,no,no,no,no,False
102083367,METROPOLITAN NASHVILLE POLICE DEPT,20180630733,Davidson,Nashville,7/22/2018 2:10:00 PM,2,0,0,36.086330,-86.699090,HARDING PL,,,,130.00,Feet,West,I24 W ENT RAMP,,,,0.00,N,Not at Intersection,N,Non-Junction,None,,,         ,Jesse,Cox,Cloudy,Front to Rear,no,no,no,no,yes,False
102083376,METROPOLITAN NASHVILLE POLICE DEPT,20180630544,Davidson,Nashville,7/22/2018 2:00:00 PM,2,0,0,36.099970,-86.635220,NED SHELTON RD,,,,2131.00,Feet,North,SMITH SPRINGS RD,,,,0.00,N,Not at Intersection,N,Non-Junction,None,,,         ,Seth,Vaughn,Rain,Front to Rear,no,no,no,no,no,False
102083386,METROPOLITAN NASHVILLE POLICE DEPT,20180630705,Davidson,Antioch,7/22/2018 3:00:00 PM,2,0,0,36.037390,-86.586390,MAXWELL RD,,,,0.00,,,LAVERGNE COUCHVILLE PKE,,,,0.00,Y,Four-Way,N,Non-Junction,None,,,         ,Eric,Wegener,Clear,Angle,no,no,no,no,no,False
102083387,METROPOLITAN NASHVILLE POLICE DEPT,20180630762,Davidson,Nashville,7/22/2018 5:30:00 PM,2,0,0,36.152300,-86.797450,WEST END AV,,,,0.00,Feet,East,19TH AVN,,,,0.00,N,Not at Intersection,N,Non-Junction,None,,,         ,Conor,Cronin,Clear,Front to Rear,no,no,no,no,no,False
102083389,THP District 9 - Administrative,318046301,Davidson,Nashville,7/13/2018 5:35:00 PM,2,0,0,36.144290,-86.695230,I 40,,,,0.00,,,,,,,215.00,N,Not at Intersection,N,Non-Junction,None,,,         ,William,Gregory,Clear,Front to Rear,no,no,no,no,no,False
102083391,METROPOLITAN NASHVILLE POLICE DEPT,20180630761,Davidson,Nashville,7/22/2018 5:36:00 PM,1,0,0,36.238370,-86.781330,BRILEY PKWYW,,,,124.00,Feet,West,BRICK CHURCH PKE,,,,0.00,N,Not at Intersection,N,Non-Junction,None,,,         ,Bradley,Fort,Cloudy,Not Collision with Motor Vehicle in Transport,no,no,no,no,no,False
102083393,METROPOLITAN NASHVILLE POLICE DEPT,20180630781,Davidson,Nashville,7/22/2018 5:30:00 PM,2,0,0,36.192950,-86.747300,DOUGLAS AV,,,,407.00,Feet,East,EMMETT AV,,,,0.00,N,Not at Intersection, ,,None,,,         ,Cody,Jaworski,,,no,no,no,no,no,False
102083396,METROPOLITAN NASHVILLE POLICE DEPT,20180630674,Davidson,Nashville,7/22/2018 4:20:00 PM,2,0,0,36.150520,-86.749590,I 40,,,,0.00,,,,,,,211.65,N,Not at Intersection,N,Non-Junction,None,,,         ,Abbey,Sawl,Clear,Angle,no,no,no,no,yes,False
102083412,METROPOLITAN NASHVILLE POLICE DEPT,20180630630,Davidson,Not in City Limit,7/22/2018 3:40:00 PM,2,0,0,36.076860,-86.945120,HIGHWAY 70S,,,,31.00,Feet,East,SAWYER BROWN RD,,,,0.00,N,Not at Intersection,N,Non-Junction,None,,,         ,Regina,Lewis,Clear,Front to Rear,no,no,no,no,no,False
102083414,METROPOLITAN NASHVILLE POLICE DEPT,20180630648,Davidson,Not in City Limit,7/22/2018 4:22:00 PM,2,3,0,36.264070,-86.690290,STATE RT 45,,,,0.00,,,MYATT DR,,,,0.00,Y,Four-Way,N,Intersection,None,,,         ,Kevin,Crawford,Cloudy,Angle,no,no,no,no,no,False
102083419,METROPOLITAN NASHVILLE POLICE DEPT,20180630682,Davidson,Nashville,7/22/2018 4:15:00 PM,2,1,0,36.052800,-86.714760,NOLENSVILLE PKE,,,,322.00,Feet,South,BREWER DR,,,,0.00,N,Not at Intersection, ,Non-Junction,None,,,         ,Brandon,Hughes,Clear,Front to Rear,no,no,no,no,no,False
102083434,METROPOLITAN NASHVILLE POLICE DEPT,20180630803,Davidson,Nashville,7/22/2018 5:53:00 PM,3,1,0,36.149150,-86.746640,I 40,,,,0.00,,,,,,,211.80,N,Not at Intersection,N,Non-Junction,None,,,         ,Tony,Mingsing,Clear,Front to Rear,no,no,no,no,no,False
102083435,Nashville Airport Police,2018-02744,Davidson,Nashville,7/16/2018 8:42:00 PM,2,0,0,36.106210,-86.673060,MURFREESBORO PKE,,,,0.00,,,DONELSON PKE,,,,0.00,Y,Four-Way,N,Intersection,None,,,         ,Christopher,Kullman,Rain,Front to Rear,no,no,no,no,no,False
102083438,METROPOLITAN NASHVILLE POLICE DEPT,20180630901,Davidson,Nashville,7/22/2018 7:06:00 PM,1,1,0,36.181550,-86.623370,CENTRAL PKE,,,,740.00,Feet,West,BRANDAU RD,,,,0.00,N,Not at Intersection,N,Non-Junction,None,,,         ,Abbey,Sawl,Clear,Not Collision with Motor Vehicle in Transport,no,no,no,no,no,False
102083514,METROPOLITAN NASHVILLE POLICE DEPT,20180631006,Davidson,Not in City Limit,7/22/2018 8:04:00 PM,2,1,0,36.271090,-86.710370,ROOSEVELT AV,,,,0.00,,,GALLATIN PKEN,,,,0.00,Y,T-Intersection,Y,Intersection,None,,,         ,Cecilia,Gomez,Cloudy,Front to Rear,no,no,no,no,yes,False
102083667,METROPOLITAN NASHVILLE POLICE DEPT,20180631215,Davidson,Nashville,7/22/2018 10:41:00 PM,3,0,0,36.149370,-86.761040,CLAIBORNE ST,,,,0.00,,North,,,,,1.00,N,Not at Intersection,N,Non-Junction,None,,,         ,Joseph,Zambardi,Clear,"Sideswipe, Same Direction",no,no,no,no,yes,False
102083674,GOODLETTSVILLE POLICE DEPT,18-25692,Davidson,Goodlettsville,7/22/2018 9:41:00 PM,3,7,0,36.315150,-86.701060,I 65,,,,0.00,,,,,,,96.40,N,Not at Intersection,N,Non-Junction,None,,,         ,Zachary,Goodwin,Clear,Front to Rear,no,no,no,no,no,False
102083684,METROPOLITAN NASHVILLE POLICE DEPT,20180631423,Davidson,Nashville,7/22/2018 9:30:00 PM,2,0,0,36.177020,-86.813790,23RD AVN,,,,147.00,Feet,North,OSAGE ST,,,,0.00,N,Not at Intersection,N,Non-Junction,None,,,         ,Ian,Ward,Clear,"Sideswipe, Same Direction",no,no,no,no,yes,False
102083696,METROPOLITAN NASHVILLE POLICE DEPT,20180631374,Davidson,Nashville,7/22/2018 9:30:00 PM,1,1,0,36.213800,-86.799990,WHITES CREEK PKE,,,,0.00,,,PIERPOINT DR,,,,0.00,Y,Four-Way,N,Non-Junction,None,,,         ,Jacob,Dick,Clear,Not Collision with Motor Vehicle in Transport,no,no,no,no,no,False
102083706,METROPOLITAN NASHVILLE POLICE DEPT,20180631682,Davidson,Nashville,7/23/2018 12:00:00 AM,1,0,0,36.237170,-86.731350,BRILEY PKWYE,,,,151.00,Feet,East,BRILEY PKWYW,,,,0.00,N,Not at Intersection,N,Unknown,None,,,         ,Amanda,Hane,Clear,Unknown,no,no,no,no,yes,False
102083740,METROPOLITAN NASHVILLE POLICE DEPT,20180631958,Davidson,Nashville,7/23/2018 5:44:00 AM,1,0,0,36.191850,-86.779920,I 65,,,,0.00,,,,,,,86.30,N,Not at Intersection,N,Non-Junction,None,,,         ,John,Deiterick,Clear,Not Collision with Motor Vehicle in Transport,no,no,no,no,no,False
102083759,GOODLETTSVILLE POLICE DEPT,18-25203,Davidson,Goodlettsville,7/19/2018 4:00:00 PM,3,1,0,36.300730,-86.700950,RIVERGATE PKWY,,,,0.00,,,BLUEBIRD DR,,,,0.00,Y,Four-Way,N,Intersection,None,,,         ,George,Forbes,Clear,HeadOn,no,no,no,no,no,False
102083761,METROPOLITAN NASHVILLE POLICE DEPT,20180631862,Davidson,Nashville,7/23/2018 4:20:00 AM,2,0,0,36.103260,-86.714360,I 24,,,,0.00,,,,,,,54.30,N,Not at Intersection,N,Non-Junction,None,,,         ,Richard,Luellen,Clear,Other,no,no,no,no,no,False
102083766,METROPOLITAN NASHVILLE POLICE DEPT,20180632082,Davidson,Nashville,7/23/2018 6:28:00 AM,1,0,0,36.031130,-86.653130,CANE RIDGE RD,,,,1517.00,Feet,West,OLD FRANKLIN RD,,,,0.00,N,Not at Intersection, ,,None,,,         ,James,Jarvis,,,no,no,no,no,no,False
102083767,BELLE MEADE POLICE DEPT,18-0196,Davidson,Belle Meade,7/18/2018 8:45:00 AM,2,0,0,36.116790,-86.859040,HARDING PKE,,,,565.00,Feet,East,EVELYN AV,,,,0.00,N,Not at Intersection,N,Non-Junction,None,,,         ,Jon,Carter,Clear,Front to Rear,no,no,no,no,no,False
102083769,METROPOLITAN NASHVILLE POLICE DEPT,20180632065,Davidson,Nashville,7/23/2018 6:45:00 AM,2,0,0,36.112070,-86.723000,I 24,,,,0.00,,,,,,,53.55,N,Not at Intersection,N,Non-Junction,None,,,         ,Brandon,Evans,Clear,"Sideswipe, Same Direction",no,no,no,no,yes,False
102083770,METROPOLITAN NASHVILLE POLICE DEPT,20180632075,Davidson,Nashville,7/23/2018 7:00:00 AM,2,1,0,36.112500,-86.811100,HILLSBORO PKE,,,,473.00,Feet,North,GRAYBAR LN,,,,0.00,N,Not at Intersection,N,Non-Junction,None,,,         ,Jon,Mcvey,Cloudy,Front to Rear,no,no,no,no,no,False
102083775,METROPOLITAN NASHVILLE POLICE DEPT,20180632043,Davidson,Nashville,7/23/2018 6:23:00 AM,2,0,0,36.082370,-86.711430,HARDING PL,,,,295.00,Feet,West,RICHBRIAR CIR,,,,0.00,N,Not at Intersection,N,Non-Junction,None,,,         ,Jessie,Meadows,Clear,"Sideswipe, Same Direction",no,no,no,no,yes,False
102083791,METROPOLITAN NASHVILLE POLICE DEPT,20180632067,Davidson,Nashville,7/23/2018 6:44:00 AM,2,0,0,36.051290,-86.702720,EULALA DR,,,,60.00,Feet,South,OCALA DR,,,,0.00,N,Not at Intersection, ,Non-Junction,None,,,         ,Jessie,Meadows,Clear,Angle,no,no,no,no,no,False
102083793,METROPOLITAN NASHVILLE POLICE DEPT,20180632047,Davidson,Not in City Limit,7/23/2018 6:28:00 AM,3,1,0,36.323850,-86.867260,I 24,,,,0.00,,,,,,,35.00,N,Not at Intersection,N,Non-Junction,None,,,         ,William,Coy,Cloudy,Front to Rear,no,no,no,no,no,False
102083797,METROPOLITAN NASHVILLE POLICE DEPT,20180632122,Davidson,Nashville,7/23/2018 7:15:00 AM,2,0,0,36.038750,-86.783010,OLD HICKORY BLVD,,,,155.00,Feet,West,I65 S EXT RAMP,,,,0.00,N,Not at Intersection,N,Entrance/Exit Ramp Related,None,,,         ,Jonathan,Nicholson,Cloudy,Front to Rear,no,no,no,no,no,False
102083807,METROPOLITAN NASHVILLE POLICE DEPT,20180632215,Davidson,Nashville,7/23/2018 8:00:00 AM,2,0,0,36.171270,-86.870980,CENTENNIAL BLVD,,,,0.00,,,BRILEY PKWY S EXT RAMP,,,,0.00,Y,T-Intersection, ,Intersection,None,,,         ,Curtis,Rich,Cloudy,Front to Rear,no,no,no,no,no,False
102083829,METROPOLITAN NASHVILLE POLICE DEPT,20180632112,Davidson,Nashville,7/23/2018 12:00:00 AM,1,0,0,36.034810,-86.669550,ANDUIN AV,,,,181.00,Feet,South,SILVERMOON DR,,,,0.00,N,Not at Intersection,N,Non-Junction,None,,,         ,Jessie,Meadows,Clear,Not Collision with Motor Vehicle in Transport,no,no,no,no,yes,False
102083846,METROPOLITAN NASHVILLE POLICE DEPT,20180632312,Davidson,Not in City Limit,7/23/2018 8:49:00 AM,2,0,0,36.336070,-86.911400,I 24,,,,0.00,,,,,,,32.30,N,Not at Intersection, ,Non-Junction,None,,,         ,William,Coy,Cloudy,Front to Rear,no,no,no,no,no,False
102083855,METROPOLITAN NASHVILLE POLICE DEPT,20180632411,Davidson,Not in City Limit,7/23/2018 9:23:00 AM,2,0,0,36.076830,-87.017270,I40 E ENT RAMP,,,,0.00,,,I 40,,,,0.00,Y,OTHER,N,Entrance/Exit Ramp Related,None,,,         ,Curtis,Rich,Cloudy,Front to Rear,no,no,no,no,no,False
102083856,METROPOLITAN NASHVILLE POLICE DEPT,20180632242,Davidson,Antioch,7/23/2018 8:12:00 AM,2,0,0,36.013850,-86.620590,OLD HICKORY BLVD,,,,152.00,Feet,North,I24 E EXT RAMP,,,,0.00,N,Not at Intersection,N,Non-Junction,None,,,         ,Jessie,Meadows,Clear,"Sideswipe, Same Direction",no,no,no,no,no,False
102083866,METROPOLITAN NASHVILLE POLICE DEPT,20180632386,Davidson,Nashville,7/23/2018 9:22:00 AM,2,1,0,36.161020,-86.777200,BROADWAY,,,,0.00,,,4TH AVN,,,,0.00,Y,Four-Way,N,Non-Junction,None,,,         ,Ruben,Mariano,Cloudy,"Sideswipe, Same Direction",no,no,no,no,yes,False
102083872,METROPOLITAN NASHVILLE POLICE DEPT,20180632537,Davidson,Nashville,7/23/2018 10:00:00 AM,1,0,0,36.161730,-86.619840,I 40,,,,0.00,,,,,,,219.65,N,Not at Intersection, ,Non-Junction,None,,,         ,Jessie,Meadows,Clear,Not Collision with Motor Vehicle in Transport,no,no,no,no,no,False
102083880,METROPOLITAN NASHVILLE POLICE DEPT,20180632416,Davidson,Nashville,7/23/2018 9:34:00 AM,2,0,0,36.225640,-86.597810,ANDREW JACKSON PKWY,,,,0.00,,,SAUNDERSVILLE RD,,,,0.00,Y,Four-Way, ,Intersection-Related,None,,,         ,Cassandra,Del Bosco,Clear,Front to Rear,no,no,no,no,no,False
102083885,METROPOLITAN NASHVILLE POLICE DEPT,20180632387,Davidson,Nashville,7/23/2018 9:25:00 AM,2,0,0,36.188210,-86.753080,MANILA AV,,,,307.00,Feet,East,SHARPE AV,,,,0.00,N,Not at Intersection, ,Non-Junction,None,,,         ,Russell,Freeman,Cloudy,Angle,no,no,no,no,no,False
102083900,METROPOLITAN NASHVILLE POLICE DEPT,20180632451,Davidson,Nashville,7/23/2018 9:49:00 AM,1,0,0,36.215090,-86.764010,DICKERSON PKE,,,,0.00,,,DELLWAY DR,,,,0.00,Y,T-Intersection,N,Intersection-Related,None,,,         ,Russell,Freeman,Cloudy,Not Collision with Motor Vehicle in Transport,no,no,no,no,no,False
102083906,METROPOLITAN NASHVILLE POLICE DEPT,20180632104,Davidson,Not in City Limit,7/23/2018 7:18:00 AM,5,2,0,36.325480,-86.879260,I 24,,,,0.00,,,,,,,34.40,N,Not at Intersection,N,Non-Junction,None,,,         ,Freddirico,Pye,Cloudy,Front to Rear,no,no,no,no,no,False
102083909,METROPOLITAN NASHVILLE POLICE DEPT,20180632643,Davidson,Nashville,7/23/2018 10:55:00 AM,2,0,0,36.150150,-86.857950,WHITE BRIDGE PKE,,,,0.00,,,CHARLOTTE PKE,,,,0.00,Y,Four-Way, ,Intersection,None,,,         ,Curtis,Rich,Cloudy,"Sideswipe, Opposite Direction",no,no,no,no,yes,False
102083932,METROPOLITAN NASHVILLE POLICE DEPT,20180632567,Davidson,Nashville,7/23/2018 10:00:00 AM,2,0,0,36.142590,-86.815500,WEST END AV,,,,0.00,Feet,,31ST AVN,,,,0.00,Y,Four-Way, ,Intersection,None,,,         ,Timothy,Skopek,Clear,"Sideswipe, Same Direction",no,no,no,no,no,Campus