master_record_number,agency,agency_tracking_number,county,city,collision_date,vehicles_involved,number_injured,number_dead,latitude,longitude,roadway_name,roadway_suffix,roadway_number,roadway_local_id,distance_from_reference,miles-feet_indicator,direction_from_reference,intersection_road_name,intersection_road_name_suffix,intersection_road_number,intersection_local_id,mile_marker,intersection_indicator,intersect_type,interchange_related_indicator,relation_to_junction,work_zone_type,construction_maintenance_zone,construction_maintenance_zone_location,fatal_case_number,officer_first_name,officer_last_name,weather_condition(s),manner_of_crash,pedestrian,bicycle,scooter,parking,hitrun,mou
102084798,METROPOLITAN NASHVILLE POLICE DEPT,20180635350,Davidson,Nashville,7/24/2018 7:25:00 AM,2,0,0,36.154910,-86.627200,I40 E EXT RAMP,,,,0.00,Feet,East,I 40,,,,0.00,N,Not at Intersection, ,Entrance/Exit Ramp Related,None,,,         ,Scott,Toney,Clear,Front to Rear,no,no,no,no,no,False
102084824,METROPOLITAN NASHVILLE POLICE DEPT,20180635268,Davidson,Nashville,7/24/2018 6:39:00 AM,2,0,0,36.153000,-86.765400,I 40,,,,0.00,,,,,,,210.65,N,Not at Intersection,N,Non-Junction,None,,,         ,Joshua,Asbell,Clear,"Sideswipe, Same Direction",no,no,no,no,yes,False
102084826,METROPOLITAN NASHVILLE POLICE DEPT,20180635227,Davidson,Nashville,7/24/2018 6:10:00 AM,2,0,0,36.099100,-86.660160,MURFREESBORO PKE,,,,293.00,Feet,West,HARDING PL,,,,0.00,N,Not at Intersection,N,Non-Junction,None,,,         ,Daryn,Yentes,Clear,Front to Rear,no,no,no,no,no,False
102084830,GOODLETTSVILLE POLICE DEPT,18-25893,Davidson,Goodlettsville,7/24/2018 8:30:00 AM,2,1,0,36.309440,-86.695580,VIETNAM VETERANS BLVD SB EXT R,,,,0.00,,,CONFERENCE DR,,,,0.00,Y,Y-Intersection, ,Non-Junction,None,,,         ,George,Forbes,Clear,Front to Rear,no,no,no,no,no,False
102084854,METROPOLITAN NASHVILLE POLICE DEPT,20180635512,Davidson,Nashville,7/24/2018 8:26:00 AM,2,0,0,36.167600,-86.762220,S 5TH ST,,,,0.00,,,SHELBY AV,,,,0.00,Y,Four-Way, ,Intersection-Related,None,,,         ,Nicholas,Smith,Clear,Front to Rear,no,no,no,no,no,False
102084860,METROPOLITAN NASHVILLE POLICE DEPT,20180635385,Davidson,Nashville,7/24/2018 7:38:00 AM,2,1,0,36.162110,-86.790610,11TH AVN,,,,0.00,,,CHARLOTTE AV,,,,0.00,Y,Four-Way,N,Intersection-Related,None,,,         ,Frank,Campbell,Clear,Front to Rear,no,no,no,no,yes,False
102084871,METROPOLITAN NASHVILLE POLICE DEPT,20180635540,Davidson,Antioch,7/24/2018 8:37:00 AM,1,0,0,36.016700,-86.618650,FIRESTONE PKWY,,,,368.00,Feet,East,OLD HICKORY BLVD,,,,0.00,N,Not at Intersection,N,Non-Junction,None,,,         ,Jessie,Meadows,Clear,Not Collision with Motor Vehicle in Transport,no,no,no,yes,yes,False
102084872,METROPOLITAN NASHVILLE POLICE DEPT,20180635536,Davidson,Nashville,7/24/2018 8:25:00 AM,2,0,0,36.241960,-86.757080,DICKERSON PKE,,,,0.00,,,DICKERSON PKE ENT RAMP,,,,0.00,Y,Four-Way, ,Intersection,None,,,         ,Steven,Snitzer,Clear,Angle,no,no,no,no,no,False
102084887,METROPOLITAN NASHVILLE POLICE DEPT,20180635643,Davidson,Nashville,7/24/2018 9:12:00 AM,2,0,0,36.157190,-86.781030,8TH AVS,,,,126.00,Feet,North,DEMONBREUN ST,,,,0.00,N,Not at Intersection, ,Non-Junction,None,,,         ,Joshua,Asbell,Clear,Front to Rear,no,no,no,no,no,False
102084892,METROPOLITAN NASHVILLE POLICE DEPT,20180635466,Davidson,Nashville,7/24/2018 8:08:00 AM,3,0,0,36.142540,-86.709170,I 40,,,,0.00,,,,,,,214.25,N,Not at Intersection,N,Non-Junction,None,,,         ,Michael,Dance,Clear,"Sideswipe, Same Direction",no,no,no,no,no,False
102084894,METROPOLITAN NASHVILLE POLICE DEPT,20180635799,Davidson,Nashville,7/24/2018 10:20:00 AM,2,0,0,36.118630,-86.809470,HILLSBORO PKE,,,,306.00,Feet,North,GOLF CLUB LN,,,,0.00,N,Not at Intersection,N,Non-Junction,Maintenance Zone,,,         ,Curtis,Rich,Cloudy,Front to Rear,no,no,no,no,no,False
102084897,METROPOLITAN NASHVILLE POLICE DEPT,20180635600,Davidson,Nashville,7/24/2018 9:03:00 AM,2,2,0,36.125260,-86.733960,I 440,,,,0.00,,,,,,,7.20,N,Not at Intersection,N,Non-Junction,None,,,         ,Jessie,Meadows,Clear,Front to Rear,no,no,no,no,no,False
102084902,METROPOLITAN NASHVILLE POLICE DEPT,20180635284,Davidson,Nashville,7/24/2018 6:50:00 AM,2,1,0,36.086570,-86.771540,HARDING PL,,,,124.00,Feet,East,FRANKLIN PKE,,,,0.00,N,Not at Intersection,N,Non-Junction,None,,,         ,Jon,Mcvey,Cloudy,Front to Rear,no,no,no,no,no,False
102084903,METROPOLITAN NASHVILLE POLICE DEPT,20180635321,Davidson,Nashville,7/24/2018 7:19:00 AM,2,2,0,36.041680,-86.748010,OLD HICKORY BLVD,,,,0.00,,,BRENTWOOD MEADOWS CIR,,,,0.00,Y,Four-Way,N,Intersection-Related,None,,,         ,Jon,Mcvey,Cloudy,HeadOn,no,no,no,no,no,False
102084923,METROPOLITAN NASHVILLE POLICE DEPT,20180635545,Davidson,Nashville,7/24/2018 8:22:00 AM,2,0,0,36.140570,-86.722950,I 40,,,,0.00,,,,,,,213.50,N,Not at Intersection, ,Non-Junction,None,,,         ,Michael,Dance,Clear,Front to Rear,no,no,no,no,no,False
102084930,METROPOLITAN NASHVILLE POLICE DEPT,20180635733,Davidson,Nashville,7/24/2018 9:33:00 AM,2,0,0,36.139470,-86.820200,MURPHY RD,,,,81.00,Feet,West,PARK DR,,,,0.00,N,Not at Intersection,N,Non-Junction,None,,,         ,Reginald,Pierre-Paul,Cloudy,Angle,no,no,no,no,no,False
102084931,METROPOLITAN NASHVILLE POLICE DEPT,20180635840,Davidson,Madison,7/24/2018 10:43:00 AM,2,0,0,36.263910,-86.690300,STATE RT 45,,,,0.00,,,MYATT DR,,,,0.00,Y,Four-Way, ,,None,,,         ,Michelle,Steidl,,,no,no,no,no,no,False
102084937,METROPOLITAN NASHVILLE POLICE DEPT,20180635627,Davidson,Nashville,7/24/2018 9:09:00 AM,2,0,0,36.168310,-86.690180,BRILEY PKWY S EXT RAMP,,,,0.00,,,LEBANON PKE,,,,0.00,Y,T-Intersection, ,Intersection,None,,,         ,Michael,Dance,Clear,Front to Rear,no,no,no,no,no,False
102084939,METROPOLITAN NASHVILLE POLICE DEPT,20180635645,Davidson,Nashville,7/24/2018 9:15:00 AM,2,0,0,36.186110,-86.798370,ROSA L PARKS BLVD,,,,0.00,,,I65 S EXT RAMP,,,,0.00,Y,Four-Way, ,Intersection,None,,,         ,Patrick,Taylor,Clear,Front to Rear,no,no,no,no,no,False
102084940,METROPOLITAN NASHVILLE POLICE DEPT,20180635604,Davidson,Nashville,7/24/2018 8:35:00 AM,2,0,0,36.167800,-86.663780,LEBANON PKE,,,,143.00,Feet,West,DONELSON PKE,,,,0.00,N,Not at Intersection, ,Non-Junction,None,,,         ,Michael,Dance,Clear,"Sideswipe, Same Direction",no,no,no,no,no,False
102084952,METROPOLITAN NASHVILLE POLICE DEPT,20180636087,Davidson,Nashville,7/24/2018 12:00:00 PM,2,0,0,36.139790,-86.881390,ANNEX AV,,,,360.00,Feet,North,CHARLOTTE PKE,,,,0.00,N,Not at Intersection, ,Non-Junction,None,,,         ,Curtis,Rich,Clear,Front to Rear,no,no,no,no,no,False
102084971,METROPOLITAN NASHVILLE POLICE DEPT,20180635696,Davidson,Nashville,7/24/2018 9:40:00 AM,2,0,0,36.149400,-86.762390,CHARLES E DAVIS BLVD,,,,88.00,Feet,North,J C NAPIER CT,,,,0.00,N,Not at Intersection, ,Non-Junction,None,,,         ,Michael,Dance,Clear,"Sideswipe, Opposite Direction",no,no,no,no,no,False
102084972,METROPOLITAN NASHVILLE POLICE DEPT,20180635895,Davidson,Nashville,7/24/2018 10:58:00 AM,2,1,0,36.153240,-86.687680,ELM HILL PKE,,,,0.00,,,ATRIUM WAY,,,,0.00,Y,Four-Way,Y,Intersection-Related,None,,,         ,Larry,Benz,Cloudy,Angle,no,no,no,no,no,False
102084982,METROPOLITAN NASHVILLE POLICE DEPT,20180635850,Davidson,Nashville,7/24/2018 10:00:00 AM,2,0,0,36.203920,-86.769060,DICKERSON PKE,,,,730.00,Feet,South,E TRINITY LN,,,,0.00,N,Not at Intersection, ,Non-Junction,None,,,         ,Faye,Denson,Clear,Angle,no,no,no,no,no,False
102084984,METROPOLITAN NASHVILLE POLICE DEPT,20180636025,Davidson,Nashville,7/24/2018 11:45:00 AM,2,1,0,36.155650,-86.789720,BROADWAY,,,,0.00,Feet,,14TH AVS,,,,0.00,Y,Four-Way,N,Intersection,None,,,         ,Jon,Mcvey,Cloudy,Angle,no,no,no,no,no,False
102084990,METROPOLITAN NASHVILLE POLICE DEPT,20180636018,Davidson,Nashville,7/24/2018 11:43:00 AM,2,0,0,36.165860,-86.766640,SHELBY AV,,,,256.00,Feet,West,I24 E ENT RAMP,,,,0.00,N,Not at Intersection, ,Non-Junction,None,,,         ,Joshua,Asbell,Clear,Front to Rear,no,no,no,no,no,False
102085050,METROPOLITAN NASHVILLE POLICE DEPT,20180635992,Davidson,Nashville,7/24/2018 11:34:00 AM,2,0,0,36.225720,-86.598420,SAUNDERSVILLE RD,,,,184.00,Feet,West,ANDREW JACKSON PKWY,,,,0.00,N,Not at Intersection, ,Non-Junction,None,,,         ,Cassandra,Del Bosco,Clear,Front to Rear,no,no,no,no,no,False
102085053,METROPOLITAN NASHVILLE POLICE DEPT,20180636258,Davidson,Nashville,7/24/2018 12:55:00 PM,1,0,0,36.256120,-86.724220,VANTREASE RD,,,,194.00,Feet,North,CHADWELL DR,,,,0.00,N,Not at Intersection,N,Non-Junction,None,,,         ,Brandon,Wood,Clear,Not Collision with Motor Vehicle in Transport,no,no,no,no,yes,False
102085062,METROPOLITAN NASHVILLE POLICE DEPT,20180636246,Davidson,Nashville,7/24/2018 1:00:00 PM,2,0,0,36.128680,-86.853180,WHITE BRIDGE PKE,,,,0.00,,,LIONS HEAD VILLAGE PVTDR,,,,0.00,Y,T-Intersection, ,Intersection,None,,,         ,Curtis,Rich,Cloudy,Angle,no,no,no,no,no,False
102085063,METROPOLITAN NASHVILLE POLICE DEPT,20180636207,Davidson,Nashville,7/24/2018 12:50:00 PM,2,0,0,36.184010,-86.798020,ROSA L PARKS BLVD,,,,54.00,Feet,North,I65 N ENT RAMP,,,,0.00,N,Not at Intersection, ,Entrance/Exit Ramp Related,None,,,         ,Brian,Mclarty,Clear,"Sideswipe, Same Direction",no,no,no,no,no,False
102085102,METROPOLITAN NASHVILLE POLICE DEPT,20180635827,Davidson,Nashville,7/24/2018 9:30:00 AM,3,2,0,36.191770,-86.776260,I 24,,,,0.00,,,,,,,46.80,N,Not at Intersection,N,Unknown,Unknown,Unknown,Unknown,         ,Eric,Knight,Cloudy,Front to Rear,no,no,no,no,no,False
102085106,METROPOLITAN NASHVILLE POLICE DEPT,20180636146,Davidson,Nashville,7/24/2018 12:33:00 PM,2,0,0,36.180520,-86.796540,GARFIELD ST,,,,60.00,Feet,West,ROSA L PARKS BLVD,,,,0.00,N,Not at Intersection,N,Non-Junction,None,,,         ,Ryan,McManman,Clear,Front to Rear,no,no,no,no,yes,False
102085116,METROPOLITAN NASHVILLE POLICE DEPT,20180636206,Davidson,Nashville,7/24/2018 12:53:00 PM,2,0,0,36.039880,-86.815310,OLD HICKORY BLVD,,,,350.00,Feet,East,GRANNY WHITE PKE,,,,0.00,N,Not at Intersection, ,Non-Junction,None,,,         ,James,Kerrigan,Cloudy,Front to Rear,no,no,no,no,no,False
102085147,METROPOLITAN NASHVILLE POLICE DEPT,20180636360,Davidson,Nashville,7/24/2018 1:51:00 PM,2,1,0,36.243930,-86.748520,I65 S EXT RAMP,,,,0.00,Feet,East,I 65,,,,0.00,N,Not at Intersection, ,Entrance/Exit Ramp Related,None,,,         ,Cyretha,Frazier,Cloudy,Front to Rear,no,no,no,no,no,False
102085171,METROPOLITAN NASHVILLE POLICE DEPT,20180636386,Davidson,Nashville,7/24/2018 2:13:00 PM,2,0,0,36.165750,-86.805130,DR D B TODD JR BLVD,,,,0.00,,,JACKSON ST,,,,0.00,Y,Four-Way, ,,None,,,         ,Brian,Warstadt,,,no,no,no,no,no,False
102085198,METROPOLITAN NASHVILLE POLICE DEPT,20180636341,Davidson,Nashville,7/24/2018 1:47:00 PM,1,0,0,36.124190,-86.745730,I 440,,,,0.00,,,,,,,6.50,N,Not at Intersection,N,Non-Junction,None,,,         ,Jessie,Meadows,Clear,Not Collision with Motor Vehicle in Transport,no,no,no,no,no,False
102085216,METROPOLITAN NASHVILLE POLICE DEPT,20180636094,Davidson,Nashville,7/24/2018 12:12:00 PM,2,0,0,36.132470,-86.719310,MURFREESBORO PKE,,,,0.00,,,WILHAGAN RD,,,,0.00,Y,T-Intersection, ,Intersection,None,,,         ,Michael,Dance,Clear,Angle,no,no,no,no,no,False
102085224,METROPOLITAN NASHVILLE POLICE DEPT,20180636389,Davidson,Nashville,7/24/2018 2:00:00 AM,2,0,0,36.082070,-86.714530,TANGLEWOOD CT,,,,115.00,Feet,South,WHISPERING OAKS PL,,,,0.00,N,Not at Intersection, ,Non-Junction,None,,,         ,Eric,Keller,Clear,Unknown,no,no,no,yes,yes,False
102085228,METROPOLITAN NASHVILLE POLICE DEPT,20180636248,Davidson,Nashville,7/24/2018 1:06:00 PM,2,1,0,36.156170,-86.795220,CHURCH ST,,,,237.00,Feet,West,16TH AVN,,,,0.00,N,Not at Intersection,N,Non-Junction,None,,,         ,William,Caillouette,Cloudy,"Sideswipe, Same Direction",no,no,no,no,no,False
102085272,METROPOLITAN NASHVILLE POLICE DEPT,20180636426,Davidson,Nashville,7/24/2018 2:48:00 PM,2,0,0,36.156810,-86.771900,2ND AVS,,,,0.00,,,PEABODY ST,,,,0.00,Y,T-Intersection, ,Non-Junction,None,,,         ,Seth,Quiles,Clear,"Sideswipe, Same Direction",no,no,no,no,no,False
102085273,METROPOLITAN NASHVILLE POLICE DEPT,20180636424,Davidson,Not in City Limit,7/24/2018 2:47:00 PM,2,0,0,36.257300,-86.738440,I 65,,,,0.00,,,,,,,91.75,N,Not at Intersection,N,Non-Junction,None,,,         ,Adam,Nicholson,Clear,"Sideswipe, Same Direction",no,no,no,no,no,False
102085293,METROPOLITAN NASHVILLE POLICE DEPT,20180636500,Davidson,Nashville,7/24/2018 12:37:00 PM,2,0,0,36.153590,-86.785550,12TH AVS,,,,0.00,,,LAUREL ST,,,,0.00,Y,Four-Way,N,Intersection,None,,,         ,Stephen,Waterman,Clear,"Sideswipe, Same Direction",no,no,no,no,yes,False
102085343,METROPOLITAN NASHVILLE POLICE DEPT,20180636614,Davidson,Nashville,7/24/2018 3:15:00 PM,2,0,0,36.114980,-86.740510,WHITSETT RD,,,,438.00,Feet,West,STERLING BOONE DR,,,,0.00,N,Not at Intersection, ,Non-Junction,None,,,         ,Ciarra,Rench,Clear,Angle,no,no,no,no,no,False
102085345,METROPOLITAN NASHVILLE POLICE DEPT,20180636431,Davidson,Nashville,7/24/2018 2:00:00 PM,2,0,0,36.172180,-86.768620,I 24,,,,0.00,,,,,,,48.30,N,Not at Intersection,N,Non-Junction,None,,,         ,Michael,Fitch,Clear,Front to Rear,no,no,no,no,yes,False
102085354,METROPOLITAN NASHVILLE POLICE DEPT,20180636748,Davidson,Nashville,7/24/2018 3:35:00 PM,2,0,0,36.106210,-86.673060,MURFREESBORO PKE,,,,0.00,,,DONELSON PKE,,,,0.00,Y,Four-Way, ,Non-Junction,None,,,         ,Eric,Keller,Clear,Front to Rear,no,no,no,no,no,False
102085356,METROPOLITAN NASHVILLE POLICE DEPT,20180636692,Davidson,Nashville,7/24/2018 4:33:00 PM,2,0,0,36.141750,-86.713170,I 40,,,,0.00,,,,,,,214.00,N,Not at Intersection,N,Non-Junction,None,,,         ,Dontaveous,Eubanks,Clear,Front to Rear,no,no,no,no,no,False
102085361,METROPOLITAN NASHVILLE POLICE DEPT,20180636705,Davidson,Nashville,7/24/2018 4:31:00 PM,2,0,0,36.151510,-86.692080,BRILEY PKWY S EXT RAMP,,,,0.00,Feet,East,ELM HILL PKE EB EXT RAMP,,,,0.00,N,Not at Intersection, ,Non-Junction,None,,,         ,Nicolas,Pernell,Clear,Angle,no,no,no,no,no,False
102085365,METROPOLITAN NASHVILLE POLICE DEPT,20180636781,Davidson,Nashville,7/24/2018 4:48:00 PM,3,0,0,36.169060,-86.682400,LEBANON PKE,,,,0.00,,,FAIRWAY DR,,,,0.00,Y,Four-Way,N,Intersection-Related,None,,,         ,Tien,Nguyen,Clear,Front to Rear,no,no,no,no,no,False
102085381,GOODLETTSVILLE POLICE DEPT,18-25940,Davidson,Goodlettsville,7/24/2018 4:05:00 PM,2,0,0,36.323520,-86.701080,CONFERENCE DR,,,,0.00,,,NORTHGATE DR,,,,0.00,Y,Four-Way, ,Non-Junction,None,,,         ,George,Forbes,Clear,"Sideswipe, Same Direction",no,no,no,no,no,False
102085382,METROPOLITAN NASHVILLE POLICE DEPT,20180636648,Davidson,Nashville,7/24/2018 4:14:00 PM,2,0,0,36.138010,-86.729850,MURFREESBORO PKE,,,,0.00,Feet,West,CRUTCHFIELD AV,,,,0.00,N,Not at Intersection, ,Non-Junction,None,,,         ,Samuel,Sundra,Cloudy,Front to Rear,no,no,no,no,no,False
102085384,METROPOLITAN NASHVILLE POLICE DEPT,20180636683,Davidson,Not in City Limit,7/24/2018 4:26:00 PM,2,0,0,36.078550,-86.962240,I 40,,,,0.00,,,,,,,196.00,N,Not at Intersection, ,Non-Junction,Maintenance Zone,,,         ,Timothy,Morgan,Clear,Front to Rear,no,no,no,no,no,False
102085389,METROPOLITAN NASHVILLE POLICE DEPT,20180636646,Davidson,Nashville,7/24/2018 3:25:00 PM,2,0,0,36.107180,-86.629800,NED SHELTON RD,,,,0.00,Feet,East,BELL RD,,,,0.00,N,Not at Intersection,N,Non-Junction,None,,,         ,Cheri,Cox,Clear,HeadOn,no,no,no,yes,no,False
102085407,METROPOLITAN NASHVILLE POLICE DEPT,20180636727,Davidson,Nashville,7/24/2018 4:42:00 PM,2,0,0,36.127240,-86.700620,GOODBAR DR,,,,0.00,,,THOMPSON PL,,,,0.00,Y,T-Intersection, ,,None,,,         ,Seth,Vaughn,,,no,no,no,no,no,False
102085409,METROPOLITAN NASHVILLE POLICE DEPT,20180636829,Davidson,Nashville,7/24/2018 5:20:00 PM,2,0,0,36.094870,-86.624880,BELL RD,,,,359.00,Feet,North,HARBOR LIGHTS DR,,,,0.00,N,Not at Intersection, ,Non-Junction,None,,,         ,Cheri,Cox,Clear,Front to Rear,no,no,no,no,no,False
102085417,METROPOLITAN NASHVILLE POLICE DEPT,20180636706,Davidson,Goodlettsville,7/24/2018 4:31:00 PM,3,0,0,36.286460,-86.727070,I 65,,,,0.00,,,,,,,93.90,N,Not at Intersection, ,Non-Junction,None,,,         ,Christopher,Littles,Clear,Front to Rear,no,no,no,no,no,False
102085419,METROPOLITAN NASHVILLE POLICE DEPT,20180636383,Davidson,Nashville,7/24/2018 12:00:00 AM,2,0,0,36.154760,-86.761200,I 40,,,,0.00,,,,,,,210.90,N,Not at Intersection, ,Non-Junction,None,,,         ,Alexander,Spradling,Clear,Front to Rear,no,no,no,no,no,False
102085420,METROPOLITAN NASHVILLE POLICE DEPT,20180636843,Davidson,Nashville,7/24/2018 5:23:00 PM,2,1,0,36.153880,-86.843640,I 40,,,,0.00,,,,,,,204.75,N,Not at Intersection,N,Non-Junction,None,,,         ,Shaun,Heath,Clear,Front to Rear,no,no,no,no,no,False
102085425,METROPOLITAN NASHVILLE POLICE DEPT,20180636623,Davidson,Nashville,7/24/2018 4:00:00 PM,2,0,0,36.176910,-86.776000,SPRING ST,,,,54.00,Feet,East,COWAN ST,,,,0.00,N,Not at Intersection, ,Non-Junction,None,,,         ,Zachary,Plese,Clear,Front to Rear,no,no,no,no,no,False
102085429,METROPOLITAN NASHVILLE POLICE DEPT,20180636957,Davidson,Nashville,7/24/2018 6:00:00 PM,2,0,0,36.099310,-86.739290,NOLENSVILLE PKE,,,,127.00,Feet,South,MCCALL ST,,,,0.00,N,Not at Intersection,N,Non-Junction,None,,,         ,YUNUS,ADAK,Clear,Front to Rear,no,no,no,no,yes,False
102085433,METROPOLITAN NASHVILLE POLICE DEPT,20180636812,Davidson,Nashville,7/24/2018 5:10:00 PM,2,1,0,36.116460,-86.771270,I 440,,,,0.00,,,,,,,5.00,N,Not at Intersection,N,Non-Junction,None,,,         ,Gregory,Scott,Clear,Front to Rear,no,no,no,no,no,False
102085436,METROPOLITAN NASHVILLE POLICE DEPT,20180636411,Davidson,Nashville,7/24/2018 2:32:00 PM,4,4,0,36.210920,-86.733110,GREENFIELD AV,,,,0.00,,,GALLATIN PKE,,,,0.00,Y,T-Intersection,N,Intersection,None,,,         ,Alexander,Georgeson,Clear,Angle,no,no,no,no,no,False
102085449,METROPOLITAN NASHVILLE POLICE DEPT,20180636952,Davidson,Nashville,7/24/2018 4:35:00 PM,2,0,0,36.091380,-86.829410,HARDING PL,,,,143.00,Feet,West,CLAYBORNE CT,,,,0.00,N,Not at Intersection, ,Non-Junction,None,,,         ,Broderick,Jones,Clear,Front to Rear,no,no,no,no,no,False
102085476,METROPOLITAN NASHVILLE POLICE DEPT,20180636935,Davidson,Nashville,7/24/2018 5:45:00 PM,2,0,0,36.082100,-86.761700,HARDING PL,,,,0.00,,,SIDCO DR,,,,0.00,Y,Four-Way, ,Intersection,None,,,         ,Trevor,Jones,Clear,Front to Rear,no,no,no,no,no,False
102085483,METROPOLITAN NASHVILLE POLICE DEPT,20180636671,Davidson,Nashville,7/24/2018 3:49:00 PM,2,0,0,36.195580,-86.621710,LEBANON PKE,,,,0.00,,,BONNASPRING DR,,,,0.00,Y,Four-Way, ,Intersection,None,,,         ,Abbey,Sawl,Clear,Angle,no,no,no,no,no,False
102085491,METROPOLITAN NASHVILLE POLICE DEPT,20180636699,Davidson,Nashville,7/24/2018 3:42:00 PM,2,0,0,36.157010,-86.780920,8TH AVS,,,,54.00,Feet,North,DEMONBREUN ST,,,,0.00,N,Not at Intersection, ,Non-Junction,Work Zone,,,         ,Stephen,Waterman,Clear,"Sideswipe, Same Direction",no,no,no,no,no,False
102085503,METROPOLITAN NASHVILLE POLICE DEPT,20180636728,Davidson,Nashville,7/24/2018 4:40:00 PM,2,0,0,36.168450,-86.813550,I40 E EXT RAMP,,,,0.00,,East,I 40,,,,0.00,N,Not at Intersection, ,Non-Junction,None,,,         ,Jonathon,Sheppard,Clear,Front to Rear,no,no,no,no,no,False
102085515,METROPOLITAN NASHVILLE POLICE DEPT,20180636685,Davidson,Nashville,7/24/2018 4:15:00 PM,2,0,0,36.159840,-86.795700,CHARLOTTE AV,,,,101.00,Feet,West,15TH AVN,,,,0.00,N,Not at Intersection, ,Non-Junction,None,,,         ,Akira,McSwain,Clear,Angle,no,no,no,no,no,False
102085516,METROPOLITAN NASHVILLE POLICE DEPT,20180636958,Davidson,Nashville,7/24/2018 5:29:00 PM,2,0,0,36.111200,-86.789330,WOODMONT BLVD,,,,540.00,Feet,West,LEALAND LN,,,,0.00,N,Not at Intersection, ,Non-Junction,None,,,         ,Akira,McSwain,Clear,Front to Rear,no,no,no,no,no,False
102085517,METROPOLITAN NASHVILLE POLICE DEPT,20180637077,Davidson,Not in City Limit,7/24/2018 6:19:00 PM,3,0,0,36.272890,-86.689510,MYATT DR,,,,281.00,Feet,North,ANDERSON LN,,,,0.00,N,Not at Intersection,N,Non-Junction,None,,,         ,Rodney,Phipps,Clear,Front to Rear,no,no,no,no,no,False
102085519,METROPOLITAN NASHVILLE POLICE DEPT,20180637039,Davidson,Nashville,7/24/2018 6:47:00 PM,2,1,0,36.218800,-86.834260,HAYNES PARK DR,,,,0.00,Feet,,KINGS LN,,,,0.00,Y,T-Intersection,N,Intersection,None,,,         ,Jason,Hogan,Clear,Angle,no,no,no,no,no,False
102085531,METROPOLITAN NASHVILLE POLICE DEPT,20180636855,Davidson,Nashville,7/24/2018 5:27:00 PM,2,0,0,36.094580,-86.624870,BELL RD,,,,256.00,Feet,North,HARBOR LIGHTS DR,,,,0.00,N,Not at Intersection,N,Non-Junction,None,,,         ,Kimberly,Annson,Clear,Front to Rear,no,no,no,no,no,False
102085544,METROPOLITAN NASHVILLE POLICE DEPT,20180636966,Davidson,Nashville,7/24/2018 6:10:00 PM,2,2,0,36.214610,-86.604660,LEBANON PKE,,,,0.00,,,SHUTE LN,,,,0.00,Y,T-Intersection,Y,Intersection,None,,,         ,Allyson,Reis,Clear,Angle,no,no,no,no,no,False
102085545,METROPOLITAN NASHVILLE POLICE DEPT,20180637062,Davidson,Nashville,7/24/2018 6:34:00 PM,2,0,0,36.145020,-86.748060,ELM HILL PKE,,,,404.00,Feet,East,ORR AV,,,,0.00,N,Not at Intersection,N,Non-Junction,None,,,         ,Johnathan,Pannell,Clear,Front to Rear,no,no,no,no,yes,False
102085547,METROPOLITAN NASHVILLE POLICE DEPT,20180636905,Davidson,Nashville,7/24/2018 12:00:00 AM,3,1,0,36.189080,-86.820680,ROSA L PARKS BLVD,,,,474.00,Feet,North,CLARKSVILLE PKE,,,,0.00,N,Not at Intersection,N,Entrance/Exit Ramp Related,None,,,         ,John,Petriello,Clear,Front to Rear,no,no,no,no,no,False
102085573,METROPOLITAN NASHVILLE POLICE DEPT,20180606649,Davidson,Nashville,7/14/2018 12:00:00 AM,1,0,0,36.188650,-86.589320,OLD LEBANON DIRT RD,,,,0.00,,,OLD LEBANON DIRT RD,,,,0.00,,T-Intersection,N,Non-Junction,None,,,         ,Christopher,Augustin,Clear,Not Collision with Motor Vehicle in Transport,no,no,no,no,yes,False
102085575,METROPOLITAN NASHVILLE POLICE DEPT,20180637105,Davidson,Nashville,7/24/2018 6:18:00 PM,2,1,0,36.088430,-86.792310,BATTERY LN,,,,391.00,Feet,West,LEALAND LN,,,,0.00,N,Not at Intersection,N,Non-Junction,None,,,         ,Eric,Burford,Clear,Front to Rear,no,no,no,no,no,False
102085576,METROPOLITAN NASHVILLE POLICE DEPT,20180637047,Davidson,Nashville,7/24/2018 6:50:00 PM,2,1,0,36.040900,-86.779380,STONE BROOK DR,,,,0.00,,,OLD HICKORY BLVD,,,,0.00,Y,Four-Way,Y,Intersection,None,,,         ,Nicholas,Carroll,Clear,Other,no,no,no,no,no,False
102085577,METROPOLITAN NASHVILLE POLICE DEPT,20180637324,Davidson,Nashville,7/24/2018 5:30:00 PM,2,1,0,36.169010,-86.810180,JEFFERSON ST,,,,171.00,Feet,West,21ST AVN,,,,0.00,N,Not at Intersection,N,Non-Junction,None,,,         ,Jonathon,Sheppard,Clear,Angle,no,no,no,no,no,False
102085619,METROPOLITAN NASHVILLE POLICE DEPT,20180637349,Davidson,Nashville,7/24/2018 4:02:00 PM,2,0,0,36.035120,-86.706860,CEDARMONT DR,,,,263.00,Feet,North,CEDARVIEW DR,,,,0.00,N,Not at Intersection, ,Non-Junction,None,,,         ,Devonte,Coleman,Clear,Angle,no,no,no,no,no,False
102085620,METROPOLITAN NASHVILLE POLICE DEPT,20180637369,Davidson,Nashville,7/24/2018 9:15:00 PM,3,0,0,36.134260,-86.777500,WEDGEWOOD AV,,,,270.00,Feet,West,I65 S ENT RAMP,,,,0.00,N,Not at Intersection,N,Non-Junction,None,,,         ,Akira,McSwain,Clear,Front to Rear,no,no,no,no,yes,False