master_record_number,agency,agency_tracking_number,county,city,collision_date,vehicles_involved,number_injured,number_dead,latitude,longitude,roadway_name,roadway_suffix,roadway_number,roadway_local_id,distance_from_reference,miles-feet_indicator,direction_from_reference,intersection_road_name,intersection_road_name_suffix,intersection_road_number,intersection_local_id,mile_marker,intersection_indicator,intersect_type,interchange_related_indicator,relation_to_junction,work_zone_type,construction_maintenance_zone,construction_maintenance_zone_location,fatal_case_number,officer_first_name,officer_last_name,weather_condition(s),manner_of_crash,pedestrian,bicycle,scooter,parking,hitrun,mou
102085649,METROPOLITAN NASHVILLE POLICE DEPT,20180636853,Davidson,Nashville,7/24/2018 5:15:00 PM,2,1,0,36.082670,-86.765130,I65 S EXT RAMP,,,,0.00,,,I 65,,,,0.00,Y,OTHER, ,Intersection-Related,None,,,         ,Trevor,Jones,Clear,Front to Rear,no,no,no,no,no,False
102085660,METROPOLITAN NASHVILLE POLICE DEPT,20180637400,Davidson,Nashville,7/24/2018 9:24:00 PM,2,1,0,36.061470,-86.681430,I 24,,,,0.00,,,,,,,57.70,N,Not at Intersection,N,Non-Junction,None,,,         ,Bryce,Hatten,Clear,Angle,no,no,no,no,no,False
102085663,METROPOLITAN NASHVILLE POLICE DEPT,20180637418,Davidson,Nashville,7/24/2018 9:29:00 PM,2,0,0,36.165640,-86.778640,3RD AVN,,,,0.00,Feet,,UNION ST,,,,0.00,Y,Four-Way, ,Intersection,None,,,         ,Zachary,Plese,Clear,Angle,no,no,no,no,no,False
102085676,METROPOLITAN NASHVILLE POLICE DEPT,20180637176,Davidson,Nashville,7/24/2018 12:00:00 AM,2,1,0,36.170000,-86.679790,MCGAVOCK PKE,,,,233.00,Feet,North,LEBANON PKE,,,,0.00,N,Not at Intersection,N,"Driveway, Alley Access, etc",None,,,         ,Alexander,Spradling,Clear,Angle,no,no,no,no,no,False
102085714,METROPOLITAN NASHVILLE POLICE DEPT,20180637462,Davidson,Nashville,7/24/2018 9:45:00 PM,4,1,0,36.069510,-86.689680,I 24,,,,0.00,,,,,,,57.00,N,Not at Intersection,N,Non-Junction,None,,,         ,YUNUS,ADAK,Clear,Angle,no,no,no,no,no,False
102085765,METROPOLITAN NASHVILLE POLICE DEPT,20180637788,Davidson,Nashville,7/24/2018 10:30:00 PM,2,0,0,36.069130,-86.689350,I 24,,,,0.00,,,,,,,57.00,N,Not at Intersection, ,Non-Junction,None,,,         ,Nopel,Stella,Clear,Front to Rear,no,no,no,no,no,False
102085766,Nashville Airport Police,2018-02887,Davidson,Nashville,7/24/2018 9:35:00 PM,1,0,0,36.133410,-86.665080,BNA DR,,,,0.00,,,TERMINAL DR,,,,0.00,Y,OTHER, ,"Driveway, Alley Access, etc",None,,,         ,Emily,DiPietro,Clear,Not Collision with Motor Vehicle in Transport,no,no,no,yes,no,False
102085771,METROPOLITAN NASHVILLE POLICE DEPT,20180637794,Davidson,Nashville,7/24/2018 11:39:00 PM,1,0,0,36.063270,-86.690130,PACKARD DR,,,,152.00,Feet,West,PANAMINT DR,,,,0.00,N,Not at Intersection,N,Non-Junction,None,,,         ,Autumn,Manning,Clear,Not Collision with Motor Vehicle in Transport,no,no,no,no,yes,False
102085777,METROPOLITAN NASHVILLE POLICE DEPT,20180637636,Davidson,Nashville,7/24/2018 10:02:00 PM,2,0,0,36.229080,-86.698040,BRILEY PKWYN,,,,1183.00,Feet,South,BRILEY PKWYN,,,,0.00,N,Not at Intersection, ,,None,,,         ,Joseph,Zambardi,,,no,no,no,no,no,False
102085785,THP District 3 - Nashville,318048961,Davidson,Not in City Limit,7/25/2018 1:00:00 AM,2,0,0,36.329050,-86.894120,I 24,,,,0.00,,,,,,,33.45,N,Not at Intersection,N,Non-Junction,Construction Zone,Laneclosure,Activity Area,         ,John,Grinder,Clear,Front to Rear,no,no,no,no,no,False
102085790,METROPOLITAN NASHVILLE POLICE DEPT,20180637910,Davidson,Nashville,7/25/2018 1:01:00 AM,2,0,0,36.203660,-86.778340,ARTIC AV,,,,370.00,Feet,West,BRICK CHURCH PKE,,,,0.00,N,Not at Intersection,N,Non-Junction,None,,,         ,Abigail,Malone,Clear,Angle,no,no,no,yes,no,False
102085791,METROPOLITAN NASHVILLE POLICE DEPT,20180637965,Davidson,Nashville,7/25/2018 1:15:00 AM,2,0,0,36.206620,-86.777900,W TRINITY LN,,,,0.00,,,BRICK CHURCH PKE,,,,0.00,Y,Four-Way, ,Intersection-Related,None,,,         ,Mitchell,Willis,Clear,Front to Rear,no,no,no,no,yes,False
102085819,METROPOLITAN NASHVILLE POLICE DEPT,20180638010,Davidson,Nashville,7/25/2018 1:50:00 AM,2,0,0,36.200050,-86.620770,OLD HICKORY BLVD,,,,188.00,Feet,South,PLANTATION DR,,,,0.00,N,Not at Intersection, ,Non-Junction,None,,,         ,Wallis,Massey,Clear,"Sideswipe, Same Direction",no,no,no,no,no,False
102085862,METROPOLITAN NASHVILLE POLICE DEPT,20180638378,Davidson,Nashville,7/25/2018 5:30:00 AM,2,0,0,36.165310,-86.783150,6TH AVN,,,,0.00,,,CHARLOTTE AV,,,,0.00,Y,OTHER, ,Unknown,None,,,         ,Garrett,Reingardt,Clear,Other,no,no,no,no,no,False
102085873,METROPOLITAN NASHVILLE POLICE DEPT,2018-0638456,Davidson,Nashville,7/25/2018 5:55:00 AM,2,0,0,36.040900,-86.779380,OLD HICKORY BLVD,,,,0.00,,,STONE BROOK DR,,,,0.00,Y,Four-Way, ,,None,,,         ,Thomas,Miller,,,no,no,no,no,no,False
102085917,METROPOLITAN NASHVILLE POLICE DEPT,20180638511,Davidson,Nashville,7/25/2018 6:49:00 AM,2,0,0,36.137530,-86.727520,I 24,,,,0.00,,,,,,,51.35,N,Not at Intersection, ,Non-Junction,None,,,         ,Michael,Dance,Clear,Front to Rear,no,no,no,no,no,False
102085922,METROPOLITAN NASHVILLE POLICE DEPT,20180638457,Davidson,Nashville,7/25/2018 6:02:00 AM,2,1,0,36.094210,-86.706430,I 24,,,,0.00,,,,,,,55.05,N,Not at Intersection,N,Non-Junction,None,,,         ,Freddirico,Pye,Clear,Front to Rear,no,no,no,no,no,False
102085929,METROPOLITAN NASHVILLE POLICE DEPT,20180638528,Davidson,Nashville,7/25/2018 7:00:00 AM,5,1,0,36.071700,-86.769500,I 65,,,,0.00,,,,,,,77.05,N,Not at Intersection,N,Non-Junction,None,,,         ,Nathan,Kemp,Clear,Front to Rear,no,no,no,no,no,False
102085931,METROPOLITAN NASHVILLE POLICE DEPT,20180638621,Davidson,Not in City Limit,7/25/2018 7:33:00 AM,1,2,0,36.066200,-86.956860,MORTON MILL CIR,,,,0.00,Feet,East,RIVER BEND LN,,,,0.00,N,Not at Intersection,N,Non-Junction,None,,,         ,Curtis,Rich,Clear,Not Collision with Motor Vehicle in Transport,no,no,no,no,no,False
102085947,METROPOLITAN NASHVILLE POLICE DEPT,20180638712,Davidson,Nashville,7/25/2018 8:07:00 AM,2,1,0,36.151040,-86.768160,2ND AVS,,,,142.00,Feet,North,LAFAYETTE ST,,,,0.00,N,Not at Intersection, ,Non-Junction,None,,,         ,Michael,Dance,Clear,Front to Rear,no,no,no,no,no,False
102085952,METROPOLITAN NASHVILLE POLICE DEPT,20180638713,Davidson,Nashville,7/25/2018 8:10:00 AM,2,0,0,36.132590,-86.896830,I 40,,,,0.00,,,,,,,201.25,N,Not at Intersection,N,Non-Junction,None,,,         ,Benjamin,Cantrell,Clear,Front to Rear,no,no,no,no,no,False
102085955,METROPOLITAN NASHVILLE POLICE DEPT,20180638555,Davidson,Nashville,7/25/2018 7:00:00 AM,2,0,0,36.194300,-86.800970,ATHENS WAY,,,,156.00,Feet,North,LAKE FRONT OFFICE PARK PVTDR,,,,0.00,N,Not at Intersection,N,Non-Junction,None,,,         ,Royce,McLester,Clear,Front to Rear,no,no,no,no,no,False
102085971,METROPOLITAN NASHVILLE POLICE DEPT,2018-0638703,Davidson,Nashville,7/25/2018 8:03:00 AM,2,2,0,36.115990,-86.793640,I 440,,,,0.00,,,,,,,3.80,N,Not at Intersection,N,Non-Junction,None,,,         ,Timothy,Edwards,Clear,Front to Rear,no,no,no,no,no,False
102085974,METROPOLITAN NASHVILLE POLICE DEPT,20180638772,Davidson,Nashville,7/25/2018 8:26:00 AM,2,0,0,36.114480,-86.774030,I65 S ENT RAMP,,,,0.00,Feet,East,I 65,,,,0.00,N,Not at Intersection, ,Entrance/Exit Ramp Related,None,,,         ,Nathan,Kemp,Clear,Front to Rear,no,no,no,no,no,False
102085975,METROPOLITAN NASHVILLE POLICE DEPT,20180638823,Davidson,Nashville,7/25/2018 8:47:00 AM,3,0,0,36.110250,-86.770480,I 65,,,,0.00,,,,,,,79.75,N,Not at Intersection,N,Non-Junction,None,,,         ,Nathan,Kemp,Clear,Front to Rear,no,no,no,no,no,False
102085997,METROPOLITAN NASHVILLE POLICE DEPT,20180638730,Davidson,Nashville,7/25/2018 8:16:00 AM,2,1,0,36.153360,-86.798240,19TH AVN,,,,24.00,Feet,North,HAYES ST,,,,0.00,N,Not at Intersection,N,Non-Junction,None,,,         ,James,Kerrigan,Clear,Angle,no,no,no,no,no,False
102086004,METROPOLITAN NASHVILLE POLICE DEPT,20180638676,Davidson,Nashville,7/25/2018 7:55:00 AM,3,0,0,36.203570,-86.776820,I 65,,,,0.00,,,,,,,87.10,N,Not at Intersection,N,Entrance/Exit Ramp Related,None,,,         ,Kenneth,Oneal,Clear,Front to Rear,no,no,no,no,yes,False
102086010,METROPOLITAN NASHVILLE POLICE DEPT,20180638874,Davidson,Nashville,7/25/2018 9:02:00 AM,2,0,0,36.144340,-86.694070,I 40,,,,0.00,,,,,,,215.05,N,Not at Intersection,N,Non-Junction,None,,,         ,Michael,Dance,Clear,"Sideswipe, Same Direction",no,no,no,no,no,False
102086012,METROPOLITAN NASHVILLE POLICE DEPT,20180638925,Davidson,Nashville,7/25/2018 9:30:00 AM,1,0,0,36.126220,-86.857940,RED OAK DR,,,,124.00,Feet,North,HILLWOOD BLVD,,,,0.00,N,Not at Intersection,N,Non-Junction,None,,,         ,Curtis,Rich,Clear,Not Collision with Motor Vehicle in Transport,no,no,no,no,yes,False
102086019,METROPOLITAN NASHVILLE POLICE DEPT,2018-0638736,Davidson,Nashville,7/25/2018 8:15:00 AM,2,0,0,36.110940,-86.745220,THOMPSON LN,,,,0.00,,,NOLENSVILLE PKE,,,,0.00,Y,Four-Way, ,Non-Junction,None,,,         ,Jonathan,Shepherd,Clear,Front to Rear,no,no,no,no,no,False
102086030,METROPOLITAN NASHVILLE POLICE DEPT,2018 0638838,Davidson,Nashville,7/25/2018 8:52:00 AM,2,2,0,36.149060,-86.857910,WHITE BRIDGE PKE,,,,234.00,Feet,North,LENOX AV,,,,0.00,N,Not at Intersection,N,Non-Junction,None,,,         ,Paul,Junkmann,Cloudy,Angle,no,no,no,no,no,False
102086051,METROPOLITAN NASHVILLE POLICE DEPT,2018-0638954,Davidson,Nashville,7/25/2018 9:30:00 AM,2,0,0,36.121730,-86.708170,WINTHORNE DR,,,,0.00,,,WINTHORNE DR,,,,0.00,Y,OTHER, ,Non-Junction,None,,,         ,Jonathan,Shepherd,Clear,Front to Rear,no,no,no,no,no,False
102086055,METROPOLITAN NASHVILLE POLICE DEPT,111855226,Davidson,Nashville,7/25/2018 10:00:00 AM,2,0,0,36.145130,-86.740300,I 40,,,,0.00,,,,,,,212.30,N,Not at Intersection,N,Non-Junction,None,,,         ,Ralph,Harvey,Clear,Front to Rear,no,no,no,no,no,False
102086057,METROPOLITAN NASHVILLE POLICE DEPT,20180639157,Davidson,Nashville,7/25/2018 11:03:00 AM,2,0,0,36.169890,-86.674840,LEBANON PKE,,,,122.00,Feet,West,GRAYLYNN DR,,,,0.00,N,Not at Intersection, ,"Driveway, Alley Access, etc",None,,,         ,Michael,Dance,Clear,Angle,no,no,no,no,no,False
102086066,METROPOLITAN NASHVILLE POLICE DEPT,20180639020,Davidson,Nashville,7/25/2018 10:44:00 AM,2,0,0,36.050670,-86.878420,OLD HICKORY BLVD,,,,517.00,Feet,West,CHICKERING RD,,,,0.00,N,Not at Intersection, ,Non-Junction,None,,,         ,Curtis,Rich,Cloudy,Front to Rear,no,no,no,no,no,False
102086086,METROPOLITAN NASHVILLE POLICE DEPT,20180639214,Davidson,Nashville,7/25/2018 10:30:00 AM,2,0,0,36.171940,-86.877500,WESTBELT DR,,,,421.00,Feet,North,COCKRILL BEND BLVD,,,,0.00,N,Not at Intersection, ,OtherLocation,None,,,         ,George,Spencer,Clear,Other,no,no,no,no,no,False
102086100,METROPOLITAN NASHVILLE POLICE DEPT,20180638977,Davidson,Nashville,7/25/2018 9:45:00 AM,2,0,0,36.178930,-86.795260,ROSA L PARKS BLVD,,,,34.00,Feet,North,HUME ST,,,,0.00,N,Not at Intersection, ,Non-Junction,None,,,         ,Brian,Mclarty,Clear,"Sideswipe, Same Direction",no,no,no,no,no,False
102086101,GOODLETTSVILLE POLICE DEPT,18-25953,Davidson,Goodlettsville,7/24/2018 6:25:00 PM,2,0,0,36.312200,-86.673270,HIGHWAY 386,,,,127.00,Feet,West,HIGHWAY 386 OFF RAMP,,,,0.00,N,Not at Intersection, ,Non-Junction,None,,,         ,Alexander,Bardill,Clear,Front to Rear,no,no,no,no,no,False
102086103,METROPOLITAN NASHVILLE POLICE DEPT,20180639048,Davidson,Nashville,7/25/2018 10:22:00 AM,2,0,0,36.140660,-86.792970,HORTON AV,,,,174.00,Feet,West,VILLA PL,,,,0.00,N,Not at Intersection, ,Non-Junction,None,,,         ,William,Caillouette,Clear,Front to Rear,no,no,no,no,no,False
102086105,BERRY HILL POLICE DEPT,18-2580,Davidson,Berry Hill,7/25/2018 11:55:00 AM,2,0,0,36.112690,-86.766940,BRANSFORD AV,,,,0.00,,,HEATHER PL,,,,0.00,Y,T-Intersection, ,,None,,,         ,Larry,Carter,,,no,no,no,no,no,False
102086149,METROPOLITAN NASHVILLE POLICE DEPT,20180639637,Davidson,Nashville,7/25/2018 12:15:00 PM,2,0,0,36.178100,-86.794680,ROSA L PARKS BLVD,,,,0.00,,,CHEATHAM PL,,,,0.00,Y,T-Intersection,N,Non-Junction,None,,,         ,Wesley,Young,Clear,"Sideswipe, Same Direction",no,no,no,no,no,False
102086178,METROPOLITAN NASHVILLE POLICE DEPT,20180639431,Davidson,Nashville,7/24/2018 6:10:00 PM,2,0,0,36.119930,-86.749730,NOLENSVILLE PKE,,,,268.00,Feet,South,I440 E ENT RAMP,,,,0.00,N,Not at Intersection,N,Non-Junction,None,,,         ,Stephen,Soule,Clear,Front to Rear,no,no,no,no,yes,False
102086203,METROPOLITAN NASHVILLE POLICE DEPT,20180639400,Davidson,Nashville,7/25/2018 12:35:00 PM,2,0,0,36.123820,-86.746680,I 440,,,,0.00,,,,,,,6.45,N,Not at Intersection,N,Non-Junction,None,,,         ,Todd,Watson,Clear,"Sideswipe, Same Direction",no,no,no,no,no,False
102086216,METROPOLITAN NASHVILLE POLICE DEPT,20180635507,Davidson,Nashville,7/24/2018 8:00:00 AM,2,0,0,36.169390,-86.772100,S 1ST ST,,,,130.00,Feet,North,WOODLAND ST,,,,0.00,N,Not at Intersection, ,Non-Junction,None,,,         ,Gregory,Julia,Clear,"Sideswipe, Same Direction",no,no,no,yes,no,False
102086237,METROPOLITAN NASHVILLE POLICE DEPT,2018-0639387,Davidson,Nashville,7/25/2018 12:30:00 PM,2,1,0,36.243890,-86.756580,DOVERSIDE DR,,,,0.00,,,DICKERSON PKE,,,,0.00,Y,Four-Way, ,Intersection,None,,,         ,Travis,Baxter,Clear,Front to Rear,no,no,no,no,no,False
102086267,METROPOLITAN NASHVILLE POLICE DEPT,20180639494,Davidson,Nashville,7/25/2018 1:08:00 PM,2,0,0,36.037930,-86.784100,I65 S EXT RAMP,,,,0.00,Feet,East,I 65,,,,0.00,N,Not at Intersection,N,Entrance/Exit Ramp Related,None,,,         ,Jon,Mcvey,Clear,Front to Rear,no,no,no,no,no,False
102086306,METROPOLITAN NASHVILLE POLICE DEPT,20180639018,Davidson,OTHER,7/25/2018 12:00:00 AM,2,0,0,36.013140,-86.620420,I24 E ENT RAMP,,,,0.00,Feet,East,I 24,,,,0.00,N,Not at Intersection,N,Non-Junction,None,,,         ,Eric,Keller,Clear,Unknown,no,no,no,no,yes,False
102086310,METROPOLITAN NASHVILLE POLICE DEPT,20180639394,Davidson,Nashville,7/25/2018 12:30:00 PM,2,0,0,36.052570,-86.679750,TUSCULUM RD,,,,857.00,Feet,East,BENZING RD,,,,0.00,N,Not at Intersection, ,Non-Junction,None,,,         ,Eric,Keller,Clear,Front to Rear,no,no,no,no,no,False
102086312,METROPOLITAN NASHVILLE POLICE DEPT,20180639521,Davidson,Nashville,7/25/2018 1:15:00 PM,2,0,0,36.126530,-86.711420,EAST THOMPSON LN,,,,115.00,Feet,West,MURFREESBORO PKE,,,,0.00,N,Not at Intersection, ,Non-Junction,None,,,         ,Eric,Keller,Clear,Front to Rear,no,no,no,no,yes,False
102086385,METROPOLITAN NASHVILLE POLICE DEPT,20180639620,Davidson,Nashville,7/25/2018 1:00:00 PM,2,0,0,36.203550,-86.738530,GALLATIN PKE,,,,0.00,,,E TRINITY LN,,,,0.00,Y,OTHER, ,Non-Junction,None,,,         ,Eric,Knight,Clear,Angle,no,no,no,no,no,False
102086405,METROPOLITAN NASHVILLE POLICE DEPT,20180639692,Davidson,Nashville,7/25/2018 2:48:00 PM,2,0,0,36.088940,-86.702450,I 24,,,,0.00,,,,,,,55.45,N,Not at Intersection,N,Non-Junction,None,,,         ,YUNUS,ADAK,Clear,Front to Rear,no,no,no,no,yes,False
102086407,METROPOLITAN NASHVILLE POLICE DEPT,20180639547,Davidson,Nashville,7/25/2018 1:27:00 PM,3,0,0,36.053660,-86.715020,NOLENSVILLE PKE,,,,0.00,,,BREWER DR,,,,0.00,Y,OTHER, ,Non-Junction,None,,,         ,Russell,Wade,Clear,Front to Rear,no,no,no,no,no,False
102086420,METROPOLITAN NASHVILLE POLICE DEPT,20180639756,Davidson,Goodlettsville,7/25/2018 2:29:00 PM,2,0,0,36.296910,-86.699160,GALLATIN PKEN,,,,0.00,,,RIVERGATE PKWY,,,,0.00,Y,Four-Way,N,Intersection-Related,None,,,         ,Christopher,Littles,Clear,"Sideswipe, Same Direction",no,no,no,no,yes,False
102086421,METROPOLITAN NASHVILLE POLICE DEPT,20180639734,Davidson,Nashville,7/25/2018 2:47:00 PM,2,0,0,36.171540,-86.768730,JAMES ROBERTSON PKWY,,,,105.00,Feet,East,INTERSTATE DR,,,,0.00,N,Not at Intersection, ,Non-Junction,None,,,         ,David,Snowden,Clear,Angle,no,no,no,no,no,False
102086428,METROPOLITAN NASHVILLE POLICE DEPT,20180639879,Davidson,Nashville,7/25/2018 2:55:00 PM,2,0,0,36.059520,-86.640990,CAMBRIDGE APTS PVTDR,,,,27.00,Feet,East,BELL RD,,,,0.00,N,Not at Intersection, ,Non-Junction,None,,,         ,Devonte,Coleman,Clear,Angle,no,no,no,no,no,False
102086439,METROPOLITAN NASHVILLE POLICE DEPT,20180639809,Davidson,Nashville,7/25/2018 3:25:00 PM,2,1,0,36.108680,-86.812130,GLEN ECHO RD,,,,0.00,,,HILLSBORO PKE,,,,0.00,Y,T-Intersection,Y,Intersection-Related,None,,,         ,Trevor,Jones,Clear,Front to Rear,no,no,no,no,no,False
102086447,BERRY HILL POLICE DEPT,18-2585,Davidson,Berry Hill,7/25/2018 12:00:00 AM,2,0,0,36.121830,-86.775610,FRANKLIN PKE,,,,174.00,Feet,North,KIRKWOOD AV,,,,0.00,N,Not at Intersection, ,Non-Junction,None,,,         ,John,Gleixner,Clear,Front to Rear,no,no,no,no,no,False
102086448,METROPOLITAN NASHVILLE POLICE DEPT,20180639981,Davidson,Nashville,7/25/2018 4:13:00 PM,2,0,0,36.203680,-86.739530,E TRINITY LN,,,,300.00,Feet,West,GALLATIN PKE,,,,0.00,N,Not at Intersection,N,Non-Junction,None,,,         ,Jessica,Scott,Clear,Angle,no,no,no,no,no,False
102086451,METROPOLITAN NASHVILLE POLICE DEPT,20180639961,Davidson,Nashville,7/25/2018 3:14:00 PM,2,0,0,36.071870,-86.636180,MURFREESBORO PKE,,,,0.00,,,BELL RD,,,,0.00,Y,Four-Way, ,Intersection,None,,,         ,Bryce,Hatten,Clear,Front to Rear,no,no,no,no,no,False
102086456,METROPOLITAN NASHVILLE POLICE DEPT,20180640030,Davidson,Nashville,7/25/2018 4:30:00 PM,2,1,0,36.074390,-86.629600,ANDERSON RD,,,,0.00,Feet,,FOREST TRACE DR,,,,0.00,Y,T-Intersection,N,Intersection-Related,None,,,         ,Eric,Keller,Clear,Angle,no,no,no,no,no,False
102086462,METROPOLITAN NASHVILLE POLICE DEPT,20180640074,Davidson,Nashville,7/25/2018 4:47:00 PM,2,0,0,36.125820,-86.846490,KENNER AV,,,,0.00,,,HARDING PKE,,,,0.00,Y,Four-Way, ,Intersection-Related,None,,,         ,Eric,McCoy,Clear,Angle,no,no,no,no,no,False
102086475,METROPOLITAN NASHVILLE POLICE DEPT,20180640098,Davidson,Nashville,7/25/2018 4:46:00 PM,3,0,0,36.109810,-86.733300,THOMPSON LN,,,,66.00,Feet,East,TUGGLE AV,,,,0.00,N,Not at Intersection, ,Non-Junction,None,,,         ,Je-Marc,Sears,Clear,Front to Rear,no,no,no,no,no,False
102086492,METROPOLITAN NASHVILLE POLICE DEPT,20180640205,Davidson,Nashville,7/25/2018 4:40:00 PM,2,0,0,36.140690,-86.666480,DONELSON PKE,,,,119.00,Feet,North,I40 E EXT RAMP,,,,0.00,N,Not at Intersection, ,Non-Junction,None,,,         ,Brady,Reynolds,Clear,"Sideswipe, Same Direction",no,no,no,no,no,False
102086494,METROPOLITAN NASHVILLE POLICE DEPT,20180640060,Davidson,Nashville,7/25/2018 4:42:00 PM,2,0,0,36.173100,-86.769780,I 24,,,,0.00,,,,,,,48.20,N,Not at Intersection,N,Non-Junction,None,,,         ,Zachary,Plese,Clear,Front to Rear,no,no,no,no,no,False
102086497,METROPOLITAN NASHVILLE POLICE DEPT,20180640192,Davidson,Nashville,7/25/2018 5:23:00 PM,2,0,0,36.205180,-86.757610,JONES AV,,,,22.00,Feet,North,E TRINITY LN,,,,0.00,N,Not at Intersection,N,Non-Junction,None,,,         ,Cody,Jaworski,Clear,Angle,no,no,no,no,yes,False
102086521,METROPOLITAN NASHVILLE POLICE DEPT,20180639962,Davidson,Nashville,7/25/2018 2:33:00 PM,3,0,0,36.072120,-86.636430,MURFREESBORO PKE,,,,116.00,Feet,North,BELL RD,,,,0.00,N,Not at Intersection, ,Non-Junction,None,,,         ,Devonte,Coleman,Clear,Front to Rear,no,no,no,no,no,False
102086537,METROPOLITAN NASHVILLE POLICE DEPT,20180640146,Davidson,Nashville,7/25/2018 5:09:00 PM,2,1,0,36.130750,-86.817580,I 440,,,,0.00,,,,,,,1.95,N,Not at Intersection,N,Non-Junction,None,,,         ,Eric,Burford,Clear,Front to Rear,no,no,no,no,no,False
102086548,METROPOLITAN NASHVILLE POLICE DEPT,20180640378,Davidson,Nashville,7/25/2018 6:19:00 PM,3,0,0,36.169470,-86.806620,DR D B TODD JR BLVD,,,,0.00,,,JEFFERSON ST,,,,0.00,Y,Four-Way,N,Intersection-Related,None,,,         ,Christopher,Dickerson,Clear,Front to Rear,no,no,no,no,yes,False
102086549,METROPOLITAN NASHVILLE POLICE DEPT,20180639345,Davidson,Not in City Limit,7/25/2018 12:16:00 PM,2,0,0,36.274270,-86.735740,I 65,,,,0.00,,,,,,,92.95,N,Not at Intersection, ,Non-Junction,None,,,         ,Ronald,Bright,Cloudy,Angle,no,no,no,no,no,False
102086552,METROPOLITAN NASHVILLE POLICE DEPT,20180640376,Davidson,Not in City Limit,7/25/2018 6:16:00 PM,3,1,0,36.011080,-86.702690,NOLENSVILLE PKE,,,,0.00,,,LENOX CREEKSIDE DR,,,,0.00,Y,T-Intersection,Y,Intersection-Related,None,,,         ,Bryce,Hatten,Clear,Angle,no,no,no,no,no,False
102086554,METROPOLITAN NASHVILLE POLICE DEPT,20180640383,Davidson,Nashville,7/25/2018 6:00:00 PM,2,0,0,36.170900,-86.798170,I 40,,,,0.00,,,,,,,208.00,N,Not at Intersection, ,Non-Junction,None,,,         ,Shannon,Forsyth,Clear,Front to Rear,no,no,no,no,no,False
102086577,THP District 9 - Administrative,318049077,Davidson,Oak Hill,7/25/2018 10:00:00 AM,2,0,0,36.091480,-86.777790,S CURTISWOOD LN,,,,0.00,,,,,,,0.00,,Not at Intersection, ,Non-Junction,None,,,         ,Ronald,Crockarell,Clear,Other,no,no,no,yes,no,False
102086587,METROPOLITAN NASHVILLE POLICE DEPT,20180640169,Davidson,Nashville,7/25/2018 5:17:00 PM,3,0,0,36.170250,-86.797940,I 40,,,,0.00,,,,,,,208.00,N,Not at Intersection, ,Non-Junction,None,,,         ,Roy,Sain Jr.,Clear,Front to Rear,no,no,no,no,no,False
102086593,METROPOLITAN NASHVILLE POLICE DEPT,2018-0640182,Davidson,Nashville,7/25/2018 4:40:00 PM,2,0,0,36.119600,-86.801860,I 440,,,,0.00,,,,,,,3.05,N,Not at Intersection, ,Non-Junction,None,,,         ,Will,Amundson,Clear,Front to Rear,no,no,no,no,yes,False
102086594,METROPOLITAN NASHVILLE POLICE DEPT,20180640550,Davidson,Nashville,7/25/2018 6:40:00 PM,2,0,0,36.170230,-86.683140,THE CROSSINGS PVTDR,,,,0.00,Feet,East,FAIRWAY DR,,,,0.00,N,Not at Intersection, ,,None,,,         ,Darci,Stechman,,,no,no,no,yes,no,False
102086599,METROPOLITAN NASHVILLE POLICE DEPT,20180640219,Davidson,Nashville,7/25/2018 5:17:00 PM,2,0,0,36.140250,-86.730700,I 40,,,,0.00,,,,,,,212.90,N,Not at Intersection, ,,None,,,         ,Trenton,Searcy,,,no,no,no,no,no,False
102086609,METROPOLITAN NASHVILLE POLICE DEPT,2018-0640311,Davidson,Nashville,7/25/2018 5:17:00 PM,2,0,0,36.090840,-86.802400,BILTMORE DR,,,,0.00,,,GRANNY WHITE PKE,,,,0.00,Y,Four-Way, ,Non-Junction,None,,,         ,Will,Amundson,Clear,Front to Rear,no,no,no,no,no,False
102086615,GOODLETTSVILLE POLICE DEPT,18-26076,Davidson,Goodlettsville,7/25/2018 7:01:00 PM,1,0,0,36.317960,-86.701950,I 65,,,,0.00,,,,,,,96.55,N,Not at Intersection,N,Non-Junction,None,,,         ,Nicholas,Given,Clear,Not Collision with Motor Vehicle in Transport,no,no,no,no,no,False
102086620,METROPOLITAN NASHVILLE POLICE DEPT,20180640263,Davidson,Nashville,7/25/2018 5:43:00 PM,1,2,0,36.179360,-86.595190,TULIP GROVE RD,,,,106.00,Feet,South,ELEGANCE WAY,,,,0.00,N,Not at Intersection,N,Non-Junction,None,,,         ,Abbey,Sawl,Clear,Not Collision with Motor Vehicle in Transport,no,no,no,no,no,False
102086633,METROPOLITAN NASHVILLE POLICE DEPT,20180640756,Davidson,Nashville,7/25/2018 7:08:00 PM,1,0,0,36.249390,-86.708120,DENSON AV,,,,58.00,Feet,North,HARVARD AV,,,,0.00,N,Not at Intersection,N,"Driveway, Alley Access, etc",None,,,         ,DuJuan,Kendrick,Clear,Not Collision with Motor Vehicle in Transport,no,no,no,yes,yes,False