master_record_number,agency,agency_tracking_number,county,city,collision_date,vehicles_involved,number_injured,number_dead,latitude,longitude,roadway_name,roadway_suffix,roadway_number,roadway_local_id,distance_from_reference,miles-feet_indicator,direction_from_reference,intersection_road_name,intersection_road_name_suffix,intersection_road_number,intersection_local_id,mile_marker,intersection_indicator,intersect_type,interchange_related_indicator,relation_to_junction,work_zone_type,construction_maintenance_zone,construction_maintenance_zone_location,fatal_case_number,officer_first_name,officer_last_name,weather_condition(s),manner_of_crash,pedestrian,bicycle,scooter,parking,hitrun,mou
102088777,METROPOLITAN NASHVILLE POLICE DEPT,20180646285,Davidson,Nashville,7/27/2018 3:00:00 PM,2,0,0,36.138330,-86.638190,EAST LAKE DR,,,,0.00,,,QUAIL RD,,,,0.00,Y,T-Intersection, ,,None,,,         ,Brady,Reynolds,,,no,no,no,no,no,False
102088781,METROPOLITAN NASHVILLE POLICE DEPT,20180646209,Davidson,Nashville,7/27/2018 2:45:00 PM,2,0,0,36.157370,-86.779710,DEMONBREUN ST,,,,0.00,,,7TH AVS,,,,0.00,Y,T-Intersection, ,Intersection-Related,None,,,         ,Steven,Fisher,Clear,Front to Rear,no,no,no,no,no,False
102088794,METROPOLITAN NASHVILLE POLICE DEPT,20180646302,Davidson,Nashville,7/27/2018 3:40:00 PM,2,0,0,36.127730,-86.753600,NOLENSVILLE PKE,,,,97.00,Feet,South,COLEMAN ST,,,,0.00,N,Not at Intersection, ,Non-Junction,None,,,         ,Ryan,Sherry,Clear,"Sideswipe, Same Direction",no,no,no,no,no,False
102088813,METROPOLITAN NASHVILLE POLICE DEPT,20180646329,Davidson,Nashville,7/27/2018 3:50:00 PM,2,0,0,36.042450,-86.712940,MILL CREEK WHITTLEMORE GRNWY,,,,0.00,,,SWISS AV,,,,0.00,Y,Four-Way, ,Intersection,None,,,         ,Ryan,Coll,Clear,Angle,no,no,no,no,no,False
102088814,METROPOLITAN NASHVILLE POLICE DEPT,20180646237,Davidson,Nashville,7/27/2018 1:25:00 PM,2,0,0,36.182190,-86.814400,SEIFRIED ST,,,,0.00,,,23RD AVN,,,,0.00,Y,Four-Way, ,Intersection,None,,,         ,Joseph,Gawlowski,Clear,Angle,no,no,no,no,no,False
102088818,METROPOLITAN NASHVILLE POLICE DEPT,20180646264,Davidson,Nashville,7/27/2018 3:31:00 PM,2,2,0,36.087080,-86.730430,NOLENSVILLE PKE,,,,94.00,Feet,North,ELYSIAN FIELDS CT,,,,0.00,N,Not at Intersection,N,Non-Junction,None,,,         ,Jarret,Sonnenberg,Clear,Front to Rear,no,no,no,no,no,False
102088834,METROPOLITAN NASHVILLE POLICE DEPT,20180646144,Davidson,Nashville,7/27/2018 12:00:00 AM,2,0,0,36.167790,-86.820750,JEFFERSON ST,,,,0.00,,,ED TEMPLE BLVD,,,,0.00,Y,Four-Way,N,Intersection-Related,None,,,         ,Russell,Jones,Clear,Angle,no,no,no,no,no,False
102088836,METROPOLITAN NASHVILLE POLICE DEPT,20180646274,Davidson,Nashville,7/27/2018 3:30:00 PM,3,0,0,36.170830,-86.803940,I 40,,,,0.00,,,,,,,207.65,N,Not at Intersection, ,Non-Junction,Construction Zone,,,         ,Christopher,Dickerson,Clear,Front to Rear,no,no,no,no,no,False
102088842,METROPOLITAN NASHVILLE POLICE DEPT,20180646152,Davidson,Nashville,7/27/2018 12:00:00 AM,2,4,0,36.146090,-86.667700,ROYAL PKWY,,,,0.00,,,CLARIDGE DR,,,,0.00,Y,T-Intersection,N,Intersection-Related,None,,,         ,Alexander,Spradling,Clear,Angle,no,no,no,no,no,False
102088843,METROPOLITAN NASHVILLE POLICE DEPT,20180646373,Davidson,Nashville,7/27/2018 2:53:00 PM,2,0,0,36.237990,-86.785400,BRILEY PKWYE,,,,66.00,Feet,West,I24 W ENT RAMP,,,,0.00,N,Not at Intersection, ,Non-Junction,None,,,         ,Andrey,Volfson,Clear,"Sideswipe, Same Direction",no,no,no,no,no,False
102088849,METROPOLITAN NASHVILLE POLICE DEPT,20180646215,Davidson,Nashville,7/27/2018 3:10:00 PM,1,1,0,36.179500,-86.714750,POTTER LN,,,,0.00,,,MITCHELL RD,,,,0.00,Y,T-Intersection, ,Intersection-Related,None,,,         ,Alexander,Georgeson,Clear,Not Collision with Motor Vehicle in Transport,yes,no,no,no,no,False
102088867,METROPOLITAN NASHVILLE POLICE DEPT,20180646350,Davidson,Nashville,7/27/2018 3:44:00 PM,2,0,0,36.255020,-86.715220,GALLATIN PKES,,,,7.00,Feet,North,MADISON BLVD,,,,0.00,N,Not at Intersection,N,Non-Junction,None,,,         ,DuJuan,Kendrick,Clear,HeadOn,no,no,no,no,no,False
102088885,METROPOLITAN NASHVILLE POLICE DEPT,20180646159,Davidson,Nashville,7/27/2018 1:07:00 PM,2,0,0,36.163980,-86.786890,ROSA L PARKS BLVD,,,,98.00,Feet,West,CHARLOTTE AV,,,,0.00,N,Not at Intersection, ,Non-Junction,None,,,         ,Roy,Sain Jr.,Clear,Front to Rear,no,no,no,no,no,False
102088915,METROPOLITAN NASHVILLE POLICE DEPT,20180646319,Davidson,Nashville,7/27/2018 3:52:00 PM,2,0,0,36.249560,-86.741810,I 65,,,,0.00,,,,,,,91.15,N,Not at Intersection,N,Entrance/Exit Ramp Related,None,,,         ,Adam,Nicholson,Clear,Front to Rear,no,no,no,no,no,False
102088946,METROPOLITAN NASHVILLE POLICE DEPT,20180646162,Davidson,Nashville,7/27/2018 1:30:00 PM,2,0,0,36.140570,-86.722540,I 40,,,,0.00,,,,,,,213.50,N,Not at Intersection,N,Non-Junction,None,,,         ,Jessica,Johann,Clear,Front to Rear,no,no,no,no,no,False
102088959,METROPOLITAN NASHVILLE POLICE DEPT,2018-0646462,Davidson,Nashville,7/27/2018 4:47:00 PM,2,1,0,36.115490,-86.747540,NOLENSVILLE PKE,,,,0.00,,,WHITSETT RD,,,,0.00,Y,Four-Way,N,Non-Junction,None,,,         ,Will,Amundson,Clear,Front to Rear,no,no,no,no,no,False
102088961,METROPOLITAN NASHVILLE POLICE DEPT,20180646514,Davidson,Nashville,7/27/2018 5:20:00 PM,2,1,0,36.126080,-86.812540,WOODLAWN DR,,,,0.00,,,NATCHEZ TRC,,,,0.00,Y,Four-Way,N,Non-Junction,None,,,         ,Randall,Ward,Clear,Angle,no,no,no,no,no,False
102088965,METROPOLITAN NASHVILLE POLICE DEPT,20180645960,Davidson,Nashville,7/27/2018 12:30:00 PM,2,0,0,36.145630,-86.666680,DONELSON PKE,,,,117.00,Feet,South,ROYAL PKWY,,,,0.00,N,Not at Intersection,N,Non-Junction,None,,,         ,Darci,Stechman,Clear,Front to Rear,no,no,no,no,no,False
102088966,METROPOLITAN NASHVILLE POLICE DEPT,20180646456,Davidson,Nashville,7/27/2018 4:14:00 PM,2,0,0,36.068220,-86.710670,HAYWOOD LN,,,,0.00,,,FAULKNER DR,,,,0.00,Y,T-Intersection,N,Non-Junction,None,,,         ,Taylor,Hurley,Clear,Angle,no,no,no,no,no,False
102088971,METROPOLITAN NASHVILLE POLICE DEPT,20180646158,Davidson,Nashville,7/27/2018 2:20:00 PM,2,0,0,36.129890,-86.802260,21ST AVS,,,,224.00,Feet,North,ASHWOOD AV,,,,0.00,N,Not at Intersection, ,Non-Junction,None,,,         ,Akira,McSwain,Clear,Front to Rear,no,no,no,no,no,False
102088972,METROPOLITAN NASHVILLE POLICE DEPT,20180646359,Davidson,Nashville,7/27/2018 4:05:00 PM,2,1,0,36.038120,-86.768510,CLOVERLAND DR,,,,234.00,Feet,North,FREDERICKSBURG WAYW,,,,0.00,N,Not at Intersection,N,Non-Junction,None,,,         ,Akira,McSwain,Clear,"Sideswipe, Opposite Direction",no,no,no,no,yes,False
102088973,METROPOLITAN NASHVILLE POLICE DEPT,20180646225,Davidson,Nashville,7/27/2018 3:14:00 PM,2,0,0,36.045410,-86.703610,CEDARMONT DR,,,,6.00,Feet,South,OLD HICKORY BLVD,,,,0.00,N,Not at Intersection,N,Non-Junction,None,,,         ,Andrew,Brazee,Clear,Angle,no,no,no,no,no,False
102088988,METROPOLITAN NASHVILLE POLICE DEPT,20180646523,Davidson,Nashville,7/27/2018 5:00:00 PM,2,0,0,36.136080,-86.727110,I 24,,,,0.00,,,,,,,52.25,N,Not at Intersection, ,Non-Junction,None,,,         ,Ciarra,Rench,Clear,Front to Rear,no,no,no,no,no,False
102089004,METROPOLITAN NASHVILLE POLICE DEPT,20180646516,Davidson,Not in City Limit,7/27/2018 5:04:00 PM,2,0,0,36.296180,-86.810990,I 24,,,,0.00,,,,,,,39.05,N,Not at Intersection,N,Non-Junction,None,,,         ,Andrey,Volfson,Clear,Front to Rear,no,no,no,no,no,False
102089013,METROPOLITAN NASHVILLE POLICE DEPT,20180646547,Davidson,Nashville,7/27/2018 5:37:00 PM,2,0,0,36.124920,-86.734470,I 440,,,,0.00,,,,,,,7.15,N,Not at Intersection, ,Non-Junction,None,,,         ,Ryan,Sherry,Clear,"Sideswipe, Same Direction",no,no,no,no,no,False
102089017,METROPOLITAN NASHVILLE POLICE DEPT,20180646336,Davidson,Nashville,7/27/2018 3:57:00 PM,2,0,0,36.172500,-86.773840,N 1ST ST,,,,700.00,Feet,South,OLDHAM ST,,,,0.00,N,Not at Intersection,N,Non-Junction,None,,,         ,Joshua,Reece,Clear,Angle,no,no,no,no,yes,False
102089032,METROPOLITAN NASHVILLE POLICE DEPT,20180646426,Davidson,Nashville,7/27/2018 4:15:00 PM,2,0,0,36.168670,-86.685800,LEBANON PKE,,,,131.00,Feet,West,THE CROSSINGS PVTDR,,,,0.00,N,Not at Intersection,N,Non-Junction,None,,,         ,Darci,Stechman,Clear,Front to Rear,no,no,no,no,no,False
102089033,METROPOLITAN NASHVILLE POLICE DEPT,20180646633,Davidson,Nashville,7/27/2018 4:50:00 PM,2,0,0,36.074290,-86.921620,HIGHWAY 70S,,,,114.00,Feet,East,OLD HARDING PKE,,,,0.00,N,Not at Intersection, ,Non-Junction,None,,,         ,Brandon,Pedigo,Clear,"Sideswipe, Same Direction",no,no,no,no,no,False
102089041,METROPOLITAN NASHVILLE POLICE DEPT,20180646429,Davidson,Nashville,7/27/2018 4:39:00 PM,2,0,0,36.140390,-86.800390,21ST AVS,,,,127.00,Feet,South,DIXIE PL,,,,0.00,N,Not at Intersection, ,Non-Junction,None,,,         ,Eric,Snyder,Clear,"Sideswipe, Same Direction",no,no,no,no,no,Campus
102089042,METROPOLITAN NASHVILLE POLICE DEPT,20180646602,Davidson,Nashville,7/27/2018 5:30:00 PM,2,0,0,36.144860,-86.739840,I 40,,,,0.00,,,,,,,212.30,N,Not at Intersection, ,Non-Junction,None,,,         ,Jessica,Johann,Clear,"Sideswipe, Same Direction",no,no,no,no,no,False
102089044,METROPOLITAN NASHVILLE POLICE DEPT,20180646452,Davidson,Nashville,7/27/2018 4:45:00 PM,2,0,0,36.200350,-86.618570,LEBANON PKE,,,,14.00,Feet,North,HERMITAGE RD,,,,0.00,N,Not at Intersection,N,Non-Junction,None,,,         ,Marvis,Malone,Clear,Angle,no,no,no,no,no,False
102089045,METROPOLITAN NASHVILLE POLICE DEPT,20180646676,Davidson,Not in City Limit,7/27/2018 6:40:00 PM,2,0,0,36.295220,-86.810790,I 24,,,,0.00,,,,,,,39.15,N,Not at Intersection,N,Non-Junction,None,,,         ,Andrey,Volfson,Clear,Front to Rear,no,no,no,no,no,False
102089055,METROPOLITAN NASHVILLE POLICE DEPT,20180646619,Davidson,Antioch,7/27/2018 5:55:00 PM,2,1,0,36.039580,-86.603190,MURFREESBORO PKE,,,,90.00,Feet,North,OLD HICKORY BLVD,,,,0.00,N,Not at Intersection,N,Non-Junction,None,,,         ,Eric,Wegener,Clear,HeadOn,no,no,no,no,no,False
102089086,METROPOLITAN NASHVILLE POLICE DEPT,20180646582,Davidson,Nashville,7/27/2018 5:45:00 PM,2,0,0,36.170690,-86.679670,MCGAVOCK PKE,,,,331.00,Feet,South,PARK DR,,,,0.00,N,Not at Intersection,N,Non-Junction,None,,,         ,Alexander,Spradling,Clear,"Sideswipe, Opposite Direction",no,no,no,yes,yes,False
102089087,METROPOLITAN NASHVILLE POLICE DEPT,20180646632,Davidson,Nashville,7/27/2018 5:20:00 PM,2,0,0,36.149290,-86.747290,I 40,,,,0.00,,,,,,,211.80,N,Not at Intersection,N,Non-Junction,None,,,         ,Darci,Stechman,Clear,Front to Rear,no,no,no,no,yes,False
102089088,METROPOLITAN NASHVILLE POLICE DEPT,20180646532,Davidson,Nashville,7/27/2018 12:00:00 AM,2,0,0,36.105320,-86.814240,HILLSBORO PKE,,,,219.00,Feet,South,ABBOTT MARTIN RD,,,,0.00,N,Not at Intersection,N,Non-Junction,None,,,         ,Kelby,Dumond,Clear,Front to Rear,no,no,no,no,yes,False
102089089,METROPOLITAN NASHVILLE POLICE DEPT,20180646688,Davidson,Nashville,7/27/2018 6:21:00 PM,2,0,0,36.179710,-86.605790,OLD HICKORY BLVD,,,,400.00,Feet,North,I40 E EXT RAMP,,,,0.00,N,Not at Intersection,N,Non-Junction,None,,,         ,Nicolas,Pernell,Clear,Angle,no,no,no,no,yes,False
102089093,METROPOLITAN NASHVILLE POLICE DEPT,20180646669,Davidson,Nashville,7/27/2018 6:30:00 PM,2,2,0,36.041660,-86.748950,OLD HICKORY BLVD,,,,100.00,Feet,West,COPPERFIELD WAY,,,,0.00,N,Not at Intersection,N,Non-Junction,None,,,         ,Akira,McSwain,Clear,Front to Rear,no,no,no,no,yes,False
102089096,METROPOLITAN NASHVILLE POLICE DEPT,20180646492,Davidson,Nashville,7/27/2018 5:11:00 PM,2,0,0,36.154630,-86.779160,8TH AVS,,,,0.00,,,LAFAYETTE ST,,,,0.00,Y,Roundabout, ,Intersection,None,,,         ,Joshua,Reece,Clear,Angle,no,no,no,no,no,False
102089137,METROPOLITAN NASHVILLE POLICE DEPT,20180646793,Davidson,Nashville,7/27/2018 7:17:00 PM,2,0,0,36.087250,-86.637220,FLINTLOCK CT,,,,196.00,Feet,North,WOODRIDGE PVTDR,,,,0.00,N,Not at Intersection,N,Non-Junction,None,,,         ,Seth,Vaughn,Clear,Front to Rear,no,no,no,no,yes,False
102089161,METROPOLITAN NASHVILLE POLICE DEPT,20180646563,Davidson,Nashville,7/27/2018 5:26:00 PM,3,0,0,36.167430,-86.765310,I 24,,,,0.00,,,,,,,48.90,N,Not at Intersection, ,Non-Junction,None,,,         ,Marc,Kozen,Clear,Front to Rear,no,no,no,no,no,False
102089163,BERRY HILL POLICE DEPT,18-2613,Davidson,Berry Hill,7/27/2018 12:00:00 AM,2,0,0,36.118860,-86.774590,FRANKLIN PKE,,,,0.00,,,BERRY RD,,,,0.00,Y,T-Intersection,Y,Intersection,None,,,         ,John,Gleixner,Clear,Angle,no,no,no,no,no,False
102089164,BERRY HILL POLICE DEPT,18-2616,Davidson,Berry Hill,7/27/2018 12:00:00 AM,2,0,0,36.128590,-86.777890,FRANKLIN PKE,,,,0.00,,,8TH AVS,,,,0.00,Y,Four-Way, ,Intersection,None,,,         ,John,Gleixner,Clear,Angle,no,no,no,no,no,False
102089165,METROPOLITAN NASHVILLE POLICE DEPT,20180646732,Davidson,Nashville,7/27/2018 5:20:00 PM,2,0,0,36.044970,-86.649540,CROSSINGS BLVD,,,,95.00,Feet,West,CROSSINGS PL,,,,0.00,N,Not at Intersection, ,Non-Junction,None,,,         ,Andrew,Brazee,Clear,"Sideswipe, Same Direction",no,no,no,no,no,False
102089172,METROPOLITAN NASHVILLE POLICE DEPT,20180646702,Davidson,Nashville,7/27/2018 6:50:00 PM,1,1,0,36.180150,-86.771810,N 2ND ST,,,,71.00,Feet,South,TREUTLAND AV,,,,0.00,N,Not at Intersection,N,Non-Junction,None,,,         ,Jessica,Scott,Clear,Not Collision with Motor Vehicle in Transport,no,yes,no,no,yes,False
102089173,METROPOLITAN NASHVILLE POLICE DEPT,20180646799,Davidson,Not in City Limit,7/27/2018 7:35:00 PM,1,1,0,36.064180,-86.927570,BELLE LAKE DR,,,,0.00,,,BELLE GLEN DR,,,,0.00,Y,T-Intersection,N,Intersection,None,,,         ,John,Hoesli,Clear,Not Collision with Motor Vehicle in Transport,no,no,no,no,no,False
102089215,METROPOLITAN NASHVILLE POLICE DEPT,20180635270,Davidson,Nashville,7/27/2018 6:46:00 AM,2,0,0,36.164030,-86.786240,CHARLOTTE AV,,,,0.00,,,ROSA L PARKS BLVD,,,,0.00,Y,Four-Way, ,Intersection,None,,,         ,Cory,West,Clear,Front to Rear,no,no,no,no,no,False
102089231,METROPOLITAN NASHVILLE POLICE DEPT,20180646549,Davidson,Nashville,7/23/2018 10:20:00 AM,2,0,0,36.042410,-86.954330,KITTRELL RD,,,,635.00,Feet,North,CHAFFIN DR,,,,0.00,N,Not at Intersection, ,Non-Junction,None,,,         ,Brian,Theriac,Clear,"Sideswipe, Same Direction",no,no,no,yes,yes,False
102089232,METROPOLITAN NASHVILLE POLICE DEPT,20180646857,Davidson,Nashville,7/27/2018 7:30:00 PM,2,0,0,36.149490,-86.747630,I 40,,,,0.00,,,,,,,211.75,N,Not at Intersection,N,Non-Junction,None,,,         ,Darci,Stechman,Clear,Front to Rear,no,no,no,no,no,False
102089256,METROPOLITAN NASHVILLE POLICE DEPT,20180646825,Davidson,Nashville,7/27/2018 7:45:00 PM,2,2,0,36.153210,-86.792160,16TH AVS,,,,18.00,Feet,South,MCGAVOCK ST,,,,0.00,N,Not at Intersection, ,Non-Junction,None,,,         ,Eric,Burford,Clear,"Sideswipe, Same Direction",no,no,no,no,no,False
102089258,METROPOLITAN NASHVILLE POLICE DEPT,20180646925,Davidson,Nashville,7/27/2018 6:00:00 PM,2,0,0,36.045370,-86.713260,NOLENSVILLE PKE,,,,0.00,Feet,,OLD HICKORY BLVD,,,,0.00,Y,Four-Way,Y,Intersection,None,,,         ,Ian,Swander,Clear,Front to Rear,no,no,no,no,no,False
102089260,GOODLETTSVILLE POLICE DEPT,18-26337,Davidson,Goodlettsville,7/27/2018 5:30:00 PM,2,0,0,36.317300,-86.713210,S MAIN ST,,,,0.00,,,ROSCOE ST,,,,0.00,Y,T-Intersection, ,Non-Junction,None,,,         ,Brandon,Wright,Clear,Front to Rear,no,no,no,no,no,False
102089270,METROPOLITAN NASHVILLE POLICE DEPT,20180646777,Davidson,Nashville,7/27/2018 7:19:00 PM,2,0,0,36.173220,-86.602060,OLD HICKORY BLVD,,,,137.00,Feet,South,CENTRAL PKE,,,,0.00,N,Not at Intersection,N,Non-Junction,None,,,         ,Destiny,Zunic,Clear,Angle,no,no,no,no,yes,False
102089276,METROPOLITAN NASHVILLE POLICE DEPT,2018064963,Davidson,Not in City Limit,7/27/2018 8:56:00 AM,2,0,0,36.263080,-86.690490,RANDY RD,,,,2.00,Feet,South,E OLD HICKORY BLVD,,,,0.00,N,Not at Intersection, ,Non-Junction,None,,,         ,DuJuan,Kendrick,Clear,Angle,no,no,no,no,no,False
102089304,METROPOLITAN NASHVILLE POLICE DEPT,20180646625,Davidson,Nashville,7/27/2018 5:49:00 PM,2,0,0,36.191400,-86.827490,CLARKSVILLE PKE,,,,0.00,Feet,East,TSU CONNECTOR,,,,0.00,N,Not at Intersection,N,Non-Junction,None,,,         ,John,Petriello,Clear,Front to Rear,no,no,no,no,no,False
102089305,METROPOLITAN NASHVILLE POLICE DEPT,20180646946,Davidson,Nashville,7/27/2018 8:40:00 PM,2,2,0,36.253220,-86.716800,GALLATIN PKES,,,,0.00,,,MADISON SQ,,,,0.00,Y,Four-Way,N,Non-Junction,None,,,         ,Brittani,Campbell,Clear,Front to Rear,no,no,no,no,no,False
102089306,METROPOLITAN NASHVILLE POLICE DEPT,20180646876,Davidson,Nashville,7/27/2018 8:10:00 PM,2,0,0,36.123750,-86.630380,BELL RD,,,,238.00,Feet,South,PLEASANT HILL RD,,,,0.00,N,Not at Intersection, ,Non-Junction,None,,,         ,Brady,Reynolds,Clear,Front to Rear,no,no,no,no,no,False
102089338,METROPOLITAN NASHVILLE POLICE DEPT,20180646983,Davidson,Nashville,7/27/2018 8:55:00 PM,2,0,0,36.068200,-86.719110,NOLENSVILLE PKE,,,,0.00,,,HAYWOOD LN,,,,0.00,Y,T-Intersection,N,Intersection,None,,,         ,Andrew,Brazee,Clear,Front to Rear,no,no,no,no,yes,False
102089378,METROPOLITAN NASHVILLE POLICE DEPT,20180646843,Davidson,Not in City Limit,7/27/2018 6:50:00 PM,2,0,0,36.044230,-86.957510,HIGHWAY 100,,,,388.00,Feet,West,LEARNING LN,,,,0.00,N,Not at Intersection, ,Non-Junction,None,,,         ,Regina,Lewis,Clear,Front to Rear,no,no,no,no,no,False
102089385,METROPOLITAN NASHVILLE POLICE DEPT,20180647088,Davidson,Nashville,7/27/2018 8:59:00 PM,2,0,0,36.069030,-86.681660,RICHARDS RD,,,,137.00,Feet,West,CUMMINGS PARK DR,,,,0.00,N,Not at Intersection, ,Non-Junction,None,,,         ,Marcus,Darden,Clear,Front to Rear,no,no,no,no,no,False
102089386,METROPOLITAN NASHVILLE POLICE DEPT,20180647043,Davidson,Nashville,7/27/2018 9:20:00 PM,1,0,0,36.130730,-86.793450,COMPTON AV,,,,336.00,Feet,West,15TH AVS,,,,0.00,N,Not at Intersection, ,Non-Junction,None,,,         ,Akira,McSwain,Clear,Not Collision with Motor Vehicle in Transport,no,no,no,no,no,False
102089402,METROPOLITAN NASHVILLE POLICE DEPT,20180646913,Davidson,Nashville,7/27/2018 12:00:00 AM,1,1,0,36.153330,-86.686900,ELM HILL PKE,,,,52.00,Feet,West,ERMAC DR,,,,0.00,N,Not at Intersection,N,Non-Junction,None,,,         ,Alexander,Spradling,Clear,Not Collision with Motor Vehicle in Transport,yes,no,no,no,no,False
102089403,METROPOLITAN NASHVILLE POLICE DEPT,20180646749,Davidson,Nashville,7/27/2018 7:10:00 PM,3,4,0,36.061420,-86.682120,APACHE TRL,,,,199.00,Feet,South,BARELLA DR,,,,0.00,N,Not at Intersection,N,Non-Junction,None,,,         ,Taylor,Hurley,Clear,Front to Rear,no,no,no,no,yes,False
102089410,METROPOLITAN NASHVILLE POLICE DEPT,20180647111,Davidson,Nashville,7/27/2018 9:43:00 PM,2,0,0,36.159500,-86.774770,DEMONBREUN ST,,,,43.00,Feet,West,3RD AVS,,,,0.00,N,Not at Intersection, ,Non-Junction,None,,,         ,Anthony,Cucci,Clear,"Sideswipe, Same Direction",no,no,no,no,no,False
102089411,METROPOLITAN NASHVILLE POLICE DEPT,2018-0646904,Davidson,Nashville,7/27/2018 12:00:00 AM,2,0,0,36.247320,-86.783740,I 24,,,,0.00,,,,,,,42.85,N,Not at Intersection, ,,None,,,         ,Michael,Quinn,,,no,no,no,no,no,False
102089461,METROPOLITAN NASHVILLE POLICE DEPT,20180647110,Davidson,Nashville,7/27/2018 9:57:00 PM,2,1,0,36.204780,-86.682970,MELBOURNE DR,,,,493.00,Feet,North,DONNA HILL DR,,,,0.00,N,Not at Intersection,N,Non-Junction,None,,,         ,Trenton,Searcy,Clear,Front to Rear,no,no,no,no,no,False
102089499,METROPOLITAN NASHVILLE POLICE DEPT,20180647099,Davidson,Not in City Limit,7/27/2018 6:51:00 PM,2,0,0,36.297710,-86.811300,I 24,,,,0.00,,,,,,,39.00,N,Not at Intersection, ,Non-Junction,None,,,         ,William,Monaghan,Clear,Front to Rear,no,no,no,no,no,False
102089509,METROPOLITAN NASHVILLE POLICE DEPT,20180647205,Davidson,Nashville,7/27/2018 10:30:00 PM,2,1,0,36.202440,-86.689690,OPRY MILLS DR,,,,624.00,Feet,West,BRILEY PKWYN,,,,0.00,N,Not at Intersection,N,Non-Junction,None,,,         ,Jason,Kedzierski,Clear,"Sideswipe, Same Direction",no,no,no,yes,no,False
102089519,METROPOLITAN NASHVILLE POLICE DEPT,20180647197,Davidson,Nashville,7/27/2018 10:45:00 PM,2,0,0,36.238960,-86.755650,I65 S EXT RAMP,,,,0.00,Feet,East,I 65,,,,0.00,N,Not at Intersection,N,Non-Junction,None,,,         ,Bryant,Presley,Clear,"Sideswipe, Same Direction",no,no,no,no,yes,False
102089528,METROPOLITAN NASHVILLE POLICE DEPT,20180647345,Davidson,Nashville,7/27/2018 10:32:00 PM,3,0,0,36.084830,-86.728190,NOLENSVILLE PKE,,,,0.00,,,PARAGON MILLS RD,,,,0.00,Y,Four-Way, ,,None,,,         ,Dakota,Vermillion,,,no,no,no,no,no,False
102089555,METROPOLITAN NASHVILLE POLICE DEPT,20180647224,Davidson,Nashville,7/27/2018 11:13:00 PM,2,0,0,36.157650,-86.773410,3RD AVS,,,,0.00,,,KOREAN VETERANS BLVD,,,,0.00,Y,Four-Way,N,Intersection,None,,,         ,Daniel,Caruth,Clear,Angle,no,no,no,no,no,False
102089565,METROPOLITAN NASHVILLE POLICE DEPT,20180647135,Davidson,Nashville,7/27/2018 10:10:00 PM,2,0,0,36.143520,-86.649240,I 40,,,,0.00,,,,,,,217.40,N,Not at Intersection,N,Non-Junction,None,,,         ,Marvis,Malone,Clear,Front to Rear,no,no,no,no,no,False
102089592,METROPOLITAN NASHVILLE POLICE DEPT,20180647179,Davidson,Nashville,7/27/2018 10:47:00 PM,2,1,0,36.205890,-86.768610,DICKERSON PKE,,,,0.00,,,W TRINITY LN,,,,0.00,Y,Four-Way,Y,Intersection,None,,,         ,Juan,Gonzalez,Clear,Angle,no,no,no,no,no,False
102089603,METROPOLITAN NASHVILLE POLICE DEPT,20180647274,Davidson,Nashville,7/27/2018 11:10:00 PM,3,1,0,36.044940,-86.668400,BEECHWOOD TER,,,,35.00,Feet,North,ARBOR COMMON,,,,0.00,N,Not at Intersection,N,Non-Junction,None,,,         ,Kevin,Breeding,Clear,Front to Rear,no,no,no,no,no,False
102089604,METROPOLITAN NASHVILLE POLICE DEPT,20180647538,Davidson,Nashville,7/28/2018 12:44:00 AM,1,0,0,36.105620,-86.671800,MURFREESBORO PKE,,,,0.00,,,EZELL PKE,,,,0.00,Y,Four-Way,N,Non-Junction,None,,,         ,Joseph,Patricio,Clear,Not Collision with Motor Vehicle in Transport,no,no,no,no,no,False
102089607,METROPOLITAN NASHVILLE POLICE DEPT,20180647481,Davidson,Nashville,7/28/2018 12:40:00 AM,1,0,0,36.166180,-86.764480,I 24,,,,0.00,,,,,,,49.00,N,Not at Intersection, ,Non-Junction,Construction Zone,,,         ,Craig,Amabile,Clear,Not Collision with Motor Vehicle in Transport,no,no,no,no,no,False
102089609,METROPOLITAN NASHVILLE POLICE DEPT,20180647315,Davidson,Nashville,7/27/2018 10:47:00 PM,1,0,0,36.068730,-86.774180,FRANKLIN PKE,,,,214.00,Feet,North,EVANSDALE DR,,,,0.00,N,Not at Intersection, ,Non-Junction,None,,,         ,Nakia,Reid,Clear,Not Collision with Motor Vehicle in Transport,no,no,no,no,no,False
102089610,METROPOLITAN NASHVILLE POLICE DEPT,20180647343,Davidson,Not in City Limit,7/28/2018 12:00:00 AM,2,1,0,36.263070,-86.711920,STATE RT 45,,,,0.00,,,GALLATIN PKEN,,,,0.00,Y,Four-Way,Y,Intersection-Related,None,,,         ,David,Williford,Clear,"Sideswipe, Opposite Direction",no,no,no,no,no,False
102089612,METROPOLITAN NASHVILLE POLICE DEPT,20180647465,Davidson,Nashville,7/28/2018 1:58:00 AM,1,0,0,36.205890,-86.768610,E TRINITY LN,,,,0.00,,,W TRINITY LN,,,,0.00,Y,Four-Way,Y,Intersection,None,,,         ,Juan,Gonzalez,Clear,Not Collision with Motor Vehicle in Transport,no,no,no,no,no,False