master_record_number,agency,agency_tracking_number,county,city,collision_date,vehicles_involved,number_injured,number_dead,latitude,longitude,roadway_name,roadway_suffix,roadway_number,roadway_local_id,distance_from_reference,miles-feet_indicator,direction_from_reference,intersection_road_name,intersection_road_name_suffix,intersection_road_number,intersection_local_id,mile_marker,intersection_indicator,intersect_type,interchange_related_indicator,relation_to_junction,work_zone_type,construction_maintenance_zone,construction_maintenance_zone_location,fatal_case_number,officer_first_name,officer_last_name,weather_condition(s),manner_of_crash,pedestrian,bicycle,scooter,parking,hitrun,mou
102089620,METROPOLITAN NASHVILLE POLICE DEPT,20180647378,Davidson,Nashville,7/28/2018 12:28:00 AM,2,2,0,36.030580,-86.706000,BARNES RD,,,,0.00,,,RED JACKET DR,,,,0.00,Y,T-Intersection,N,Non-Junction,None,,,         ,Jefferson,Hughes,Clear,HeadOn,no,no,no,no,no,False
102089628,METROPOLITAN NASHVILLE POLICE DEPT,20180647470,Davidson,Nashville,7/28/2018 1:10:00 AM,2,0,0,36.167420,-86.763970,S 4TH ST,,,,163.00,Feet,North,SHELBY AV,,,,0.00,N,Not at Intersection,N,Non-Junction,None,,,         ,Jeremy,Arrington,Clear,Front to Rear,no,no,no,no,yes,False
102089632,METROPOLITAN NASHVILLE POLICE DEPT,20180647628,Davidson,Not in City Limit,7/28/2018 2:29:00 AM,2,0,0,36.074450,-86.977920,I 40,,,,0.00,,,,,,,195.00,N,Not at Intersection,N,Non-Junction,Work Zone,Laneclosure,Transition Area,         ,Joanna,D'Agostino,Clear,"Sideswipe, Same Direction",no,no,no,no,no,False
102089635,METROPOLITAN NASHVILLE POLICE DEPT,20180647677,Davidson,Not in City Limit,7/28/2018 2:59:00 AM,1,1,0,36.015520,-86.705320,SUGAR VALLEY DR,,,,114.00,Feet,East,NOLENSVILLE PKE,,,,0.00,N,Not at Intersection,N,Non-Junction,None,,,         ,Kevin,Breeding,Clear,Not Collision with Motor Vehicle in Transport,no,no,no,no,no,False
102089656,METROPOLITAN NASHVILLE POLICE DEPT,20180647517,Davidson,Nashville,7/27/2018 11:30:00 PM,2,0,0,36.213890,-86.775540,I 65,,,,0.00,,,,,,,87.85,N,Not at Intersection,N,Non-Junction,None,,,         ,Kevin,Breeding,Clear,"Sideswipe, Same Direction",no,no,no,no,yes,False
102089658,METROPOLITAN NASHVILLE POLICE DEPT,20180647793,Davidson,Nashville,7/28/2018 3:54:00 AM,2,0,0,36.153790,-86.794410,17TH AVS,,,,0.00,,,WEST END AV,,,,0.00,Y,Four-Way, ,Intersection,None,,,         ,Craig,Oakley,Clear,Angle,no,no,no,no,no,False
102089659,METROPOLITAN NASHVILLE POLICE DEPT,20180647691,Davidson,Nashville,7/28/2018 3:00:00 AM,1,0,0,36.174570,-86.594740,TULIP GROVE RD,,,,454.00,Feet,South,ROCKWOOD DR,,,,0.00,N,Not at Intersection,Y,"Driveway, Alley Access, etc",None,,,         ,Joshua,McGarvey,Cloudy,Not Collision with Motor Vehicle in Transport,no,no,no,no,yes,False
102089662,METROPOLITAN NASHVILLE POLICE DEPT,20180647679,Davidson,Nashville,7/28/2018 12:00:00 AM,2,2,0,36.078690,-86.721830,WALLACE RD,,,,352.00,Feet,West,BROOKRIDGE TRL,,,,0.00,N,Not at Intersection,N,Non-Junction,None,,,         ,Sharissa,Perez,Clear,Front to Rear,no,no,no,no,no,False
102089664,METROPOLITAN NASHVILLE POLICE DEPT,20180647680,Davidson,Nashville,7/28/2018 3:02:00 AM,2,0,0,36.161310,-86.776500,BROADWAY,,,,175.00,Feet,West,3RD AVN,,,,0.00,N,Not at Intersection, ,,None,,,         ,Daniel,Caruth,,,no,no,no,no,no,False
102089684,METROPOLITAN NASHVILLE POLICE DEPT,20180647202,Davidson,Not in City Limit,7/27/2018 9:32:00 PM,2,0,0,36.277140,-86.798190,I24 W ENT RAMP,,,,0.00,Feet,East,I 24,,,,0.00,N,Not at Intersection,N,Entrance/Exit Ramp Related,None,,,         ,David,Moser,Clear,Front to Rear,no,no,no,no,no,False
102089693,METROPOLITAN NASHVILLE POLICE DEPT,20180647664,Davidson,Nashville,7/28/2018 2:50:00 AM,2,2,0,36.162110,-86.790610,11TH AVN,,,,0.00,,,CHARLOTTE AV,,,,0.00,Y,Four-Way,N,Intersection,None,,,         ,Garrett,Reingardt,Clear,Angle,no,no,no,no,no,False
102089696,METROPOLITAN NASHVILLE POLICE DEPT,20180647955,Davidson,Nashville,7/28/2018 3:12:00 AM,2,0,0,36.037850,-86.672240,HICKORY PARK DR,,,,341.00,Feet,North,RIVENDELL CT,,,,0.00,N,Not at Intersection, ,Non-Junction,None,,,         ,Kevin,Breeding,Clear,HeadOn,no,no,no,no,no,False
102089737,METROPOLITAN NASHVILLE POLICE DEPT,20180646351,Davidson,Nashville,7/27/2018 3:22:00 PM,2,0,0,36.167450,-86.765480,I 24,,,,0.00,,,,,,,48.90,N,Not at Intersection, ,Non-Junction,None,,,         ,David,Snowden,Clear,"Sideswipe, Same Direction",no,no,no,no,no,False
102089745,METROPOLITAN NASHVILLE POLICE DEPT,20180647217,Davidson,Nashville,7/27/2018 5:30:00 PM,2,0,0,36.079050,-86.708270,WALLACE RD,,,,0.00,,,TURLEY DR,,,,0.00,Y,T-Intersection, ,Non-Junction,None,,,         ,Jason,Hees,Clear,Angle,no,no,no,no,yes,False
102089753,METROPOLITAN NASHVILLE POLICE DEPT,20180648051,Davidson,Nashville,7/28/2018 6:35:00 AM,2,0,0,36.041020,-86.779110,OLD HICKORY BLVD,,,,50.00,Feet,East,FRANKLIN PIKE CIR,,,,0.00,N,Not at Intersection,N,Non-Junction,None,,,         ,Earl,Davis,Clear,"Sideswipe, Same Direction",no,no,no,no,no,False
102089793,METROPOLITAN NASHVILLE POLICE DEPT,20180648121,Davidson,Nashville,7/28/2018 8:00:00 AM,2,0,0,36.134800,-86.723700,MURFREESBORO PKE,,,,237.00,Feet,East,I24 W EXT RAMP,,,,0.00,N,Not at Intersection,N,Non-Junction,None,,,         ,Randy,Puckett,Clear,Front to Rear,no,no,no,no,no,False
102089795,METROPOLITAN NASHVILLE POLICE DEPT,20180648098,Davidson,Nashville,7/28/2018 12:00:00 AM,1,0,0,36.072000,-86.920750,OLD HICKORY BLVD,,,,246.00,Feet,South,BELLEVUE VALLEY PLAZA PVTDR,,,,0.00,N,Not at Intersection,N,Non-Junction,None,,,         ,Terrence,Bradley,Unknown,Not Collision with Motor Vehicle in Transport,no,no,no,no,yes,False
102089808,METROPOLITAN NASHVILLE POLICE DEPT,20180648213,Davidson,Nashville,7/28/2018 9:07:00 AM,2,0,0,36.202080,-86.776850,I 65,,,,0.00,,,,,,,87.00,N,Not at Intersection,N,Non-Junction,None,,,         ,William,Coy,Clear,"Sideswipe, Same Direction",no,no,no,no,yes,False
102089819,METROPOLITAN NASHVILLE POLICE DEPT,20180648195,Davidson,Old Hickory,7/28/2018 8:52:00 AM,2,1,0,36.263340,-86.662030,ROBINSON RD,,,,0.00,,,INDUSTRIAL DR,,,,0.00,Y,Four-Way,N,Intersection,None,,,         ,Michael,Brooks,Cloudy,Angle,no,no,no,no,no,False
102089820,METROPOLITAN NASHVILLE POLICE DEPT,20180648216,Davidson,Nashville,7/28/2018 9:10:00 AM,2,3,0,36.176520,-86.769800,SPRING ST,,,,23.00,Feet,West,I24 W EXT RAMP,,,,0.00,N,Not at Intersection,Y,Entrance/Exit Ramp Related,None,,,         ,Erik,Nash,Clear,"Sideswipe, Same Direction",no,no,no,no,no,False
102089823,METROPOLITAN NASHVILLE POLICE DEPT,20180648268,Davidson,Not in City Limit,7/28/2018 9:50:00 AM,2,0,0,36.080400,-86.955300,I40 E EXT RAMP,,,,0.00,Feet,East,I 40,,,,0.00,N,Not at Intersection, ,Entrance/Exit Ramp Related,None,,,         ,Douglas,Atwood,Clear,Front to Rear,no,no,no,no,no,False
102089856,METROPOLITAN NASHVILLE POLICE DEPT,20180648198,Davidson,Nashville,7/28/2018 8:53:00 AM,2,1,0,36.250470,-86.716790,BRINK HAVEN AV,,,,437.00,Feet,West,E WEBSTER ST,,,,0.00,N,Not at Intersection,N,Non-Junction,None,,,         ,Blake,McKay,Clear,Rear to Side,no,no,no,yes,yes,False
102089879,METROPOLITAN NASHVILLE POLICE DEPT,20180648336,Davidson,Nashville,7/28/2018 10:35:00 AM,2,0,0,36.118360,-86.748940,NOLENSVILLE PKE,,,,0.00,,,,,,,0.00,,Not at Intersection, ,Non-Junction,None,,,         ,Michael,Dudley,Clear,"Sideswipe, Same Direction",no,no,no,no,no,False
102089882,METROPOLITAN NASHVILLE POLICE DEPT,20180648306,Davidson,Old Hickory,7/28/2018 10:15:00 AM,1,0,0,36.247470,-86.641270,OLD HICKORY BLVD,,,,0.00,,,24TH ST,,,,0.00,Y,Four-Way,N,Intersection-Related,None,,,         ,William,Mckay,Clear,Not Collision with Motor Vehicle in Transport,no,no,no,yes,no,False
102089929,METROPOLITAN NASHVILLE POLICE DEPT,20180648343,Davidson,Nashville,7/28/2018 10:50:00 AM,2,0,0,36.142570,-86.743680,MURFREESBORO PKE,,,,270.00,Feet,West,POLK AV,,,,0.00,N,Not at Intersection, ,Non-Junction,None,,,         ,Zachary,Scott,Clear,Front to Rear,no,no,no,no,no,False
102089932,METROPOLITAN NASHVILLE POLICE DEPT,20180648339,Davidson,Nashville,7/28/2018 10:21:00 AM,2,0,0,36.206840,-86.750890,PITTWAY DR,,,,374.00,Feet,West,E TRINITY LN,,,,0.00,N,Not at Intersection, ,Non-Junction,None,,,         ,Nicholas,Silinsky,Clear,Angle,no,no,no,no,no,False
102089983,METROPOLITAN NASHVILLE POLICE DEPT,20180648501,Davidson,Nashville,7/28/2018 12:39:00 PM,2,0,0,36.216840,-86.692670,MCGAVOCK PKE EB ENT RAMP,,,,0.00,,,BRILEY PKWYS,,,,0.00,Y,Four-Way,N,Intersection,None,,,         ,Tien,Nguyen,Clear,Front to Rear,no,no,no,no,no,False
102089986,METROPOLITAN NASHVILLE POLICE DEPT,20180648405,Davidson,Nashville,7/28/2018 11:33:00 AM,2,0,0,36.217080,-86.696380,MCGAVOCK PKE,,,,0.00,,,MUSIC VALLEY DR,,,,0.00,Y,Four-Way, ,Intersection,None,,,         ,Lee,Davis,Clear,Front to Rear,no,no,no,no,no,False
102089993,METROPOLITAN NASHVILLE POLICE DEPT,20180648510,Davidson,Nashville,7/28/2018 12:06:00 PM,2,0,0,36.123660,-86.790290,12TH AVS,,,,0.00,,,,,,,0.00,,Not at Intersection,N,Non-Junction,None,,,         ,Nathan,Kemp,Clear,"Sideswipe, Opposite Direction",no,no,no,yes,yes,False
102089997,METROPOLITAN NASHVILLE POLICE DEPT,20180648357,Davidson,Nashville,7/28/2018 11:05:00 AM,2,0,0,36.141150,-86.717850,I40 W EXT RAMP,,,,0.00,Feet,East,I 40,,,,0.00,N,Not at Intersection,N,Non-Junction,None,,,         ,Gerry,Hutcheson,Clear,Front to Rear,no,no,no,no,no,False
102089998,METROPOLITAN NASHVILLE POLICE DEPT,20180648418,Davidson,Nashville,7/28/2018 12:00:00 PM,2,0,0,36.141150,-86.717850,I40 W EXT RAMP,,,,0.00,Feet,East,I 40,,,,0.00,N,Not at Intersection, ,Non-Junction,None,,,         ,Gerry,Hutcheson,Clear,Front to Rear,no,no,no,no,no,False
102090047,METROPOLITAN NASHVILLE POLICE DEPT,20180648411,Davidson,Nashville,7/28/2018 11:22:00 AM,4,0,0,36.124120,-86.743020,I 440,,,,0.00,,,,,,,6.65,N,Not at Intersection,N,Non-Junction,None,,,         ,Charles,Wakefield,Clear,"Sideswipe, Same Direction",no,no,no,no,no,False
102090059,METROPOLITAN NASHVILLE POLICE DEPT,20180648534,Davidson,Nashville,7/28/2018 12:43:00 PM,2,0,0,36.082033,-86.597106,WINDSOR GREEN,DR,US1,,10.00,Feet,West,HILLSHIRE DR,DR,US2,,0.00,N,Not at Intersection, ,,None,,,         ,Steven,Williams,,,no,no,no,no,no,False
102090084,METROPOLITAN NASHVILLE POLICE DEPT,20180648491,Davidson,Nashville,7/28/2018 11:27:00 AM,2,0,0,36.044870,-86.663390,BELL RD,,,,553.00,Feet,West,CANE RIDGE RD,,,,0.00,N,Not at Intersection,N,Non-Junction,None,,,         ,Jason,Milyaro Lucas,Clear,Angle,no,no,no,no,no,False
102090086,METROPOLITAN NASHVILLE POLICE DEPT,20180648548,Davidson,Nashville,7/28/2018 12:59:00 PM,2,0,0,36.125870,-86.794020,BELMONT BLVD,,,,0.00,,,BEECHWOOD AV,,,,0.00,Y,OTHER,N,Intersection,None,,,         ,Michael,McCord,Clear,Front to Rear,no,no,no,no,no,False
102090087,METROPOLITAN NASHVILLE POLICE DEPT,20180648549,Davidson,Nashville,7/28/2018 9:51:00 AM,2,0,0,36.207410,-86.839850,CLARKSVILLE PKE,,,,0.00,,,W HAMILTON AV,,,,0.00,Y,T-Intersection,N,Non-Junction,None,,,         ,James,Wray,Clear,Rear to Rear,no,no,no,no,yes,False
102090088,METROPOLITAN NASHVILLE POLICE DEPT,20180648538,Davidson,Nashville,7/28/2018 12:53:00 PM,2,0,0,36.155210,-86.852830,MORROW RD,,,,0.00,,,GEORGIA AV,,,,0.00,Y,Four-Way, ,Intersection,None,,,         ,Walter,Gray II,Clear,Angle,no,no,no,no,no,False
102090089,METROPOLITAN NASHVILLE POLICE DEPT,20180648499,Davidson,Nashville,7/28/2018 12:34:00 PM,2,1,0,36.110940,-86.745220,THOMPSON LN,,,,0.00,,,NOLENSVILLE PKE,,,,0.00,Y,Four-Way,Y,Intersection,None,,,         ,Jason,Hees,Clear,Angle,no,no,no,no,no,False
102090090,METROPOLITAN NASHVILLE POLICE DEPT,20180648590,Davidson,Nashville,7/28/2018 1:52:00 PM,2,0,0,36.045560,-86.719400,OLD HICKORY BLVD,,,,100.00,Feet,East,ZERMATT AV,,,,0.00,N,Not at Intersection, ,Non-Junction,None,,,         ,Samuel,Miller,Clear,Front to Rear,no,no,no,no,no,False
102090103,METROPOLITAN NASHVILLE POLICE DEPT,20180648565,Davidson,Nashville,7/28/2018 12:00:00 AM,2,0,0,36.089790,-86.720940,DEWAIN DR,,,,111.00,Feet,South,ELYSIAN FIELDS RD,,,,0.00,N,Not at Intersection, ,Non-Junction,None,,,         ,Michael,Dudley,Unknown,Unknown,no,no,no,no,yes,False
102090109,METROPOLITAN NASHVILLE POLICE DEPT,20180646548,Davidson,Not in City Limit,7/27/2018 5:32:00 PM,2,1,0,36.276690,-86.734970,I 65,,,,0.00,,,,,,,93.10,N,Not at Intersection,N,Non-Junction,None,,,         ,DuJuan,Kendrick,Clear,Front to Rear,no,no,no,no,no,False
102090129,METROPOLITAN NASHVILLE POLICE DEPT,20180648569,Davidson,Nashville,7/28/2018 12:00:00 AM,2,0,0,36.200910,-86.693880,OPRY MILLS DR,,,,1198.00,Feet,East,SHELBY BOTTOMS GRNWY,,,,0.00,N,Not at Intersection,N,OtherLocation,Unknown,Other,Unknown,         ,Tien,Nguyen,Other,Unknown,no,no,no,yes,yes,False
102090132,METROPOLITAN NASHVILLE POLICE DEPT,20180648483,Davidson,Nashville,7/28/2018 12:26:00 PM,2,1,0,36.163320,-86.613120,BELL RD,,,,0.00,,,DODSON CHAPEL RD,,,,0.00,Y,T-Intersection,N,Intersection,None,,,         ,William,Mckay,Clear,Angle,no,no,no,no,no,False
102090137,METROPOLITAN NASHVILLE POLICE DEPT,20180648605,Davidson,Nashville,7/28/2018 1:45:00 PM,2,0,0,36.154600,-86.786200,DEMONBREUN ST,,,,0.00,Feet,East,12TH AVS,,,,0.00,N,Not at Intersection, ,,None,,,         ,Kyle,Eicholtz,,,no,no,no,no,no,False
102090139,METROPOLITAN NASHVILLE POLICE DEPT,20180648563,Davidson,Nashville,7/28/2018 1:19:00 PM,2,0,0,36.122850,-86.750970,I 440,,,,0.00,,,,,,,6.30,N,Not at Intersection, ,Non-Junction,None,,,         ,John,Chambers,Clear,Front to Rear,no,no,no,no,no,False
102090179,METROPOLITAN NASHVILLE POLICE DEPT,20180648599,Davidson,Nashville,7/28/2018 1:46:00 PM,2,0,0,36.066300,-86.774230,HOGAN RD,,,,0.00,,,FRANKLIN PKE,,,,0.00,Y,Four-Way,Y,Intersection,None,,,         ,Sean,Weaver,Cloudy,Angle,no,no,no,no,no,False
102090185,METROPOLITAN NASHVILLE POLICE DEPT,20180648626,Davidson,Nashville,7/28/2018 2:20:00 PM,2,0,0,36.160020,-86.843200,KENTUCKY AV,,,,432.00,Feet,North,48TH AVN,,,,0.00,N,Not at Intersection, ,Non-Junction,None,,,         ,Robert,Crow,Cloudy,Angle,no,no,no,no,no,False
102090232,BERRY HILL POLICE DEPT,18-2615,Davidson,Berry Hill,7/27/2018 6:30:00 PM,2,0,0,36.112690,-86.766940,BRANSFORD AV,,,,0.00,,,HEATHER PL,,,,0.00,Y,T-Intersection,N,Intersection,None,,,         ,Stephen,Reece,Clear,Angle,no,no,no,no,yes,False
102090236,METROPOLITAN NASHVILLE POLICE DEPT,20180648657,Davidson,Nashville,7/28/2018 3:20:00 PM,2,0,0,36.240670,-86.751570,I65 N ENT RAMP,,,,0.00,Feet,East,I 65,,,,0.00,N,Not at Intersection, ,,None,,,         ,Riley,Brewer,,,no,no,no,no,no,False
102090245,METROPOLITAN NASHVILLE POLICE DEPT,20180648680,Davidson,Nashville,7/28/2018 3:09:00 PM,2,0,0,36.151830,-86.798390,WEST END AV,,,,0.00,,,LYLE AV,,,,0.00,Y,T-Intersection, ,Non-Junction,None,,,         ,Randall,Ward,Clear,Angle,no,no,no,no,no,False
102090260,METROPOLITAN NASHVILLE POLICE DEPT,20180648616,Davidson,Nashville,7/28/2018 2:20:00 PM,2,0,0,36.147880,-86.759610,LAFAYETTE ST,,,,308.00,Feet,West,LEWIS ST,,,,0.00,N,Not at Intersection, ,Non-Junction,None,,,         ,David,Snowden,Clear,Angle,no,no,no,no,no,False
102090271,METROPOLITAN NASHVILLE POLICE DEPT,20180648671,Davidson,Nashville,7/28/2018 2:56:00 PM,2,1,0,36.176890,-86.774260,I24 E ENT RAMP,,,,0.00,Feet,East,I 24,,,,0.00,N,Not at Intersection,N,Non-Junction,None,,,         ,Cody,Jaworski,Clear,HeadOn,no,no,no,no,no,False
102090273,METROPOLITAN NASHVILLE POLICE DEPT,20180648607,Davidson,Nashville,7/28/2018 2:10:00 PM,2,0,0,36.132070,-86.895760,I40 E EXT RAMP,,,,0.00,Feet,East,I 40,,,,0.00,N,Not at Intersection,N,Entrance/Exit Ramp Related,None,,,         ,Terrence,Bradley,Clear,Angle,no,no,no,no,no,False
102090277,VANDERBILT UNIVERSITY POLICE,18-0648615,Davidson,Nashville,7/28/2018 2:09:00 PM,2,0,0,36.111860,-86.766500,STATE HWY 155,,,,0.00,,,,,,,0.00,,,N,Non-Junction,None,,,         ,Robert,Pasinger,Clear,Front to Rear,no,no,no,yes,yes,OHO
102090295,METROPOLITAN NASHVILLE POLICE DEPT,20180648764,Davidson,Nashville,7/28/2018 3:55:00 PM,2,0,0,36.081940,-86.646280,SCOTT VALLEY DR,,,,149.00,Feet,North,MURFREESBORO PKE,,,,0.00,N,Not at Intersection, ,Non-Junction,None,,,         ,Deandera,Payne,Clear,Front to Rear,no,no,no,no,no,False
102090301,METROPOLITAN NASHVILLE POLICE DEPT,20180648660,Davidson,Nashville,7/28/2018 12:00:00 AM,2,0,0,36.158520,-86.768100,PEABODY ST,,,,0.00,,,ROLLING HILL MILL GRNWY,,,,0.00,Y,T-Intersection, ,Non-Junction,None,,,         ,Trevor,Taylor,Clear,"Sideswipe, Same Direction",no,no,no,no,no,False
102090316,METROPOLITAN NASHVILLE POLICE DEPT,20180648604,Davidson,Nashville,7/28/2018 1:45:00 PM,4,0,0,36.166250,-86.787220,ROSA L PARKS BLVD,,,,104.00,Feet,South,JAMES ROBERTSON PKWY,,,,0.00,N,Not at Intersection,N,Non-Junction,None,,,         ,Frank,Campbell,Clear,Front to Rear,no,no,no,no,no,False
102090317,METROPOLITAN NASHVILLE POLICE DEPT,20180648831,Davidson,Nashville,7/28/2018 4:21:00 PM,2,0,0,36.086720,-86.700450,I 24,,,,0.00,,,,,,,55.70,N,Not at Intersection,N,Non-Junction,None,,,         ,YUNUS,ADAK,Clear,Front to Rear,no,no,no,no,yes,False
102090328,METROPOLITAN NASHVILLE POLICE DEPT,20180648742,Davidson,Nashville,7/28/2018 12:00:00 AM,2,1,0,36.086300,-86.729600,NOLENSVILLE PKE,,,,84.00,Feet,North,ELYSIAN FIELDS RD,,,,0.00,N,Not at Intersection,N,Non-Junction,None,,,         ,David,Robberson,Clear,HeadOn,no,no,no,no,no,False
102090330,METROPOLITAN NASHVILLE POLICE DEPT,20180648728,Davidson,Nashville,7/28/2018 3:36:00 PM,1,1,0,36.150030,-86.858500,CHARLOTTE PKE,,,,168.00,Feet,West,WHITE BRIDGE PKE,,,,0.00,N,Not at Intersection,N,Non-Junction,None,,,         ,Alex,DiBernardo,Clear,Not Collision with Motor Vehicle in Transport,yes,no,no,no,no,False
102090345,METROPOLITAN NASHVILLE POLICE DEPT,20180648705,Davidson,Nashville,7/28/2018 3:30:00 PM,2,0,0,36.128290,-86.713170,MURFREESBORO PKE,,,,62.00,Feet,North,PHILFRE CT,,,,0.00,N,Not at Intersection, ,Non-Junction,None,,,         ,Aimee,Ortiz,Clear,Angle,no,no,no,no,no,False
102090349,METROPOLITAN NASHVILLE POLICE DEPT,20180648688,Davidson,Nashville,7/28/2018 2:30:00 PM,2,0,0,36.120430,-86.748140,PEACHTREE ST,,,,156.00,Feet,West,WICKSON AV,,,,0.00,N,Not at Intersection, ,Non-Junction,None,,,         ,Jesse,Cox,Clear,Not Collision with Motor Vehicle in Transport,no,no,no,no,no,False
102090356,METROPOLITAN NASHVILLE POLICE DEPT,20180648652,Davidson,Nashville,7/28/2018 1:34:00 PM,2,0,0,36.109730,-86.770090,I 65,,,,0.00,,,,,,,79.70,N,Not at Intersection,N,Non-Junction,None,,,         ,Ryan,Storm,Clear,Angle,no,no,no,no,no,False
102090357,METROPOLITAN NASHVILLE POLICE DEPT,20180648780,Davidson,Nashville,7/28/2018 4:07:00 PM,2,0,0,36.177660,-86.758640,NEILL AV,,,,322.00,Feet,North,RAMSEY ST,,,,0.00,N,Not at Intersection,N,Non-Junction,None,,,         ,Jessica,Scott,Clear,Unknown,no,no,no,no,yes,False
102090361,METROPOLITAN NASHVILLE POLICE DEPT,20180648884,Davidson,Nashville,7/28/2018 5:03:00 PM,2,1,0,36.174300,-86.792040,ROSA L PARKS BLVD,,,,212.00,Feet,North,MADISON ST,,,,0.00,N,Not at Intersection,N,Non-Junction,None,,,         ,Andrey,Volfson,Clear,Front to Rear,no,no,no,no,no,False
102090362,METROPOLITAN NASHVILLE POLICE DEPT,20180648985,Davidson,Nashville,7/28/2018 5:55:00 PM,1,1,0,36.094060,-86.706590,I 24,,,,0.00,,,,,,,55.05,N,Not at Intersection,N,Non-Junction,None,,,         ,YUNUS,ADAK,Clear,Not Collision with Motor Vehicle in Transport,no,no,no,no,no,False
102090372,METROPOLITAN NASHVILLE POLICE DEPT,20180648752,Davidson,Nashville,7/28/2018 5:05:00 PM,2,1,0,36.068300,-86.719220,NOLENSVILLE PKE,,,,48.00,Feet,North,HAYWOOD LN,,,,0.00,N,Not at Intersection,N,Non-Junction,None,,,         ,Ryan,Coll,Clear,Front to Rear,no,no,no,no,no,False
102090386,METROPOLITAN NASHVILLE POLICE DEPT,20180648933,Davidson,Nashville,7/28/2018 5:25:00 PM,2,0,0,36.046620,-86.647760,MT VIEW RD,,,,178.00,Feet,South,BELL FORGE LNE,,,,0.00,N,Not at Intersection, ,Non-Junction,None,,,         ,Eric,Wegener,Clear,"Sideswipe, Same Direction",no,no,no,no,no,False
102090401,METROPOLITAN NASHVILLE POLICE DEPT,20180648976,Davidson,Nashville,7/28/2018 5:51:00 PM,2,0,0,36.074740,-86.638890,MURFREESBORO PKE,,,,117.00,Feet,North,RURAL HILL RD,,,,0.00,N,Not at Intersection, ,Non-Junction,None,,,         ,Deandera,Payne,Clear,Angle,no,no,no,no,no,False
102090411,METROPOLITAN NASHVILLE POLICE DEPT,20180648659,Davidson,Nashville,7/28/2018 2:55:00 PM,3,0,0,36.060360,-86.917420,HIGHWAY 100,,,,67.00,Feet,East,HARPETH BEND DR,,,,0.00,N,Not at Intersection,N,Non-Junction,None,,,         ,John,Hoesli,Clear,Front to Rear,no,no,no,no,no,False
102090414,METROPOLITAN NASHVILLE POLICE DEPT,20180648981,Davidson,Nashville,7/28/2018 5:45:00 PM,2,1,0,36.171310,-86.769380,JAMES ROBERTSON PKWY,,,,0.00,,,MAIN ST,,,,0.00,Y,Y-Intersection,N,Intersection,None,,,         ,Joseph,Bingham,Clear,"Sideswipe, Same Direction",no,no,no,no,no,False
102090421,METROPOLITAN NASHVILLE POLICE DEPT,20180649062,Davidson,Nashville,7/28/2018 6:37:00 PM,2,0,0,36.193090,-86.777250,I 65,,,,0.00,,,,,,,86.50,N,Not at Intersection, ,Non-Junction,None,,,         ,Bryan,Musgrave,Clear,Angle,no,no,no,no,no,False
102090489,METROPOLITAN NASHVILLE POLICE DEPT,20180649225,Davidson,Nashville,7/28/2018 8:00:00 PM,2,0,0,36.082100,-86.761700,HARDING PL,,,,0.00,Feet,East,SIDCO DR,,,,0.00,N,Not at Intersection, ,Non-Junction,None,,,         ,Conor,Cronin,Clear,Front to Rear,no,no,no,no,no,False
102090492,METROPOLITAN NASHVILLE POLICE DEPT,20180649234,Davidson,Nashville,7/28/2018 12:00:00 AM,2,0,0,36.156870,-86.780840,8TH AVS,,,,0.00,,,DEMONBREUN ST,,,,0.00,Y,Four-Way,N,Intersection,None,,,         ,Trevor,Taylor,Clear,Front to Rear,no,no,no,no,yes,False
102090509,METROPOLITAN NASHVILLE POLICE DEPT,20180649061,Davidson,Nashville,7/28/2018 6:40:00 PM,2,2,0,36.151630,-86.756640,FAIN ST,,,,7.00,Feet,East,FAIRFIELD AV,,,,0.00,N,Not at Intersection,N,Non-Junction,None,,,         ,Darci,Stechman,Clear,Angle,no,no,no,no,no,False
102090524,METROPOLITAN NASHVILLE POLICE DEPT,20180648892,Davidson,Nashville,7/28/2018 4:40:00 PM,2,0,0,36.212530,-86.691390,BRILEY PKWYN,,,,28.00,Feet,South,BRILEY PKWY N EXT RAMP,,,,0.00,N,Not at Intersection,N,Non-Junction,None,,,         ,Jessica,Johann,Clear,Not Collision with Motor Vehicle in Transport,no,no,no,no,no,False
102090541,METROPOLITAN NASHVILLE POLICE DEPT,20180649065,Davidson,Nashville,7/28/2018 6:45:00 PM,2,0,0,36.141360,-86.883940,ANNEX AV,,,,109.00,Feet,East,PREMIER DR,,,,0.00,N,Not at Intersection, ,Non-Junction,None,,,         ,Kelby,Dumond,Clear,"Sideswipe, Opposite Direction",no,no,no,no,no,False
102090548,METROPOLITAN NASHVILLE POLICE DEPT,20180649346,Davidson,Nashville,7/28/2018 9:20:00 PM,2,0,0,36.092920,-86.705660,I 24,,,,0.00,,,,,,,55.15,N,Not at Intersection,N,Non-Junction,None,,,         ,Michael,Hunnicutt,Clear,"Sideswipe, Same Direction",no,no,no,no,yes,False
102090551,METROPOLITAN NASHVILLE POLICE DEPT,20180649353,Davidson,Nashville,7/28/2018 9:30:00 PM,1,1,0,36.175740,-86.793040,ROSA L PARKS BLVD,,,,206.00,Feet,North,MONROE ST,,,,0.00,N,Not at Intersection,N,Non-Junction,None,,,         ,Joseph,Gawlowski,Clear,Not Collision with Motor Vehicle in Transport,yes,no,no,no,no,False