master_record_number,agency,agency_tracking_number,county,city,collision_date,vehicles_involved,number_injured,number_dead,latitude,longitude,roadway_name,roadway_suffix,roadway_number,roadway_local_id,distance_from_reference,miles-feet_indicator,direction_from_reference,intersection_road_name,intersection_road_name_suffix,intersection_road_number,intersection_local_id,mile_marker,intersection_indicator,intersect_type,interchange_related_indicator,relation_to_junction,work_zone_type,construction_maintenance_zone,construction_maintenance_zone_location,fatal_case_number,officer_first_name,officer_last_name,weather_condition(s),manner_of_crash,pedestrian,bicycle,scooter,parking,hitrun,mou
102093299,METROPOLITAN NASHVILLE POLICE DEPT,20180656649,Davidson,Nashville,7/31/2018 11:24:00 AM,3,0,0,36.059400,-86.669530,UNA ANTIOCH PKE,,,,94.00,Feet,East,OTTENVILLE AV,,,,0.00,N,Not at Intersection, ,Non-Junction,None,,,         ,Jessie,Meadows,Clear,Front to Rear,no,no,no,no,no,False
102093319,METROPOLITAN NASHVILLE POLICE DEPT,20180656862,Davidson,Nashville,7/31/2018 12:00:00 AM,2,0,0,36.143930,-86.863080,MAUDINA AV,,,,306.00,Feet,West,DEMOSS RD,,,,0.00,N,Not at Intersection, ,Non-Junction,None,,,         ,Curtis,Rich,Cloudy,Unknown,no,no,no,yes,yes,False
102093330,METROPOLITAN NASHVILLE POLICE DEPT,20180656764,Davidson,Nashville,7/31/2018 12:30:00 PM,2,1,0,36.252560,-86.717250,GALLATIN PKES,,,,267.00,Feet,North,MADISON SQ,,,,0.00,N,Not at Intersection,N,Non-Junction,None,,,         ,Brian,Otto,Cloudy,Angle,no,no,no,no,no,False
102093357,METROPOLITAN NASHVILLE POLICE DEPT,20180656820,Davidson,Nashville,7/31/2018 1:25:00 PM,2,0,0,36.041590,-86.749340,OLD HICKORY BLVD,,,,29.00,Feet,West,HILL RD,,,,0.00,N,Not at Intersection, ,Non-Junction,None,,,         ,Jon,Mcvey,Clear,Front to Rear,no,no,no,no,no,False
102093393,METROPOLITAN NASHVILLE POLICE DEPT,20180656228,Davidson,OTHER,7/31/2018 8:55:00 AM,2,0,0,36.015420,-86.622110,I24 E EXT RAMP,,,,0.00,Feet,East,I 24,,,,0.00,N,Not at Intersection, ,Non-Junction,None,,,         ,Eric,Keller,Clear,Front to Rear,no,no,no,no,yes,False
102093400,METROPOLITAN NASHVILLE POLICE DEPT,20180656782,Davidson,Nashville,7/31/2018 1:00:00 PM,2,1,0,36.148410,-86.780600,I 40,,,,0.00,,,,,,,209.80,N,Not at Intersection,N,Non-Junction,Construction Zone,Work On Shoulder Or Median,Unknown,         ,Timothy,Skopek,Clear,"Sideswipe, Same Direction",no,no,no,no,no,False
102093407,METROPOLITAN NASHVILLE POLICE DEPT,20180656802,Davidson,Nashville,7/31/2018 1:17:00 PM,2,0,0,36.151360,-86.796100,BROADWAY,,,,172.00,Feet,North,19TH AVS,,,,0.00,N,Not at Intersection, ,,None,,,         ,Sean,Weaver,,,no,no,no,no,no,False
102093431,METROPOLITAN NASHVILLE POLICE DEPT,20180656799,Davidson,Nashville,7/31/2018 12:40:00 PM,2,0,0,36.124590,-86.751970,NOLENSVILLE PKE,,,,205.00,Feet,North,ROSEDALE AV,,,,0.00,N,Not at Intersection,N,"Driveway, Alley Access, etc",None,,,         ,Todd,Watson,Clear,Angle,no,no,no,no,no,False
102093451,METROPOLITAN NASHVILLE POLICE DEPT,20180656790,Davidson,Nashville,7/31/2018 12:59:00 PM,3,0,0,36.163090,-86.788440,CHARLOTTE AV,,,,207.00,Feet,East,GULCH GRNWY,,,,0.00,N,Not at Intersection,N,Non-Junction,None,,,         ,Andrew,Richey,Clear,Front to Rear,no,no,no,no,no,False
102093456,METROPOLITAN NASHVILLE POLICE DEPT,20180656870,Davidson,Nashville,7/31/2018 1:53:00 PM,2,1,0,36.153980,-86.818100,CHARLOTTE AV,,,,0.00,,,28TH AVN,,,,0.00,Y,Four-Way,N,Non-Junction,None,,,         ,Isaac,Wood,Cloudy,Front to Rear,no,no,no,no,no,False
102093467,METROPOLITAN NASHVILLE POLICE DEPT,20180656878,Davidson,Nashville,7/30/2018 2:00:00 PM,2,1,0,36.158750,-86.798300,CHARLOTTE AV,,,,45.00,Feet,West,17TH AVN,,,,0.00,N,Not at Intersection,N,Non-Junction,None,,,         ,Jessie,Meadows,Clear,Front to Rear,no,no,no,no,yes,False
102093478,METROPOLITAN NASHVILLE POLICE DEPT,20180656914,Davidson,Nashville,7/31/2018 2:22:00 PM,2,1,0,36.148660,-86.807040,24TH AVN,,,,0.00,Feet,,ELLISTON PL,,,,0.00,Y,Four-Way,Y,Intersection,None,,,         ,Gary,Sneed,Clear,Angle,no,no,no,no,no,Campus
102093497,METROPOLITAN NASHVILLE POLICE DEPT,20180657017,Davidson,Nashville,7/31/2018 3:20:00 PM,2,0,0,36.197010,-86.771560,DICKERSON PKE,,,,100.00,Feet,South,MARIE ST,,,,0.00,N,Not at Intersection, ,Non-Junction,None,,,         ,Joseph,Maeser,Clear,Front to Rear,no,no,no,no,no,False
102093499,METROPOLITAN NASHVILLE POLICE DEPT,20180656397,Davidson,Nashville,7/31/2018 10:20:00 AM,2,0,0,36.086910,-86.648680,MURFREESBORO PKE,,,,0.00,,,NASHBORO BLVD,,,,0.00,Y,Four-Way,N,Intersection,None,,,         ,Eric,Keller,Clear,Angle,no,no,no,no,no,False
102093515,METROPOLITAN NASHVILLE POLICE DEPT,20180656990,Davidson,Nashville,7/31/2018 2:43:00 PM,2,0,0,36.154940,-86.782060,10TH AVS,,,,0.00,,,CLARK PL,,,,0.00,Y,T-Intersection, ,Intersection,Work Zone,,,         ,Derek,Betty,Clear,Angle,no,no,no,no,no,False
102093523,METROPOLITAN NASHVILLE POLICE DEPT,20180657027,Davidson,Nashville,7/31/2018 3:20:00 PM,2,0,0,36.125280,-86.732920,I 440,,,,0.00,,,,,,,7.25,N,Not at Intersection, ,Non-Junction,None,,,         ,YUNUS,ADAK,Clear,Front to Rear,no,no,no,no,no,False
102093526,METROPOLITAN NASHVILLE POLICE DEPT,20180657007,Davidson,Nashville,7/31/2018 3:20:00 PM,2,0,0,36.088320,-86.791000,LEALAND LN,,,,0.00,,,BATTERY LN,,,,0.00,Y,Four-Way,Y,Intersection-Related,None,,,         ,Trevor,Jones,Clear,Front to Rear,no,no,no,no,no,False
102093528,METROPOLITAN NASHVILLE POLICE DEPT,20180656950,Davidson,Nashville,7/31/2018 2:30:00 PM,1,1,0,36.156770,-86.789650,I40 W EXT RAMP,,,,659.00,Feet,South,CHURCH ST,,,,0.00,N,Not at Intersection,N,Entrance/Exit Ramp Related,None,,,         ,Brynn,Cellan,Clear,Not Collision with Motor Vehicle in Transport,no,no,no,no,no,False
102093532,METROPOLITAN NASHVILLE POLICE DEPT,20180657032,Davidson,Nashville,7/31/2018 12:00:00 AM,2,1,0,36.158500,-86.760450,I 24,,,,0.00,,,,,,,49.55,N,Not at Intersection,N,Non-Junction,None,,,         ,Trevor,Taylor,Clear,Front to Rear,no,no,no,no,no,False
102093539,METROPOLITAN NASHVILLE POLICE DEPT,20180657109,Davidson,Nashville,7/31/2018 4:00:00 PM,3,2,0,36.114290,-86.724470,I 24,,,,0.00,,,,,,,53.35,N,Not at Intersection,N,Non-Junction,None,,,         ,YUNUS,ADAK,Clear,Front to Rear,no,no,no,no,no,False
102093557,METROPOLITAN NASHVILLE POLICE DEPT,20180656973,Davidson,Nashville,7/31/2018 2:15:00 PM,2,0,0,36.200810,-86.787040,BAPTIST WORLD CENTER DR,,,,116.00,Feet,West,SEMINARY ST,,,,0.00,N,Not at Intersection,N,Non-Junction,Maintenance Zone,Laneclosure,Activity Area,         ,Jerry,Pirtle,Cloudy,Not Collision with Motor Vehicle in Transport,no,no,no,no,no,False
102093566,METROPOLITAN NASHVILLE POLICE DEPT,20180657113,Davidson,Nashville,7/31/2018 3:38:00 PM,3,0,0,36.249390,-86.719410,E PALESTINE AV,,,,0.00,Feet,North,GALLATIN PKES,,,,0.00,N,Not at Intersection, ,Non-Junction,None,,,         ,Cecilia,Gomez,Clear,Front to Rear,no,no,no,no,no,False
102093575,METROPOLITAN NASHVILLE POLICE DEPT,20180657229,Davidson,Nashville,7/31/2018 4:44:00 PM,3,0,0,36.183110,-86.748670,GALLATIN AV,,,,94.00,Feet,South,W EASTLAND AV,,,,0.00,N,Not at Intersection, ,,None,,,         ,Barrett,Teague,,,no,no,no,no,no,False
102093579,METROPOLITAN NASHVILLE POLICE DEPT,20180656925,Davidson,Nashville,7/31/2018 2:43:00 PM,3,1,0,36.082300,-86.727160,NOLENSVILLE PKE,,,,116.00,Feet,South,WELSHWOOD DR,,,,0.00,N,Not at Intersection, ,Non-Junction,None,,,         ,Je-Marc,Sears,Clear,Front to Rear,no,no,no,no,no,False
102093580,METROPOLITAN NASHVILLE POLICE DEPT,20180657150,Davidson,Nashville,7/31/2018 4:15:00 PM,1,1,0,36.084830,-86.728190,NOLENSVILLE PKE,,,,0.00,,,PARAGON MILLS RD,,,,0.00,Y,Four-Way,N,Intersection-Related,None,,,         ,Richard,Olive,Clear,Not Collision with Motor Vehicle in Transport,yes,no,no,no,yes,False
102093582,METROPOLITAN NASHVILLE POLICE DEPT,2018-0657260,Davidson,Nashville,7/31/2018 5:00:00 PM,2,0,0,36.138030,-86.805050,BLAKEMORE AV,,,,0.00,,,24TH AVS,,,,0.00,Y,Four-Way, ,Non-Junction,None,,,         ,Will,Amundson,Clear,Front to Rear,no,no,no,no,no,Campus
102093592,METROPOLITAN NASHVILLE POLICE DEPT,20180657222,Davidson,Nashville,7/31/2018 4:40:00 PM,2,0,0,36.112600,-86.771680,I440 ENT RAMP,,,,0.00,Feet,East,I 65,,,,0.00,N,Not at Intersection, ,Non-Junction,None,,,         ,Trevor,Jones,Clear,Front to Rear,no,no,no,no,no,False
102093595,METROPOLITAN NASHVILLE POLICE DEPT,20180657456,Davidson,Nashville,7/31/2018 4:24:00 PM,2,1,0,36.097460,-86.709350,I 24,,,,0.00,,,,,,,54.75,N,Not at Intersection, ,Non-Junction,None,,,         ,YUNUS,ADAK,Clear,Front to Rear,no,no,no,no,no,False
102093597,METROPOLITAN NASHVILLE POLICE DEPT,20180657326,Davidson,Nashville,7/31/2018 5:15:00 PM,2,1,0,36.090220,-86.890200,HARDING PKE,,,,0.00,,,ST LUKE DR,,,,0.00,Y,T-Intersection,N,Intersection-Related,None,,,         ,Brandon,Pedigo,Cloudy,Front to Rear,no,no,no,no,no,False
102093616,METROPOLITAN NASHVILLE POLICE DEPT,20180657315,Davidson,Nashville,7/31/2018 4:54:00 PM,2,0,0,36.176090,-86.748680,HOLLY ST,,,,0.00,,,S 12TH ST,,,,0.00,Y,Four-Way, ,Non-Junction,None,,,         ,Michael,Fitch,Cloudy,Angle,no,no,no,no,no,False
102093619,METROPOLITAN NASHVILLE POLICE DEPT,20180657338,Davidson,Nashville,7/31/2018 4:47:00 PM,2,1,0,36.089400,-86.750840,TROUSDALE DR,,,,124.00,Feet,South,GRASSMERE PK,,,,0.00,N,Not at Intersection,N,Non-Junction,None,,,         ,Nicholas,Carroll,Clear,Other,no,no,no,no,no,False
102093653,METROPOLITAN NASHVILLE POLICE DEPT,20180656971,Davidson,Nashville,7/31/2018 3:00:00 PM,2,1,0,36.150940,-86.804550,ELLISTON PL,,,,0.00,,,LOUISE AV,,,,0.00,Y,Four-Way,N,Intersection,None,,,         ,John,Roberson,Cloudy,Angle,no,no,no,no,no,Campus
102093654,METROPOLITAN NASHVILLE POLICE DEPT,20180657138,Davidson,Nashville,7/31/2018 3:32:00 PM,2,1,0,36.240740,-86.757370,DICKERSON PKE,,,,0.00,,,BRILEY PKWY E EXT RAMP,,,,0.00,Y,T-Intersection,Y,Intersection-Related,None,,,         ,Rudy,Basaldua,Clear,Angle,no,no,no,no,no,False
102093663,METROPOLITAN NASHVILLE POLICE DEPT,20180657166,Davidson,Nashville,7/31/2018 4:15:00 PM,2,0,0,36.037390,-86.786700,OLD HICKORY BLVD,,,,0.00,,,FRANKLIN PKE,,,,0.00,Y,Four-Way,N,Non-Junction,None,,,         ,Akira,McSwain,Clear,Front to Rear,no,no,no,no,yes,False
102093664,METROPOLITAN NASHVILLE POLICE DEPT,20180657327,Davidson,Nashville,7/31/2018 5:10:00 PM,2,1,0,36.121610,-86.759020,I 440,,,,0.00,,,,,,,5.85,N,Not at Intersection,N,Non-Junction,None,,,         ,Akira,McSwain,Clear,Front to Rear,no,no,no,no,no,False
102093665,METROPOLITAN NASHVILLE POLICE DEPT,20180657505,Davidson,Nashville,7/31/2018 5:54:00 PM,2,0,0,36.110100,-86.770360,I 65,,,,0.00,,,,,,,79.75,N,Not at Intersection, ,Non-Junction,None,,,         ,Akira,McSwain,Clear,Front to Rear,no,no,no,no,no,False
102093670,METROPOLITAN NASHVILLE POLICE DEPT,20180657666,Davidson,Nashville,7/31/2018 7:16:00 PM,2,0,0,36.175270,-86.771430,I 24,,,,0.00,,,,,,,48.05,N,Not at Intersection,N,Non-Junction,None,,,         ,Cody,Jaworski,Clear,"Sideswipe, Same Direction",no,no,no,no,yes,False
102093698,METROPOLITAN NASHVILLE POLICE DEPT,20180657567,Davidson,Nashville,7/31/2018 5:56:00 PM,2,0,0,36.140450,-86.628160,BELL RD,,,,251.00,Feet,South,ELM HILL PKE,,,,0.00,N,Not at Intersection, ,Non-Junction,None,,,         ,Kimberly,Annson,Clear,Front to Rear,no,no,no,no,no,False
102093718,METROPOLITAN NASHVILLE POLICE DEPT,20180657487,Davidson,Nashville,7/31/2018 6:10:00 PM,1,0,0,36.146580,-86.776940,I40 E ENT RAMP,,,,0.00,Feet,East,I 65,,,,0.00,N,Not at Intersection,Y,Entrance/Exit Ramp Related,None,,,         ,Douglas,Sykes,Clear,Not Collision with Motor Vehicle in Transport,no,no,no,no,no,False
102093735,METROPOLITAN NASHVILLE POLICE DEPT,20180657399,Davidson,Nashville,7/31/2018 5:05:00 PM,3,0,0,36.116060,-86.792210,I 440,,,,0.00,,,,,,,3.85,N,Not at Intersection, ,,None,,,         ,Gregory,Scott,,,no,no,no,no,no,False
102093771,METROPOLITAN NASHVILLE POLICE DEPT,20180657393,Davidson,Not in City Limit,7/31/2018 5:25:00 PM,2,0,0,36.082280,-86.955000,I40 W EXT RAMP,,,,0.00,Feet,East,HIGHWAY 70S,,,,0.00,N,Not at Intersection,N,Entrance/Exit Ramp Related,None,,,         ,Jeremy,Huffine,Clear,Front to Rear,no,no,no,no,yes,False
102093774,METROPOLITAN NASHVILLE POLICE DEPT,20180657620,Davidson,Nashville,7/31/2018 7:00:00 PM,3,1,0,36.176040,-86.757010,MAIN ST,,,,80.00,Feet,East,S 9TH ST,,,,0.00,N,Not at Intersection,N,Non-Junction,None,,,         ,Barrett,Teague,Clear,Front to Rear,no,no,no,no,no,False
102093775,METROPOLITAN NASHVILLE POLICE DEPT,20180657845,Davidson,Nashville,7/31/2018 12:00:00 AM,2,1,0,36.160550,-86.778260,BROADWAY,,,,60.00,Feet,East,5TH AVS,,,,0.00,N,Not at Intersection, ,Non-Junction,None,,,         ,Trevor,Taylor,Clear,Front to Rear,no,no,no,no,no,False
102093811,METROPOLITAN NASHVILLE POLICE DEPT,20180657862,Davidson,Goodlettsville,7/31/2018 12:00:00 AM,2,0,0,36.290770,-86.703590,GALLATIN PKEN,,,,0.00,,,ALTUS AV,,,,0.00,Y,T-Intersection,N,Intersection,None,,,         ,Joel,Callies,Clear,"Sideswipe, Same Direction",no,no,no,no,yes,False
102093812,METROPOLITAN NASHVILLE POLICE DEPT,20180657724,Davidson,Not in City Limit,7/31/2018 7:45:00 PM,2,1,0,36.062320,-86.942740,BEECH BEND DR,,,,0.00,,,OLD HARDING PKE,,,,0.00,Y,Four-Way,N,Intersection,None,,,         ,John,Hoesli,Clear,"Sideswipe, Opposite Direction",no,no,no,no,no,False
102093859,METROPOLITAN NASHVILLE POLICE DEPT,20180657773,Davidson,Nashville,7/31/2018 8:03:00 PM,2,2,0,36.255020,-86.777230,BRICK CHURCH PKE,,,,722.00,Feet,North,WESTCHESTER DR,,,,0.00,N,Not at Intersection,N,Non-Junction,None,,,         ,Jason,Dudley,Clear,"Sideswipe, Opposite Direction",no,no,no,no,no,False
102093879,METROPOLITAN NASHVILLE POLICE DEPT,20180657820,Davidson,Nashville,7/31/2018 8:19:00 PM,2,0,0,36.132500,-86.779250,BENTON AV,,,,0.00,,,8TH AVS,,,,0.00,Y,T-Intersection,N,Non-Junction,None,,,         ,Akira,McSwain,Clear,Angle,no,no,no,no,no,False
102093921,METROPOLITAN NASHVILLE POLICE DEPT,20180657447,Davidson,Not in City Limit,7/31/2018 5:50:00 PM,2,0,0,35.999450,-86.693430,NOLENSVILLE PKE,,,,0.00,,,CONCORD HILLS DR,,,,0.00,Y,Four-Way,N,Intersection,None,,,         ,Matthew,Turppa,Cloudy,Front to Rear,no,no,no,yes,yes,False
102093932,METROPOLITAN NASHVILLE POLICE DEPT,20180658067,Davidson,Nashville,7/31/2018 9:13:00 PM,2,0,0,36.118230,-86.700230,MURFREESBORO PKE,,,,1.00,Feet,West,BRILEY PKWYN,,,,0.00,N,Not at Intersection,N,Non-Junction,None,,,         ,Aimee,Ortiz,Cloudy,"Sideswipe, Same Direction",no,no,no,no,yes,False
102093936,METROPOLITAN NASHVILLE POLICE DEPT,20180657389,Davidson,Nashville,7/31/2018 5:35:00 PM,2,2,0,36.148420,-86.857900,WHITE BRIDGE PKE,,,,0.00,,,LENOX AV,,,,0.00,Y,Four-Way,N,Intersection,None,,,         ,Andrew,McCarron,Clear,Angle,no,no,no,no,no,False
102093944,METROPOLITAN NASHVILLE POLICE DEPT,20180657793,Davidson,Nashville,7/31/2018 7:46:00 PM,2,2,0,36.256190,-86.714390,NEELYS BEND RD,,,,0.00,,,GALLATIN PKES,,,,0.00,Y,T-Intersection,N,Intersection,None,,,         ,Kevin,Crawford,Cloudy,Angle,no,no,no,no,no,False
102093956,METROPOLITAN NASHVILLE POLICE DEPT,20180658013,Davidson,Nashville,7/31/2018 9:20:00 PM,2,0,0,36.125780,-86.709940,MURFREESBORO PKE,,,,169.00,Feet,West,BOWWOOD CT,,,,0.00,N,Not at Intersection,N,Non-Junction,None,,,         ,Dontaveous,Eubanks,Clear,Angle,no,no,no,yes,yes,False
102093960,METROPOLITAN NASHVILLE POLICE DEPT,20180657450,Davidson,Not in City Limit,7/31/2018 12:00:00 AM,2,0,0,36.276850,-86.797600,I24 W EXT RAMP,,,,0.00,,,OLD HICKORY BLVD,,,,0.00,Y,OTHER,Y,Entrance/Exit Ramp Related,None,,,         ,Joel,Callies,Clear,Front to Rear,no,no,no,no,no,False
102093966,METROPOLITAN NASHVILLE POLICE DEPT,20180658203,Davidson,Not in City Limit,7/31/2018 11:01:00 PM,1,1,0,36.006960,-86.703080,BLUFF RD,,,,700.00,Feet,West,NOLENSVILLE PKE,,,,0.00,N,Not at Intersection,N,Non-Junction,None,,,         ,Brandon,Rardin,Clear,Not Collision with Motor Vehicle in Transport,no,no,no,no,no,False
102093968,METROPOLITAN NASHVILLE POLICE DEPT,20180658050,Davidson,Nashville,7/31/2018 12:00:00 AM,4,0,0,36.177860,-86.752280,MAIN ST,,,,152.00,Feet,East,FINN ST,,,,0.00,N,Not at Intersection,N,Non-Junction,None,,,         ,Marc,Kozen,Clear,Front to Rear,no,no,no,no,no,False
102093969,METROPOLITAN NASHVILLE POLICE DEPT,20180657624,Davidson,Nashville,7/31/2018 7:00:00 PM,2,0,0,36.050490,-86.876680,OLD HICKORY BLVD,,,,0.00,,,CHICKERING RD,,,,0.00,Y,Four-Way,N,Intersection,None,,,         ,Andrew,McCarron,Clear,Front to Rear,no,no,no,no,no,False
102093994,METROPOLITAN NASHVILLE POLICE DEPT,20180658516,Davidson,Nashville,8/1/2018 1:06:00 AM,1,0,0,36.159330,-86.623690,I 40,,,,0.00,,,,,,,219.35,N,Not at Intersection, ,Non-Junction,None,,,         ,Joseph,Zambardi,Clear,Not Collision with Motor Vehicle in Transport,no,no,no,no,no,False
102094015,METROPOLITAN NASHVILLE POLICE DEPT,20180658430,Davidson,Nashville,8/1/2018 12:00:00 AM,1,0,0,36.025360,-86.663920,PRESTON RD,,,,255.00,Feet,East,PETTUS RD,,,,0.00,N,Not at Intersection,N,Non-Junction,None,,,         ,Nathan,Braden,Clear,Not Collision with Motor Vehicle in Transport,no,no,no,no,no,False
102094020,METROPOLITAN NASHVILLE POLICE DEPT,20180658154,Davidson,Nashville,7/31/2018 10:18:00 PM,3,0,0,36.148020,-86.776260,I40 E ENT RAMP,,,,0.00,,,I 40,,,,0.00,Y,OTHER,Y,Entrance/Exit Ramp Related,Work Zone,Laneclosure,Transition Area,         ,Ronald,Raynore,Cloudy,Front to Rear,no,no,no,no,yes,False
102094028,METROPOLITAN NASHVILLE POLICE DEPT,20180658296,Davidson,Nashville,7/31/2018 11:33:00 PM,2,1,0,36.079490,-86.644600,EDGE O LAKE DR,,,,0.00,,,MURFREESBORO PKE,,,,0.00,Y,Four-Way,N,Intersection,None,,,         ,Bridget,Griepentrog,Clear,Angle,no,no,no,no,no,False
102094042,METROPOLITAN NASHVILLE POLICE DEPT,20180658765,Davidson,Nashville,8/1/2018 3:22:00 AM,1,1,0,36.050850,-86.668270,I 24,,,,0.00,,,,,,,58.80,N,Not at Intersection,N,Non-Junction,None,,,         ,Kevin,Breeding,Rain,Not Collision with Motor Vehicle in Transport,no,no,no,no,no,False
102094043,METROPOLITAN NASHVILLE POLICE DEPT,20180658399,Davidson,Nashville,8/1/2018 12:12:00 AM,2,1,0,36.151010,-86.796490,19TH AVS,,,,0.00,,,BROADWAY,,,,0.00,Y,Four-Way,N,Intersection,None,,,         ,Joshua,Dickall,Clear,Angle,no,no,no,no,no,False
102094076,METROPOLITAN NASHVILLE POLICE DEPT,20180658917,Davidson,Nashville,8/1/2018 5:00:00 AM,2,1,0,36.198050,-86.840220,ASHLAND CITY HWY,,,,276.00,Feet,West,NORTH GATE SHOPPING CTR PVTDR,,,,0.00,N,Not at Intersection,N,Non-Junction,None,,,         ,Charles,Duke,Clear,Front to Rear,no,no,no,no,yes,False
102094079,METROPOLITAN NASHVILLE POLICE DEPT,20180658945,Davidson,Nashville,8/1/2018 4:42:00 AM,2,0,0,36.058350,-86.677890,I 24,,,,0.00,,,,,,,58.00,N,Not at Intersection,N,Non-Junction,None,,,         ,Kevin,Breeding,Rain,"Sideswipe, Same Direction",no,no,no,no,yes,False
102094081,METROPOLITAN NASHVILLE POLICE DEPT,20180658949,Davidson,Nashville,8/1/2018 5:00:00 AM,3,0,0,36.106910,-86.719280,I 24,,,,0.00,,,,,,,53.95,N,Not at Intersection,N,Non-Junction,None,,,         ,David,Smith,Rain,Front to Rear,no,no,no,no,yes,False
102094082,METROPOLITAN NASHVILLE POLICE DEPT,20180658780,Davidson,Nashville,8/1/2018 3:25:00 AM,3,1,0,36.062480,-86.682170,I 24,,,,0.00,,,,,,,57.65,N,Not at Intersection,N,Non-Junction,None,,,         ,William,Williams,Rain,Angle,no,no,no,no,no,False
102094084,METROPOLITAN NASHVILLE POLICE DEPT,20180658916,Davidson,Nashville,8/1/2018 4:50:00 AM,2,0,0,36.107300,-86.719570,I24 W EXT RAMP,,,,0.00,Feet,East,I 24,,,,0.00,N,Not at Intersection,Y,Entrance/Exit Ramp Related,None,,,         ,Zachary,Lang,Cloudy,"Sideswipe, Same Direction",no,no,no,no,yes,False
102094086,METROPOLITAN NASHVILLE POLICE DEPT,20180658888,Davidson,Nashville,8/1/2018 4:44:00 AM,1,2,0,36.072920,-86.769450,I 65,,,,0.00,,,,,,,77.15,N,Not at Intersection,N,Non-Junction,None,,,         ,Ty,Cummings,Rain,Not Collision with Motor Vehicle in Transport,no,no,no,no,no,False
102094096,METROPOLITAN NASHVILLE POLICE DEPT,20180659030,Davidson,Nashville,8/1/2018 5:59:00 AM,2,1,0,36.051510,-86.714360,OCALA DR,,,,0.00,,,NOLENSVILLE PKE,,,,0.00,Y,Four-Way,N,Intersection,None,,,         ,Brandon,Rardin,Rain,Angle,no,no,no,no,no,False
102094108,METROPOLITAN NASHVILLE POLICE DEPT,20180658817,Davidson,Nashville,8/1/2018 3:48:00 AM,1,0,0,36.122400,-86.628940,WOODLAND POINTE DR,,,,100.00,Feet,North,WOODLAND POINTE DR,,,,0.00,N,Not at Intersection,N,Non-Junction,None,,,         ,Bridget,Griepentrog,Clear,Not Collision with Motor Vehicle in Transport,no,no,no,yes,no,False
102094112,METROPOLITAN NASHVILLE POLICE DEPT,2018-0658972,Davidson,Antioch,8/1/2018 5:30:00 AM,2,0,0,36.010400,-86.608430,FIRESTONE PKWY,,,,31.00,Feet,West,BRIDGESTONE PKWY,,,,0.00,N,Not at Intersection, ,Non-Junction,None,,,         ,Corey,Ethridge,Clear,Angle,no,no,no,no,no,False
102094113,METROPOLITAN NASHVILLE POLICE DEPT,20180659103,Davidson,Not in City Limit,8/1/2018 6:55:00 AM,1,0,0,36.054950,-86.959300,POPLAR CREEK RD,,,,1383.00,Feet,East,COLD STREAM DR,,,,0.00,N,Not at Intersection,N,Non-Junction,None,,,         ,Curtis,Rich,Clear,Not Collision with Motor Vehicle in Transport,no,no,no,no,no,False
102094160,METROPOLITAN NASHVILLE POLICE DEPT,20180659138,Davidson,Nashville,8/1/2018 7:17:00 AM,2,0,0,36.232460,-86.784090,I 24,,,,0.00,,,,,,,44.00,N,Not at Intersection, ,,None,,,         ,James,Wray,,,no,no,no,no,no,False
102094165,METROPOLITAN NASHVILLE POLICE DEPT,2018-0659157,Davidson,Nashville,8/1/2018 7:20:00 AM,2,0,0,36.232240,-86.769540,I 65,,,,0.00,,,,,,,89.20,N,Not at Intersection, ,Non-Junction,None,,,         ,Travis,Baxter,Clear,Front to Rear,no,no,no,no,no,False
102094186,METROPOLITAN NASHVILLE POLICE DEPT,20180659220,Davidson,Nashville,8/1/2018 7:56:00 AM,2,0,0,36.139770,-86.665810,I40 E ENT RAMP,,,,0.00,Feet,East,I40 E EXT RAMP,,,,0.00,N,Not at Intersection, ,Non-Junction,None,,,         ,John,Frazier,Clear,"Sideswipe, Same Direction",no,no,no,no,no,False
102094187,GOODLETTSVILLE POLICE DEPT,18-26891,Davidson,Goodlettsville,8/1/2018 7:25:00 AM,2,1,0,36.312300,-86.673440,HIGHWAY 386,,,,0.63,Miles,East,HIGHWAY 386 OFF RAMP,,,,0.00,N,Not at Intersection,N,Non-Junction,None,,,         ,George,Forbes,Clear,Front to Rear,no,no,no,no,no,False
102094209,METROPOLITAN NASHVILLE POLICE DEPT,20180659337,Davidson,Nashville,8/1/2018 8:30:00 AM,3,1,0,36.090140,-86.703130,I 24,,,,0.00,,,,,,,55.40,N,Not at Intersection, ,Non-Junction,None,,,         ,Michael,Dudley,Clear,Front to Rear,no,no,no,no,yes,False
102094214,METROPOLITAN NASHVILLE POLICE DEPT,20180659366,Davidson,Nashville,8/1/2018 8:43:00 AM,2,0,0,36.218990,-86.774960,I 65,,,,0.00,,,,,,,88.20,N,Not at Intersection,Y,Entrance/Exit Ramp Related,None,,,         ,Nathan,Mayo,Clear,"Sideswipe, Same Direction",no,no,no,no,yes,False
102094222,METROPOLITAN NASHVILLE POLICE DEPT,20180659381,Davidson,Nashville,8/1/2018 8:50:00 AM,2,0,0,36.135490,-86.775960,I65 S EXT RAMP,,,,469.00,Feet,North,I 65,,,,0.00,N,Not at Intersection,N,Entrance/Exit Ramp Related,None,,,         ,Nathan,Kemp,Clear,"Sideswipe, Same Direction",no,no,no,no,no,False