master_record_number,agency,agency_tracking_number,county,city,collision_date,vehicles_involved,number_injured,number_dead,latitude,longitude,roadway_name,roadway_suffix,roadway_number,roadway_local_id,distance_from_reference,miles-feet_indicator,direction_from_reference,intersection_road_name,intersection_road_name_suffix,intersection_road_number,intersection_local_id,mile_marker,intersection_indicator,intersect_type,interchange_related_indicator,relation_to_junction,work_zone_type,construction_maintenance_zone,construction_maintenance_zone_location,fatal_case_number,officer_first_name,officer_last_name,weather_condition(s),manner_of_crash,pedestrian,bicycle,scooter,parking,hitrun,mou
102094247,METROPOLITAN NASHVILLE POLICE DEPT,20180659331,Davidson,Nashville,8/1/2018 8:31:00 AM,3,0,0,36.202910,-86.776850,I 65,,,,0.00,,,,,,,87.10,N,Not at Intersection, ,Non-Junction,None,,,         ,James,Wray,Clear,Front to Rear,no,no,no,no,no,False
102094264,METROPOLITAN NASHVILLE POLICE DEPT,20180659336,Davidson,Nashville,8/1/2018 8:09:00 AM,2,0,0,36.250340,-86.741280,I 65,,,,0.00,,,,,,,91.20,N,Not at Intersection,N,Non-Junction,None,,,         ,Cyretha,Frazier,Clear,Front to Rear,no,no,no,no,no,False
102094274,METROPOLITAN NASHVILLE POLICE DEPT,20180659432,Davidson,Nashville,8/1/2018 9:05:00 AM,2,0,0,36.186470,-86.796400,I65 S EXT RAMP,,,,0.00,,,I 65,,,,0.00,Y,OTHER, ,Entrance/Exit Ramp Related,None,,,         ,Isaac,Wood,Clear,"Sideswipe, Same Direction",no,no,no,no,no,False
102094275,METROPOLITAN NASHVILLE POLICE DEPT,20180659553,Davidson,Nashville,8/1/2018 9:55:00 AM,2,0,0,36.144190,-86.739030,I 40,,,,0.00,,,,,,,212.35,N,Not at Intersection,N,Non-Junction,None,,,         ,Joshua,Hausman,Clear,Front to Rear,no,no,no,no,yes,False
102094284,METROPOLITAN NASHVILLE POLICE DEPT,20180659333,Davidson,Nashville,8/1/2018 8:18:00 AM,2,0,0,36.146260,-86.816370,31ST AVN,,,,48.00,Feet,South,BURCH AV,,,,0.00,N,Not at Intersection,N,Non-Junction,None,,,         ,Jon,Mcvey,Clear,"Sideswipe, Same Direction",no,no,no,no,yes,False
102094286,METROPOLITAN NASHVILLE POLICE DEPT,20180659385,Davidson,Nashville,8/1/2018 8:50:00 AM,3,2,0,36.122920,-86.727000,I440 W ENT RAMP,,,,0.00,Feet,East,I 24,,,,0.00,N,Not at Intersection,N,Non-Junction,None,,,         ,Eric,Keller,Clear,Front to Rear,no,no,no,no,no,False
102094288,METROPOLITAN NASHVILLE POLICE DEPT,20180659428,Davidson,Nashville,8/1/2018 9:05:00 AM,2,0,0,36.147960,-86.743470,FESSLERS LN,,,,77.00,Feet,North,I40 W ENT RAMP,,,,0.00,N,Not at Intersection, ,Non-Junction,None,,,         ,Thomas,Odom,Clear,Front to Rear,no,no,no,no,no,False
102094289,METROPOLITAN NASHVILLE POLICE DEPT,20180659595,Davidson,Nashville,8/1/2018 10:16:00 AM,2,0,0,36.173110,-86.595000,TULIP GROVE RD,,,,236.00,Feet,North,CENTRAL PKE,,,,0.00,N,Not at Intersection, ,Non-Junction,None,,,         ,Thomas,Odom,Clear,Front to Rear,no,no,no,no,no,False
102094300,METROPOLITAN NASHVILLE POLICE DEPT,20180659596,Davidson,Not in City Limit,8/1/2018 9:45:00 AM,2,0,0,35.974420,-86.633020,BATTLE RD,,,,342.00,Feet,East,KIDD RD,,,,0.00,N,Not at Intersection, ,Non-Junction,None,,,         ,Eric,Keller,Clear,"Sideswipe, Opposite Direction",no,no,no,no,no,False
102094303,METROPOLITAN NASHVILLE POLICE DEPT,20180659701,Davidson,Nashville,8/1/2018 12:00:00 AM,2,0,0,36.161970,-86.784300,ROSA L PARKS BLVD,,,,160.00,Feet,North,ROSA L PARKS AV,,,,0.00,N,Not at Intersection, ,Non-Junction,None,,,         ,James,Thornton,Clear,"Sideswipe, Same Direction",no,no,no,no,no,False
102094307,METROPOLITAN NASHVILLE POLICE DEPT,20180659438,Davidson,Nashville,8/1/2018 8:54:00 AM,2,1,0,36.120110,-86.726630,I 24,,,,0.00,,,,,,,52.90,N,Not at Intersection,N,Non-Junction,None,,,         ,Jessie,Meadows,Clear,Front to Rear,no,no,no,no,yes,False
102094308,METROPOLITAN NASHVILLE POLICE DEPT,20180659478,Davidson,Nashville,8/1/2018 9:15:00 AM,2,1,0,36.118200,-86.725930,I 24,,,,0.00,,,,,,,53.05,N,Not at Intersection,N,Non-Junction,None,,,         ,Jessie,Meadows,Clear,"Sideswipe, Same Direction",no,no,no,no,no,False
102094330,METROPOLITAN NASHVILLE POLICE DEPT,20180659630,Davidson,Nashville,8/1/2018 10:15:00 AM,2,0,0,36.109690,-86.731090,THOMPSON LN,,,,215.00,Feet,East,SELENA DR,,,,0.00,N,Not at Intersection,N,Non-Junction,None,,,         ,Todd,Watson,Clear,Front to Rear,no,no,no,no,no,False
102094335,METROPOLITAN NASHVILLE POLICE DEPT,20180659851,Davidson,Nashville,8/1/2018 12:19:00 PM,2,0,0,36.150480,-86.770350,4TH AVS,,,,0.00,,,I40 E EXT RAMP,,,,0.00,Y,Four-Way,N,Intersection,None,,,         ,Nathan,Kemp,Clear,Angle,no,no,no,no,no,False
102094350,METROPOLITAN NASHVILLE POLICE DEPT,20180659719,Davidson,Nashville,8/1/2018 10:00:00 AM,2,0,0,36.136000,-86.726720,I 24,,,,0.00,,,,,,,52.20,N,Not at Intersection, ,Non-Junction,None,,,         ,Ryan,Ludvigson,Clear,Angle,no,no,no,no,no,False
102094351,METROPOLITAN NASHVILLE POLICE DEPT,20180659812,Davidson,Nashville,8/1/2018 12:00:00 PM,2,2,0,36.149670,-86.769810,4TH AVS,,,,0.00,,,MCCANN ST,,,,0.00,Y,T-Intersection,N,Intersection-Related,None,,,         ,Jon,Mcvey,Clear,Angle,no,no,no,no,no,False
102094352,METROPOLITAN NASHVILLE POLICE DEPT,20180659879,Davidson,Not in City Limit,8/1/2018 11:45:00 AM,2,0,0,36.079960,-86.954170,HIGHWAY 70S,,,,238.00,Feet,West,COLEY DAVIS RD,,,,0.00,N,Not at Intersection, ,Non-Junction,None,,,         ,Curtis,Rich,Cloudy,Front to Rear,no,no,no,no,yes,False
102094371,Nashville Airport Police,18-02989,Davidson,Nashville,7/31/2018 12:00:00 AM,2,0,0,36.116700,-86.668180,DONELSON PKE,,,,0.00,,,HANGAR LN,,,,0.00,Y,T-Intersection,Y,Intersection,None,,,         ,John,Herd,Clear,"Sideswipe, Same Direction",no,no,no,no,no,False
102094372,METROPOLITAN NASHVILLE POLICE DEPT,20180659513,Davidson,Nashville,8/1/2018 7:00:00 AM,2,0,0,36.165370,-86.767400,SHELBY AV,,,,238.00,Feet,North,S 2ND ST,,,,0.00,N,Not at Intersection, ,Non-Junction,None,,,         ,Gregory,Julia,Clear,"Sideswipe, Same Direction",no,no,no,no,no,False
102094424,METROPOLITAN NASHVILLE POLICE DEPT,20180660041,Davidson,Nashville,8/1/2018 1:22:00 PM,2,0,0,36.129920,-86.901350,CHARLOTTE PKE,,,,179.00,Feet,West,CABOT DR,,,,0.00,N,Not at Intersection, ,Non-Junction,None,,,         ,Curtis,Rich,Cloudy,Angle,no,no,no,no,no,False
102094441,METROPOLITAN NASHVILLE POLICE DEPT,20180659802,Davidson,Nashville,8/1/2018 11:54:00 AM,2,0,0,36.141170,-86.731150,I 40,,,,0.00,,,,,,,212.90,N,Not at Intersection, ,Non-Junction,None,,,         ,Cassandra,Del Bosco,Clear,"Sideswipe, Same Direction",no,no,no,no,no,False
102094476,METROPOLITAN NASHVILLE POLICE DEPT,20180660063,Davidson,Nashville,8/1/2018 1:45:00 PM,2,0,0,36.078590,-86.745160,HARDING PL,,,,21.00,Feet,East,DANBY DR,,,,0.00,N,Not at Intersection, ,Non-Junction,None,,,         ,Jon,Mcvey,Cloudy,Front to Rear,no,no,no,no,no,False
102094514,METROPOLITAN NASHVILLE POLICE DEPT,20180660084,Davidson,Nashville,8/1/2018 1:50:00 PM,2,1,0,36.076510,-86.640650,MURFREESBORO PKE,,,,331.00,Feet,East,LAKEVILLA DR,,,,0.00,N,Not at Intersection,N,Non-Junction,None,,,         ,Eric,Keller,Clear,Front to Rear,no,no,no,no,no,False
102094566,METROPOLITAN NASHVILLE POLICE DEPT,20180660188,Davidson,Nashville,8/1/2018 3:00:00 PM,1,0,0,36.197160,-86.752410,ELLINGTON PKWYS,,,,217.00,Feet,North,ELLINGTON PKWYN,,,,0.00,N,Not at Intersection, ,Non-Junction,None,,,         ,Riley,Brewer,Rain,Not Collision with Motor Vehicle in Transport,no,no,no,no,no,False
102094607,METROPOLITAN NASHVILLE POLICE DEPT,20180660203,Davidson,Nashville,8/1/2018 2:57:00 PM,2,0,0,36.181810,-86.774720,I 24,,,,0.00,,,,,,,47.55,N,Not at Intersection, ,,None,,,         ,Cody,Jaworski,,,no,no,no,no,no,False
102094620,METROPOLITAN NASHVILLE POLICE DEPT,20180660275,Davidson,Nashville,8/1/2018 2:35:00 PM,2,0,0,36.050310,-86.648400,BELL RD,,,,347.00,Feet,East,MT VIEW RD,,,,0.00,N,Not at Intersection, ,Non-Junction,None,,,         ,Eric,Keller,Clear,Front to Rear,no,no,no,no,no,False
102094625,METROPOLITAN NASHVILLE POLICE DEPT,20180660280,Davidson,Nashville,8/1/2018 3:16:00 PM,2,0,0,36.145380,-86.765680,3RD AVS,,,,0.00,,,CHESTNUT ST,,,,0.00,Y,Four-Way, ,Intersection,None,,,         ,YUNUS,ADAK,Rain,Angle,no,no,no,no,no,False
102094627,METROPOLITAN NASHVILLE POLICE DEPT,20180660254,Davidson,Nashville,8/1/2018 12:00:00 AM,2,0,0,36.163270,-86.761750,I 24,,,,0.00,,,,,,,49.25,N,Not at Intersection, ,,None,,,         ,Gordon,Stovall,,,no,no,no,no,no,False
102094640,METROPOLITAN NASHVILLE POLICE DEPT,20180660323,Davidson,Nashville,8/1/2018 12:00:00 AM,2,0,0,36.156200,-86.807750,CHARLOTTE AV,,,,155.00,Feet,West,22ND AVN,,,,0.00,N,Not at Intersection, ,Non-Junction,None,,,         ,Melvin,Taylor,Clear,Front to Rear,no,no,no,no,no,False
102094662,METROPOLITAN NASHVILLE POLICE DEPT,20180660418,Davidson,Nashville,8/1/2018 3:40:00 PM,2,0,0,36.134080,-86.726920,I24E,,,,54.00,Feet,East,I24 E ENT RAMP,,,,0.00,N,Not at Intersection, ,Non-Junction,None,,,         ,Eric,Keller,Rain,Front to Rear,no,no,no,no,no,False
102094663,METROPOLITAN NASHVILLE POLICE DEPT,20180660241,Davidson,Nashville,8/1/2018 2:25:00 PM,3,0,0,36.243930,-86.757480,DOVERSIDE DR,,,,267.00,Feet,West,SKYLINE COMMONS PVTDR,,,,0.00,N,Not at Intersection,N,Non-Junction,None,,,         ,DuJuan,Kendrick,Clear,"Sideswipe, Same Direction",no,no,no,no,yes,False
102094665,METROPOLITAN NASHVILLE POLICE DEPT,20180660490,Davidson,Nashville,8/1/2018 4:27:00 PM,1,0,0,36.105270,-86.782590,CALDWELL LN,,,,383.00,Feet,West,CALDWELL CT,,,,0.00,N,Not at Intersection,N,Non-Junction,None,,,         ,Austin,Kendrick,Cloudy,Not Collision with Motor Vehicle in Transport,no,no,no,no,no,False
102094674,METROPOLITAN NASHVILLE POLICE DEPT,20180660457,Davidson,Nashville,8/1/2018 4:24:00 PM,2,1,0,36.142020,-86.675540,I 40,,,,0.00,,,,,,,215.00,N,Not at Intersection,N,Non-Junction,None,,,         ,Samuel,Sundra,Rain,Front to Rear,no,no,no,no,no,False
102094686,METROPOLITAN NASHVILLE POLICE DEPT,20180660315,Davidson,Nashville,8/1/2018 2:20:00 PM,2,0,0,36.160470,-86.778440,5TH AVS,,,,0.00,,,BROADWAY,,,,0.00,Y,Four-Way, ,,Construction Zone,,,         ,Jim,Crissman,,,no,no,no,no,no,False
102094692,METROPOLITAN NASHVILLE POLICE DEPT,20180660536,Davidson,Nashville,8/1/2018 2:42:00 PM,2,0,0,36.102050,-86.818050,HILLSBORO DR,,,,110.00,Feet,West,HILLSBORO PKE,,,,0.00,N,Not at Intersection, ,,None,,,         ,Eric,McCoy,,,no,no,no,no,no,False
102094695,METROPOLITAN NASHVILLE POLICE DEPT,20180660081,Davidson,Nashville,8/1/2018 2:00:00 PM,2,0,0,36.030210,-86.638380,I 24,,,,0.00,,,,,,,61.00,N,Not at Intersection, ,,None,,,         ,Jessie,Meadows,,,no,no,no,no,no,False
102094696,METROPOLITAN NASHVILLE POLICE DEPT,20180660167,Davidson,Nashville,8/1/2018 2:16:00 PM,2,0,0,36.080530,-86.726630,NOLENSVILLE PKE,,,,348.00,Feet,North,HARDING PL,,,,0.00,N,Not at Intersection,N,Non-Junction,None,,,         ,Jessie,Meadows,Clear,Angle,no,no,no,no,no,False
102094697,METROPOLITAN NASHVILLE POLICE DEPT,20180660410,Davidson,Nashville,8/1/2018 4:18:00 PM,2,0,0,36.154260,-86.822540,I 440,,,,0.00,,,,,,,1.75,N,Not at Intersection, ,Non-Junction,None,,,         ,Jessie,Meadows,Clear,Front to Rear,no,no,no,no,no,False
102094700,METROPOLITAN NASHVILLE POLICE DEPT,20180660305,Davidson,Nashville,8/1/2018 3:54:00 PM,2,0,0,36.170260,-86.768360,INTERSTATE DR,,,,57.00,Feet,South,WOODLAND ST,,,,0.00,N,Not at Intersection, ,,None,,,         ,Roy,Sain Jr.,,,no,no,no,no,no,False
102094710,METROPOLITAN NASHVILLE POLICE DEPT,20180660654,Davidson,Nashville,8/1/2018 5:01:00 PM,2,0,0,36.122680,-86.751530,I 440,,,,0.00,,,,,,,6.25,N,Not at Intersection, ,Non-Junction,None,,,         ,YUNUS,ADAK,Clear,Front to Rear,no,no,no,no,no,False
102094716,METROPOLITAN NASHVILLE POLICE DEPT,20180660550,Davidson,Nashville,8/1/2018 4:31:00 PM,2,0,0,36.142710,-86.776800,I 65,,,,0.00,,,,,,,82.00,N,Not at Intersection, ,,None,,,         ,FELIKS,ABRAHAMYAN,,,no,no,no,no,no,False
102094729,METROPOLITAN NASHVILLE POLICE DEPT,20180660639,Davidson,Nashville,8/1/2018 4:38:00 PM,2,0,0,36.111080,-86.754470,THOMPSON LN,,,,0.00,,,EUGENIA AV,,,,0.00,Y,Four-Way, ,,None,,,         ,Austin,Kendrick,,,no,no,no,no,no,False
102094730,METROPOLITAN NASHVILLE POLICE DEPT,20180660588,Davidson,Nashville,8/1/2018 5:00:00 PM,2,0,0,36.169290,-86.766420,I 24,,,,0.00,,,,,,,48.75,N,Not at Intersection, ,Non-Junction,None,,,         ,Jessica,Scott,Cloudy,Front to Rear,no,no,no,no,no,False
102094731,METROPOLITAN NASHVILLE POLICE DEPT,20180660520,Davidson,Not in City Limit,8/1/2018 4:45:00 PM,2,0,0,36.263910,-86.690300,STATE RT 45,,,,0.00,,,MYATT DR,,,,0.00,Y,Four-Way, ,Intersection,None,,,         ,Cecilia,Gomez,Clear,Front to Rear,no,no,no,no,no,False
102094733,METROPOLITAN NASHVILLE POLICE DEPT,20180660505,Davidson,Nashville,8/1/2018 4:36:00 PM,2,0,0,36.126760,-86.710870,THOMPSON PL,,,,67.00,Feet,East,MURFREESBORO PKE,,,,0.00,N,Not at Intersection,N,Non-Junction,None,,,         ,Dontaveous,Eubanks,Cloudy,Front to Rear,no,no,no,no,yes,False
102094735,METROPOLITAN NASHVILLE POLICE DEPT,20180660607,Davidson,Nashville,8/1/2018 5:12:00 PM,2,1,0,36.181400,-86.773660,DICKERSON PKE,,,,53.00,Feet,South,DICKERSON PKE NB ENT RAMP,,,,0.00,N,Not at Intersection,N,Non-Junction,None,,,         ,Cody,Jaworski,Clear,Front to Rear,no,no,no,no,no,False
102094741,METROPOLITAN NASHVILLE POLICE DEPT,20180660458,Davidson,Not in City Limit,8/1/2018 4:25:00 PM,2,2,0,36.287530,-86.879350,CLARKSVILLE PKE,,,,237.00,Feet,South,ST LAWRENCE DR,,,,0.00,N,Not at Intersection,N,Non-Junction,None,,,         ,Sara,Lober,Clear,Front to Rear,no,no,no,no,no,False
102094746,METROPOLITAN NASHVILLE POLICE DEPT,20180660682,Davidson,Nashville,8/1/2018 4:09:00 PM,2,1,0,36.143330,-86.722420,SPENCE LN,,,,234.00,Feet,South,ELM HILL PKE,,,,0.00,N,Not at Intersection,N,Non-Junction,None,,,         ,Samuel,Sundra,Rain,Angle,no,no,no,no,no,False
102094750,METROPOLITAN NASHVILLE POLICE DEPT,20180660661,Davidson,Nashville,8/1/2018 4:29:00 PM,2,1,0,36.113020,-86.928760,CHARLOTTE PK,,,,26.00,Feet,East,SAWYER BROWN RD,,,,0.00,N,Not at Intersection,N,Non-Junction,None,,,         ,Jeremy,Huffine,Cloudy,Front to Rear,no,no,no,no,no,False
102094755,VANDERBILT UNIVERSITY POLICE,20180660376,Davidson,Nashville,8/1/2018 3:45:00 PM,2,0,0,36.140980,-86.813210,31ST AVS,,,,0.00,,,,,,,0.00,,, ,Non-Junction,None,,,         ,Christopher,Dion,Clear,"Sideswipe, Same Direction",no,no,no,yes,no,Campus
102094757,METROPOLITAN NASHVILLE POLICE DEPT,20180660745,Davidson,Nashville,8/1/2018 4:00:00 PM,2,0,0,36.144620,-86.743710,ELM HILL PKE,,,,97.00,Feet,East,FESSLERS LN,,,,0.00,N,Not at Intersection, ,,None,,,         ,John,Kelley,,,no,no,no,no,no,False
102094759,METROPOLITAN NASHVILLE POLICE DEPT,20180660656,Davidson,Nashville,8/1/2018 5:15:00 PM,2,0,0,36.140170,-86.722790,I 40,,,,0.00,,,,,,,213.50,N,Not at Intersection, ,,None,,,         ,Darci,Stechman,,,no,no,no,no,no,False
102094769,METROPOLITAN NASHVILLE POLICE DEPT,20180660694,Davidson,Nashville,8/1/2018 5:40:00 PM,4,0,0,36.111010,-86.771420,I 65,,,,0.00,,,,,,,79.80,N,Not at Intersection,N,Non-Junction,None,,,         ,Gregory,Scott,Clear,Front to Rear,no,no,no,no,no,False
102094776,METROPOLITAN NASHVILLE POLICE DEPT,20180660684,Davidson,Not in City Limit,8/1/2018 12:00:00 AM,1,1,0,36.333330,-86.905340,I 24,,,,0.00,,,,,,,32.75,N,Not at Intersection, ,Non-Junction,None,,,         ,Melvin,Taylor,Clear,Not Collision with Motor Vehicle in Transport,no,no,no,no,no,False
102094780,METROPOLITAN NASHVILLE POLICE DEPT,20180660362,Davidson,Nashville,8/1/2018 3:51:00 PM,2,0,0,36.204680,-86.737860,GALLATIN PKE,,,,139.00,Feet,North,ZOPHI ST,,,,0.00,N,Not at Intersection, ,Non-Junction,None,,,         ,Richard,Conger,Cloudy,Front to Rear,no,no,no,no,no,False
102094796,METROPOLITAN NASHVILLE POLICE DEPT,20180660279,Davidson,Nashville,8/1/2018 3:24:00 PM,2,1,0,36.141260,-86.776480,I 65,,,,0.00,,,,,,,81.90,N,Not at Intersection,N,Non-Junction,None,,,         ,Akira,McSwain,Clear,Front to Rear,no,no,no,no,no,False
102094797,METROPOLITAN NASHVILLE POLICE DEPT,20180660434,Davidson,Nashville,8/1/2018 4:20:00 PM,3,0,0,36.148630,-86.775630,I 40,,,,0.00,,,,,,,210.10,N,Not at Intersection, ,Non-Junction,None,,,         ,Akira,McSwain,Clear,Front to Rear,no,no,no,no,no,False
102094798,METROPOLITAN NASHVILLE POLICE DEPT,20180660701,Davidson,Nashville,8/1/2018 5:18:00 PM,3,0,0,36.109870,-86.770190,I 65,,,,0.00,,,,,,,79.75,N,Not at Intersection, ,Non-Junction,None,,,         ,Akira,McSwain,Clear,Front to Rear,no,no,no,no,no,False
102094799,METROPOLITAN NASHVILLE POLICE DEPT,20180660878,Davidson,Nashville,8/1/2018 5:32:00 PM,2,0,0,36.147270,-86.766950,3RD AVS,,,,197.00,Feet,North,MILDRED SHUTE AV,,,,0.00,N,Not at Intersection, ,Non-Junction,None,,,         ,YUNUS,ADAK,Clear,Angle,no,no,no,no,no,False
102094801,METROPOLITAN NASHVILLE POLICE DEPT,20180660672,Davidson,Nashville,8/1/2018 4:20:00 PM,3,0,0,36.046720,-86.626850,MT VIEW RD,,,,698.00,Feet,North,ASHEFORD TRC,,,,0.00,N,Not at Intersection, ,Non-Junction,None,,,         ,Arend,Groeneweg,Clear,HeadOn,no,no,no,no,no,False
102094804,METROPOLITAN NASHVILLE POLICE DEPT,20180660894,Davidson,Nashville,8/1/2018 6:24:00 PM,2,0,0,36.201040,-86.617940,LEBANON PKE,,,,88.00,Feet,South,TYLER DR,,,,0.00,N,Not at Intersection, ,Non-Junction,None,,,         ,Destiny,Zunic,Rain,Front to Rear,no,no,no,no,no,False
102094806,METROPOLITAN NASHVILLE POLICE DEPT,20180660712,Davidson,Nashville,8/1/2018 5:44:00 PM,2,0,0,36.051080,-86.646320,BELL RD,,,,215.00,Feet,East,HICKORY HOLLOW TER,,,,0.00,N,Not at Intersection, ,Non-Junction,None,,,         ,William,Durham,Cloudy,"Sideswipe, Same Direction",no,no,no,no,no,False
102094809,METROPOLITAN NASHVILLE POLICE DEPT,20180660570,Davidson,Nashville,8/1/2018 4:55:00 PM,2,0,0,36.204690,-86.737850,GALLATIN PKE,,,,141.00,Feet,North,ZOPHI ST,,,,0.00,N,Not at Intersection,N,Non-Junction,None,,,         ,Daniel,Wadham,Clear,HeadOn,no,no,no,no,no,False
102094810,METROPOLITAN NASHVILLE POLICE DEPT,20180660214,Davidson,Nashville,8/1/2018 3:00:00 PM,2,1,0,36.153630,-86.753610,HERMITAGE AV,,,,0.00,,,DECATUR AV,,,,0.00,Y,T-Intersection,N,Intersection,None,,,         ,Johnathan,Pannell,Rain,Angle,no,no,no,no,no,False
102094811,METROPOLITAN NASHVILLE POLICE DEPT,20180660806,Davidson,Nashville,8/1/2018 5:43:00 PM,2,0,0,36.149530,-86.747700,I 40,,,,0.00,,,,,,,211.75,N,Not at Intersection, ,Non-Junction,None,,,         ,Johnathan,Pannell,Clear,"Sideswipe, Same Direction",no,no,no,no,no,False
102094812,METROPOLITAN NASHVILLE POLICE DEPT,20180660845,Davidson,Nashville,8/1/2018 6:31:00 PM,2,1,0,36.150080,-86.805510,23RD AVN,,,,0.00,,,ELLISTON PL,,,,0.00,Y,Four-Way, ,Intersection,None,,,         ,FELIKS,ABRAHAMYAN,Clear,Angle,no,no,no,no,no,Campus
102094839,METROPOLITAN NASHVILLE POLICE DEPT,20180660949,Davidson,Nashville,8/1/2018 12:00:00 AM,2,0,0,36.168210,-86.820870,ED TEMPLE BLVD,,,,8.00,Feet,South,BEASLEY ST,,,,0.00,N,Not at Intersection, ,Non-Junction,None,,,         ,Melvin,Taylor,Clear,Front to Rear,no,no,no,no,yes,False
102094841,METROPOLITAN NASHVILLE POLICE DEPT,20180660728,Davidson,Nashville,8/1/2018 5:56:00 PM,4,1,0,36.095850,-86.624900,BELL RD,,,,486.00,Feet,East,HARBOR LIGHTS DR,,,,0.00,N,Not at Intersection,N,Non-Junction,None,,,         ,Kimberly,Annson,Clear,Front to Rear,no,no,no,no,yes,False
102094849,METROPOLITAN NASHVILLE POLICE DEPT,20180660773,Davidson,Nashville,8/1/2018 5:15:00 PM,2,0,0,36.167950,-86.692060,LEBANON PKE,,,,135.00,Feet,East,COTTAGE LN,,,,0.00,N,Not at Intersection, ,Non-Junction,None,,,         ,Darci,Stechman,Clear,Front to Rear,no,no,no,no,no,False
102094853,METROPOLITAN NASHVILLE POLICE DEPT,20180660754,Davidson,Madison,8/1/2018 5:04:00 PM,2,0,0,36.277640,-86.751250,NESBITT DR,,,,0.00,,,DICKERSON PKE,,,,0.00,Y,Four-Way,N,Intersection,None,,,         ,DuJuan,Kendrick,Clear,"Sideswipe, Same Direction",no,no,no,no,yes,False
102094861,METROPOLITAN NASHVILLE POLICE DEPT,20180660747,Davidson,Nashville,8/1/2018 6:00:00 PM,3,2,0,36.123470,-86.808940,I 440,,,,0.00,,,,,,,2.60,N,Not at Intersection,N,Non-Junction,None,,,         ,Alan,Digruttolo,Cloudy,Front to Rear,no,no,no,no,no,False
102094867,METROPOLITAN NASHVILLE POLICE DEPT,20180660951,Davidson,Not in City Limit,8/1/2018 4:44:00 PM,2,0,0,36.079320,-86.960620,I 40,,,,0.00,,,,,,,196.10,N,Not at Intersection, ,Non-Junction,None,,,         ,Jeremy,Huffine,Clear,Front to Rear,no,no,no,no,no,False
102094868,METROPOLITAN NASHVILLE POLICE DEPT,20180661056,Davidson,Nashville,8/1/2018 7:48:00 PM,2,0,0,36.075260,-86.639380,MURFREESBORO PKE,,,,356.00,Feet,North,RURAL HILL RD,,,,0.00,N,Not at Intersection,N,Non-Junction,None,,,         ,William,Durham,Clear,Front to Rear,no,no,no,no,yes,False
102094874,METROPOLITAN NASHVILLE POLICE DEPT,20180660998,Davidson,Nashville,8/1/2018 6:20:00 PM,2,0,0,36.089660,-86.703020,I 24,,,,0.00,,,,,,,55.40,N,Not at Intersection,N,Non-Junction,None,,,         ,Richard,Olive,Clear,Front to Rear,no,no,no,no,yes,False
102094877,METROPOLITAN NASHVILLE POLICE DEPT,20180660407,Davidson,Not in City Limit,8/1/2018 3:35:00 PM,2,0,0,36.264320,-86.732960,OLD HICKORY BLVDW,,,,204.00,Feet,West,N GRAYCROFT AV,,,,0.00,N,Not at Intersection,N,Non-Junction,None,,,         ,Kevin,Crawford,Cloudy,Front to Rear,no,no,no,no,yes,False
102094894,METROPOLITAN NASHVILLE POLICE DEPT,20180661117,Davidson,Nashville,8/1/2018 8:15:00 PM,2,0,0,36.051810,-86.714450,NOLENSVILLE PKE,,,,111.00,Feet,North,OCALA DR,,,,0.00,N,Not at Intersection,N,Non-Junction,None,,,         ,Ryan,Coll,Clear,Front to Rear,no,no,no,no,no,False
102094904,METROPOLITAN NASHVILLE POLICE DEPT,20180661271,Davidson,Nashville,8/1/2018 8:30:00 PM,2,0,0,36.172490,-86.765140,S 5TH ST,,,,143.00,Feet,South,SPRING ST,,,,0.00,N,Not at Intersection,N,Non-Junction,None,,,         ,Riley,Brewer,Clear,Rear to Rear,no,no,no,yes,yes,False
102094908,METROPOLITAN NASHVILLE POLICE DEPT,20180660761,Davidson,Nashville,8/1/2018 6:05:00 PM,2,0,0,36.063420,-86.749130,MARCHANT DR,,,,0.00,,,MANLEY DR,,,,0.00,Y,T-Intersection,Y,Intersection,None,,,         ,Nicholas,Carroll,Clear,Front to Rear,no,no,no,no,no,False
102094917,METROPOLITAN NASHVILLE POLICE DEPT,20180661023,Davidson,Nashville,8/1/2018 7:44:00 PM,2,0,0,36.173640,-86.787000,5TH AVN,,,,266.00,Feet,South,JEFFERSON ST,,,,0.00,N,Not at Intersection,N,Non-Junction,None,,,         ,Jason,King,Clear,"Sideswipe, Same Direction",no,no,no,no,no,False
102094928,BERRY HILL POLICE DEPT,18-2684,Davidson,Berry Hill,8/1/2018 6:20:00 PM,2,1,0,36.125200,-86.776740,FRANKLIN PKE,,,,0.00,,,INVERNESS AV,,,,0.00,Y,T-Intersection,Y,Intersection,None,,,         ,John,Gleixner,Clear,Angle,no,no,no,no,no,False
102094929,METROPOLITAN NASHVILLE POLICE DEPT,20180660860,Davidson,Nashville,8/1/2018 6:30:00 PM,2,0,0,36.200920,-86.618050,LEBANON PKE,,,,142.00,Feet,South,TYLER DR,,,,0.00,N,Not at Intersection, ,Non-Junction,None,,,         ,Abbey,Sawl,Clear,Front to Rear,no,no,no,no,no,False
102094938,METROPOLITAN NASHVILLE POLICE DEPT,20180661020,Davidson,Nashville,8/1/2018 6:25:00 PM,2,0,0,36.055010,-86.642410,ZELIDA AV,,,,0.00,,,BELL RD,,,,0.00,Y,Four-Way, ,Non-Junction,None,,,         ,Arend,Groeneweg,Clear,Angle,no,no,no,no,no,False