master_record_number,agency,agency_tracking_number,county,city,collision_date,vehicles_involved,number_injured,number_dead,latitude,longitude,roadway_name,roadway_suffix,roadway_number,roadway_local_id,distance_from_reference,miles-feet_indicator,direction_from_reference,intersection_road_name,intersection_road_name_suffix,intersection_road_number,intersection_local_id,mile_marker,intersection_indicator,intersect_type,interchange_related_indicator,relation_to_junction,work_zone_type,construction_maintenance_zone,construction_maintenance_zone_location,fatal_case_number,officer_first_name,officer_last_name,weather_condition(s),manner_of_crash,pedestrian,bicycle,scooter,parking,hitrun,mou
102097811,METROPOLITAN NASHVILLE POLICE DEPT,20180667533,Davidson,Nashville,8/3/2018 10:27:00 PM,1,0,0,36.054370,-86.709640,BREWER DR,,,,482.00,Feet,North,WESSEX CT,,,,0.00,N,Not at Intersection,N,Non-Junction,None,,,         ,Kevin,Breeding,Clear,Not Collision with Motor Vehicle in Transport,no,no,no,no,no,False
102097857,METROPOLITAN NASHVILLE POLICE DEPT,20180667698,Davidson,Nashville,8/3/2018 11:50:00 PM,2,0,0,36.143150,-86.704790,I 40,,,,0.00,,,,,,,214.50,N,Not at Intersection,N,Non-Junction,None,,,         ,Bradley,Pope,Clear,"Sideswipe, Same Direction",no,no,no,no,yes,False
102097897,METROPOLITAN NASHVILLE POLICE DEPT,20180667689,Davidson,Nashville,8/3/2018 11:47:00 PM,1,1,0,36.121560,-86.773560,I 65,,,,0.00,,,I440 ENT RAMP,,,,0.00,Y,OTHER,N,Non-Junction,None,,,         ,Eric,Burford,Clear,Not Collision with Motor Vehicle in Transport,no,no,no,no,no,False
102097901,METROPOLITAN NASHVILLE POLICE DEPT,20180667691,Davidson,Nashville,8/3/2018 12:00:00 AM,1,0,0,36.153100,-86.731030,LEBANON PKE,,,,2574.00,Feet,East,OMOHUNDRO PL,,,,0.00,N,Not at Intersection,N,Non-Junction,None,,,         ,Joshua,McGarvey,Cloudy,Not Collision with Motor Vehicle in Transport,no,no,no,no,yes,False
102097902,METROPOLITAN NASHVILLE POLICE DEPT,20180667681,Davidson,Nashville,8/3/2018 9:45:00 PM,2,0,0,36.160520,-86.778470,OPRY PL,,,,17.00,Feet,North,BROADWAY,,,,0.00,N,Not at Intersection,N,Non-Junction,None,,,         ,Jeremy,Arrington,Clear,Front to Rear,no,no,no,no,yes,False
102097904,METROPOLITAN NASHVILLE POLICE DEPT,20180667798,Davidson,Nashville,8/4/2018 12:54:00 AM,2,0,0,36.151010,-86.796490,19TH AVS,,,,0.00,,,BROADWAY,,,,0.00,Y,Four-Way, ,,None,,,         ,Jonathan,Hadley,,,no,no,no,no,no,False
102097923,METROPOLITAN NASHVILLE POLICE DEPT,20180667745,Davidson,Nashville,8/3/2018 7:00:00 PM,1,0,0,36.164070,-86.793680,JO JOHNSTON AV,,,,122.00,Feet,West,GEORGE L DAVIS BLVD,,,,0.00,N,Not at Intersection,N,Non-Junction,None,,,         ,Jeremy,Arrington,Clear,Not Collision with Motor Vehicle in Transport,no,no,no,no,no,False
102097924,METROPOLITAN NASHVILLE POLICE DEPT,20180667806,Davidson,Nashville,8/4/2018 1:07:00 AM,1,1,0,36.154650,-86.808920,23RD AVN,,,,0.00,Feet,East,LESLIE AV,,,,0.00,N,Not at Intersection,N,Non-Junction,None,,,         ,Dakota,Vermillion,Clear,Not Collision with Motor Vehicle in Transport,no,no,no,no,no,False
102097928,METROPOLITAN NASHVILLE POLICE DEPT,20180667564,Davidson,Nashville,8/3/2018 10:40:00 PM,1,1,0,36.040260,-86.816400,GRANNY WHITE PKE,,,,0.00,,,OLD HICKORY BLVD,,,,0.00,Y,Four-Way,N,Intersection-Related,None,,,         ,William,Hamblen,Clear,Not Collision with Motor Vehicle in Transport,no,no,no,no,no,False
102097960,METROPOLITAN NASHVILLE POLICE DEPT,20180667779,Davidson,Nashville,8/4/2018 12:40:00 AM,2,1,0,36.121520,-86.727320,I 24,,,,0.00,,,,,,,52.80,N,Not at Intersection,N,Non-Junction,None,,,         ,Antoine,Maghamez,Clear,Front to Rear,no,no,no,no,yes,False
102097968,METROPOLITAN NASHVILLE POLICE DEPT,20180667682,Davidson,Nashville,8/3/2018 11:53:00 PM,2,0,0,36.153800,-86.756970,I 40,,,,0.00,,,,,,,211.15,N,Not at Intersection, ,Non-Junction,Construction Zone,,,         ,Daniel,Russett,Clear,Front to Rear,no,no,no,no,no,False
102097972,METROPOLITAN NASHVILLE POLICE DEPT,20180668004,Davidson,Nashville,8/4/2018 1:50:00 AM,2,0,0,36.055010,-86.642410,ZELIDA AV,,,,0.00,,,BELL RD,,,,0.00,Y,Four-Way,N,Intersection-Related,None,,,         ,Bradley,Pope,Clear,Front to Rear,no,no,no,no,yes,False
102097981,METROPOLITAN NASHVILLE POLICE DEPT,20180667701,Davidson,Nashville,8/3/2018 11:40:00 PM,2,0,0,36.153130,-86.761530,GREEN ST,,,,91.00,Feet,East,CHARLES E DAVIS BLVD,,,,0.00,N,Not at Intersection,N,Non-Junction,None,,,         ,Tyler,Manivong,Clear,"Sideswipe, Same Direction",no,no,no,no,yes,False
102097982,METROPOLITAN NASHVILLE POLICE DEPT,20180668081,Davidson,Nashville,8/4/2018 4:00:00 AM,1,0,0,36.164170,-86.775600,1ST AVN,,,,319.00,Feet,South,GAY ST,,,,0.00,N,Not at Intersection,N,Non-Junction,None,,,         ,Damon,Hutcheson,Clear,Not Collision with Motor Vehicle in Transport,no,no,no,no,no,False
102097986,METROPOLITAN NASHVILLE POLICE DEPT,20180667984,Davidson,Nashville,8/4/2018 3:05:00 AM,1,0,0,36.237570,-86.757840,I 65,,,,0.00,,,,,,,90.00,N,Not at Intersection,N,Non-Junction,None,,,         ,Lindsey,Anderson,Clear,Not Collision with Motor Vehicle in Transport,no,no,no,no,no,False
102097995,METROPOLITAN NASHVILLE POLICE DEPT,20180668018,Davidson,Nashville,8/4/2018 3:30:00 AM,2,0,0,36.157420,-86.792630,CHURCH ST,,,,0.00,,,15TH AVN,,,,0.00,Y,Four-Way,Y,Intersection-Related,None,,,         ,Jonathan,Hadley,Clear,Front to Rear,no,no,no,no,yes,False
102098012,METROPOLITAN NASHVILLE POLICE DEPT,20180667676,Davidson,Nashville,8/3/2018 11:34:00 PM,2,0,0,36.086460,-86.698690,I24 W EXT RAMP,,,,0.00,,,I 24,,,,0.00,Y,OTHER,N,Entrance/Exit Ramp Related,None,,,         ,Robert,Erickson,Clear,Front to Rear,no,no,no,no,yes,False
102098017,METROPOLITAN NASHVILLE POLICE DEPT,20180668214,Davidson,Nashville,8/4/2018 5:45:00 AM,1,0,0,36.136880,-86.629480,BELL RD,,,,255.00,Feet,North,REELFOOT CIR,,,,0.00,N,Not at Intersection,N,Non-Junction,None,,,         ,Bridget,Griepentrog,Clear,Not Collision with Motor Vehicle in Transport,no,no,no,no,no,False
102098022,METROPOLITAN NASHVILLE POLICE DEPT,20180668087,Davidson,Nashville,8/4/2018 4:24:00 AM,1,0,0,36.120150,-86.766030,I 440,,,,0.00,,,,,,,5.40,N,Not at Intersection,N,Non-Junction,None,,,         ,Randall,Atkinson,Clear,Not Collision with Motor Vehicle in Transport,no,no,no,no,no,False
102098023,METROPOLITAN NASHVILLE POLICE DEPT,20180668217,Davidson,Nashville,8/4/2018 5:47:00 AM,2,0,0,36.154630,-86.759340,I 40,,,,0.00,,,,,,,211.00,N,Not at Intersection, ,Non-Junction,Construction Zone,,,         ,Tyler,Manivong,Clear,"Sideswipe, Same Direction",no,no,no,no,no,False
102098091,METROPOLITAN NASHVILLE POLICE DEPT,20180668442,Davidson,Nashville,8/4/2018 8:34:00 AM,2,0,0,36.182680,-86.748650,STRATTON AV,,,,56.00,Feet,East,GALLATIN AV,,,,0.00,N,Not at Intersection, ,Non-Junction,None,,,         ,Nathan,Mayo,Clear,Angle,no,no,no,no,no,False
102098095,METROPOLITAN NASHVILLE POLICE DEPT,20180668389,Davidson,Not in City Limit,8/4/2018 7:58:00 AM,2,1,0,36.076270,-86.945520,SAWYER BROWN RD,,,,240.00,Feet,South,HIGHWAY 70S,,,,0.00,N,Not at Intersection,N,Non-Junction,None,,,         ,Walter,Gray II,Clear,"Sideswipe, Same Direction",no,no,no,no,no,False
102098104,METROPOLITAN NASHVILLE POLICE DEPT,2018-0668369,Davidson,Nashville,8/4/2018 7:32:00 AM,2,0,0,36.079340,-86.727100,HARDING PL,,,,251.00,Feet,West,NOLENSVILLE PKE,,,,0.00,N,Not at Intersection, ,Non-Junction,None,,,         ,Sean,Williams,Clear,Front to Rear,no,no,no,no,yes,False
102098110,METROPOLITAN NASHVILLE POLICE DEPT,20180668558,Davidson,Nashville,8/4/2018 9:50:00 AM,2,0,0,36.082100,-86.761700,I65 N EXT RAMP,,,,0.00,,,HARDING PL,,,,0.00,Y,Four-Way, ,Entrance/Exit Ramp Related,None,,,         ,Nathan,Kemp,Clear,Front to Rear,no,no,no,no,no,False
102098111,METROPOLITAN NASHVILLE POLICE DEPT,20180668472,Davidson,Not in City Limit,8/4/2018 8:54:00 AM,2,0,0,36.259400,-86.684900,WARRIOR RD,,,,0.00,,,LARKIN SPRINGS RD,,,,0.00,Y,OTHER,N,Non-Junction,None,,,         ,Eric,Richardson,Clear,Angle,no,no,no,no,yes,False
102098155,METROPOLITAN NASHVILLE POLICE DEPT,2018-0668619,Davidson,Nashville,8/4/2018 10:35:00 AM,2,0,0,36.194060,-86.618000,OLD HICKORY BLVD,,,,102.00,Feet,South,HERMITAGE MARKETPLACE PVTDR,,,,0.00,N,Not at Intersection, ,Non-Junction,None,,,         ,Calvin,Graham,Cloudy,Not Collision with Motor Vehicle in Transport,no,no,no,no,yes,False
102098158,METROPOLITAN NASHVILLE POLICE DEPT,20180668530,Davidson,Nashville,8/4/2018 9:25:00 AM,2,1,0,36.074300,-86.724700,NOLENSVILLE PKE,,,,94.00,Feet,North,GOINS RD,,,,0.00,N,Not at Intersection, ,Non-Junction,None,,,         ,Michael,Dudley,Clear,Front to Rear,no,no,no,no,no,False
102098168,Nashville Airport Police,2018-03025,Davidson,Nashville,8/3/2018 8:25:00 AM,2,3,0,36.133410,-86.665080,BNA DR,,,,0.00,,,TERMINAL DR,,,,0.00,Y,OTHER,N,Intersection,Construction Zone,Work On Shoulder Or Median,Activity Area,         ,Brian,Wolters,Clear,Front to Rear,no,no,no,no,no,False
102098197,METROPOLITAN NASHVILLE POLICE DEPT,20180668579,Davidson,Nashville,8/4/2018 10:04:00 AM,2,0,0,36.149410,-86.747080,I 40,,,,0.00,,,,,,,211.80,N,Not at Intersection, ,Non-Junction,None,,,         ,Zachary,Scott,Clear,Angle,no,no,no,no,no,False
102098204,METROPOLITAN NASHVILLE POLICE DEPT,20180668772,Davidson,Nashville,8/4/2018 12:24:00 PM,2,0,0,36.131050,-86.773690,I 65,,,,0.00,,,,,,,81.15,N,Not at Intersection,N,Non-Junction,None,,,         ,Nathan,Kemp,Clear,Front to Rear,no,no,no,no,no,False
102098212,METROPOLITAN NASHVILLE POLICE DEPT,20180668709,Davidson,Nashville,8/4/2018 12:00:00 AM,2,0,0,36.057000,-86.639520,CAMBRIDGE APTS PVTDR,,,,0.00,Feet,East,BELL RD,,,,0.00,N,Not at Intersection,N,Non-Junction,None,,,         ,Terence,Mitchell,Unknown,"Sideswipe, Same Direction",no,no,no,yes,yes,False
102098263,METROPOLITAN NASHVILLE POLICE DEPT,20180668720,Davidson,Nashville,8/4/2018 11:42:00 AM,2,1,0,36.145650,-86.741150,I 40,,,,0.00,,,,,,,212.20,N,Not at Intersection,N,Non-Junction,None,,,         ,Scott,Toney,Clear,Front to Rear,no,no,no,no,no,False
102098264,METROPOLITAN NASHVILLE POLICE DEPT,20180668774,Davidson,Nashville,8/4/2018 12:24:00 PM,2,0,0,36.180550,-86.800210,I 65,,,,0.00,,,,,,,85.00,N,Not at Intersection, ,Non-Junction,None,,,         ,Zachary,Goodall,Clear,Angle,no,no,no,no,no,False
102098271,METROPOLITAN NASHVILLE POLICE DEPT,20180668607,Davidson,Nashville,8/4/2018 10:12:00 AM,2,0,0,36.235040,-86.758330,DICKERSON PKE,,,,21.00,Feet,South,HOMESTEAD RD,,,,0.00,N,Not at Intersection,N,"Driveway, Alley Access, etc",None,,,         ,Cary,Briley,Clear,Other,no,no,no,yes,no,False
102098274,METROPOLITAN NASHVILLE POLICE DEPT,20180668766,Davidson,Nashville,8/4/2018 11:50:00 AM,2,0,0,36.151460,-86.796830,19TH AVS,,,,194.00,Feet,North,BROADWAY,,,,0.00,N,Not at Intersection, ,Non-Junction,None,,,         ,William,Caillouette,Clear,Rear to Side,no,no,no,no,no,False
102098278,METROPOLITAN NASHVILLE POLICE DEPT,20180668759,Davidson,Nashville,8/4/2018 12:17:00 PM,2,0,0,36.172480,-86.595110,CENTRAL PKE,,,,0.00,,,TULIP GROVE RD,,,,0.00,Y,Four-Way, ,Intersection,None,,,         ,Cassandra,Del Bosco,Clear,Angle,no,no,no,no,no,False
102098281,METROPOLITAN NASHVILLE POLICE DEPT,20180668684,Davidson,Nashville,8/4/2018 11:18:00 AM,1,0,0,36.137940,-86.729610,MURFREESBORO PKE,,,,75.00,Feet,East,CRUTCHFIELD AV,,,,0.00,N,Not at Intersection,N,Non-Junction,None,,,         ,Charles,Wakefield,Clear,Not Collision with Motor Vehicle in Transport,no,no,no,no,no,False
102098298,METROPOLITAN NASHVILLE POLICE DEPT,2018-0668789,Davidson,Nashville,8/4/2018 12:35:00 PM,2,0,0,36.113950,-86.812540,VALLEY BROOK RD,,,,75.00,Feet,West,WOODMONT BLVD,,,,0.00,N,Not at Intersection, ,Non-Junction,None,,,         ,Paul,Junkmann,Cloudy,Front to Rear,no,no,no,no,no,False
102098315,METROPOLITAN NASHVILLE POLICE DEPT,20180668725,Davidson,Nashville,8/4/2018 11:42:00 AM,2,0,0,36.131070,-86.695280,BRILEY PKWYS,,,,100.00,Feet,South,AIRWAYS BLVD,,,,0.00,N,Not at Intersection, ,Non-Junction,None,,,         ,Terry,Denton,Clear,Front to Rear,no,no,no,no,no,False
102098317,METROPOLITAN NASHVILLE POLICE DEPT,20180668851,Davidson,Nashville,8/4/2018 1:25:00 PM,2,0,0,36.040020,-86.743670,OLD HICKORY BLVD,,,,57.00,Feet,West,EDMONDSON PKE,,,,0.00,N,Not at Intersection, ,Non-Junction,None,,,         ,Randy,Puckett,Clear,Front to Rear,no,no,no,no,yes,False
102098318,METROPOLITAN NASHVILLE POLICE DEPT,2018-0668641,Davidson,Nashville,8/4/2018 11:00:00 AM,2,0,0,36.131680,-86.768430,BENTON AV,,,,0.00,Feet,,BRANSFORD AV,,,,0.00,Y,Four-Way, ,Intersection-Related,None,,,         ,Carlos,angulo,Clear,Angle,no,no,no,no,no,False
102098319,METROPOLITAN NASHVILLE POLICE DEPT,20180668803,Davidson,Nashville,8/4/2018 12:46:00 PM,3,0,0,36.191600,-86.786660,I 65,,,,0.00,,,,,,,86.00,N,Not at Intersection, ,Non-Junction,None,,,         ,Ruben,Mariano,Clear,Front to Rear,no,no,no,no,no,False
102098320,METROPOLITAN NASHVILLE POLICE DEPT,20180668876,Davidson,Nashville,8/4/2018 1:49:00 PM,2,1,0,36.121810,-86.704830,MURFREESBORO PKE,,,,2.00,Feet,South,KERMIT DR,,,,0.00,N,Not at Intersection,N,Non-Junction,None,,,         ,MIchael,Mihajlov,Clear,"Sideswipe, Same Direction",no,no,no,no,yes,False
102098323,METROPOLITAN NASHVILLE POLICE DEPT,20180668786,Davidson,Nashville,8/4/2018 12:40:00 PM,2,0,0,36.160400,-86.664390,DONELSON PKE,,,,0.00,,,WOODBERRY DR,,,,0.00,Y,T-Intersection, ,Non-Junction,None,,,         ,John,Frazier,Clear,"Sideswipe, Same Direction",no,no,no,no,no,False
102098329,METROPOLITAN NASHVILLE POLICE DEPT,20180668858,Davidson,Nashville,8/4/2018 1:28:00 PM,2,0,0,36.151590,-86.851160,53RD AVN,,,,100.00,Feet,South,CHARLOTTE AV,,,,0.00,N,Not at Intersection, ,Non-Junction,None,,,         ,Walter,Gray II,Clear,Angle,no,no,no,no,no,False
102098350,METROPOLITAN NASHVILLE POLICE DEPT,2018-0668703,Davidson,Nashville,8/4/2018 11:32:00 AM,2,0,0,36.063920,-86.717110,NOLENSVILLE PKE,,,,376.00,Feet,North,FAIRLANE DR,,,,0.00,N,Not at Intersection, ,Non-Junction,None,,,         ,Sean,Williams,Clear,Other,no,no,no,no,no,False
102098356,METROPOLITAN NASHVILLE POLICE DEPT,20180668891,Davidson,Nashville,8/4/2018 1:40:00 PM,2,0,0,36.078390,-86.643140,MURFREESBORO PKE,,,,44.00,Feet,West,MARTWAY DR,,,,0.00,N,Not at Intersection, ,Non-Junction,None,,,         ,Cassandra,Del Bosco,Clear,Front to Rear,no,no,no,no,no,False
102098359,METROPOLITAN NASHVILLE POLICE DEPT,20180668802,Davidson,Nashville,8/4/2018 12:17:00 PM,2,0,0,36.163100,-86.819640,I40 E ENT RAMP,,,,0.00,,,I 40,,,,0.00,Y,T-Intersection, ,Intersection,None,,,         ,Royce,McLester,Cloudy,Angle,no,no,no,no,no,False
102098381,METROPOLITAN NASHVILLE POLICE DEPT,20180668930,Davidson,Goodlettsville,8/4/2018 2:49:00 PM,2,0,0,36.293350,-86.702210,GALLATIN PKEN,,,,88.00,Feet,North,ALTA LOMA RD,,,,0.00,N,Not at Intersection,N,Non-Junction,None,,,         ,Peter,Vaught,Clear,Front to Rear,no,no,no,no,no,False
102098407,METROPOLITAN NASHVILLE POLICE DEPT,20180668936,Davidson,Nashville,8/4/2018 12:00:00 AM,2,0,0,36.192830,-86.745820,DOUGLAS AV,,,,44.00,Feet,West,TREVECCA AV,,,,0.00,N,Not at Intersection,N,Non-Junction,None,,,         ,Gordon,Stovall,Clear,Front to Rear,no,no,no,no,yes,False
102098408,METROPOLITAN NASHVILLE POLICE DEPT,20180668991,Davidson,Nashville,8/4/2018 2:13:00 PM,1,0,0,36.108460,-86.741020,SIMMONS AV,,,,53.00,Feet,South,TANKSLEY AV,,,,0.00,N,Not at Intersection,N,Non-Junction,None,,,         ,YUNUS,ADAK,Clear,Not Collision with Motor Vehicle in Transport,no,no,no,no,yes,False
102098409,METROPOLITAN NASHVILLE POLICE DEPT,20180668966,Davidson,Nashville,8/4/2018 12:00:00 AM,2,0,0,36.154120,-86.777880,LAFAYETTE ST,,,,0.00,,,7TH AVS,,,,0.00,Y,Four-Way, ,,None,,,         ,Trevor,Taylor,,,no,no,no,no,no,False
102098439,METROPOLITAN NASHVILLE POLICE DEPT,20180668863,Davidson,Nashville,8/4/2018 1:38:00 PM,2,1,0,36.140620,-86.731970,I 40,,,,0.00,,,,,,,213.00,N,Not at Intersection,N,Entrance/Exit Ramp Related,None,,,         ,Terry,Denton,Clear,Angle,no,no,no,no,no,False
102098442,METROPOLITAN NASHVILLE POLICE DEPT,20180668925,Davidson,Not in City Limit,8/4/2018 2:13:00 PM,2,0,0,36.263670,-86.711710,GALLATIN PKEN,,,,53.00,Feet,South,OLD TIME VILLAGE PVTDR,,,,0.00,N,Not at Intersection, ,Non-Junction,None,,,         ,Bradley,Fort,Clear,Angle,no,no,no,no,no,False
102098445,METROPOLITAN NASHVILLE POLICE DEPT,20180668995,Davidson,Nashville,8/4/2018 1:20:00 PM,2,0,0,36.059430,-86.640780,CAMBRIDGE APTS PVTDR,,,,97.00,Feet,East,BELL RD,,,,0.00,N,Not at Intersection, ,Non-Junction,None,,,         ,Eric,Wegener,Clear,"Sideswipe, Opposite Direction",no,no,no,yes,yes,False
102098461,METROPOLITAN NASHVILLE POLICE DEPT,20180669039,Davidson,Nashville,8/4/2018 3:30:00 PM,2,0,0,36.157980,-86.772640,2ND AVS,,,,0.00,,,KOREAN VETERANS BLVD,,,,0.00,Y,Four-Way, ,Non-Junction,None,,,         ,Steven,Fisher,Clear,"Sideswipe, Same Direction",no,no,no,no,no,False
102098473,METROPOLITAN NASHVILLE POLICE DEPT,20180668947,Davidson,Nashville,8/4/2018 1:57:00 PM,3,1,0,36.187480,-86.794660,I 65,,,,0.00,,,,,,,85.40,N,Not at Intersection, ,Non-Junction,None,,,         ,Andrey,Volfson,Clear,Front to Rear,no,no,no,no,no,False
102098484,METROPOLITAN NASHVILLE POLICE DEPT,20180669052,Davidson,Antioch,8/4/2018 3:10:00 PM,2,0,0,36.059140,-86.596670,HOBSON PKE,,,,382.00,Feet,East,HAMILTON CHURCH RD,,,,0.00,N,Not at Intersection, ,Non-Junction,None,,,         ,Andrew,Brazee,Clear,Rear to Side,no,no,no,yes,no,False
102098495,METROPOLITAN NASHVILLE POLICE DEPT,20180669070,Davidson,Nashville,8/4/2018 3:08:00 PM,1,0,0,36.153370,-86.751090,HERMITAGE AV,,,,0.00,,,KEITH ST,,,,0.00,Y,T-Intersection, ,Non-Junction,None,,,         ,Tony,Mingsing,Clear,Not Collision with Motor Vehicle in Transport,no,no,no,no,no,False
102098497,GOODLETTSVILLE POLICE DEPT,18-27239,Davidson,Goodlettsville,8/4/2018 9:23:00 AM,2,0,0,36.307440,-86.703550,RIVERGATE PKWY,,,,192.00,Feet,South,WADE CIR,,,,0.00,N,Not at Intersection,N,Non-Junction,None,,,         ,Charles,Hauskin,Clear,Rear to Rear,no,no,no,yes,yes,False
102098505,METROPOLITAN NASHVILLE POLICE DEPT,20180669188,Davidson,Nashville,8/4/2018 5:06:00 PM,2,0,0,36.249190,-86.734460,DUE WEST AVW,,,,0.00,Feet,East,S GRAYCROFT AV,,,,0.00,N,Not at Intersection,N,Non-Junction,None,,,         ,Peter,Vaught,Clear,"Sideswipe, Same Direction",no,no,no,no,yes,False
102098506,METROPOLITAN NASHVILLE POLICE DEPT,20180668926,Davidson,Nashville,8/4/2018 2:35:00 PM,2,0,0,36.113410,-86.922890,OLD HICKORY BLVD,,,,349.00,Feet,North,I40 W EXT RAMP,,,,0.00,N,Not at Intersection,N,"Driveway, Alley Access, etc",None,,,         ,Adam,Reese,Cloudy,Angle,no,no,no,no,no,False
102098513,METROPOLITAN NASHVILLE POLICE DEPT,20180669111,Davidson,Nashville,8/4/2018 4:27:00 PM,3,0,0,36.044890,-86.669630,BEECHWOOD TER,,,,40.00,Feet,North,BELL RD,,,,0.00,N,Not at Intersection,N,Non-Junction,None,,,         ,Taylor,Hurley,Clear,Angle,no,no,no,no,no,False
102098530,METROPOLITAN NASHVILLE POLICE DEPT,20180669252,Davidson,Nashville,8/4/2018 5:33:00 PM,2,0,0,36.040710,-86.779730,OLD HICKORY BLVD,,,,124.00,Feet,West,FRANKLIN PIKE CIR,,,,0.00,N,Not at Intersection, ,Non-Junction,None,,,         ,Nicholas,Carroll,Clear,Front to Rear,no,no,no,no,no,False
102098570,METROPOLITAN NASHVILLE POLICE DEPT,20180669150,Davidson,Nashville,8/4/2018 4:45:00 PM,2,0,0,36.145440,-86.740800,I 40,,,,0.00,,,,,,,212.25,N,Not at Intersection, ,Non-Junction,None,,,         ,Jessica,Johann,Clear,"Sideswipe, Same Direction",no,no,no,no,no,False
102098573,METROPOLITAN NASHVILLE POLICE DEPT,20180669289,Davidson,Nashville,8/4/2018 5:46:00 PM,2,0,0,36.134280,-86.779220,WEDGEWOOD AV,,,,0.00,,,8TH AVS,,,,0.00,Y,Four-Way, ,Intersection-Related,None,,,         ,Douglas,Sykes,Clear,Rear to Rear,no,no,no,no,no,False
102098579,METROPOLITAN NASHVILLE POLICE DEPT,20180669322,Davidson,Nashville,8/4/2018 6:13:00 PM,2,0,0,36.143310,-86.703740,I 40,,,,0.00,,,,,,,214.50,N,Not at Intersection,N,Non-Junction,None,,,         ,Brady,Reynolds,Clear,Front to Rear,no,no,no,no,no,False
102098580,METROPOLITAN NASHVILLE POLICE DEPT,20180669271,Davidson,Nashville,8/4/2018 5:25:00 PM,2,0,0,36.197070,-86.621000,LEBANON PKE,,,,33.00,Feet,South,LEBANON PKE EB EXT RAMP,,,,0.00,N,Not at Intersection, ,Non-Junction,None,,,         ,Abbey,Sawl,Clear,Angle,no,no,no,no,no,False
102098581,METROPOLITAN NASHVILLE POLICE DEPT,20180669311,Davidson,Nashville,8/4/2018 6:12:00 PM,2,0,0,36.143380,-86.703290,I 40,,,,0.00,,,,,,,214.55,N,Not at Intersection,N,Non-Junction,None,,,         ,Seth,Vaughn,Clear,Front to Rear,no,no,no,no,no,False
102098606,METROPOLITAN NASHVILLE POLICE DEPT,20180669281,Davidson,Nashville,8/4/2018 5:50:00 PM,2,0,0,36.130450,-86.899550,I40 W ENT RAMP,,,,0.00,Feet,East,I 40,,,,0.00,N,Not at Intersection,N,Non-Junction,None,,,         ,Broderick,Jones,Clear,Angle,no,no,no,no,no,False
102098624,METROPOLITAN NASHVILLE POLICE DEPT,20180668899,Davidson,Nashville,8/4/2018 2:09:00 PM,2,2,0,36.172180,-86.795770,JEFFERSON ST,,,,62.00,Feet,East,WARREN ST,,,,0.00,N,Not at Intersection,N,Non-Junction,None,,,         ,Russell,Jones,Clear,Angle,no,no,no,yes,no,False
102098626,BRENTWOOD POLICE DEPT,BPD-18-02316,Davidson,Nashville,8/4/2018 6:33:00 PM,2,0,0,36.033360,-86.788720,CHURCH STE,,,,0.00,,,FRANKLIN RD,,,,0.00,Y,Four-Way,N,Intersection,None,,,         ,Maria,Herring,Clear,Angle,no,no,no,no,no,False
102098630,METROPOLITAN NASHVILLE POLICE DEPT,20180669254,Davidson,Nashville,8/4/2018 12:00:00 AM,2,2,0,36.168740,-86.783760,JAMES ROBERTSON PKWY,,,,0.00,,,5TH AVN,,,,0.00,Y,Four-Way,N,Intersection,None,,,         ,Trevor,Taylor,Clear,Front to Rear,no,no,no,no,no,False
102098637,METROPOLITAN NASHVILLE POLICE DEPT,20180699300,Davidson,Nashville,8/4/2018 6:00:00 PM,1,0,0,36.155410,-86.861970,ROBERTSON AV,,,,118.00,Feet,East,NICHOL RD,,,,0.00,N,Not at Intersection,N,Non-Junction,None,,,         ,Robert,Crow,Clear,Not Collision with Motor Vehicle in Transport,no,no,no,no,yes,False
102098664,METROPOLITAN NASHVILLE POLICE DEPT,20180669309,Davidson,Nashville,8/4/2018 5:25:00 PM,1,0,0,36.047850,-86.663060,I 24,,,,0.00,,,,,,,59.10,N,Not at Intersection, ,Non-Junction,None,,,         ,Devonte,Coleman,Clear,Not Collision with Motor Vehicle in Transport,no,no,no,no,no,False
102098668,METROPOLITAN NASHVILLE POLICE DEPT,20180669507,Davidson,Nashville,8/4/2018 8:11:00 PM,1,1,0,36.209330,-86.856380,DRAKES BRANCH RD,,,,278.00,Feet,West,SETTERS RD,,,,0.00,N,Not at Intersection,N,OtherLocation,None,,,         ,Jason,Hogan,Clear,Not Collision with Motor Vehicle in Transport,no,no,no,yes,no,False
102098695,METROPOLITAN NASHVILLE POLICE DEPT,20180669384,Davidson,Nashville,8/4/2018 12:00:00 AM,1,0,0,36.092080,-86.652940,BRITISH WOODS DR,,,,0.00,Feet,East,MURFREESBORO PKE,,,,0.00,N,Not at Intersection,N,Non-Junction,None,,,         ,Madison,Meiss,Clear,Not Collision with Motor Vehicle in Transport,no,no,no,yes,yes,False
102098706,METROPOLITAN NASHVILLE POLICE DEPT,20180669591,Davidson,Nashville,8/4/2018 8:44:00 PM,1,1,0,36.131760,-86.778970,8TH AVS,,,,0.00,,,SOUTH DOUGLAS AV,,,,0.00,Y,T-Intersection,N,Non-Junction,None,,,         ,Jed,Baldoni,Clear,Not Collision with Motor Vehicle in Transport,yes,no,no,no,no,False