master_record_number,agency,agency_tracking_number,county,city,collision_date,vehicles_involved,number_injured,number_dead,latitude,longitude,roadway_name,roadway_suffix,roadway_number,roadway_local_id,distance_from_reference,miles-feet_indicator,direction_from_reference,intersection_road_name,intersection_road_name_suffix,intersection_road_number,intersection_local_id,mile_marker,intersection_indicator,intersect_type,interchange_related_indicator,relation_to_junction,work_zone_type,construction_maintenance_zone,construction_maintenance_zone_location,fatal_case_number,officer_first_name,officer_last_name,weather_condition(s),manner_of_crash,pedestrian,bicycle,scooter,parking,hitrun,mou
102098714,METROPOLITAN NASHVILLE POLICE DEPT,20180669623,Davidson,Nashville,8/4/2018 12:00:00 AM,2,0,0,36.159840,-86.779910,6TH AVS,,,,0.00,,,BROADWAY,,,,0.00,Y,T-Intersection, ,Intersection,None,,,         ,Trevor,Taylor,Clear,"Sideswipe, Opposite Direction",no,no,no,no,no,False
102098717,METROPOLITAN NASHVILLE POLICE DEPT,20180669647,Davidson,Nashville,8/4/2018 6:26:00 PM,2,0,0,36.203780,-86.785610,EDGEWOOD AV,,,,227.00,Feet,East,HAYNES ST,,,,0.00,N,Not at Intersection,N,Non-Junction,None,,,         ,Jason,Hogan,Clear,Angle,no,no,no,no,yes,False
102098721,METROPOLITAN NASHVILLE POLICE DEPT,20180669492,Davidson,Nashville,8/4/2018 6:39:00 PM,2,0,0,36.129800,-86.725380,PLUS PARK BLVD,,,,410.00,Feet,East,I24 W EXT RAMP,,,,0.00,N,Not at Intersection,N,Non-Junction,None,,,         ,Jesse,Cox,Clear,Unknown,no,no,no,yes,yes,False
102098738,METROPOLITAN NASHVILLE POLICE DEPT,20180669586,Davidson,Nashville,8/4/2018 8:28:00 PM,2,0,0,36.155820,-86.795920,17TH AVN,,,,0.00,,,CHURCH ST,,,,0.00,Y,Four-Way, ,Intersection,None,,,         ,Gary,Peters,Clear,Angle,no,no,no,no,no,False
102098739,METROPOLITAN NASHVILLE POLICE DEPT,20180669711,Davidson,Nashville,8/4/2018 8:55:00 PM,2,0,0,36.152530,-86.832510,39TH AVN,,,,0.00,,,CHARLOTTE AV,,,,0.00,Y,T-Intersection, ,Intersection-Related,None,,,         ,Robert,Crow,Clear,Angle,no,no,no,no,no,False
102098748,GOODLETTSVILLE POLICE DEPT,18-27306,Davidson,Goodlettsville,8/4/2018 9:26:00 PM,2,0,0,36.305927,-86.693886,CONFERENCE,DR,,,0.00,Feet,,RIVERGATE MALL ACCESS,RD,,,0.00,Y,T-Intersection, ,Intersection,None,,,         ,Marcus,Zugelder,Clear,Angle,no,no,no,no,no,False
102098760,METROPOLITAN NASHVILLE POLICE DEPT,20180669676,Davidson,Nashville,8/4/2018 9:35:00 PM,2,1,0,36.151070,-86.784340,DIVISION ST,,,,0.00,,,12TH AVS,,,,0.00,Y,Four-Way,N,Intersection-Related,None,,,         ,Steven,Fisher,Clear,Angle,no,no,no,no,no,False
102098764,METROPOLITAN NASHVILLE POLICE DEPT,20180669570,Davidson,Nashville,8/4/2018 12:00:00 AM,3,3,0,36.040900,-86.779380,STONE BROOK DR,,,,0.00,,,OLD HICKORY BLVD,,,,0.00,Y,Four-Way,N,Intersection,None,,,         ,David,Robberson,Clear,Angle,no,no,no,no,no,False
102098774,METROPOLITAN NASHVILLE POLICE DEPT,20180669738,Davidson,Nashville,8/4/2018 10:15:00 PM,2,0,0,36.127510,-86.843970,HARDING PKE,,,,33.00,Feet,West,WOODLAWN DR,,,,0.00,N,Not at Intersection, ,,None,,,         ,Kelby,Dumond,,,no,no,no,no,no,False
102098782,METROPOLITAN NASHVILLE POLICE DEPT,20180669728,Davidson,Nashville,8/4/2018 10:12:00 PM,2,0,0,36.155850,-86.777290,6TH AVS,,,,0.00,,,KOREAN VETERANS BLVD,,,,0.00,Y,Four-Way, ,,None,,,         ,Joseph,Bingham,,,no,no,no,no,no,False
102098787,METROPOLITAN NASHVILLE POLICE DEPT,20180669876,Davidson,Nashville,8/4/2018 10:24:00 PM,2,0,0,36.141950,-86.816230,32ND AVS,,,,0.00,,,WEST END AV,,,,0.00,Y,Four-Way, ,Non-Junction,None,,,         ,Dakota,Vermillion,Clear,"Sideswipe, Same Direction",no,no,no,no,no,Campus
102098816,METROPOLITAN NASHVILLE POLICE DEPT,20180669842,Davidson,Nashville,8/4/2018 11:22:00 PM,2,0,0,36.155700,-86.834480,40TH AVN,,,,239.00,Feet,North,DELAWARE AV,,,,0.00,N,Not at Intersection,N,Non-Junction,None,,,         ,Cesar,Rocha,Clear,Front to Rear,no,no,no,no,yes,False
102098828,METROPOLITAN NASHVILLE POLICE DEPT,20180669817,Davidson,Nashville,8/4/2018 11:08:00 PM,1,1,0,36.101760,-86.764860,I 65,,,,0.00,,,,,,,79.20,N,Not at Intersection,Y,Non-Junction,None,,,         ,Alberta,Auguste,Clear,Not Collision with Motor Vehicle in Transport,no,no,no,no,no,False
102098832,METROPOLITAN NASHVILLE POLICE DEPT,20180669754,Davidson,Nashville,8/4/2018 10:26:00 PM,2,4,0,36.219440,-86.762480,DICKERSON PKE,,,,202.00,Feet,South,ALHAMBRA CIR,,,,0.00,N,Not at Intersection,N,Non-Junction,None,,,         ,Lindsey,Anderson,Clear,HeadOn,no,no,no,no,no,False
102098839,METROPOLITAN NASHVILLE POLICE DEPT,20180669848,Davidson,Nashville,8/4/2018 11:16:00 PM,2,1,0,36.173030,-86.764840,MAIN ST,,,,162.00,Feet,East,SPRING ST,,,,0.00,N,Not at Intersection,N,Non-Junction,None,,,         ,Joshua,Whitworth,Clear,Angle,no,no,no,no,no,False
102098840,METROPOLITAN NASHVILLE POLICE DEPT,20180669938,Davidson,Nashville,8/5/2018 12:25:00 AM,2,0,0,36.162560,-86.779790,5TH AVN,,,,251.00,Feet,South,CHURCH ST,,,,0.00,N,Not at Intersection, ,,None,,,         ,Damon,Hutcheson,,,no,no,no,no,no,False
102098898,METROPOLITAN NASHVILLE POLICE DEPT,20180670463,Davidson,Nashville,8/5/2018 12:00:00 AM,1,0,0,36.125560,-86.727510,I24 W EXT RAMP,,,,0.00,Feet,East,I 440,,,,0.00,N,Not at Intersection,N,Entrance/Exit Ramp Related,None,,,         ,Antoine,Maghamez,Clear,Not Collision with Motor Vehicle in Transport,no,no,no,no,yes,False
102098915,METROPOLITAN NASHVILLE POLICE DEPT,20180668874,Davidson,Nashville,8/4/2018 1:26:00 PM,2,0,0,36.062920,-86.682940,I 24,,,,0.00,,,,,,,57.60,N,Not at Intersection, ,Non-Junction,None,,,         ,Terence,Mitchell,Clear,Front to Rear,no,no,no,no,no,False
102099069,METROPOLITAN NASHVILLE POLICE DEPT,20180670805,Davidson,Nashville,8/5/2018 10:16:00 AM,2,0,0,36.153590,-86.756500,I 40,,,,0.00,,,,,,,211.20,N,Not at Intersection,Y,Entrance/Exit Ramp Related,Maintenance Zone,Laneclosure,Advanced Warning Area,         ,Michael,Brooks,Cloudy,"Sideswipe, Same Direction",no,no,no,no,yes,False
102099102,METROPOLITAN NASHVILLE POLICE DEPT,20180660133,Davidson,Nashville,8/1/2018 2:15:00 PM,2,1,0,36.169450,-86.771110,WOODLAND ST,,,,49.00,Feet,West,S 2ND ST,,,,0.00,N,Not at Intersection,N,Non-Junction,None,,,         ,Gregory,Julia,Clear,"Sideswipe, Same Direction",no,no,no,no,no,False
102099103,VANDERBILT UNIVERSITY POLICE,20180670755,Davidson,Nashville,8/4/2018 12:00:00 AM,2,0,0,36.140180,-86.807890,25TH AVS,,,,0.00,,,,,,,0.00,,,N,Non-Junction,None,,,         ,Olivia,Oliver,Unknown,Unknown,no,no,no,yes,yes,Campus
102099126,METROPOLITAN NASHVILLE POLICE DEPT,20180670807,Davidson,Antioch,8/5/2018 10:22:00 AM,2,0,0,36.016340,-86.620000,OLD HICKORY BLVD,,,,187.00,Feet,South,FIRESTONE PKWY,,,,0.00,N,Not at Intersection,Y,Non-Junction,None,,,         ,Terence,Mitchell,Cloudy,Angle,no,no,no,no,no,False
102099135,METROPOLITAN NASHVILLE POLICE DEPT,20180670883,Davidson,Nashville,8/5/2018 11:30:00 AM,2,0,0,36.059840,-86.814960,GRANNY WHITE PKE,,,,67.00,Feet,North,CARL SEYFERT MEMORIAL DR,,,,0.00,N,Not at Intersection, ,Non-Junction,None,,,         ,Randy,Puckett,Clear,Front to Rear,no,no,no,no,no,False
102099159,METROPOLITAN NASHVILLE POLICE DEPT,20180670837,Davidson,Nashville,8/5/2018 10:43:00 AM,2,0,0,36.180240,-86.835280,LEAWOOD DR,,,,403.00,Feet,North,VIKING RD,,,,0.00,N,Not at Intersection, ,Non-Junction,None,,,         ,James,Wray,Clear,Angle,no,no,no,no,no,False
102099230,METROPOLITAN NASHVILLE POLICE DEPT,20180670796,Davidson,Nashville,8/5/2018 8:50:00 AM,2,0,0,36.171840,-86.764770,S 5TH ST,,,,0.00,Feet,West,WOODLAND ST,,,,0.00,N,Not at Intersection, ,Non-Junction,None,,,         ,Faye,Denson,Clear,Angle,no,no,no,yes,no,False
102099243,METROPOLITAN NASHVILLE POLICE DEPT,20180670958,Davidson,Nashville,8/5/2018 12:30:00 PM,1,1,0,36.208370,-86.914420,OLD HYDES FERRY PKE,,,,2273.00,Feet,East,OLD HICKORY BLVD,,,,0.00,N,Not at Intersection,N,Non-Junction,None,,,         ,Brent,Hedgcoth,Clear,Not Collision with Motor Vehicle in Transport,no,no,no,no,no,False
102099246,METROPOLITAN NASHVILLE POLICE DEPT,20180670909,Davidson,Nashville,8/5/2018 11:25:00 AM,2,0,0,36.138700,-86.881020,CHARLOTTE PKE,,,,189.00,Feet,West,HILLWOOD BLVD,,,,0.00,N,Not at Intersection, ,Non-Junction,None,,,         ,Benjamin,Cantrell,Cloudy,Angle,no,no,no,no,yes,False
102099268,METROPOLITAN NASHVILLE POLICE DEPT,20180670986,Davidson,Nashville,8/5/2018 1:08:00 PM,2,0,0,36.192710,-86.744370,DOUGLAS AV,,,,0.00,,,GALLATIN AV,,,,0.00,Y,Four-Way,N,Intersection-Related,None,,,         ,David,Collins,Clear,Angle,no,no,no,no,no,False
102099281,METROPOLITAN NASHVILLE POLICE DEPT,20180670962,Davidson,Nashville,8/5/2018 9:35:00 AM,2,0,0,36.138110,-86.723710,SPENCE LN,,,,395.00,Feet,South,CORNELIA ST,,,,0.00,N,Not at Intersection, ,Non-Junction,None,,,         ,John,Frazier,Clear,Angle,no,no,no,no,yes,False
102099283,METROPOLITAN NASHVILLE POLICE DEPT,20180670965,Davidson,Nashville,8/5/2018 12:45:00 PM,3,0,0,36.053540,-86.714990,NOLENSVILLE PKE,,,,45.00,Feet,South,BREWER DR,,,,0.00,N,Not at Intersection, ,Non-Junction,None,,,         ,Randy,Puckett,Clear,Front to Rear,no,no,no,no,yes,False
102099294,METROPOLITAN NASHVILLE POLICE DEPT,20180670935,Davidson,Nashville,8/5/2018 12:12:00 PM,2,0,0,36.149960,-86.842080,46TH AVN,,,,0.00,,,ELKINS AV,,,,0.00,Y,Four-Way,N,Intersection,None,,,         ,Brian,Myatt,Clear,Angle,no,no,no,no,no,False
102099322,METROPOLITAN NASHVILLE POLICE DEPT,20180670980,Davidson,Nashville,8/5/2018 1:00:00 PM,2,0,0,36.168760,-86.600470,OLD HICKORY BLVD,,,,89.00,Feet,North,MILLS RD,,,,0.00,N,Not at Intersection,N,Non-Junction,None,,,         ,Kelsey,Hemminger,Clear,Angle,no,no,no,no,yes,False
102099325,METROPOLITAN NASHVILLE POLICE DEPT,20180670877,Davidson,Nashville,8/5/2018 11:27:00 AM,2,3,0,36.239000,-86.802630,BROOK MANOR DR,,,,0.00,,,KNIGHT DR,,,,0.00,Y,T-Intersection,N,Intersection-Related,None,,,         ,James,Wray,Cloudy,Angle,no,no,no,no,no,False
102099326,METROPOLITAN NASHVILLE POLICE DEPT,20180669823,Davidson,Nashville,8/4/2018 11:12:00 PM,1,1,0,36.178400,-86.775980,COWAN ST,,,,498.00,Feet,West,SPRING ST,,,,0.00,N,Not at Intersection,N,"Driveway, Alley Access, etc",None,,,         ,Garrett,Reingardt,Clear,Not Collision with Motor Vehicle in Transport,no,yes,no,no,yes,False
102099327,METROPOLITAN NASHVILLE POLICE DEPT,20180671030,Davidson,Nashville,8/5/2018 1:04:00 PM,2,0,0,36.111120,-86.725120,EAST THOMPSON LN,,,,777.00,Feet,East,EAST THOMPSON LN PVTDR,,,,0.00,N,Not at Intersection, ,Non-Junction,None,,,         ,Stephen,Soule,Clear,Angle,no,no,no,no,no,False
102099351,METROPOLITAN NASHVILLE POLICE DEPT,20180671021,Davidson,Nashville,8/5/2018 1:50:00 PM,2,1,0,36.138280,-86.881550,CHARLOTTE PKE,,,,408.00,Feet,West,HILLWOOD BLVD,,,,0.00,N,Not at Intersection,N,Non-Junction,None,,,         ,Douglas,Atwood,Cloudy,Angle,no,no,no,yes,no,False
102099354,METROPOLITAN NASHVILLE POLICE DEPT,20180671032,Davidson,Nashville,8/5/2018 1:52:00 PM,2,0,0,36.069240,-86.690910,I24 E EXT RAMP,,,,0.00,Feet,East,I 24,,,,0.00,N,Not at Intersection, ,,None,,,         ,Amy,Hirschmann,,,no,no,no,no,no,False
102099372,METROPOLITAN NASHVILLE POLICE DEPT,20180671029,Davidson,Antioch,8/5/2018 12:00:00 AM,2,1,0,36.027700,-86.614840,OLD HICKORY BLVD,,,,0.70,Miles,North,OWEN DR,,,,0.00,N,Not at Intersection,N,Non-Junction,None,,,         ,Honorio,Canchola,Rain,Front to Rear,no,no,no,no,no,False
102099373,METROPOLITAN NASHVILLE POLICE DEPT,20180671025,Davidson,Nashville,8/5/2018 1:56:00 PM,2,2,0,36.154450,-86.842330,DELAWARE AV,,,,0.00,,,46TH AVN,,,,0.00,Y,Four-Way,N,Intersection,None,,,         ,Walter,Gray II,Clear,Angle,no,no,no,no,no,False
102099388,GOODLETTSVILLE POLICE DEPT,18-27385,Davidson,Goodlettsville,8/5/2018 2:14:00 PM,2,0,0,36.314370,-86.701030,I 65,,,,0.00,,,,,,,96.30,N,Not at Intersection,N,Non-Junction,None,,,         ,Brian,Hajdu,Cloudy,Front to Rear,no,no,no,no,no,False
102099392,METROPOLITAN NASHVILLE POLICE DEPT,20180671100,Davidson,Nashville,8/5/2018 2:55:00 PM,3,0,0,36.097080,-86.708760,I 24,,,,0.00,,,,,,,54.80,N,Not at Intersection, ,Non-Junction,None,,,         ,YUNUS,ADAK,Rain,Front to Rear,no,no,no,no,no,False
102099400,METROPOLITAN NASHVILLE POLICE DEPT,20180671114,Davidson,Nashville,8/5/2018 1:44:00 PM,2,0,0,36.169790,-86.806760,DR D B TODD JR BLVD,,,,125.00,Feet,North,JEFFERSON ST,,,,0.00,N,Not at Intersection, ,Non-Junction,None,,,         ,Katelin,Ehrhardt,Clear,"Sideswipe, Same Direction",no,no,no,no,yes,False
102099401,METROPOLITAN NASHVILLE POLICE DEPT,20180671118,Davidson,Nashville,8/5/2018 3:06:00 PM,2,0,0,36.111030,-86.746800,THOMPSON LN,,,,0.00,Feet,,GRANDVIEW AV,,,,0.00,Y,T-Intersection, ,Intersection-Related,None,,,         ,FELIKS,ABRAHAMYAN,Clear,Angle,no,no,no,no,no,False
102099403,METROPOLITAN NASHVILLE POLICE DEPT,20180671061,Davidson,Nashville,8/5/2018 1:18:00 PM,2,0,0,36.043510,-86.661640,CANE RIDGE RD,,,,12.00,Feet,North,CANEWOOD DR,,,,0.00,N,Not at Intersection, ,Non-Junction,None,,,         ,Andrew,Brazee,Cloudy,Front to Rear,no,no,no,no,no,False
102099430,METROPOLITAN NASHVILLE POLICE DEPT,20180671142,Davidson,Nashville,8/5/2018 2:27:00 PM,2,0,0,36.057500,-86.672470,BLUE HOLE RD,,,,472.00,Feet,North,MILL CREEK BLUE HOLE GRNWY,,,,0.00,N,Not at Intersection, ,Non-Junction,None,,,         ,Taylor,Hurley,Clear,Front to Rear,no,no,no,no,no,False
102099433,METROPOLITAN NASHVILLE POLICE DEPT,20180671182,Davidson,Nashville,8/5/2018 3:59:00 PM,1,0,0,36.108720,-86.720240,I24 W EXT RAMP,,,,0.00,Feet,East,I 24,,,,0.00,N,Not at Intersection,Y,Non-Junction,None,,,         ,YUNUS,ADAK,Clear,Not Collision with Motor Vehicle in Transport,no,no,no,no,no,False
102099436,METROPOLITAN NASHVILLE POLICE DEPT,20180671185,Davidson,Nashville,8/5/2018 3:40:00 PM,2,0,0,36.089070,-86.649990,RANSOM PL,,,,0.00,Feet,East,MURFREESBORO PKE,,,,0.00,N,Not at Intersection,N,Non-Junction,None,,,         ,Brady,Reynolds,Cloudy,"Sideswipe, Opposite Direction",no,no,no,no,yes,False
102099438,METROPOLITAN NASHVILLE POLICE DEPT,20180671105,Davidson,Nashville,8/5/2018 3:41:00 PM,3,0,0,36.157060,-86.780950,8TH AVS,,,,75.00,Feet,North,DEMONBREUN ST,,,,0.00,N,Not at Intersection, ,Non-Junction,None,,,         ,Seth,Quiles,Cloudy,Front to Rear,no,no,no,no,no,False
102099440,METROPOLITAN NASHVILLE POLICE DEPT,20180671076,Davidson,Not in City Limit,8/5/2018 2:58:00 PM,2,1,0,36.264150,-86.735700,I65 N EXT RAMP,,,,0.00,,,OLD HICKORY BLVDW,,,,0.00,Y,T-Intersection,N,Entrance/Exit Ramp Related,None,,,         ,Peter,Vaught,Clear,Front to Rear,no,no,no,no,yes,False
102099450,METROPOLITAN NASHVILLE POLICE DEPT,20180671250,Davidson,Nashville,8/5/2018 4:13:00 PM,2,0,0,36.106980,-86.719350,I 24,,,,0.00,,,,,,,53.95,N,Not at Intersection,Y,Non-Junction,None,,,         ,YUNUS,ADAK,Clear,Front to Rear,no,no,no,no,yes,False
102099456,METROPOLITAN NASHVILLE POLICE DEPT,20180671085,Davidson,Nashville,8/5/2018 2:22:00 PM,2,0,0,36.200830,-86.776760,I 65,,,,0.00,,,,,,,86.90,N,Not at Intersection, ,Non-Junction,None,,,         ,Sara,Lober,Clear,Front to Rear,no,no,no,no,no,False
102099470,METROPOLITAN NASHVILLE POLICE DEPT,20180671226,Davidson,Nashville,8/5/2018 4:20:00 PM,2,2,0,36.048960,-86.648290,MT VIEW RD,,,,515.00,Feet,South,BELL RD,,,,0.00,N,Not at Intersection,N,Non-Junction,None,,,         ,Andrew,Brazee,Clear,Front to Rear,no,no,no,no,no,False
102099471,METROPOLITAN NASHVILLE POLICE DEPT,20180671122,Davidson,Nashville,8/5/2018 3:23:00 PM,3,1,0,36.160490,-86.783130,ROSA L PARKS BLVD,,,,101.00,Feet,North,COMMERCE ST,,,,0.00,N,Not at Intersection,N,Non-Junction,None,,,         ,Roy,Sain Jr.,Cloudy,Front to Rear,no,no,no,no,no,False
102099475,GOODLETTSVILLE POLICE DEPT,18-27392,Davidson,Goodlettsville,8/5/2018 3:52:00 PM,3,0,0,36.324200,-86.704040,I65 N EXT RAMP,,,,0.00,,,LONG HOLLOW PKE,,,,0.00,Y,OTHER,Y,Entrance/Exit Ramp Related,None,,,         ,Brian,Hajdu,Cloudy,Front to Rear,no,no,no,no,no,False
102099476,METROPOLITAN NASHVILLE POLICE DEPT,20180671242,Davidson,Nashville,8/5/2018 4:23:00 PM,2,0,0,36.151860,-86.851190,53RD AVN,,,,0.00,,,CHARLOTTE AV,,,,0.00,Y,Four-Way,N,Intersection,None,,,         ,Andrew,McCarron,Clear,Front to Rear,no,no,no,no,yes,False
102099479,METROPOLITAN NASHVILLE POLICE DEPT,20180671251,Davidson,Nashville,8/5/2018 4:35:00 PM,2,0,0,36.167760,-86.781590,JAMES ROBERTSON PKWY,,,,0.00,,,4TH AVN,,,,0.00,Y,Four-Way, ,,None,,,         ,Joseph,Bingham,,,no,no,no,no,no,False
102099511,METROPOLITAN NASHVILLE POLICE DEPT,20180671229,Davidson,Nashville,8/5/2018 3:11:00 PM,2,0,0,36.147080,-86.757250,LAFAYETTE ST,,,,213.00,Feet,East,FAIRFIELD AV,,,,0.00,N,Not at Intersection, ,Non-Junction,None,,,         ,Ryan,Sherry,Clear,"Sideswipe, Same Direction",no,no,no,no,no,False
102099528,METROPOLITAN NASHVILLE POLICE DEPT,20180671378,Davidson,Nashville,8/5/2018 5:40:00 PM,2,0,0,36.153750,-86.622120,BELL RD,,,,325.00,Feet,East,BELL RD PVTDR,,,,0.00,N,Not at Intersection,N,Non-Junction,None,,,         ,Brady,Reynolds,Clear,Angle,no,no,no,yes,yes,False
102099530,METROPOLITAN NASHVILLE POLICE DEPT,20180671382,Davidson,Nashville,8/5/2018 6:00:00 PM,2,0,0,36.167180,-86.765300,I 24,,,,0.00,,,,,,,48.90,N,Not at Intersection, ,,None,,,         ,Roy,Sain Jr.,,,no,no,no,no,no,False
102099531,METROPOLITAN NASHVILLE POLICE DEPT,20180671207,Davidson,Nashville,8/5/2018 3:50:00 PM,2,0,0,36.146120,-86.630950,WEMBERTON DR,,,,0.00,,,NORWALK DR,,,,0.00,Y,T-Intersection,N,Non-Junction,None,,,         ,Seth,Vaughn,Rain,Angle,no,no,no,no,no,False
102099532,METROPOLITAN NASHVILLE POLICE DEPT,20180671375,Davidson,Nashville,8/5/2018 5:23:00 PM,2,0,0,36.127670,-86.629510,BELL RD,,,,76.00,Feet,North,PRIEST WOODS DR,,,,0.00,N,Not at Intersection, ,Non-Junction,None,,,         ,Seth,Vaughn,Clear,Front to Rear,no,no,no,no,no,False
102099558,METROPOLITAN NASHVILLE POLICE DEPT,20180671295,Davidson,Nashville,8/5/2018 4:57:00 PM,3,0,0,36.241970,-86.757140,BRILEY PKWY W ENT RAMP,,,,0.00,Feet,,DICKERSON PKE ENT RAMP,,,,0.00,Y,Four-Way,N,Intersection-Related,None,,,         ,Adam,Nicholson,Clear,Other,no,no,no,no,no,False
102099559,METROPOLITAN NASHVILLE POLICE DEPT,20180671215,Davidson,Nashville,8/5/2018 4:14:00 PM,2,1,0,36.192320,-86.616300,JUAREZ DR,,,,0.00,,,OLD HICKORY BLVD,,,,0.00,Y,Four-Way,N,Intersection,None,,,         ,Abbey,Sawl,Clear,Angle,no,no,no,no,no,False
102099571,METROPOLITAN NASHVILLE POLICE DEPT,20180671323,Davidson,Nashville,8/5/2018 4:00:00 PM,2,0,0,36.025220,-86.711180,ALTHORP WAY,,,,15.00,Feet,North,HOWICK LN,,,,0.00,N,Not at Intersection, ,,None,,,         ,Matthew,Turppa,,,no,no,no,no,no,False
102099582,METROPOLITAN NASHVILLE POLICE DEPT,20180671362,Davidson,Nashville,8/5/2018 4:00:00 PM,3,0,0,36.239960,-86.809770,SHADY SIDE DR,,,,59.00,Feet,South,FLINT RIDGE DR,,,,0.00,N,Not at Intersection,N,Non-Junction,None,,,         ,Jerry,Pirtle,Cloudy,Angle,no,no,no,no,no,False
102099586,METROPOLITAN NASHVILLE POLICE DEPT,20180671423,Davidson,Nashville,8/5/2018 4:47:00 PM,2,0,0,36.130020,-86.727330,I24E,,,,0.00,,,I440 W ENT RAMP,,,,0.00,Y,Y-Intersection, ,Intersection,None,,,         ,Je-Marc,Sears,Cloudy,Front to Rear,no,no,no,no,no,False
102099591,METROPOLITAN NASHVILLE POLICE DEPT,20180671397,Davidson,Nashville,8/5/2018 5:42:00 PM,2,0,0,36.040010,-86.743480,EDMONDSON PKE,,,,1.00,Feet,North,OLD HICKORY BLVD,,,,0.00,N,Not at Intersection,Y,Non-Junction,None,,,         ,John,Timm,Clear,Front to Rear,no,no,no,no,yes,False
102099594,VANDERBILT UNIVERSITY POLICE,20180671566,Davidson,Nashville,8/5/2018 12:00:00 AM,2,0,0,36.140490,-86.801320,MEDICAL CENTER DR,,,,0.00,,,,,,,0.00,,,N,Non-Junction,None,,,         ,Christopher,Dion,Clear,Unknown,no,no,no,yes,yes,Campus
102099596,METROPOLITAN NASHVILLE POLICE DEPT,20180671431,Davidson,Nashville,8/5/2018 6:23:00 PM,2,2,0,36.169550,-86.600980,OLD HICKORY BLVD,,,,0.00,,,I40 E ENT RAMP,,,,0.00,Y,Four-Way,Y,Non-Junction,None,,,         ,Brady,Reynolds,Clear,Angle,no,no,no,no,no,False
102099641,METROPOLITAN NASHVILLE POLICE DEPT,20180671516,Davidson,Nashville,8/5/2018 4:54:00 PM,2,0,0,36.093740,-86.707820,PROVIDENCE PARK LN,,,,379.00,Feet,East,PARTNER WAY,,,,0.00,N,Not at Intersection,N,Non-Junction,None,,,         ,YUNUS,ADAK,Clear,Front to Rear,no,no,no,no,yes,False
102099646,METROPOLITAN NASHVILLE POLICE DEPT,20180671248,Davidson,Nashville,8/5/2018 4:30:00 PM,2,1,0,36.147740,-86.807670,ELLISTON PL,,,,0.00,,,,,,,0.00,,,N,"Driveway, Alley Access, etc",None,,,         ,John,Roberson,Clear,Angle,no,no,no,no,no,Campus
102099691,METROPOLITAN NASHVILLE POLICE DEPT,20180671637,Davidson,Nashville,8/5/2018 8:16:00 PM,2,1,0,36.157380,-86.792700,15TH AVN,,,,0.00,,,CHURCH ST,,,,0.00,Y,Four-Way,Y,Intersection,None,,,         ,Gary,Peters,Clear,Angle,no,no,no,no,yes,False
102099693,METROPOLITAN NASHVILLE POLICE DEPT,20180671719,Davidson,Not in City Limit,8/5/2018 6:43:00 PM,2,0,0,36.319220,-86.866840,WHITES CREEK PKE,,,,693.00,Feet,South,GIFFORD PL,,,,0.00,N,Not at Intersection,N,Non-Junction,None,,,         ,Sara,Lober,Clear,Front to Rear,no,no,no,yes,yes,False
102099700,METROPOLITAN NASHVILLE POLICE DEPT,20180670115,Davidson,Nashville,8/5/2018 2:30:00 AM,1,2,0,36.154280,-86.759430,I 40,,,,0.00,,,,,,,211.00,N,Not at Intersection,Y,Non-Junction,None,,,         ,Joshua,McGarvey,Cloudy,Not Collision with Motor Vehicle in Transport,no,no,no,no,no,False
102099720,METROPOLITAN NASHVILLE POLICE DEPT,20180671575,Davidson,Nashville,8/5/2018 7:46:00 PM,2,1,0,36.059800,-86.672160,BLUE HOLE RD,,,,57.00,Feet,South,ANTIOCH PKE,,,,0.00,N,Not at Intersection,N,Non-Junction,None,,,         ,Devonte,Coleman,Clear,Front to Rear,no,no,no,no,no,False
102099725,METROPOLITAN NASHVILLE POLICE DEPT,20180671708,Davidson,Nashville,8/5/2018 12:00:00 AM,1,0,0,36.159840,-86.779910,6TH AVS,,,,0.00,,,BROADWAY,,,,0.00,Y,T-Intersection, ,Intersection,Construction Zone,,,         ,Trevor,Taylor,Clear,Not Collision with Motor Vehicle in Transport,no,no,no,no,no,False
102099740,METROPOLITAN NASHVILLE POLICE DEPT,20180671393,Davidson,Nashville,8/5/2018 6:05:00 PM,1,1,0,36.081580,-86.726950,NOLENSVILLE PKE,,,,384.00,Feet,South,WELSHWOOD DR,,,,0.00,N,Not at Intersection,N,Non-Junction,None,,,         ,Jesse,Cox,Clear,Not Collision with Motor Vehicle in Transport,yes,no,no,yes,yes,False
102099742,METROPOLITAN NASHVILLE POLICE DEPT,20180669932,Davidson,Nashville,8/5/2018 12:25:00 AM,2,0,0,36.203290,-86.738410,GALLATIN PKE,,,,0.00,,,,,,,0.00,,,N,Non-Junction,None,,,         ,Eric,Cunningham,Clear,Front to Rear,no,no,no,yes,yes,False
102099750,METROPOLITAN NASHVILLE POLICE DEPT,20180671599,Davidson,Nashville,8/5/2018 8:01:00 PM,1,1,0,36.256190,-86.714390,NEELYS BEND RD,,,,0.00,,,GALLATIN PKES,,,,0.00,Y,T-Intersection,N,Intersection,None,,,         ,Kevin,Crawford,Cloudy,Not Collision with Motor Vehicle in Transport,yes,no,no,no,no,False
102099752,METROPOLITAN NASHVILLE POLICE DEPT,20180671488,Davidson,Nashville,8/5/2018 7:04:00 PM,2,1,0,36.171430,-86.769040,INTERSTATE DR,,,,0.00,,,JAMES ROBERTSON PKWY,,,,0.00,Y,Four-Way,Y,Intersection,None,,,         ,Joseph,Bingham,Clear,"Sideswipe, Same Direction",no,no,no,no,no,False
102099754,METROPOLITAN NASHVILLE POLICE DEPT,20180670204,Davidson,Nashville,8/5/2018 3:23:00 AM,2,0,0,36.163870,-86.786620,CHARLOTTE AV,,,,0.00,Feet,,ROSA L PARKS BLVD,,,,0.00,Y,T-Intersection,N,Intersection,None,,,         ,Brenna,Hosey,Clear,HeadOn,no,no,no,no,no,False