master_record_number,agency,agency_tracking_number,county,city,collision_date,vehicles_involved,number_injured,number_dead,latitude,longitude,roadway_name,roadway_suffix,roadway_number,roadway_local_id,distance_from_reference,miles-feet_indicator,direction_from_reference,intersection_road_name,intersection_road_name_suffix,intersection_road_number,intersection_local_id,mile_marker,intersection_indicator,intersect_type,interchange_related_indicator,relation_to_junction,work_zone_type,construction_maintenance_zone,construction_maintenance_zone_location,fatal_case_number,officer_first_name,officer_last_name,weather_condition(s),manner_of_crash,pedestrian,bicycle,scooter,parking,hitrun,mou
102101573,METROPOLITAN NASHVILLE POLICE DEPT,20180677057,Davidson,Nashville,8/7/2018 6:33:00 PM,2,0,0,36.157850,-86.778580,6TH AVS,,,,0.00,,,DEMONBREUN ST,,,,0.00,Y,Four-Way, ,Intersection,None,,,         ,Derek,Betty,Clear,Angle,no,no,no,no,yes,False
102101580,METROPOLITAN NASHVILLE POLICE DEPT,20180676482,Davidson,Nashville,8/7/2018 3:13:00 PM,2,0,0,36.071810,-86.733100,EDMONDSON PKE,,,,132.00,Feet,South,WHISPERING HILLS DR,,,,0.00,N,Not at Intersection, ,Non-Junction,None,,,         ,William,King,Clear,Front to Rear,no,no,no,no,no,False
102101604,METROPOLITAN NASHVILLE POLICE DEPT,20180676727,Davidson,Nashville,8/7/2018 4:32:00 PM,2,1,0,36.152120,-86.772230,LAFAYETTE ST,,,,0.00,,,ASH ST,,,,0.00,Y,Four-Way,N,Non-Junction,None,,,         ,Seth,Quiles,Clear,Angle,no,no,no,no,no,False
102101609,METROPOLITAN NASHVILLE POLICE DEPT,20180677500,Davidson,Nashville,8/7/2018 8:53:00 PM,2,1,0,36.158140,-86.791790,14TH AVN,,,,50.00,Feet,North,I40 E ENT RAMP,,,,0.00,N,Not at Intersection, ,Non-Junction,None,,,         ,Eric,Burford,Clear,Front to Rear,no,no,no,no,no,False
102101656,METROPOLITAN NASHVILLE POLICE DEPT,20180677559,Davidson,Nashville,8/7/2018 7:06:00 PM,2,0,0,36.186770,-86.631640,CENTRAL PKE,,,,0.00,Feet,,LEBANON PKE,,,,0.00,Y,Four-Way, ,,None,,,         ,Destiny,Zunic,,,no,no,no,no,no,False
102101659,METROPOLITAN NASHVILLE POLICE DEPT,20180677435,Davidson,Nashville,8/7/2018 6:15:00 PM,2,0,0,36.150210,-86.857730,CHARLOTTE PKE,,,,69.00,Feet,East,WHITE BRIDGE PKE,,,,0.00,N,Not at Intersection, ,Non-Junction,None,,,         ,Andrew,McCarron,Clear,"Sideswipe, Same Direction",no,no,no,no,no,False
102101674,METROPOLITAN NASHVILLE POLICE DEPT,20180677073,Davidson,Nashville,8/7/2018 6:30:00 PM,2,0,0,36.126400,-86.804580,21ST AVS,,,,0.00,,,WESTWOOD AV,,,,0.00,Y,T-Intersection,N,Non-Junction,None,,,         ,Akira,McSwain,Clear,Angle,no,no,no,no,no,False
102101702,METROPOLITAN NASHVILLE POLICE DEPT,20180677737,Davidson,Nashville,8/7/2018 12:00:00 AM,2,0,0,36.160300,-86.664410,DONELSON PKE,,,,127.00,Feet,South,WOODBERRY DR,,,,0.00,N,Not at Intersection,N,Non-Junction,None,,,         ,Deandera,Payne,Clear,Front to Rear,no,no,no,no,no,False
102101727,METROPOLITAN NASHVILLE POLICE DEPT,20180675237,Davidson,Nashville,8/7/2018 12:00:00 AM,2,0,0,36.164860,-86.767910,S 2ND ST,,,,0.00,,,SHELBY AV,,,,0.00,Y,Four-Way, ,Non-Junction,None,,,         ,Kelcey,Bell,Clear,Angle,no,no,no,no,no,False
102101729,METROPOLITAN NASHVILLE POLICE DEPT,20180677834,Davidson,Nashville,8/7/2018 11:36:00 PM,1,0,0,36.133110,-86.696560,BRILEY PKWYS,,,,0.00,,,BRILEY PKWY S EXT RAMP,,,,0.00,Y,OTHER,N,Intersection,None,,,         ,Ralph,Smith IV,Clear,Not Collision with Motor Vehicle in Transport,no,no,no,no,yes,False
102101788,METROPOLITAN NASHVILLE POLICE DEPT,20180678240,Davidson,Nashville,8/8/2018 3:02:00 AM,2,0,0,36.157110,-86.774670,4TH AVS,,,,0.00,,,KOREAN VETERANS BLVD,,,,0.00,Y,Four-Way,N,Intersection,None,,,         ,John,Anderson,Clear,Front to Rear,no,no,no,no,yes,False
102101817,METROPOLITAN NASHVILLE POLICE DEPT,20180678204,Davidson,Nashville,8/8/2018 3:04:00 AM,1,1,0,36.106890,-86.743160,NOLENSVILLE PKE,,,,205.00,Feet,North,MORTON AV,,,,0.00,N,Not at Intersection,N,Non-Junction,None,,,         ,Ty,Cummings,Clear,Not Collision with Motor Vehicle in Transport,no,no,no,no,no,False
102101874,METROPOLITAN NASHVILLE POLICE DEPT,20180678554,Davidson,Nashville,8/8/2018 5:45:00 AM,1,1,0,36.155640,-86.789710,14TH AVE,,,,0.00,,,US HWY 70,,,,0.00,Y,Four-Way,Y,Entrance/Exit Ramp Related,None,,,         ,Ronald,Raynore,Cloudy,Not Collision with Motor Vehicle in Transport,yes,no,no,no,no,False
102101877,METROPOLITAN NASHVILLE POLICE DEPT,20180678563,Davidson,Nashville,8/8/2018 5:48:00 AM,2,1,0,36.142290,-86.666610,I40 W ENT RAMP,,,,0.00,,,I 40,,,,0.00,Y,T-Intersection,Y,Intersection,None,,,         ,Bridget,Griepentrog,Clear,Angle,no,no,no,no,no,False
102101879,METROPOLITAN NASHVILLE POLICE DEPT,20180676296,Davidson,Nashville,8/7/2018 1:52:00 PM,2,0,0,36.155850,-86.777290,6TH AVS,,,,0.00,,,KOREAN VETERANS BLVD,,,,0.00,Y,Four-Way, ,Intersection,None,,,         ,Michael,Schlegel,Clear,Angle,no,no,no,no,no,False
102101891,METROPOLITAN NASHVILLE POLICE DEPT,20180678726,Davidson,Nashville,8/8/2018 7:09:00 AM,2,0,0,36.069510,-86.689410,I 24,,,,0.00,,,,,,,57.00,N,Not at Intersection, ,Non-Junction,None,,,         ,Jessie,Meadows,Clear,Front to Rear,no,no,no,no,no,False
102101920,METROPOLITAN NASHVILLE POLICE DEPT,20180678738,Davidson,Antioch,8/8/2018 7:00:00 AM,2,0,0,36.013050,-86.620900,I24 E EXT RAMP,,,,0.00,Feet,East,I 24,,,,0.00,N,Not at Intersection, ,,None,,,         ,Brandon,Evans,,,no,no,no,no,no,False
102101933,METROPOLITAN NASHVILLE POLICE DEPT,20180678707,Davidson,Nashville,8/8/2018 6:40:00 AM,2,0,0,36.041070,-86.775620,OLD HICKORY BLVD,,,,175.00,Feet,East,BRENTWOOD TRC,,,,0.00,N,Not at Intersection, ,Non-Junction,None,,,         ,Earl,Davis,Clear,Front to Rear,no,no,no,no,no,False
102101964,METROPOLITAN NASHVILLE POLICE DEPT,20180678865,Davidson,Nashville,8/8/2018 8:08:00 AM,2,0,0,36.219260,-86.624350,OLD HICKORY BLVD,,,,135.00,Feet,South,4TH ST,,,,0.00,N,Not at Intersection, ,Non-Junction,None,,,         ,Michael,Dance,Clear,Angle,no,no,no,no,no,False
102101973,METROPOLITAN NASHVILLE POLICE DEPT,20180678788,Davidson,Nashville,8/8/2018 7:30:00 AM,4,3,0,36.155050,-86.711950,LEBANON PKE,,,,168.00,Feet,East,CLOVERNOOK DR,,,,0.00,N,Not at Intersection,N,Non-Junction,None,,,         ,Zachary,Scott,Clear,Front to Rear,no,no,no,no,no,False
102101976,METROPOLITAN NASHVILLE POLICE DEPT,20180678890,Davidson,Nashville,8/8/2018 8:30:00 AM,2,0,0,36.153720,-86.822550,I 440,,,,0.00,,,,,,,1.70,N,Not at Intersection, ,,None,,,         ,Brian,Murphy,,,no,no,no,no,no,False
102101980,METROPOLITAN NASHVILLE POLICE DEPT,2018-0678596,Davidson,Nashville,8/8/2018 5:50:00 AM,2,0,0,36.041140,-86.776210,OLD HICKORY BLVD,,,,0.00,,,BRENTWOOD TRC,,,,0.00,Y,Four-Way,N,Intersection-Related,None,,,         ,Thomas,Miller,Clear,"Sideswipe, Same Direction",no,no,no,no,yes,False
102101981,METROPOLITAN NASHVILLE POLICE DEPT,20180678901,Davidson,Nashville,8/7/2018 7:35:00 PM,2,0,0,36.182270,-86.607960,ANDREW JACKSON WAY,,,,0.00,,,OLD HICKORY BLVD,,,,0.00,Y,Four-Way,Y,Intersection-Related,None,,,         ,Larry,Benz,Clear,"Sideswipe, Same Direction",no,no,no,no,yes,False
102101982,METROPOLITAN NASHVILLE POLICE DEPT,20180678920,Davidson,Nashville,8/8/2018 8:20:00 AM,2,0,0,36.058640,-86.678190,I 24,,,,0.00,,,,,,,58.00,N,Not at Intersection, ,Non-Junction,None,,,         ,Jessie,Meadows,Clear,Front to Rear,no,no,no,no,no,False
102101983,METROPOLITAN NASHVILLE POLICE DEPT,20180678862,Davidson,Nashville,8/8/2018 7:45:00 AM,2,1,0,36.163140,-86.819290,I40 E ENT RAMP,,,,0.00,,,I 40,,,,0.00,Y,Y-Intersection, ,Entrance/Exit Ramp Related,None,,,         ,Isaac,Wood,Clear,Front to Rear,no,no,no,no,no,False
102101984,METROPOLITAN NASHVILLE POLICE DEPT,20180678725,Davidson,Nashville,8/8/2018 7:05:00 AM,1,0,0,36.187810,-86.798950,DOMINICAN DR,,,,144.00,Feet,West,ROSA L PARKS BLVD,,,,0.00,N,Not at Intersection,N,Non-Junction,None,,,         ,Teresah,Pinho,Clear,Not Collision with Motor Vehicle in Transport,no,no,no,no,no,False
102101987,METROPOLITAN NASHVILLE POLICE DEPT,20180678845,Davidson,Nashville,8/8/2018 7:54:00 AM,2,0,0,36.134550,-86.697700,BRILEY PKWYS,,,,650.00,Feet,South,ARBOR CREEK BLVD,,,,0.00,N,Not at Intersection,N,Non-Junction,None,,,         ,Terry,Denton,Clear,Front to Rear,no,no,no,no,no,False
102101988,METROPOLITAN NASHVILLE POLICE DEPT,20180678993,Davidson,Nashville,8/8/2018 8:55:00 AM,2,2,0,36.169090,-86.809600,21ST AVN,,,,0.00,Feet,,JEFFERSON ST,,,,0.00,Y,Four-Way,N,Intersection,None,,,         ,Brian,Mclarty,Clear,Front to Rear,no,no,no,no,yes,False
102102004,METROPOLITAN NASHVILLE POLICE DEPT,20180678895,Davidson,Nashville,8/8/2018 8:17:00 AM,2,1,0,36.039710,-86.762790,OLD HICKORY BLVD,,,,0.00,,,HEARTHSTONE LN,,,,0.00,Y,Four-Way,N,Intersection-Related,None,,,         ,Jon,Mcvey,Clear,Front to Rear,no,no,no,no,no,False
102102011,METROPOLITAN NASHVILLE POLICE DEPT,20180678881,Davidson,Nashville,8/8/2018 8:15:00 AM,3,2,0,36.192250,-86.864620,BRILEY PKWYS,,,,210.00,Feet,South,BRILEY PKWY S EXT RAMP,,,,0.00,N,Not at Intersection, ,Non-Junction,None,,,         ,William,Coy,Clear,Front to Rear,no,no,no,no,no,False
102102015,METROPOLITAN NASHVILLE POLICE DEPT,20180678903,Davidson,Nashville,8/8/2018 8:20:00 AM,3,0,0,36.191900,-86.782770,I 65,,,,0.00,,,,,,,86.15,N,Not at Intersection, ,Non-Junction,None,,,         ,Kenneth,Oneal,Clear,Front to Rear,no,no,no,no,no,False
102102020,METROPOLITAN NASHVILLE POLICE DEPT,20180679150,Davidson,Nashville,8/8/2018 10:06:00 AM,1,0,0,36.142400,-86.633390,WHITE PINE DR,,,,0.00,Feet,,ELM HILL PKE,,,,0.00,Y,T-Intersection, ,Intersection-Related,None,,,         ,Michael,Dance,Clear,Not Collision with Motor Vehicle in Transport,no,no,no,no,no,False
102102021,METROPOLITAN NASHVILLE POLICE DEPT,20180679072,Davidson,Nashville,8/8/2018 9:34:00 AM,2,0,0,36.248010,-86.720360,GALLATIN PKES,,,,0.00,,,DUE WEST AVW,,,,0.00,Y,OTHER, ,,None,,,         ,Eric,Richardson,,,no,no,no,no,no,False
102102024,METROPOLITAN NASHVILLE POLICE DEPT,2018-0678791,Davidson,Nashville,8/8/2018 7:38:00 AM,2,0,0,36.045100,-86.779150,I65 N ENT RAMP,,,,0.00,Feet,East,I 65,,,,0.00,N,Not at Intersection, ,Non-Junction,None,,,         ,Sean,Williams,Clear,Front to Rear,no,no,no,no,no,False
102102026,GOODLETTSVILLE POLICE DEPT,18-27756,Davidson,Goodlettsville,8/8/2018 6:10:00 AM,1,0,0,36.297270,-86.727530,ROBERT CARTWRIGHT DR,,,,600.00,Feet,North,DICKERSON PKES,,,,0.00,N,Not at Intersection,N,Non-Junction,None,,,         ,Charles,Hauskin,Clear,Not Collision with Motor Vehicle in Transport,no,no,no,no,no,False
102102027,METROPOLITAN NASHVILLE POLICE DEPT,20180679112,Davidson,Nashville,8/8/2018 10:00:00 AM,2,0,0,36.082100,-86.761700,HARDING PL,,,,0.00,,,SIDCO DR,,,,0.00,Y,Four-Way, ,Intersection,None,,,         ,Jonathan,Nicholson,Cloudy,Angle,no,no,no,no,no,False
102102031,METROPOLITAN NASHVILLE POLICE DEPT,20180679054,Davidson,Nashville,8/8/2018 9:18:00 AM,2,0,0,36.082100,-86.761700,HARDING PL,,,,0.00,,,SIDCO DR,,,,0.00,Y,Four-Way,N,Intersection,None,,,         ,Phillip,Murphy,Cloudy,Angle,no,no,no,no,no,False
102102033,METROPOLITAN NASHVILLE POLICE DEPT,20180679179,Davidson,Nashville,8/8/2018 10:20:00 AM,1,0,0,36.171530,-86.869270,BRILEY PKWYS,,,,50.00,Feet,North,CENTENNIAL BLVD,,,,0.00,N,Not at Intersection,N,Non-Junction,None,,,         ,Curtis,Rich,Rain,Not Collision with Motor Vehicle in Transport,no,no,no,no,no,False
102102043,METROPOLITAN NASHVILLE POLICE DEPT,20180679190,Davidson,Nashville,8/8/2018 10:22:00 AM,2,0,0,36.171530,-86.869270,BRILEY PKWYS,,,,50.00,Feet,North,CENTENNIAL BLVD,,,,0.00,N,Not at Intersection,N,Non-Junction,None,,,         ,Curtis,Rich,Rain,Not Collision with Motor Vehicle in Transport,no,no,no,no,no,False
102102051,METROPOLITAN NASHVILLE POLICE DEPT,20180678827,Davidson,Nashville,8/8/2018 7:50:00 AM,2,2,0,36.169990,-86.807590,I 40,,,,0.00,,,,,,,207.25,N,Not at Intersection,N,Non-Junction,None,,,         ,Royce,McLester,Cloudy,Front to Rear,no,no,no,no,no,False
102102053,METROPOLITAN NASHVILLE POLICE DEPT,20180679251,Davidson,Nashville,8/8/2018 10:45:00 AM,2,0,0,36.062660,-86.704620,PACKARD DR,,,,62.00,Feet,South,FAIRLANE DR,,,,0.00,N,Not at Intersection, ,Non-Junction,None,,,         ,Jessie,Meadows,Clear,Front to Rear,no,no,no,no,no,False
102102054,METROPOLITAN NASHVILLE POLICE DEPT,20180679227,Davidson,Nashville,8/8/2018 10:30:00 AM,2,0,0,36.133620,-86.827980,WEST END AV,,,,87.00,Feet,West,CRAIGHEAD AV,,,,0.00,N,Not at Intersection, ,Non-Junction,None,,,         ,Brian,Myatt,Rain,Front to Rear,no,no,no,no,no,False
102102055,METROPOLITAN NASHVILLE POLICE DEPT,20180679216,Davidson,Nashville,8/8/2018 10:29:00 AM,2,1,0,36.129720,-86.839550,VINE CT,,,,0.00,Feet,,HARDING PKE,,,,0.00,Y,T-Intersection,N,Intersection,None,,,         ,Darren,Key,Rain,Front to Rear,no,no,no,no,no,False
102102074,METROPOLITAN NASHVILLE POLICE DEPT,20180679208,Davidson,Nashville,8/8/2018 8:18:00 AM,2,0,0,36.232780,-86.783880,I 24,,,,0.00,,,,,,,43.95,N,Not at Intersection,Y,Entrance/Exit Ramp Related,None,,,         ,William,Coy,Clear,Not Collision with Motor Vehicle in Transport,no,no,no,no,yes,False
102102077,METROPOLITAN NASHVILLE POLICE DEPT,2018 0679229,Davidson,Nashville,8/8/2018 10:30:00 AM,2,0,0,36.051550,-86.886580,OLD HICKORY BLVD,,,,330.00,Feet,West,WEST MINISTER DR,,,,0.00,N,Not at Intersection, ,,None,,,         ,Paul,Junkmann,,,no,no,no,yes,no,False
102102088,METROPOLITAN NASHVILLE POLICE DEPT,20180679051,Davidson,Nashville,8/8/2018 9:26:00 AM,1,0,0,36.100920,-86.730760,ANTIOCH PKE,,,,45.00,Feet,West,SOUTHLAKE DR,,,,0.00,N,Not at Intersection,N,Non-Junction,None,,,         ,Jessie,Meadows,Clear,Not Collision with Motor Vehicle in Transport,yes,no,no,no,yes,False
102102091,METROPOLITAN NASHVILLE POLICE DEPT,20180679334,Davidson,Nashville,8/8/2018 11:12:00 AM,2,0,0,36.255500,-86.714790,GALLATIN PKES,,,,221.00,Feet,North,MADISON BLVD,,,,0.00,N,Not at Intersection, ,Non-Junction,None,,,         ,Brian,Otto,Rain,Angle,no,no,no,no,no,False
102102092,METROPOLITAN NASHVILLE POLICE DEPT,20180679364,Davidson,Nashville,8/8/2018 11:15:00 AM,2,0,0,36.111060,-86.747360,LOUISE DR,,,,0.00,,,THOMPSON LN,,,,0.00,Y,T-Intersection,N,Intersection,None,,,         ,Jonathan,Nicholson,Cloudy,Angle,no,no,no,no,no,False
102102111,METROPOLITAN NASHVILLE POLICE DEPT,20180679390,Davidson,Nashville,8/8/2018 11:29:00 AM,2,0,0,36.121800,-86.807250,HILLSBORO PKE,,,,101.00,Feet,North,I440 E ENT RAMP,,,,0.00,N,Not at Intersection, ,Non-Junction,None,,,         ,Michael,McCord,Cloudy,Front to Rear,no,no,no,no,no,False
102102129,METROPOLITAN NASHVILLE POLICE DEPT,20180679474,Davidson,Nashville,8/8/2018 12:19:00 PM,2,1,0,36.134280,-86.779090,WEDGEWOOD AV,,,,0.00,,,8TH AVS,,,,0.00,Y,Four-Way,N,Intersection-Related,None,,,         ,Nathan,Kemp,Clear,Front to Rear,no,no,no,no,yes,False
102102140,METROPOLITAN NASHVILLE POLICE DEPT,2018-0679392,Davidson,Nashville,8/8/2018 11:34:00 AM,2,0,0,36.148480,-86.793490,CHET ATKINS PL,,,,0.00,,,MUSIC SQW,,,,0.00,Y,Four-Way, ,Non-Junction,Work Zone,,,         ,William,Caillouette,Cloudy,Front to Rear,no,no,no,no,no,False
102102148,METROPOLITAN NASHVILLE POLICE DEPT,20180679422,Davidson,Nashville,8/8/2018 11:55:00 AM,1,0,0,36.169060,-86.606640,I40 E EXT RAMP,,,,0.00,,,I 40,,,,0.00,Y,OTHER,N,Entrance/Exit Ramp Related,None,,,         ,Gabriel,Vasquez,Cloudy,Not Collision with Motor Vehicle in Transport,no,no,no,no,no,False
102102149,METROPOLITAN NASHVILLE POLICE DEPT,20180679384,Davidson,Nashville,8/8/2018 11:30:00 AM,2,1,0,36.125620,-86.848260,WHITE BRIDGE PKE,,,,274.00,Feet,South,WHITE BRIDGE CNCTR,,,,0.00,N,Not at Intersection,N,Non-Junction,None,,,         ,Alexander,Donald,Cloudy,Front to Rear,no,no,no,no,no,False
102102157,METROPOLITAN NASHVILLE POLICE DEPT,20180679077,Davidson,Nashville,8/8/2018 12:00:00 AM,2,1,0,36.153050,-86.818280,28TH AVN,,,,205.00,Feet,North,CITY BLVD,,,,0.00,N,Not at Intersection, ,Non-Junction,None,,,         ,Terrance,Stuckey,Clear,Front to Rear,no,no,no,no,no,False
102102170,METROPOLITAN NASHVILLE POLICE DEPT,20180679618,Davidson,Nashville,8/8/2018 1:00:00 PM,2,0,0,36.152330,-86.838360,43RD AVN,,,,0.00,,,CHARLOTTE AV,,,,0.00,Y,Four-Way, ,Intersection,None,,,         ,Curtis,Rich,Clear,Angle,no,no,no,no,yes,False
102102172,METROPOLITAN NASHVILLE POLICE DEPT,20180679556,Davidson,Nashville,8/6/2018 5:11:00 PM,2,0,0,36.149210,-86.691600,BRILEY PKWYS,,,,722.00,Feet,North,BRILEY PKWYN,,,,0.00,N,Not at Intersection, ,Non-Junction,None,,,         ,Michael,Dance,Clear,Front to Rear,no,no,no,no,no,False
102102184,METROPOLITAN NASHVILLE POLICE DEPT,20180679258,Davidson,Nashville,8/8/2018 10:25:00 AM,2,1,0,36.249060,-86.741940,I 65,,,,0.00,,,,,,,91.15,N,Not at Intersection,N,Non-Junction,None,,,         ,Peter,Lynch,Rain,"Sideswipe, Same Direction",no,no,no,no,yes,False
102102193,METROPOLITAN NASHVILLE POLICE DEPT,20180665367,Davidson,Nashville,8/3/2018 8:59:00 AM,2,0,0,36.154890,-86.779150,8TH AVS,,,,0.00,,,KOREAN VETERANS BLVD,,,,0.00,Y,Roundabout, ,Intersection,None,,,         ,William,Vincion,Clear,Angle,no,no,no,no,no,False
102102195,METROPOLITAN NASHVILLE POLICE DEPT,20180679495,Davidson,Nashville,8/8/2018 12:04:00 PM,2,0,0,36.197130,-86.776190,I 65,,,,0.00,,,,,,,86.70,N,Not at Intersection, ,Non-Junction,None,,,         ,James,Wray,Clear,Front to Rear,no,no,no,no,no,False
102102203,METROPOLITAN NASHVILLE POLICE DEPT,20180679259,Davidson,Nashville,8/8/2018 10:45:00 AM,3,1,0,36.208710,-86.776390,I65 S EXT RAMP,,,,0.00,Feet,East,I 65,,,,0.00,N,Not at Intersection,N,Non-Junction,None,,,         ,Royce,McLester,Rain,"Sideswipe, Same Direction",no,no,no,no,no,False
102102245,METROPOLITAN NASHVILLE POLICE DEPT,20180679436,Davidson,Nashville,8/8/2018 12:01:00 PM,1,0,0,36.160970,-86.848550,TENNESSEE AV,,,,140.00,Feet,East,51ST AVN,,,,0.00,N,Not at Intersection, ,,None,,,         ,Darren,Key,,,no,no,no,no,no,False
102102259,METROPOLITAN NASHVILLE POLICE DEPT,20180679515,Davidson,Nashville,8/8/2018 12:37:00 PM,2,1,0,36.193490,-86.776220,I 24,,,,0.00,,,,,,,46.65,N,Not at Intersection,Y,Non-Junction,None,,,         ,William,Coy,Clear,"Sideswipe, Same Direction",no,no,no,no,no,False
102102260,METROPOLITAN NASHVILLE POLICE DEPT,20180679434,Davidson,Nashville,8/8/2018 11:58:00 AM,2,1,0,36.192800,-86.776270,I 24,,,,0.00,,,,,,,46.70,N,Not at Intersection,N,Non-Junction,None,,,         ,Kenneth,Oneal,Clear,Front to Rear,no,no,no,no,no,False
102102263,METROPOLITAN NASHVILLE POLICE DEPT,20180679573,Davidson,Nashville,8/8/2018 12:50:00 PM,2,0,0,36.160760,-86.793690,CHARLOTTE AV,,,,0.00,,,14TH AVN,,,,0.00,Y,Four-Way,N,Intersection,None,,,         ,Brian,Murphy,Cloudy,Angle,no,no,no,no,no,False
102102264,METROPOLITAN NASHVILLE POLICE DEPT,20180679733,Davidson,Nashville,8/8/2018 1:11:00 PM,1,0,0,36.148130,-86.867510,CHARLOTTE PKE,,,,30.00,Feet,West,EASTBORO DR,,,,0.00,N,Not at Intersection, ,Non-Junction,None,,,         ,Curtis,Rich,Cloudy,Not Collision with Motor Vehicle in Transport,no,no,no,no,no,False
102102265,METROPOLITAN NASHVILLE POLICE DEPT,20180679377,Davidson,Nashville,8/8/2018 11:30:00 AM,1,2,0,36.113710,-86.836880,ESTES RD,,,,129.00,Feet,South,AUBURN LN,,,,0.00,N,Not at Intersection,N,Non-Junction,None,,,         ,George,Spencer,Rain,Not Collision with Motor Vehicle in Transport,no,no,no,no,no,False
102102276,METROPOLITAN NASHVILLE POLICE DEPT,20180679340,Davidson,Nashville,8/8/2018 11:04:00 AM,2,0,0,36.086950,-86.730300,NOLENSVILLE PKE,,,,36.00,Feet,North,ELYSIAN FIELDS CT,,,,0.00,N,Not at Intersection, ,Non-Junction,None,,,         ,Jon,Mcvey,Rain,"Sideswipe, Same Direction",no,no,no,no,no,False
102102284,METROPOLITAN NASHVILLE POLICE DEPT,20180679741,Davidson,Nashville,8/8/2018 2:05:00 PM,2,0,0,36.154370,-86.804130,21ST AVN,,,,0.00,,,PATTERSON ST,,,,0.00,Y,Four-Way, ,Intersection,None,,,         ,Michael,McCord,Cloudy,Angle,no,no,no,no,no,False
102102285,METROPOLITAN NASHVILLE POLICE DEPT,20180679724,Davidson,Nashville,8/8/2018 1:55:00 PM,2,0,0,36.100870,-86.727940,ANTIOCH PKE,,,,30.00,Feet,East,COLBY DR,,,,0.00,N,Not at Intersection,N,Non-Junction,None,,,         ,Eric,Keller,Clear,Rear to Side,no,no,no,no,no,False
102102286,METROPOLITAN NASHVILLE POLICE DEPT,20180679308,Davidson,Nashville,8/8/2018 10:50:00 AM,2,0,0,36.058820,-86.716890,TUSCULUM RD,,,,64.00,Feet,West,TUSCULUM SQUARE DR,,,,0.00,N,Not at Intersection, ,Non-Junction,None,,,         ,Eric,Keller,Rain,Front to Rear,no,no,no,no,no,False
102102287,METROPOLITAN NASHVILLE POLICE DEPT,20180679411,Davidson,Nashville,8/8/2018 11:45:00 AM,1,0,0,36.108780,-86.720230,I24 W EXT RAMP,,,,0.00,,,I 24,,,,0.00,Y,T-Intersection, ,Non-Junction,None,,,         ,Eric,Keller,Clear,Not Collision with Motor Vehicle in Transport,no,no,no,no,no,False
102102335,METROPOLITAN NASHVILLE POLICE DEPT,20180679758,Davidson,Nashville,8/8/2018 2:13:00 PM,2,2,0,36.168770,-86.759170,SHELBY AV,,,,129.00,Feet,East,S 6TH ST,,,,0.00,N,Not at Intersection,N,Non-Junction,None,,,         ,Wesley,Mcclelland,Clear,Front to Rear,no,no,no,no,no,False
102102340,METROPOLITAN NASHVILLE POLICE DEPT,20180679737,Davidson,Nashville,8/8/2018 2:07:00 PM,2,0,0,36.187950,-86.607770,OLD LEBANON DIRT RD,,,,0.00,,,ANDREW JACKSON PKWY,,,,0.00,Y,Four-Way, ,Intersection,None,,,         ,Michael,Dance,Clear,Front to Rear,no,no,no,no,no,False
102102341,METROPOLITAN NASHVILLE POLICE DEPT,20180679781,Davidson,Nashville,8/8/2018 2:28:00 PM,2,2,0,36.148940,-86.666980,ELM HILL PKE,,,,211.00,Feet,West,DONELSON PKE,,,,0.00,N,Not at Intersection,N,Unknown,None,,,         ,Michael,Dance,Clear,Unknown,no,no,no,no,no,False
102102342,METROPOLITAN NASHVILLE POLICE DEPT,20180679877,Davidson,Nashville,8/8/2018 2:20:00 PM,2,0,0,36.078580,-86.772510,LAMBERT DR,,,,126.00,Feet,East,FRANKLIN PKE,,,,0.00,N,Not at Intersection, ,Non-Junction,None,,,         ,Ryan,Coll,Clear,Front to Rear,no,no,no,no,no,False
102102351,METROPOLITAN NASHVILLE POLICE DEPT,20180679840,Davidson,Nashville,8/8/2018 12:00:00 AM,2,0,0,36.207060,-86.778510,HAMPTON ST,,,,145.00,Feet,North,W TRINITY LN,,,,0.00,N,Not at Intersection, ,Non-Junction,None,,,         ,Melvin,Taylor,Clear,Front to Rear,no,no,no,no,yes,False
102102354,METROPOLITAN NASHVILLE POLICE DEPT,20180679896,Davidson,Nashville,8/8/2018 3:00:00 PM,1,0,0,36.166440,-86.817060,I 40,,,,0.00,,,,,,,206.65,N,Not at Intersection,N,Non-Junction,None,,,         ,Royce,McLester,Cloudy,Not Collision with Motor Vehicle in Transport,no,no,no,no,no,False
102102355,METROPOLITAN NASHVILLE POLICE DEPT,20180679918,Davidson,Nashville,8/8/2018 3:18:00 PM,2,0,0,36.106040,-86.813760,HILLSBORO PKE,,,,75.00,Feet,North,ABBOTT MARTIN RD,,,,0.00,N,Not at Intersection, ,Non-Junction,None,,,         ,Eric,McCoy,Clear,Angle,no,no,no,yes,yes,False
102102365,METROPOLITAN NASHVILLE POLICE DEPT,20180679983,Davidson,Nashville,8/8/2018 2:55:00 PM,2,1,0,36.077990,-86.725840,NOLENSVILLE PKE,,,,336.00,Feet,North,WALLACE RD,,,,0.00,N,Not at Intersection,N,Non-Junction,None,,,         ,Eric,Keller,Clear,"Sideswipe, Same Direction",no,no,no,no,no,False