master_record_number,agency,agency_tracking_number,county,city,collision_date,vehicles_involved,number_injured,number_dead,latitude,longitude,roadway_name,roadway_suffix,roadway_number,roadway_local_id,distance_from_reference,miles-feet_indicator,direction_from_reference,intersection_road_name,intersection_road_name_suffix,intersection_road_number,intersection_local_id,mile_marker,intersection_indicator,intersect_type,interchange_related_indicator,relation_to_junction,work_zone_type,construction_maintenance_zone,construction_maintenance_zone_location,fatal_case_number,officer_first_name,officer_last_name,weather_condition(s),manner_of_crash,pedestrian,bicycle,scooter,parking,hitrun,mou
102102367,METROPOLITAN NASHVILLE POLICE DEPT,20180679907,Davidson,Nashville,8/8/2018 2:05:00 PM,2,0,0,36.184410,-86.775630,I 24,,,,0.00,,,,,,,47.30,N,Not at Intersection, ,Non-Junction,None,,,         ,Zachary,Plese,Clear,Front to Rear,no,no,no,no,no,False
102102380,METROPOLITAN NASHVILLE POLICE DEPT,20180679634,Davidson,Nashville,8/8/2018 1:20:00 PM,2,0,0,36.142540,-86.743570,MURFREESBORO PKE,,,,236.00,Feet,West,POLK AV,,,,0.00,N,Not at Intersection, ,Non-Junction,None,,,         ,Jessie,Meadows,Clear,Front to Rear,no,no,no,no,no,False
102102382,METROPOLITAN NASHVILLE POLICE DEPT,20180679712,Davidson,Antioch,8/8/2018 1:55:00 PM,1,0,0,36.068060,-86.599570,LEGEND DR,,,,425.00,Feet,North,MT VIEW RD,,,,0.00,N,Not at Intersection, ,Non-Junction,None,,,         ,Jessie,Meadows,Clear,Not Collision with Motor Vehicle in Transport,no,no,no,no,no,False
102102389,METROPOLITAN NASHVILLE POLICE DEPT,20180680044,Davidson,Nashville,8/8/2018 12:00:00 AM,2,0,0,36.193330,-86.830690,CLARKSVILLE PKE,,,,195.00,Feet,East,BUENA VISTA PKE,,,,0.00,N,Not at Intersection, ,Non-Junction,None,,,         ,Melvin,Taylor,Clear,Angle,no,no,no,no,no,False
102102393,METROPOLITAN NASHVILLE POLICE DEPT,20180679919,Davidson,Nashville,8/8/2018 2:33:00 PM,2,0,0,36.232640,-86.781440,EWING LN,,,,0.00,,,BRICK CHURCH PKE,,,,0.00,Y,Four-Way,N,Intersection-Related,None,,,         ,Kevin,Crawford,Clear,Angle,no,no,no,no,yes,False
102102396,METROPOLITAN NASHVILLE POLICE DEPT,20180680039,Davidson,Nashville,8/8/2018 3:56:00 PM,2,1,0,36.120100,-86.766080,I 440,,,,0.00,,,,,,,5.40,N,Not at Intersection,N,Non-Junction,None,,,         ,Ryan,Storm,Clear,Front to Rear,no,no,no,no,no,False
102102404,METROPOLITAN NASHVILLE POLICE DEPT,20180679912,Davidson,Nashville,8/8/2018 3:10:00 PM,2,0,0,36.123840,-86.826560,WOODLAWN DR,,,,0.00,,,BOWLING AV,,,,0.00,Y,Four-Way,N,Intersection-Related,None,,,         ,Robert,Crow,Clear,Angle,no,no,no,no,no,False
102102406,METROPOLITAN NASHVILLE POLICE DEPT,20180679886,Davidson,Nashville,8/8/2018 2:45:00 PM,2,1,0,36.195560,-86.866050,BRILEY PKWYN,,,,1067.00,Feet,North,BRILEY PKWYS,,,,0.00,N,Not at Intersection,N,Non-Junction,None,,,         ,Jerry,Pirtle,Cloudy,Front to Rear,no,no,no,no,yes,False
102102408,METROPOLITAN NASHVILLE POLICE DEPT,20180679935,Davidson,Nashville,8/8/2018 3:23:00 PM,2,0,0,36.204650,-86.737880,GALLATIN PKE,,,,127.00,Feet,North,ZOPHI ST,,,,0.00,N,Not at Intersection, ,Non-Junction,None,,,         ,Alexander,Georgeson,Clear,Angle,no,no,no,no,no,False
102102411,METROPOLITAN NASHVILLE POLICE DEPT,2018-0679976,Davidson,Nashville,8/8/2018 3:15:00 PM,2,0,0,36.039340,-86.785660,FRANKLIN PIKE CIR,,,,0.00,Feet,East,FRANKLIN PKE,,,,0.00,N,Not at Intersection, ,Non-Junction,None,,,         ,Sean,Williams,Clear,Front to Rear,no,no,no,no,no,False
102102412,METROPOLITAN NASHVILLE POLICE DEPT,20180679960,Davidson,Nashville,8/8/2018 3:14:00 PM,2,0,0,36.116440,-86.770190,I440 E ENT RAMP,,,,0.00,,,I 65,,,,0.00,Y,OTHER, ,,None,,,         ,Will,Amundson,,,no,no,no,no,no,False
102102414,METROPOLITAN NASHVILLE POLICE DEPT,20180680119,Davidson,Nashville,8/8/2018 4:15:00 PM,2,2,0,36.128480,-86.727800,I440 W ENT RAMP,,,,0.00,Feet,East,I 440,,,,0.00,N,Not at Intersection,N,Non-Junction,None,,,         ,Eric,Keller,Clear,Front to Rear,no,no,no,no,no,False
102102415,METROPOLITAN NASHVILLE POLICE DEPT,20180680136,Davidson,Nashville,8/8/2018 4:15:00 PM,2,0,0,36.060730,-86.916150,HIGHWAY 100,,,,0.00,,,OLD HICKORY BLVD,,,,0.00,Y,T-Intersection,N,Intersection-Related,None,,,         ,Brandon,Pedigo,Clear,Front to Rear,no,no,no,no,yes,False
102102416,GOODLETTSVILLE POLICE DEPT,18-27819,Davidson,Goodlettsville,8/8/2018 4:03:00 PM,2,0,0,36.325110,-86.701760,LONG HOLLOW PKE,,,,0.00,,,CONFERENCE DR,,,,0.00,Y,Four-Way, ,,None,,,         ,Nicholas,Given,,,no,no,no,no,no,False
102102417,METROPOLITAN NASHVILLE POLICE DEPT,20180680012,Davidson,Nashville,8/8/2018 3:45:00 PM,3,1,0,36.116010,-86.789020,I 440,,,,0.00,,,,,,,4.00,N,Not at Intersection,N,Non-Junction,None,,,         ,Gregory,Scott,Clear,Front to Rear,no,no,no,no,no,False
102102418,METROPOLITAN NASHVILLE POLICE DEPT,20180680128,Davidson,Nashville,8/8/2018 4:20:00 PM,2,0,0,36.157400,-86.759810,I 24,,,,0.00,,,,,,,49.65,N,Not at Intersection, ,,None,,,         ,Riley,Brewer,,,no,no,no,no,no,False
102102445,METROPOLITAN NASHVILLE POLICE DEPT,20180680112,Davidson,Nashville,8/8/2018 4:23:00 PM,3,0,0,36.228230,-86.746960,ELLINGTON PKWYN,,,,166.00,Feet,North,ELLINGTON PKWYS,,,,0.00,N,Not at Intersection, ,Non-Junction,None,,,         ,Jessica,Scott,Clear,Front to Rear,no,no,no,no,no,False
102102450,METROPOLITAN NASHVILLE POLICE DEPT,20180680287,Davidson,Nashville,8/8/2018 5:30:00 PM,2,0,0,36.168230,-86.760560,SHELBY AV,,,,30.00,Feet,West,S 6TH ST,,,,0.00,N,Not at Intersection, ,Non-Junction,None,,,         ,Riley,Brewer,Clear,Front to Rear,no,no,no,no,no,False
102102452,METROPOLITAN NASHVILLE POLICE DEPT,20180680175,Davidson,Nashville,8/8/2018 3:58:00 PM,2,0,0,36.235430,-86.798220,BRILEY PKWYW,,,,385.00,Feet,North,BRILEY PKWYE,,,,0.00,N,Not at Intersection,N,Non-Junction,None,,,         ,Jason,Hogan,Clear,Angle,no,no,no,no,yes,False
102102453,METROPOLITAN NASHVILLE POLICE DEPT,20180679835,Davidson,Nashville,8/8/2018 1:00:00 PM,1,0,0,36.127348,-86.852886,4500 POST ROAD,,,,200.00,Feet,North,POST ROAD,,,,0.00,N,Not at Intersection,N,Non-Junction,None,,,         ,Jeremy,Huffine,Clear,Not Collision with Motor Vehicle in Transport,no,no,no,yes,yes,False
102102463,METROPOLITAN NASHVILLE POLICE DEPT,20180680138,Davidson,Nashville,8/8/2018 4:12:00 PM,2,0,0,36.165170,-86.779530,UNION ST,,,,98.00,Feet,East,4TH AVN,,,,0.00,N,Not at Intersection, ,Non-Junction,None,,,         ,Roy,Sain Jr.,,"Sideswipe, Same Direction",no,no,no,no,no,False
102102471,METROPOLITAN NASHVILLE POLICE DEPT,20180677557,Davidson,Nashville,8/8/2018 2:49:00 PM,2,0,0,36.049980,-86.649500,BELL RD,,,,0.00,,,MT VIEW RD,,,,0.00,Y,Four-Way, ,Intersection,None,,,         ,Jedidayah,Merriweather,Clear,Front to Rear,no,no,no,no,no,False
102102482,METROPOLITAN NASHVILLE POLICE DEPT,20180680312,Davidson,Nashville,8/8/2018 5:40:00 PM,2,0,0,36.123800,-86.751540,NOLENSVILLE PKE,,,,66.00,Feet,South,I440 W ENT RAMP,,,,0.00,N,Not at Intersection, ,Non-Junction,None,,,         ,Douglas,Sykes,Clear,"Sideswipe, Same Direction",no,no,no,no,no,False
102102484,METROPOLITAN NASHVILLE POLICE DEPT,20180680270,Davidson,Nashville,8/8/2018 5:07:00 PM,2,0,0,36.174570,-86.614280,DODSON CHAPEL RD,,,,57.00,Feet,South,CENTRAL PKE,,,,0.00,N,Not at Intersection,N,Non-Junction,None,,,         ,Destiny,Zunic,Clear,Angle,no,no,no,no,no,False
102102486,METROPOLITAN NASHVILLE POLICE DEPT,20180680181,Davidson,Nashville,8/8/2018 4:57:00 PM,2,0,0,36.221900,-86.746510,ELLINGTON PKWYN,,,,0.00,,,BEN ALLEN RD,,,,0.00,Y,OTHER, ,Non-Junction,None,,,         ,Jessica,Scott,Clear,Angle,no,no,no,no,no,False
102102491,VANDERBILT UNIVERSITY POLICE,20180679981,Davidson,Nashville,8/8/2018 3:05:00 PM,2,0,0,36.138220,-86.807140,BLAKEMORE AV,,,,0.00,Feet,,25TH AVS,,,,0.00,Y,T-Intersection, ,Non-Junction,None,,,         ,Christopher,Dion,Clear,Front to Rear,no,no,no,no,no,Campus
102102492,METROPOLITAN NASHVILLE POLICE DEPT,2018-0680188,Davidson,Nashville,8/8/2018 2:05:00 PM,2,0,0,36.180550,-86.882910,CENTENNIAL PL,,,,0.00,,,,,,,0.00,,Not at Intersection, ,Non-Junction,None,,,         ,Michael,Griggs,Clear,Other,no,no,no,yes,yes,False
102102493,METROPOLITAN NASHVILLE POLICE DEPT,20180680193,Davidson,Nashville,8/8/2018 2:52:00 PM,2,0,0,36.073960,-86.734970,BLACKMAN RD,,,,0.00,,,OVERCREST DR,,,,0.00,Y,T-Intersection, ,Intersection,None,,,         ,William,King,Clear,Angle,no,no,no,no,no,False
102102494,METROPOLITAN NASHVILLE POLICE DEPT,20180679769,Davidson,Nashville,8/8/2018 2:21:00 PM,2,1,0,36.062720,-86.771880,I 65,,,,0.00,,,,,,,75.45,N,Not at Intersection,N,Non-Junction,None,,,         ,Akira,McSwain,Clear,Front to Rear,no,no,no,no,no,False
102102495,METROPOLITAN NASHVILLE POLICE DEPT,20180680116,Davidson,Nashville,8/8/2018 4:18:00 PM,2,0,0,36.105990,-86.767560,I 65,,,,0.00,,,,,,,79.50,N,Not at Intersection,N,Non-Junction,None,,,         ,Akira,McSwain,Clear,Front to Rear,no,no,no,no,no,False
102102496,METROPOLITAN NASHVILLE POLICE DEPT,2018-680248,Davidson,Nashville,8/8/2018 5:18:00 PM,2,0,0,36.157930,-86.791610,CHURCH ST,,,,0.00,,,I 40,,,,0.00,Y,Four-Way,N,Intersection,None,,,         ,Akira,McSwain,Clear,Front to Rear,no,no,no,no,yes,False
102102497,METROPOLITAN NASHVILLE POLICE DEPT,20180680393,Davidson,Nashville,8/8/2018 12:00:00 AM,2,0,0,36.064890,-86.622820,HAMILTON CHURCH RD,,,,212.00,Feet,West,OWENDALE DR,,,,0.00,N,Not at Intersection,N,Non-Junction,None,,,         ,YUNUS,ADAK,Clear,"Sideswipe, Same Direction",no,no,no,no,yes,False
102102499,METROPOLITAN NASHVILLE POLICE DEPT,20180680031,Davidson,Nashville,8/8/2018 3:44:00 PM,2,0,0,36.037540,-86.785490,OLD HICKORY BLVD,,,,320.00,Feet,East,FRANKLIN PKE,,,,0.00,N,Not at Intersection, ,Non-Junction,None,,,         ,Brandon,Hughes,Clear,"Sideswipe, Same Direction",no,no,no,no,no,False
102102516,METROPOLITAN NASHVILLE POLICE DEPT,20180680165,Davidson,Nashville,8/8/2018 4:47:00 PM,3,0,0,36.120030,-86.912180,I 40,,,,0.00,,,,,,,200.05,N,Not at Intersection, ,Non-Junction,None,,,         ,Jeremy,Huffine,Clear,Angle,no,no,no,no,no,False
102102519,METROPOLITAN NASHVILLE POLICE DEPT,20180680341,Davidson,Nashville,8/8/2018 6:05:00 PM,2,4,0,36.170400,-86.768450,INTERSTATE DR,,,,0.00,,,WOODLAND ST,,,,0.00,Y,Four-Way,N,Intersection,None,,,         ,Zachary,Plese,Clear,Angle,no,no,no,no,no,False
102102522,VANDERBILT UNIVERSITY POLICE,2018-0669493,Davidson,Nashville,8/4/2018 12:00:00 AM,2,0,0,36.140180,-86.800440,21ST AVS,,,,0.00,,,,,,,0.00,,, ,Non-Junction,None,,,         ,Lakosha,Goodloe,Clear,"Sideswipe, Opposite Direction",no,no,no,yes,yes,Campus
102102570,METROPOLITAN NASHVILLE POLICE DEPT,20180680203,Davidson,Nashville,8/8/2018 12:00:00 AM,2,0,0,36.176190,-86.800680,I 65,,,,0.00,,,,,,,84.75,N,Not at Intersection, ,Non-Junction,None,,,         ,Melvin,Taylor,Clear,Front to Rear,no,no,no,no,no,False
102102582,METROPOLITAN NASHVILLE POLICE DEPT,20180680520,Davidson,Nashville,8/8/2018 6:45:00 PM,2,0,0,36.150920,-86.782980,DIVISION ST,,,,467.00,Feet,East,12TH AVS,,,,0.00,N,Not at Intersection, ,,None,,,         ,Joseph,Bingham,,,no,no,no,yes,no,False
102102583,METROPOLITAN NASHVILLE POLICE DEPT,20180680476,Davidson,Nashville,8/8/2018 5:10:00 PM,2,0,0,36.173160,-86.601350,CENTRAL PKE,,,,146.00,Feet,West,BURNING TREE DR,,,,0.00,N,Not at Intersection,N,Non-Junction,None,,,         ,Marvis,Malone,Clear,Angle,no,no,no,no,no,False
102102604,METROPOLITAN NASHVILLE POLICE DEPT,20180680384,Davidson,Nashville,8/8/2018 5:50:00 PM,3,0,0,36.101930,-86.763750,I65 N ENT RAMP,,,,0.00,,,I 65,,,,0.00,Y,OTHER, ,,None,,,         ,Gregory,Scott,,,no,no,no,no,no,False
102102605,THP District 3 - Nashville,318052616,Davidson,Nashville,8/8/2018 4:52:00 PM,2,0,0,36.034870,-86.804470,MARYLAND WAY,,,,400.00,Feet,East,WESTWOOD PL,,,,0.00,N,Not at Intersection,N,Non-Junction,None,,,         ,Christopher,Vance,Cloudy,Front to Rear,no,no,no,no,no,False
102102613,METROPOLITAN NASHVILLE POLICE DEPT,20180680653,Davidson,Nashville,8/8/2018 8:15:00 AM,2,0,0,36.044770,-86.661530,BELL RD,,,,0.00,,,CANE RIDGE RD,,,,0.00,Y,Four-Way,N,Intersection,None,,,         ,Matthew,Turppa,Clear,Front to Rear,no,no,no,no,no,False
102102615,METROPOLITAN NASHVILLE POLICE DEPT,20180680358,Davidson,Nashville,8/8/2018 5:08:00 PM,2,0,0,36.143360,-86.703410,I 40,,,,0.00,,,,,,,214.55,N,Not at Intersection, ,Non-Junction,None,,,         ,Dontaveous,Eubanks,Clear,Front to Rear,no,no,no,no,no,False
102102634,METROPOLITAN NASHVILLE POLICE DEPT,20180680585,Davidson,Nashville,8/8/2018 6:52:00 PM,2,0,0,36.049520,-86.677340,SAXONY LAKE DR,,,,476.00,Feet,East,BLUE LAKE TRL,,,,0.00,N,Not at Intersection,N,Non-Junction,None,,,         ,YUNUS,ADAK,Clear,Angle,no,no,no,no,yes,False
102102636,METROPOLITAN NASHVILLE POLICE DEPT,20180680692,Davidson,Nashville,8/8/2018 8:15:00 PM,1,0,0,36.170360,-86.765370,RUSSELL ST,,,,56.00,Feet,East,S 4TH ST,,,,0.00,N,Not at Intersection,N,Non-Junction,None,,,         ,Riley,Brewer,Clear,Not Collision with Motor Vehicle in Transport,no,no,no,no,no,False
102102644,METROPOLITAN NASHVILLE POLICE DEPT,20180680799,Davidson,Nashville,8/8/2018 9:11:00 PM,2,3,0,36.254840,-86.715390,GALLATIN PKES,,,,76.00,Feet,South,MADISON BLVD,,,,0.00,N,Not at Intersection,N,Non-Junction,None,,,         ,Christopher,Littles,Clear,HeadOn,no,no,no,no,no,False
102102646,METROPOLITAN NASHVILLE POLICE DEPT,20180680518,Davidson,Nashville,8/8/2018 5:43:00 PM,2,0,0,36.100060,-86.666650,D VILLE DR,,,,241.00,Feet,North,SOUTHWIND DR,,,,0.00,N,Not at Intersection,N,Non-Junction,None,,,         ,Jedidayah,Merriweather,Clear,HeadOn,no,no,no,no,no,False
102102657,METROPOLITAN NASHVILLE POLICE DEPT,20180680058,Davidson,Nashville,8/8/2018 4:08:00 PM,2,0,0,36.038030,-86.786410,FRANKLIN PKE,,,,232.00,Feet,North,OLD HICKORY BLVD,,,,0.00,N,Not at Intersection, ,Non-Junction,None,,,         ,Brandon,Hughes,Clear,Angle,no,no,no,no,no,False
102102682,METROPOLITAN NASHVILLE POLICE DEPT,20180680349,Davidson,Nashville,8/8/2018 12:00:00 AM,1,0,0,36.175050,-86.771260,I 24,,,,0.00,,,,,,,48.05,N,Not at Intersection,N,Non-Junction,None,,,         ,Gordon,Stovall,Clear,Not Collision with Motor Vehicle in Transport,no,no,no,no,yes,False
102102693,METROPOLITAN NASHVILLE POLICE DEPT,20180680903,Davidson,Nashville,8/8/2018 6:33:00 PM,2,0,0,36.066310,-86.630080,MURFREESBORO PKE,,,,272.00,Feet,North,HAMILTON CROSSINGS,,,,0.00,N,Not at Intersection, ,Non-Junction,None,,,         ,Melissa,Flores,Clear,Front to Rear,no,no,no,no,no,False
102102695,VANDERBILT UNIVERSITY POLICE,18-0678614,Davidson,Nashville,8/8/2018 5:47:00 AM,1,0,0,36.149550,-86.800350,TERRACE PL,,,,0.00,,,,,,,0.00,,, ,Non-Junction,None,,,         ,Michael,Knupp,Clear,Not Collision with Motor Vehicle in Transport,no,no,no,yes,no,Campus
102102702,METROPOLITAN NASHVILLE POLICE DEPT,20180680866,Davidson,Nashville,8/8/2018 9:43:00 PM,2,2,0,36.116750,-86.923310,CHARLOTTE PK,,,,0.00,,,OLD HICKORY BLVD,,,,0.00,Y,Four-Way,N,Intersection,None,,,         ,Jeremy,Huffine,Clear,Angle,no,no,no,no,no,False
102102719,METROPOLITAN NASHVILLE POLICE DEPT,20180681143,Davidson,Nashville,8/8/2018 11:40:00 PM,1,1,0,36.234670,-86.785470,I 24,,,,0.00,,,,,,,43.80,N,Not at Intersection,N,Non-Junction,None,,,         ,Jacob,Dick,Clear,Unknown,no,no,no,no,no,False
102102720,METROPOLITAN NASHVILLE POLICE DEPT,20180681207,Davidson,Nashville,8/9/2018 12:23:00 AM,1,1,0,36.192110,-86.780440,I65 S ENT RAMP,,,,0.00,,,I 65,,,,0.00,Y,Y-Intersection,Y,Entrance/Exit Ramp Related,None,,,         ,Christopher,Royer,Clear,Not Collision with Motor Vehicle in Transport,no,no,no,no,no,False
102102730,METROPOLITAN NASHVILLE POLICE DEPT,20180681092,Davidson,Nashville,8/8/2018 11:20:00 PM,2,2,0,36.155810,-86.827250,I 40,,,,0.00,,,,,,,205.65,N,Not at Intersection,N,Non-Junction,None,,,         ,Kenneth,Bray,Clear,Front to Rear,no,no,no,no,no,False
102102731,METROPOLITAN NASHVILLE POLICE DEPT,20180681138,Davidson,Nashville,8/8/2018 11:45:00 PM,1,1,0,36.090080,-86.626850,BELL RD,,,,139.00,Feet,West,SMITH SPRINGS RD,,,,0.00,N,Not at Intersection,N,Non-Junction,None,,,         ,Joao,Pinho,Clear,Not Collision with Motor Vehicle in Transport,no,no,no,no,no,False
102102737,METROPOLITAN NASHVILLE POLICE DEPT,20180681155,Davidson,Nashville,8/8/2018 12:00:00 AM,2,0,0,36.220970,-86.705870,PENNINGTON BEND RD,,,,1262.00,Feet,North,CEDARWOOD DR,,,,0.00,N,Not at Intersection,N,Non-Junction,None,,,         ,Jason,Kedzierski,Unknown,"Sideswipe, Opposite Direction",no,no,no,yes,yes,False
102102739,METROPOLITAN NASHVILLE POLICE DEPT,20180681398,Davidson,Nashville,8/9/2018 2:32:00 AM,1,1,0,36.148010,-86.776270,I 40 E,EXPY,,I 40 E ENTRANCE RAMP,0.00,,,,,II 40 E,,0.00,Y,OTHER,Y,Entrance/Exit Ramp Related,None,,,         ,Dakota,Vermillion,Clear,Not Collision with Motor Vehicle in Transport,no,no,no,no,no,False
102102793,METROPOLITAN NASHVILLE POLICE DEPT,20180681622,Davidson,Nashville,8/9/2018 12:00:00 AM,4,0,0,36.177120,-86.745380,WOODLAND ST,,,,116.00,Feet,East,N 14TH ST,,,,0.00,N,Not at Intersection,N,Non-Junction,None,,,         ,Colin,Bleem,Clear,Front to Rear,no,no,no,no,no,False
102102801,METROPOLITAN NASHVILLE POLICE DEPT,20180681679,Davidson,Nashville,8/9/2018 5:18:00 AM,2,0,0,36.154610,-86.792090,BROADWAY,,,,268.00,Feet,East,16TH AVS,,,,0.00,N,Not at Intersection, ,,None,,,         ,Jonathan,Hadley,,,no,no,no,no,no,False
102102803,METROPOLITAN NASHVILLE POLICE DEPT,20180680892,Davidson,Not in City Limit,8/8/2018 9:51:00 PM,2,0,0,36.320780,-86.867360,WHITES CREEK PKE,,,,103.00,Feet,South,GIFFORD PL,,,,0.00,N,Not at Intersection, ,Non-Junction,None,,,         ,James,Murphy,Clear,Angle,no,no,no,no,no,False
102102843,METROPOLITAN NASHVILLE POLICE DEPT,20180681853,Davidson,Nashville,8/9/2018 7:17:00 AM,2,0,0,36.145290,-86.777480,I 65,,,,0.00,,,,,,,82.20,N,Not at Intersection, ,Non-Junction,None,,,         ,Nathan,Kemp,Clear,Front to Rear,no,no,no,no,no,False
102102853,METROPOLITAN NASHVILLE POLICE DEPT,20180681804,Davidson,Nashville,8/9/2018 6:45:00 AM,2,0,0,36.081230,-86.758350,TROUSDALE DR,,,,45.00,Feet,North,HARDING PL,,,,0.00,N,Not at Intersection, ,Non-Junction,None,,,         ,Randy,Puckett,Clear,Front to Rear,no,no,no,no,no,False
102102858,METROPOLITAN NASHVILLE POLICE DEPT,20180681842,Davidson,Nashville,8/9/2018 6:38:00 AM,2,0,0,36.190450,-86.809220,KELLOW ST,,,,112.00,Feet,East,MIDDLE ST,,,,0.00,N,Not at Intersection,N,Non-Junction,None,,,         ,Brian,Warstadt,Unknown,Front to Rear,no,no,no,no,yes,False
102102873,METROPOLITAN NASHVILLE POLICE DEPT,20180681892,Davidson,Nashville,8/9/2018 7:33:00 AM,2,1,0,36.040010,-86.743470,EDMONDSON PKE,,,,0.00,,,OLD HICKORY BLVD,,,,0.00,Y,Four-Way, ,Intersection,None,,,         ,Earl,Davis,Clear,Front to Rear,no,no,no,no,no,False
102102880,METROPOLITAN NASHVILLE POLICE DEPT,20180681788,Davidson,Nashville,8/9/2018 6:35:00 AM,3,4,0,36.156560,-86.665000,EMERY DR,,,,0.00,,,DONELSON PKE,,,,0.00,Y,Four-Way,N,Intersection,None,,,         ,Ryan,Ludvigson,Clear,Angle,no,no,no,no,no,False
102102888,METROPOLITAN NASHVILLE POLICE DEPT,20180681982,Davidson,Nashville,8/9/2018 8:10:00 AM,2,0,0,36.116020,-86.789620,I 440,,,,0.00,,,,,,,4.00,N,Not at Intersection, ,,None,,,         ,Jon,Mcvey,,,no,no,no,no,no,False
102102898,METROPOLITAN NASHVILLE POLICE DEPT,20180681920,Davidson,Nashville,8/9/2018 7:45:00 AM,3,1,0,36.251560,-86.740420,I 65,,,,0.00,,,,,,,91.30,N,Not at Intersection,N,Non-Junction,None,,,         ,Brian,Otto,Clear,Front to Rear,no,no,no,no,no,False
102102899,METROPOLITAN NASHVILLE POLICE DEPT,20180681891,Davidson,Nashville,8/9/2018 7:31:00 AM,2,0,0,36.090120,-86.703120,I 24,,,,0.00,,,,,,,55.40,N,Not at Intersection, ,Non-Junction,None,,,         ,Stephen,Soule,Clear,"Sideswipe, Same Direction",no,no,no,no,no,False
102102901,METROPOLITAN NASHVILLE POLICE DEPT,20180681995,Davidson,Nashville,8/9/2018 8:00:00 AM,2,0,0,36.171690,-86.769210,INTERSTATE DR,,,,106.00,Feet,North,JAMES ROBERTSON PKWY,,,,0.00,N,Not at Intersection,N,Entrance/Exit Ramp Related,None,,,         ,Kyle,Eicholtz,Clear,Front to Rear,no,no,no,no,yes,False
102102903,METROPOLITAN NASHVILLE POLICE DEPT,20180681792,Davidson,Goodlettsville,8/9/2018 6:44:00 AM,2,0,0,36.304090,-86.689890,GALLATIN PKEN,,,,52.00,Feet,West,RIVERGATE MARKETPLACE PVTDR,,,,0.00,N,Not at Intersection,N,Non-Junction,None,,,         ,Cyretha,Frazier,Cloudy,Front to Rear,no,no,no,no,no,False
102102906,METROPOLITAN NASHVILLE POLICE DEPT,20180681874,Davidson,Nashville,8/9/2018 7:20:00 AM,2,0,0,36.141930,-86.641510,ELM HILL PKE,,,,52.00,Feet,West,PATIO DR,,,,0.00,N,Not at Intersection,N,Non-Junction,None,,,         ,Derek,Sibley,Clear,"Sideswipe, Same Direction",no,no,no,no,no,False
102102915,METROPOLITAN NASHVILLE POLICE DEPT,20180681969,Davidson,Nashville,8/9/2018 7:58:00 AM,2,0,0,36.147230,-86.743640,I 40,,,,0.00,,,,,,,212.00,N,Not at Intersection, ,,None,,,         ,Larry,Benz,,,no,no,no,no,no,False
102102917,VANDERBILT UNIVERSITY POLICE,18-0679736,Davidson,Nashville,8/8/2018 1:35:00 PM,2,0,0,36.111850,-86.765660,STATE HWY 155,,,,0.00,,,,,,,0.00,,, ,Non-Junction,None,,,         ,Donald,Clark,Clear,Rear to Side,no,no,no,yes,no,OHO
102102918,METROPOLITAN NASHVILLE POLICE DEPT,20180681923,Davidson,Nashville,8/9/2018 7:15:00 AM,2,0,0,36.041550,-86.661000,CANE RIDGE RD,,,,0.00,,,BELL HOLLOW APTS PVTDR,,,,0.00,Y,Four-Way, ,,None,,,         ,Steven,Williams,,,no,no,no,no,no,False
102102935,METROPOLITAN NASHVILLE POLICE DEPT,20180681824,Davidson,Nashville,8/9/2018 6:31:00 AM,2,0,0,36.141170,-86.717680,I 40,,,,0.00,,,,,,,213.80,N,Not at Intersection, ,,None,,,         ,Ralph,Harvey,,,no,no,no,no,no,False
102102940,METROPOLITAN NASHVILLE POLICE DEPT,20180682028,Davidson,Antioch,8/9/2018 8:33:00 AM,2,0,0,36.009300,-86.615050,I 24,,,,0.00,,,,,,,63.00,N,Not at Intersection,N,Non-Junction,None,,,         ,Steven,Williams,Clear,Front to Rear,no,no,no,no,no,False
102102941,THP District 9 - Administrative,318052178,Davidson,Nashville,8/6/2018 8:34:00 AM,2,0,0,36.149050,-86.780410,I 40,,,,0.00,,,,,,,209.80,N,Not at Intersection, ,Non-Junction,None,,,         ,William,Goodman,Clear,Front to Rear,no,no,no,no,no,False
102102942,METROPOLITAN NASHVILLE POLICE DEPT,20180681807,Davidson,Nashville,8/9/2018 6:47:00 AM,2,0,0,36.129650,-86.902480,CHARLOTTE PKE,,,,253.00,Feet,East,DAVIDSON DR,,,,0.00,N,Not at Intersection,N,Non-Junction,None,,,         ,Benjamin,Cantrell,Clear,Front to Rear,no,no,no,no,no,False
102102944,METROPOLITAN NASHVILLE POLICE DEPT,20180682033,Davidson,Nashville,8/9/2018 8:00:00 AM,2,0,0,36.169370,-86.811740,I 40,,,,0.00,,,,,,,207.00,N,Not at Intersection, ,Non-Junction,None,,,         ,Isaac,Wood,Cloudy,Front to Rear,no,no,no,no,no,False
102102954,METROPOLITAN NASHVILLE POLICE DEPT,20180682144,Davidson,Nashville,8/9/2018 12:00:00 AM,1,0,0,36.118930,-86.719130,WIMPOLE DR,,,,149.00,Feet,West,EAST THOMPSON LN,,,,0.00,N,Not at Intersection,N,Unknown,None,,,         ,Stephen,Soule,Clear,Not Collision with Motor Vehicle in Transport,no,no,no,no,yes,False
102102957,METROPOLITAN NASHVILLE POLICE DEPT,20180682128,Davidson,Nashville,8/9/2018 9:15:00 AM,2,0,0,36.148240,-86.766350,2ND AVS,,,,110.00,Feet,South,CAMERON ST,,,,0.00,N,Not at Intersection, ,Non-Junction,None,,,         ,Todd,Watson,Clear,"Sideswipe, Same Direction",no,no,no,no,no,False