master_record_number,agency,agency_tracking_number,county,city,collision_date,vehicles_involved,number_injured,number_dead,latitude,longitude,roadway_name,roadway_suffix,roadway_number,roadway_local_id,distance_from_reference,miles-feet_indicator,direction_from_reference,intersection_road_name,intersection_road_name_suffix,intersection_road_number,intersection_local_id,mile_marker,intersection_indicator,intersect_type,interchange_related_indicator,relation_to_junction,work_zone_type,construction_maintenance_zone,construction_maintenance_zone_location,fatal_case_number,officer_first_name,officer_last_name,weather_condition(s),manner_of_crash,pedestrian,bicycle,scooter,parking,hitrun,mou
102103517,METROPOLITAN NASHVILLE POLICE DEPT,20180683421,Davidson,Nashville,8/9/2018 5:46:00 PM,2,2,0,36.112040,-86.630440,COUCHVILLE PKE,,,,55.00,Feet,West,BELL RD,,,,0.00,N,Not at Intersection,N,Non-Junction,None,,,         ,Tony,Mingsing,Cloudy,Front to Rear,no,no,no,no,no,False
102103534,METROPOLITAN NASHVILLE POLICE DEPT,20180683316,Davidson,Nashville,8/9/2018 4:58:00 PM,2,0,0,36.091360,-86.771390,FRANKLIN PKE,,,,0.00,Feet,,ELYSIAN FIELDS RD,,,,0.00,Y,T-Intersection,Y,Intersection,None,,,         ,Eric,Snyder,Cloudy,Angle,no,no,no,no,no,False
102103546,METROPOLITAN NASHVILLE POLICE DEPT,20180683557,Davidson,Antioch,8/9/2018 6:25:00 PM,2,0,0,36.034400,-86.597320,MURFREESBORO PKE,,,,1350.00,Feet,West,PARKS RETREAT DR,,,,0.00,N,Not at Intersection,N,Non-Junction,None,,,         ,Jarret,Sonnenberg,Clear,Front to Rear,no,no,no,no,no,False
102103554,METROPOLITAN NASHVILLE POLICE DEPT,20180683105,Davidson,Nashville,8/9/2018 3:55:00 PM,2,0,0,36.158360,-86.771740,KOREAN VETERANS BLVD,,,,50.00,Feet,East,1ST AVS,,,,0.00,N,Not at Intersection, ,Non-Junction,None,,,         ,Stephen,Waterman,Clear,"Sideswipe, Same Direction",no,no,no,no,no,False
102103562,METROPOLITAN NASHVILLE POLICE DEPT,20180683503,Davidson,Nashville,8/9/2018 5:20:00 PM,2,0,0,36.164750,-86.767990,KOREAN VETERANS BLVD,,,,45.00,Feet,South,SHELBY AV,,,,0.00,N,Not at Intersection, ,Non-Junction,None,,,         ,Zachary,Plese,Clear,Front to Rear,no,no,no,no,no,False
102103598,METROPOLITAN NASHVILLE POLICE DEPT,20180683632,Davidson,Nashville,8/9/2018 5:40:00 PM,2,0,0,36.052210,-86.644910,EAGLE VIEW BLVD,,,,0.00,,,BELL RD,,,,0.00,Y,T-Intersection, ,Non-Junction,None,,,         ,Ryan,Sherry,Cloudy,Front to Rear,no,no,no,no,no,False
102103601,METROPOLITAN NASHVILLE POLICE DEPT,20180683472,Davidson,Nashville,8/9/2018 4:42:00 PM,2,0,0,36.166750,-86.657850,DONELSONWOOD DR,,,,541.00,Feet,West,LEBANON PKE,,,,0.00,N,Not at Intersection, ,,None,,,         ,Trenton,Searcy,,,no,no,no,yes,no,False
102103610,METROPOLITAN NASHVILLE POLICE DEPT,20180683526,Davidson,Nashville,8/9/2018 6:01:00 PM,2,0,0,36.153500,-86.622450,BELL RD,,,,0.00,,,BELL RD PVTDR,,,,0.00,Y,T-Intersection,N,Intersection,None,,,         ,Cheri,Cox,Rain,Not Collision with Motor Vehicle in Transport,no,no,no,no,no,False
102103612,METROPOLITAN NASHVILLE POLICE DEPT,20180683069,Davidson,Nashville,8/9/2018 3:45:00 PM,2,1,0,36.086870,-86.693750,HARDING PL,,,,497.00,Feet,West,ANTIOCH PKE,,,,0.00,N,Not at Intersection,N,Non-Junction,None,,,         ,Johnathon,Birdwell,Cloudy,Front to Rear,no,no,no,no,no,False
102103616,METROPOLITAN NASHVILLE POLICE DEPT,20180683404,Davidson,Not in City Limit,8/9/2018 5:30:00 PM,1,0,0,35.990670,-86.671640,BURKITT RD,,,,428.00,Feet,East,CANONBURY DR,,,,0.00,N,Not at Intersection,N,Non-Junction,None,,,         ,James,McDugle,Cloudy,Not Collision with Motor Vehicle in Transport,no,no,no,no,no,False
102103627,METROPOLITAN NASHVILLE POLICE DEPT,20180683476,Davidson,Nashville,8/9/2018 6:00:00 PM,2,0,0,36.134040,-86.772300,WEDGEWOOD AV,,,,509.00,Feet,East,LINDELL AV,,,,0.00,N,Not at Intersection, ,Non-Junction,None,,,         ,Akira,McSwain,Clear,Front to Rear,no,no,no,no,no,False
102103628,METROPOLITAN NASHVILLE POLICE DEPT,20180683656,Davidson,Nashville,8/9/2018 7:16:00 PM,2,0,0,36.150280,-86.801640,WEST END AV,,,,142.00,Feet,West,21ST AVN,,,,0.00,N,Not at Intersection, ,Non-Junction,None,,,         ,Akira,McSwain,Clear,Front to Rear,no,no,no,no,no,Campus
102103638,METROPOLITAN NASHVILLE POLICE DEPT,20180683518,Davidson,Not in City Limit,8/9/2018 6:25:00 PM,2,1,0,36.033180,-86.595930,MURFREESBORO PKE,,,,750.00,Feet,North,PARKS RETREAT DR,,,,0.00,N,Not at Intersection,N,Non-Junction,None,,,         ,William,Durham,Cloudy,Front to Rear,no,no,no,no,no,False
102103639,METROPOLITAN NASHVILLE POLICE DEPT,20180683695,Davidson,Nashville,8/9/2018 7:30:00 PM,2,0,0,36.076980,-86.725830,EDMONDSON PKE,,,,91.00,Feet,West,WALLACE RD,,,,0.00,N,Not at Intersection,N,Non-Junction,None,,,         ,Nicholas,Carroll,Clear,Other,no,no,no,no,yes,False
102103659,METROPOLITAN NASHVILLE POLICE DEPT,20180683912,Davidson,Nashville,8/9/2018 8:58:00 PM,2,1,0,36.140650,-86.732070,I 40,,,,0.00,,,,,,,213.00,N,Not at Intersection,N,Non-Junction,None,,,         ,Samuel,Sundra,Clear,Front to Rear,no,no,no,no,yes,False
102103668,METROPOLITAN NASHVILLE POLICE DEPT,20180683875,Davidson,Nashville,8/9/2018 8:40:00 PM,1,1,0,36.168820,-86.780620,GAY ST,,,,16.00,Feet,East,3RD AVN,,,,0.00,N,Not at Intersection,N,Non-Junction,None,,,         ,Zachary,Plese,Clear,Not Collision with Motor Vehicle in Transport,no,yes,no,no,yes,False
102103669,METROPOLITAN NASHVILLE POLICE DEPT,20180683658,Davidson,Nashville,8/9/2018 5:49:00 PM,3,0,0,36.100930,-86.730990,ANTIOCH PKE,,,,111.00,Feet,West,SOUTHLAKE DR,,,,0.00,N,Not at Intersection, ,Non-Junction,None,,,         ,Je-Marc,Sears,Clear,Front to Rear,no,no,no,no,no,False
102103692,METROPOLITAN NASHVILLE POLICE DEPT,20180682898,Davidson,Nashville,8/9/2018 2:37:00 PM,1,1,0,36.122220,-86.853470,HILLWOOD BLVD,,,,407.00,Feet,South,WILSONIA AV,,,,0.00,N,Not at Intersection,N,Non-Junction,None,,,         ,Jeremy,Huffine,Clear,Not Collision with Motor Vehicle in Transport,no,no,no,no,no,False
102103715,METROPOLITAN NASHVILLE POLICE DEPT,20180683111,Davidson,Nashville,8/9/2018 3:05:00 PM,3,0,0,36.143360,-86.703410,I 40,,,,0.00,,,,,,,214.55,N,Not at Intersection,N,Non-Junction,None,,,         ,Dontaveous,Eubanks,Clear,Front to Rear,no,no,no,no,no,False
102103716,METROPOLITAN NASHVILLE POLICE DEPT,20180683958,Davidson,Nashville,8/9/2018 7:20:00 PM,2,0,0,36.132790,-86.893040,CHARLOTTE PKE,,,,120.00,Feet,East,I40 E ENT RAMP,,,,0.00,N,Not at Intersection, ,Non-Junction,None,,,         ,Kelby,Dumond,Clear,"Sideswipe, Same Direction",no,no,no,no,no,False
102103728,METROPOLITAN NASHVILLE POLICE DEPT,20180682935,Davidson,Goodlettsville,8/9/2018 2:17:00 PM,2,0,0,36.294920,-86.700940,GALLATIN PKEN,,,,0.00,,,RIVERGATE STATION PVTDR,,,,0.00,Y,Four-Way, ,Intersection,None,,,         ,Joel,Callies,Clear,"Sideswipe, Same Direction",no,no,no,no,no,False
102103729,METROPOLITAN NASHVILLE POLICE DEPT,20180683985,Davidson,Nashville,8/9/2018 6:55:00 PM,2,0,0,36.046180,-86.674130,BLUE HOLE RD,,,,175.00,Feet,North,BELL RD,,,,0.00,N,Not at Intersection, ,Non-Junction,None,,,         ,Ryan,Sherry,Cloudy,Angle,no,no,no,no,no,False
102103732,METROPOLITAN NASHVILLE POLICE DEPT,20180683492,Davidson,Nashville,8/9/2018 4:36:00 PM,2,0,0,36.129720,-86.714420,MILLWOOD DR,,,,117.00,Feet,North,MURFREESBORO PKE,,,,0.00,N,Not at Intersection,N,Non-Junction,None,,,         ,Dontaveous,Eubanks,Clear,Angle,no,no,no,no,yes,False
102103746,METROPOLITAN NASHVILLE POLICE DEPT,20180683851,Davidson,Nashville,8/9/2018 8:29:00 PM,2,3,0,36.077090,-86.725560,EDMONDSON PKE,,,,0.00,,,NOLENSVILLE PKE,,,,0.00,Y,OTHER,N,Intersection-Related,None,,,         ,Charles,Ward,Clear,Other,no,no,no,no,no,False
102103815,METROPOLITAN NASHVILLE POLICE DEPT,20180684214,Davidson,Nashville,8/9/2018 7:55:00 PM,2,0,0,36.141240,-86.666530,DONELSON PKE,,,,319.00,Feet,North,I40 W EXT RAMP,,,,0.00,N,Not at Intersection,Y,Entrance/Exit Ramp Related,None,,,         ,Bradley,Pope,Clear,Front to Rear,no,no,no,no,no,False
102103817,METROPOLITAN NASHVILLE POLICE DEPT,20180684132,Davidson,Not in City Limit,8/9/2018 10:55:00 PM,1,0,0,36.295550,-86.810860,I 24,,,,0.00,,,,,,,39.10,N,Not at Intersection,N,Non-Junction,None,,,         ,Jacob,Dick,Rain,Not Collision with Motor Vehicle in Transport,no,no,no,no,no,False
102103819,METROPOLITAN NASHVILLE POLICE DEPT,20180684181,Davidson,Not in City Limit,8/9/2018 11:29:00 PM,1,1,0,36.276590,-86.799170,I 24,,,,0.00,,,,,,,40.60,N,Not at Intersection,N,Non-Junction,None,,,         ,Fabjan,Llukaj,Rain,Not Collision with Motor Vehicle in Transport,no,no,no,no,no,False
102103820,METROPOLITAN NASHVILLE POLICE DEPT,20180684119,Davidson,Nashville,8/9/2018 10:50:00 PM,2,0,0,36.173980,-86.770610,I 24,,,,0.00,,,,,,,48.15,N,Not at Intersection,N,Non-Junction,None,,,         ,Kelcey,Bell,Rain,Front to Rear,no,no,no,no,no,False
102103826,METROPOLITAN NASHVILLE POLICE DEPT,20180684121,Davidson,Berry Hill,8/9/2018 10:15:00 PM,2,0,0,36.112330,-86.767020,THOMPSON LN,,,,0.00,,,BRANSFORD AV,,,,0.00,Y,Four-Way,Y,Intersection-Related,None,,,         ,Alberta,Auguste,Rain,Angle,no,no,no,no,no,False
102103827,METROPOLITAN NASHVILLE POLICE DEPT,20180684307,Davidson,Nashville,8/10/2018 12:00:00 AM,1,0,0,36.086870,-86.730230,NOLENSVILLE PKE,,,,0.00,,,ELYSIAN FIELDS CT,,,,0.00,Y,Four-Way,N,Intersection,None,,,         ,Ty,Cummings,Rain,Not Collision with Motor Vehicle in Transport,no,no,no,no,yes,False
102103842,METROPOLITAN NASHVILLE POLICE DEPT,20180684167,Davidson,Nashville,8/9/2018 11:16:00 PM,2,4,0,36.061160,-86.681110,I 24,,,,0.00,,,,,,,57.75,N,Not at Intersection,N,Non-Junction,None,,,         ,Kevin,Breeding,Rain,Not Collision with Motor Vehicle in Transport,no,no,no,no,no,False
102103847,METROPOLITAN NASHVILLE POLICE DEPT,20180684178,Davidson,Nashville,8/9/2018 10:55:00 PM,1,0,0,36.113490,-86.724250,I24 E EXT RAMP,,,,0.00,Feet,East,I 24,,,,0.00,N,Not at Intersection,N,Non-Junction,None,,,         ,Sharissa,Perez,Rain,Not Collision with Motor Vehicle in Transport,no,no,no,no,no,False
102103862,METROPOLITAN NASHVILLE POLICE DEPT,20180684415,Davidson,Nashville,8/10/2018 1:38:00 AM,2,0,0,36.170400,-86.768450,INTERSTATE DR,,,,0.00,Feet,,WOODLAND ST,,,,0.00,Y,Four-Way,N,Intersection,None,,,         ,Kelcey,Bell,Clear,Angle,no,no,no,no,no,False
102103865,METROPOLITAN NASHVILLE POLICE DEPT,20180684373,Davidson,Nashville,8/9/2018 7:40:00 PM,2,0,0,36.071760,-86.688050,BAKERTOWN RD,,,,489.00,Feet,West,HAYSTACK LN,,,,0.00,N,Not at Intersection,N,Non-Junction,None,,,         ,Antoine,Maghamez,Cloudy,"Sideswipe, Same Direction",no,no,no,no,yes,False
102103889,METROPOLITAN NASHVILLE POLICE DEPT,20180684511,Davidson,Nashville,8/10/2018 2:46:00 AM,1,0,0,36.197130,-86.776190,I 65,,,,0.00,,,,,,,86.70,N,Not at Intersection,N,Non-Junction,None,,,         ,John,Deiterick,Clear,Not Collision with Motor Vehicle in Transport,no,no,no,no,yes,False
102103890,Nashville Airport Police,2018-03004,Davidson,Nashville,8/1/2018 10:53:00 PM,2,0,0,36.139620,-86.666590,SATELLITE WAY,,,,248.00,Feet,East,DONELSON PKE,,,,0.00,N,Not at Intersection, ,SharedUsePathOrTrail,None,,,         ,Ronald,Allen,Clear,Front to Rear,no,no,no,yes,no,False
102103892,METROPOLITAN NASHVILLE POLICE DEPT,20180684572,Davidson,Nashville,8/10/2018 2:00:00 AM,2,1,0,36.077110,-86.713270,TORBAY DR,,,,608.00,Feet,South,HUMBER DR,,,,0.00,N,Not at Intersection,N,Non-Junction,None,,,         ,Nathan,Braden,Rain,Front to Rear,no,no,no,no,no,False
102103911,METROPOLITAN NASHVILLE POLICE DEPT,20180684657,Davidson,Not in City Limit,8/10/2018 12:00:00 AM,1,0,0,36.261420,-86.816110,KNIGHT DR,,,,1.13,Miles,North,WHITES CREEK PKE,,,,0.00,N,Not at Intersection,N,Non-Junction,None,,,         ,Jacob,Dick,Clear,Unknown,no,no,no,no,yes,False
102103931,METROPOLITAN NASHVILLE POLICE DEPT,20180684276,Davidson,Nashville,8/10/2018 12:00:00 AM,2,1,0,36.050830,-86.668230,I 24,,,,0.00,,,,,,,58.80,N,Not at Intersection,N,Non-Junction,None,,,         ,Jefferson,Hughes,Rain,Front to Rear,no,no,no,no,no,False
102103932,METROPOLITAN NASHVILLE POLICE DEPT,20180684239,Davidson,Nashville,8/9/2018 11:27:00 PM,1,0,0,36.050830,-86.668230,I 24,,,,0.00,,,,,,,58.80,N,Not at Intersection,N,Non-Junction,None,,,         ,Jefferson,Hughes,Rain,Not Collision with Motor Vehicle in Transport,no,no,no,no,no,False
102103933,METROPOLITAN NASHVILLE POLICE DEPT,20180684189,Davidson,Nashville,8/9/2018 11:27:00 PM,1,0,0,36.050830,-86.668230,I 24,,,,0.00,,,,,,,58.80,N,Not at Intersection, ,Non-Junction,None,,,         ,Jefferson,Hughes,Rain,Not Collision with Motor Vehicle in Transport,no,no,no,no,no,False
102103944,METROPOLITAN NASHVILLE POLICE DEPT,20180684856,Davidson,Nashville,8/10/2018 5:45:00 AM,2,0,0,36.238080,-86.786110,BRILEY PKWYW,,,,64.00,Feet,East,I24 E EXT RAMP,,,,0.00,N,Not at Intersection, ,Non-Junction,None,,,         ,Bryant,Presley,Clear,"Sideswipe, Same Direction",no,no,no,no,no,False
102103966,METROPOLITAN NASHVILLE POLICE DEPT,20180684964,Davidson,Nashville,8/10/2018 6:00:00 AM,1,0,0,36.090210,-86.703190,I 24,,,,0.00,,,,,,,55.40,N,Not at Intersection, ,Non-Junction,None,,,         ,Michael,Dudley,Cloudy,Not Collision with Motor Vehicle in Transport,no,no,no,no,no,False
102103969,METROPOLITAN NASHVILLE POLICE DEPT,20180684931,Davidson,Nashville,8/10/2018 6:40:00 AM,2,1,0,36.137580,-86.800800,BLAKEMORE AV,,,,12.00,Feet,West,WEDGEWOOD AV,,,,0.00,N,Not at Intersection,N,Non-Junction,None,,,         ,Jon,Mcvey,Cloudy,Front to Rear,no,no,no,no,no,Campus
102104016,METROPOLITAN NASHVILLE POLICE DEPT,20180684948,Davidson,Nashville,8/10/2018 6:42:00 AM,2,1,0,36.204430,-86.614820,LEBANON PKE,,,,100.00,Feet,South,BELINDA DR,,,,0.00,N,Not at Intersection,N,Non-Junction,None,,,         ,Michael,Brooks,Cloudy,Front to Rear,no,no,no,no,no,False
102104059,METROPOLITAN NASHVILLE POLICE DEPT,20180685043,Davidson,Nashville,8/10/2018 7:30:00 AM,2,0,0,36.141450,-86.667330,I 40,,,,0.00,,,,,,,218.00,N,Not at Intersection,N,Non-Junction,None,,,         ,Larry,Benz,Cloudy,Front to Rear,no,no,no,no,no,False
102104065,METROPOLITAN NASHVILLE POLICE DEPT,20180684950,Davidson,Nashville,8/10/2018 6:18:00 AM,2,0,0,36.137200,-86.699670,BRILEY PKWY,,,,0.00,,,GLASTONBURY RD,,,,0.00,Y,T-Intersection,N,Intersection,None,,,         ,Terry,Denton,Cloudy,Angle,no,no,no,no,no,False
102104095,METROPOLITAN NASHVILLE POLICE DEPT,20180684952,Davidson,Nashville,8/10/2018 6:19:00 AM,2,0,0,36.095250,-86.707290,I 24,,,,0.00,,,,,,,55.00,N,Not at Intersection,N,Non-Junction,None,,,         ,Jessie,Meadows,Clear,"Sideswipe, Same Direction",no,no,no,no,yes,False
102104099,METROPOLITAN NASHVILLE POLICE DEPT,20180685001,Davidson,Nashville,8/10/2018 12:00:00 AM,3,1,0,36.046700,-86.661100,I 24,,,,0.00,,,,,,,59.25,N,Not at Intersection,N,Non-Junction,None,,,         ,Jason,Milyaro Lucas,Clear,Front to Rear,no,no,no,no,no,False
102104110,METROPOLITAN NASHVILLE POLICE DEPT,20180685274,Davidson,Nashville,8/10/2018 9:04:00 AM,2,0,0,36.156000,-86.798260,18TH AVN,,,,0.00,,,STATE ST,,,,0.00,Y,Four-Way, ,Intersection,None,,,         ,William,Caillouette,Cloudy,Front to Rear,no,no,no,no,no,False
102104111,METROPOLITAN NASHVILLE POLICE DEPT,20180684981,Davidson,Not in City Limit,8/10/2018 6:55:00 AM,3,1,0,35.991080,-86.683390,NOLENSVILLE RD,,,,53.00,Feet,South,BURKITT RD,,,,0.00,N,Not at Intersection, ,Non-Junction,None,,,         ,Amy,Hirschmann,Unknown,Front to Rear,no,no,no,no,no,False
102104121,METROPOLITAN NASHVILLE POLICE DEPT,20180685148,Davidson,Nashville,8/10/2018 8:15:00 AM,2,0,0,36.160370,-86.794510,CHARLOTTE AV,,,,280.00,Feet,West,14TH AVN,,,,0.00,N,Not at Intersection,N,Non-Junction,None,,,         ,Timothy,Skopek,Cloudy,Angle,no,no,no,no,no,False
102104130,METROPOLITAN NASHVILLE POLICE DEPT,20180685065,Davidson,Nashville,8/10/2018 7:45:00 AM,2,2,0,36.149690,-86.779180,DIVISION ST,,,,0.00,,,8TH AVS,,,,0.00,Y,Four-Way,N,Intersection,None,,,         ,Andrew,Richey,Cloudy,"Sideswipe, Same Direction",no,no,no,no,no,False
102104133,METROPOLITAN NASHVILLE POLICE DEPT,20180684970,Davidson,Nashville,8/10/2018 6:40:00 AM,2,0,0,36.094350,-86.706560,I 24,,,,0.00,,,,,,,55.00,N,Not at Intersection, ,Non-Junction,None,,,         ,Jessie,Meadows,Clear,Front to Rear,no,no,no,no,no,False
102104140,METROPOLITAN NASHVILLE POLICE DEPT,20180685125,Davidson,Nashville,8/10/2018 8:30:00 AM,2,0,0,36.171800,-86.768040,JAMES ROBERTSON PKWY,,,,0.00,,,ELLINGTON PKWY N ENT RAMP,,,,0.00,Y,OTHER, ,,None,,,         ,Cody,O'Quinn,,,no,no,no,no,no,False
102104143,METROPOLITAN NASHVILLE POLICE DEPT,20180679648,Davidson,Nashville,8/8/2018 12:33:00 PM,2,0,0,36.161300,-86.784520,9TH AVN,,,,0.00,,,CHURCH ST,,,,0.00,Y,Four-Way, ,Intersection,None,,,         ,Cory,West,Clear,Front to Rear,no,no,no,no,no,False
102104164,METROPOLITAN NASHVILLE POLICE DEPT,20180685285,Davidson,Nashville,8/10/2018 9:05:00 AM,1,1,0,36.240630,-86.751090,BRILEY PKWYE,,,,0.00,,,I65 N ENT RAMP,,,,0.00,Y,OTHER,N,Non-Junction,None,,,         ,Peter,Lynch,Rain,Not Collision with Motor Vehicle in Transport,no,no,no,no,no,False
102104168,METROPOLITAN NASHVILLE POLICE DEPT,20180685084,Davidson,Not in City Limit,8/10/2018 6:45:00 AM,2,0,0,36.019870,-86.652560,HASKELL DR,,,,80.00,Feet,West,HASKELL LN,,,,0.00,N,Not at Intersection, ,Non-Junction,None,,,         ,Jessie,Meadows,Clear,Unknown,no,no,no,no,yes,False
102104178,METROPOLITAN NASHVILLE POLICE DEPT,20180685211,Davidson,Joelton,8/10/2018 8:30:00 AM,2,3,0,36.377090,-86.893710,WHITES CREEK PKE,,,,0.00,,,COOPERTOWN RD,,,,0.00,Y,T-Intersection,Y,Intersection,None,,,         ,Brent,Hedgcoth,Rain,Angle,no,no,no,no,no,False
102104182,METROPOLITAN NASHVILLE POLICE DEPT,20180685109,Davidson,Nashville,8/10/2018 7:57:00 AM,2,0,0,36.215120,-86.597670,LEBANON PKE,,,,0.00,,,ANDREW JACKSON PKWY,,,,0.00,Y,Four-Way, ,Intersection,None,,,         ,Michael,Dance,Cloudy,Front to Rear,no,no,no,no,no,False
102104222,METROPOLITAN NASHVILLE POLICE DEPT,20180685503,Davidson,Nashville,8/10/2018 10:30:00 AM,2,0,0,36.150790,-86.795170,DIVISION ST,,,,195.00,Feet,East,19TH AVS,,,,0.00,N,Not at Intersection, ,Non-Junction,None,,,         ,Jon,Mcvey,Rain,Front to Rear,no,no,no,no,no,False
102104242,METROPOLITAN NASHVILLE POLICE DEPT,20180685506,Davidson,Nashville,8/10/2018 10:30:00 AM,1,1,0,36.154240,-86.784520,11TH AVS,,,,66.00,Feet,North,LAUREL ST,,,,0.00,N,Not at Intersection, ,Non-Junction,None,,,         ,Tony,Folad,Rain,Not Collision with Motor Vehicle in Transport,yes,no,no,no,yes,False
102104245,METROPOLITAN NASHVILLE POLICE DEPT,20180685570,Davidson,Nashville,8/10/2018 10:58:00 AM,2,0,0,36.183350,-86.748570,GALLATIN AV,,,,0.00,,,W EASTLAND AV,,,,0.00,Y,T-Intersection,N,Non-Junction,None,,,         ,David,Collins,Rain,Front to Rear,no,no,no,no,yes,False
102104254,METROPOLITAN NASHVILLE POLICE DEPT,20180685534,Davidson,Nashville,8/10/2018 10:21:00 AM,2,0,0,36.152500,-86.851200,53RD AVN,,,,167.00,Feet,South,ALABAMA AV,,,,0.00,N,Not at Intersection, ,Non-Junction,None,,,         ,Curtis,Rich,Rain,Angle,no,no,no,yes,yes,False
102104261,METROPOLITAN NASHVILLE POLICE DEPT,20180685546,Davidson,Nashville,8/10/2018 10:15:00 AM,2,0,0,36.206010,-86.768560,DICKERSON PKE,,,,47.00,Feet,North,E TRINITY LN,,,,0.00,N,Not at Intersection,N,Unknown,None,,,         ,Erik,Nash,Rain,Front to Rear,no,no,no,no,yes,False
102104262,METROPOLITAN NASHVILLE POLICE DEPT,20180685187,Davidson,Not in City Limit,8/10/2018 8:22:00 AM,1,0,0,36.006230,-86.634610,RED APPLE RD,,,,372.00,Feet,West,OCTOBER WOODS DR,,,,0.00,N,Not at Intersection, ,Non-Junction,None,,,         ,Jessie,Meadows,Clear,Not Collision with Motor Vehicle in Transport,no,no,no,no,no,False
102104264,GOODLETTSVILLE POLICE DEPT,18-28072,Davidson,Goodlettsville,8/10/2018 9:45:00 AM,2,0,0,36.318300,-86.700530,CONFERENCE DR,,,,0.00,,,NORTHCREEK BLVD,,,,0.00,Y,T-Intersection,N,Non-Junction,None,,,         ,George,Forbes,Rain,Not Collision with Motor Vehicle in Transport,no,no,no,no,no,False
102104266,METROPOLITAN NASHVILLE POLICE DEPT,20180685585,Davidson,Nashville,8/10/2018 11:00:00 AM,2,0,0,36.045740,-86.674350,BELL RD,,,,0.00,Feet,,BLUE HOLE RD,,,,0.00,Y,Four-Way,N,Intersection,None,,,         ,Thomas,White,Cloudy,Front to Rear,no,no,no,no,yes,False
102104269,METROPOLITAN NASHVILLE POLICE DEPT,20180685485,Davidson,Nashville,8/10/2018 10:23:00 AM,2,0,0,36.140570,-86.722580,I 40,,,,0.00,,,,,,,213.50,N,Not at Intersection, ,Non-Junction,None,,,         ,Ralph,Harvey,Rain,Front to Rear,no,no,no,no,no,False
102104299,METROPOLITAN NASHVILLE POLICE DEPT,20180685645,Davidson,Nashville,8/10/2018 11:55:00 AM,2,0,0,36.126800,-86.845930,HARDING PKE,,,,172.00,Feet,West,RIDGEFIELD WAY,,,,0.00,N,Not at Intersection, ,Non-Junction,None,,,         ,Curtis,Rich,Rain,Rear to Side,no,no,no,yes,yes,False
102104319,METROPOLITAN NASHVILLE POLICE DEPT,20180685615,Davidson,Nashville,8/10/2018 11:15:00 AM,2,1,0,36.155100,-86.808000,LESLIE AV,,,,325.00,Feet,East,23RD AVN,,,,0.00,N,Not at Intersection,N,Non-Junction,None,,,         ,Timothy,Skopek,Cloudy,Front to Rear,no,no,no,no,no,False
102104332,METROPOLITAN NASHVILLE POLICE DEPT,20180685661,Davidson,Nashville,8/10/2018 11:45:00 AM,2,0,0,36.132650,-86.727160,I 24,,,,0.00,,,,,,,52.00,N,Not at Intersection, ,Non-Junction,None,,,         ,Todd,Watson,Rain,Front to Rear,no,no,no,no,no,False
102104333,METROPOLITAN NASHVILLE POLICE DEPT,20180685660,Davidson,Nashville,8/10/2018 11:52:00 AM,2,0,0,36.209920,-86.686150,MCGAVOCK PKE,,,,485.00,Feet,South,BROWNWOOD DR,,,,0.00,N,Not at Intersection, ,Non-Junction,None,,,         ,Steven,Rowlett,Rain,Front to Rear,no,no,no,no,no,False
102104338,METROPOLITAN NASHVILLE POLICE DEPT,20180685684,Davidson,Nashville,8/10/2018 11:55:00 AM,2,0,0,36.133600,-86.726760,I 24,,,,0.00,,,,,,,52.05,N,Not at Intersection, ,Non-Junction,None,,,         ,Michael,Dudley,Rain,Front to Rear,no,no,no,no,no,False
102104344,METROPOLITAN NASHVILLE POLICE DEPT,20180685539,Davidson,Nashville,8/10/2018 10:44:00 AM,3,0,0,36.084810,-86.728180,NOLENSVILLE PKE,,,,10.00,Feet,South,PARAGON MILLS RD,,,,0.00,N,Not at Intersection, ,Non-Junction,None,,,         ,James,Thomas,Rain,Angle,no,no,no,no,no,False
102104365,METROPOLITAN NASHVILLE POLICE DEPT,20180685300,Davidson,Nashville,8/10/2018 9:10:00 AM,2,0,0,36.118710,-86.729110,GLENROSE AV,,,,216.00,Feet,South,DODGE DR,,,,0.00,N,Not at Intersection,N,Non-Junction,None,,,         ,Jessie,Meadows,Clear,Front to Rear,no,no,no,no,yes,False
102104401,METROPOLITAN NASHVILLE POLICE DEPT,20180685778,Davidson,Nashville,8/10/2018 12:50:00 PM,2,0,0,36.181670,-86.774080,DICKERSON PKE,,,,0.00,,,N 1ST ST,,,,0.00,Y,Y-Intersection, ,Intersection-Related,None,,,         ,Erik,Nash,Cloudy,"Sideswipe, Same Direction",no,no,no,no,no,False
102104403,METROPOLITAN NASHVILLE POLICE DEPT,20180685453,Davidson,Nashville,8/10/2018 10:15:00 AM,2,0,0,36.089740,-86.702810,I 24,,,,0.00,,,,,,,55.40,N,Not at Intersection, ,Non-Junction,None,,,         ,Jessie,Meadows,Clear,"Sideswipe, Same Direction",no,no,no,no,no,False