master_record_number,agency,agency_tracking_number,county,city,collision_date,vehicles_involved,number_injured,number_dead,latitude,longitude,roadway_name,roadway_suffix,roadway_number,roadway_local_id,distance_from_reference,miles-feet_indicator,direction_from_reference,intersection_road_name,intersection_road_name_suffix,intersection_road_number,intersection_local_id,mile_marker,intersection_indicator,intersect_type,interchange_related_indicator,relation_to_junction,work_zone_type,construction_maintenance_zone,construction_maintenance_zone_location,fatal_case_number,officer_first_name,officer_last_name,weather_condition(s),manner_of_crash,pedestrian,bicycle,scooter,parking,hitrun,mou
102105510,METROPOLITAN NASHVILLE POLICE DEPT,20180686615,Davidson,Nashville,8/10/2018 6:55:00 PM,2,2,0,36.170110,-86.797610,I 40,,,,0.00,,,,,,,208.00,N,Not at Intersection,N,Non-Junction,None,,,         ,Shannon,Forsyth,Clear,Front to Rear,no,no,no,no,no,False
102105538,METROPOLITAN NASHVILLE POLICE DEPT,20180686502,Davidson,Nashville,8/10/2018 4:40:00 PM,2,0,0,36.167410,-86.662500,LEBANON PKE,,,,259.00,Feet,East,DONELSON PKE,,,,0.00,N,Not at Intersection, ,Non-Junction,None,,,         ,Allyson,Reis,Clear,"Sideswipe, Same Direction",no,no,no,no,no,False
102105566,METROPOLITAN NASHVILLE POLICE DEPT,20180686661,Davidson,Not in City Limit,8/10/2018 7:15:00 PM,1,1,0,36.326610,-86.887570,I 24,,,,0.00,,,,,,,33.90,N,Not at Intersection,N,Non-Junction,None,,,         ,Andrey,Volfson,Clear,Not Collision with Motor Vehicle in Transport,no,no,no,no,no,False
102105567,METROPOLITAN NASHVILLE POLICE DEPT,20180686790,Davidson,Nashville,8/10/2018 8:07:00 PM,2,0,0,36.087020,-86.648310,NASHBORO BLVD,,,,115.00,Feet,East,MURFREESBORO PKE,,,,0.00,N,Not at Intersection, ,Non-Junction,None,,,         ,Tony,Mingsing,Clear,Angle,no,no,no,no,no,False
102105571,METROPOLITAN NASHVILLE POLICE DEPT,2018-0686703,Davidson,Nashville,8/10/2018 7:30:00 PM,2,1,0,36.155500,-86.790040,BROADWAY,,,,107.00,Feet,West,14TH AVS,,,,0.00,N,Not at Intersection, ,Non-Junction,None,,,         ,John,Roberson,Clear,Front to Rear,no,no,no,no,no,False
102105572,METROPOLITAN NASHVILLE POLICE DEPT,20180686653,Davidson,Nashville,8/10/2018 5:53:00 PM,2,1,0,36.133800,-86.722240,MURFREESBORO PKE,,,,123.00,Feet,East,PLUS PARK BLVD,,,,0.00,N,Not at Intersection,Y,Non-Junction,None,,,         ,Seth,Vaughn,Clear,Angle,no,no,no,no,no,False
102105621,METROPOLITAN NASHVILLE POLICE DEPT,20180686552,Davidson,Nashville,8/10/2018 4:00:00 PM,3,0,0,36.124990,-86.752200,ROSEDALE AV,,,,0.00,Feet,East,NOLENSVILLE PKE,,,,0.00,N,Not at Intersection, ,Non-Junction,None,,,         ,Ciarra,Rench,Clear,Angle,no,no,no,no,no,False
102105661,METROPOLITAN NASHVILLE POLICE DEPT,20180686033,Davidson,Nashville,8/10/2018 2:20:00 PM,2,0,0,36.139090,-86.819370,WEST END AV,,,,119.00,Feet,South,ORLEANS DR,,,,0.00,N,Not at Intersection,N,Non-Junction,None,,,         ,Akira,McSwain,Clear,Angle,no,no,no,no,no,False
102105662,METROPOLITAN NASHVILLE POLICE DEPT,20180686350,Davidson,Nashville,8/10/2018 5:00:00 PM,3,0,0,36.081450,-86.759660,HARDING PL,,,,406.00,Feet,West,TROUSDALE DR,,,,0.00,N,Not at Intersection,N,Non-Junction,None,,,         ,Akira,McSwain,Clear,Front to Rear,no,no,no,no,no,False
102105663,METROPOLITAN NASHVILLE POLICE DEPT,20180686558,Davidson,Nashville,8/10/2018 6:25:00 PM,3,0,0,36.049960,-86.713930,NOLENSVILLE PKE,,,,151.00,Feet,North,ASH GROVE DR,,,,0.00,N,Not at Intersection, ,Non-Junction,None,,,         ,Akira,McSwain,Clear,Front to Rear,no,no,no,no,no,False
102105664,METROPOLITAN NASHVILLE POLICE DEPT,20180686937,Davidson,Nashville,8/10/2018 9:00:00 PM,1,0,0,36.086610,-86.772510,BATTERY LN,,,,161.00,Feet,West,FRANKLIN PKE,,,,0.00,N,Not at Intersection,N,Non-Junction,Construction Zone,Laneclosure,Activity Area,         ,Akira,McSwain,Clear,Not Collision with Motor Vehicle in Transport,no,no,no,no,yes,False
102105675,METROPOLITAN NASHVILLE POLICE DEPT,20180686448,Davidson,Nashville,8/10/2018 5:43:00 PM,2,1,0,36.163220,-86.761700,I 24,,,,0.00,,,,,,,49.25,N,Not at Intersection,N,Non-Junction,None,,,         ,Marc,Kozen,Clear,Front to Rear,no,no,no,no,no,False
102105685,METROPOLITAN NASHVILLE POLICE DEPT,20180687030,Davidson,Antioch,8/10/2018 9:10:00 PM,2,1,0,36.016610,-86.619940,OLD HICKORY BLVD,,,,90.00,Feet,South,FIRESTONE PKWY,,,,0.00,N,Not at Intersection,N,Non-Junction,None,,,         ,Ian,Swander,Clear,Front to Rear,no,no,no,no,yes,False
102105738,METROPOLITAN NASHVILLE POLICE DEPT,20180686979,Davidson,Nashville,8/10/2018 9:20:00 PM,1,1,0,36.031160,-86.639030,I 24,,,,0.00,,,,,,,60.90,N,Not at Intersection,N,Non-Junction,None,,,         ,Richard,Olive,Clear,Not Collision with Motor Vehicle in Transport,no,no,no,no,no,False
102105758,METROPOLITAN NASHVILLE POLICE DEPT,20180687027,Davidson,Nashville,8/10/2018 12:20:00 PM,1,1,0,36.159480,-86.660930,HASTINGS RD,,,,458.00,Feet,East,KENT RD,,,,0.00,N,Not at Intersection,N,Non-Junction,None,,,         ,Allyson,Reis,Clear,Not Collision with Motor Vehicle in Transport,yes,no,no,yes,no,False
102105853,METROPOLITAN NASHVILLE POLICE DEPT,20180686600,Davidson,Nashville,8/10/2018 6:48:00 PM,2,0,0,36.123270,-86.717300,EAST THOMPSON LN,,,,355.00,Feet,North,LAWNDALE DR,,,,0.00,N,Not at Intersection,N,Non-Junction,None,,,         ,Jarret,Sonnenberg,Clear,Not Collision with Motor Vehicle in Transport,no,no,no,no,yes,False
102105863,METROPOLITAN NASHVILLE POLICE DEPT,20180687114,Davidson,Nashville,8/10/2018 10:20:00 PM,1,1,0,36.140400,-86.783220,RESERVOIR CT,,,,279.00,Feet,North,HILLSIDE AV,,,,0.00,N,Not at Intersection,N,Non-Junction,None,,,         ,Eric,Burford,Clear,Not Collision with Motor Vehicle in Transport,yes,no,no,yes,yes,False
102105881,METROPOLITAN NASHVILLE POLICE DEPT,20180687110,Davidson,Nashville,8/10/2018 10:17:00 PM,3,0,0,36.164860,-86.767910,S 2ND ST,,,,0.00,,,SHELBY AV,,,,0.00,Y,Four-Way,N,Intersection,None,,,         ,Zachary,Plese,Clear,Angle,no,no,no,no,no,False
102105886,METROPOLITAN NASHVILLE POLICE DEPT,20180687045,Davidson,Nashville,8/10/2018 12:00:00 AM,2,0,0,36.169100,-86.766300,I 24,,,,0.00,,,,,,,48.75,N,Not at Intersection, ,Non-Junction,Work Zone,,,         ,Trevor,Taylor,Clear,Front to Rear,no,no,no,no,no,False
102105887,METROPOLITAN NASHVILLE POLICE DEPT,20180687121,Davidson,Nashville,8/10/2018 12:00:00 AM,2,0,0,36.169100,-86.766300,I 24,,,,0.00,,,,,,,48.75,N,Not at Intersection, ,Non-Junction,Work Zone,,,         ,Trevor,Taylor,Clear,Front to Rear,no,no,no,no,no,False
102105948,METROPOLITAN NASHVILLE POLICE DEPT,20180686951,Davidson,Nashville,8/10/2018 9:00:00 PM,2,0,0,36.204870,-86.588090,STONER MILL LN,,,,7.00,Feet,South,LEESA ANN LN,,,,0.00,N,Not at Intersection,N,Non-Junction,None,,,         ,Marvis,Malone,Clear,Angle,no,no,no,no,no,False
102105949,METROPOLITAN NASHVILLE POLICE DEPT,20180687149,Davidson,Nashville,8/10/2018 10:33:00 PM,2,0,0,36.156470,-86.631280,I40 W EXT RAMP,,,,0.00,,,I 40,,,,0.00,Y,Four-Way, ,Intersection,None,,,         ,Bridget,Griepentrog,Clear,Front to Rear,no,no,no,no,no,False
102105950,METROPOLITAN NASHVILLE POLICE DEPT,20180687147,Davidson,Nashville,8/10/2018 10:40:00 PM,2,0,0,36.217080,-86.696380,MCGAVOCK PKE,,,,0.00,Feet,,MUSIC VALLEY DR,,,,0.00,Y,Four-Way,N,Intersection,None,,,         ,Jason,Kedzierski,Clear,Angle,no,no,no,no,no,False
102106016,METROPOLITAN NASHVILLE POLICE DEPT,20180687338,Davidson,Nashville,8/10/2018 8:45:00 PM,2,0,0,36.049080,-86.648360,MT VIEW RD,,,,468.00,Feet,East,BELL RD,,,,0.00,N,Not at Intersection, ,Non-Junction,None,,,         ,Kevin,Breeding,Clear,Angle,no,no,no,yes,no,False
102106043,METROPOLITAN NASHVILLE POLICE DEPT,20180687261,Davidson,Nashville,8/10/2018 9:00:00 PM,2,0,0,36.034800,-86.674870,BRIAN CIR,,,,291.00,Feet,South,OAK HIGHLAND DR,,,,0.00,N,Not at Intersection,N,Non-Junction,None,,,         ,Kaleb,Stella,Clear,Front to Rear,no,no,no,no,no,False
102106044,METROPOLITAN NASHVILLE POLICE DEPT,20180687426,Davidson,Nashville,8/11/2018 1:22:00 AM,2,0,0,36.149700,-86.797100,DIVISION ST,,,,131.00,Feet,West,LYLE AV,,,,0.00,N,Not at Intersection, ,Non-Junction,None,,,         ,Dakota,Vermillion,Clear,"Sideswipe, Same Direction",no,no,no,no,no,False
102106047,METROPOLITAN NASHVILLE POLICE DEPT,20180687327,Davidson,Nashville,8/11/2018 12:26:00 AM,3,2,0,36.195520,-86.775550,FERN AV,,,,22.00,Feet,South,WHITES CREEK PKE,,,,0.00,N,Not at Intersection,N,Non-Junction,None,,,         ,Juan,Gonzalez,Clear,Front to Rear,no,no,no,no,no,False
102106061,METROPOLITAN NASHVILLE POLICE DEPT,20180687487,Davidson,Not in City Limit,8/11/2018 12:20:00 AM,2,0,0,35.996930,-86.686480,PETTUS RD,,,,668.00,Feet,North,NOLENSVILLE RD,,,,0.00,N,Not at Intersection, ,Non-Junction,None,,,         ,Kevin,Breeding,Clear,"Sideswipe, Opposite Direction",no,no,no,no,no,False
102106089,BERRY HILL POLICE DEPT,18-2796,Davidson,Berry Hill,8/11/2018 2:00:00 AM,1,0,0,36.123430,-86.776160,FRANKLIN PKE,,,,328.00,Feet,North,BILOXI AV,,,,0.00,N,Not at Intersection,N,Non-Junction,None,,,         ,Kevin,Spencer,Clear,Not Collision with Motor Vehicle in Transport,no,no,no,no,no,False
102106145,METROPOLITAN NASHVILLE POLICE DEPT,20180687222,Davidson,Nashville,8/10/2018 11:00:00 PM,2,0,0,36.161200,-86.778910,OPRY PL,,,,275.00,Feet,South,5TH AVN,,,,0.00,N,Not at Intersection, ,Non-Junction,None,,,         ,Garrett,Reingardt,Clear,"Sideswipe, Same Direction",no,no,no,no,no,False
102106153,METROPOLITAN NASHVILLE POLICE DEPT,20180687491,Davidson,Nashville,8/11/2018 1:59:00 AM,2,5,0,36.152300,-86.797450,WEST END AV,,,,0.00,,,19TH AVN,,,,0.00,Y,Four-Way,N,Intersection,None,,,         ,Eugene,Martino,Clear,Angle,no,no,no,no,no,False
102106169,METROPOLITAN NASHVILLE POLICE DEPT,20180687599,Davidson,Nashville,8/11/2018 1:53:00 AM,2,1,0,36.170400,-86.768450,INTERSTATE DR,,,,0.00,,,WOODLAND ST,,,,0.00,Y,Four-Way,N,Non-Junction,None,,,         ,Kelcey,Bell,Clear,Angle,no,no,no,no,no,False
102106188,METROPOLITAN NASHVILLE POLICE DEPT,20180687690,Davidson,Nashville,8/11/2018 3:00:00 AM,2,0,0,36.159980,-86.774940,3RD AVS,,,,178.00,Feet,North,DEMONBREUN ST,,,,0.00,N,Not at Intersection, ,Non-Junction,None,,,         ,Jeremy,Arrington,Clear,"Sideswipe, Same Direction",no,no,no,no,no,False
102106208,METROPOLITAN NASHVILLE POLICE DEPT,20180687485,Davidson,Nashville,8/11/2018 1:50:00 AM,2,3,0,36.149910,-86.773400,6TH AVE S,,,,0.00,,,MULBERRY ST,,,,0.00,Y,Four-Way,N,Intersection,None,,,         ,John,Anderson,Clear,Angle,no,no,no,no,no,False
102106211,METROPOLITAN NASHVILLE POLICE DEPT,20180687830,Davidson,Nashville,8/11/2018 3:00:00 AM,2,0,0,36.160290,-86.776730,4TH AVS,,,,144.00,Feet,North,SYMPHONY PL,,,,0.00,N,Not at Intersection,N,Non-Junction,None,,,         ,Jeremy,Arrington,Clear,Rear to Rear,no,no,no,yes,yes,False
102106220,METROPOLITAN NASHVILLE POLICE DEPT,20180687875,Davidson,Not in City Limit,8/11/2018 5:30:00 AM,1,0,0,36.005620,-86.700060,NOLENSVILLE PKE,,,,760.00,Feet,South,CULBERTSON RD,,,,0.00,N,Not at Intersection, ,Non-Junction,None,,,         ,Kevin,Breeding,Clear,Not Collision with Motor Vehicle in Transport,no,no,no,no,no,False
102106292,VANDERBILT UNIVERSITY POLICE,20180685809,Davidson,Nashville,8/10/2018 12:10:00 PM,2,0,0,36.142190,-86.800440,21ST AVS,,,,0.00,,,,,,,0.00,,, ,Non-Junction,None,,,         ,Gregory,Blocker,Rain,"Sideswipe, Same Direction",no,no,no,yes,no,Campus
102106333,METROPOLITAN NASHVILLE POLICE DEPT,20180687999,Davidson,Not in City Limit,8/10/2018 2:20:00 PM,2,0,0,36.274610,-86.814710,OLD HICKORY BLVD,,,,868.00,Feet,East,LICKTON PKE,,,,0.00,N,Not at Intersection,N,Non-Junction,None,,,         ,Brent,Hedgcoth,Clear,"Sideswipe, Opposite Direction",no,no,no,no,yes,False
102106396,METROPOLITAN NASHVILLE POLICE DEPT,20180688168,Davidson,Nashville,8/11/2018 8:55:00 AM,2,0,0,36.173910,-86.747790,FATHERLAND ST,,,,40.00,Feet,West,S 13TH ST,,,,0.00,N,Not at Intersection,N,Non-Junction,None,,,         ,Joshua,Baker,Clear,Front to Rear,no,no,no,no,no,False
102106407,METROPOLITAN NASHVILLE POLICE DEPT,20180688269,Davidson,Nashville,8/11/2018 10:32:00 AM,3,0,0,36.167810,-86.765720,I 24,,,,0.00,,,,,,,48.85,N,Not at Intersection, ,Non-Junction,None,,,         ,Andrew,Richey,Clear,Front to Rear,no,no,no,no,no,False
102106409,METROPOLITAN NASHVILLE POLICE DEPT,20180688235,Davidson,Nashville,8/11/2018 9:58:00 AM,2,0,0,36.186470,-86.737280,BENJAMIN ST,,,,0.00,,,CHAPEL AV,,,,0.00,Y,T-Intersection, ,Intersection-Related,None,,,         ,Nathan,Mayo,Clear,Angle,no,no,no,no,no,False
102106434,VANDERBILT UNIVERSITY POLICE,20180688283,Davidson,Nashville,8/10/2018 12:00:00 AM,2,0,0,36.139500,-86.804530,24TH AVS,,,,0.00,,,24TH AVS,,,,0.00,,Not at Intersection,N,Non-Junction,None,,,         ,Casey,Campbell,Unknown,Angle,no,no,no,yes,yes,Campus
102106446,METROPOLITAN NASHVILLE POLICE DEPT,20180688328,Davidson,Nashville,8/11/2018 10:51:00 AM,2,0,0,36.174950,-86.771410,I 24,,,,0.00,,,,,,,48.05,N,Not at Intersection, ,Non-Junction,None,,,         ,Frank,Campbell,Clear,"Sideswipe, Same Direction",no,no,no,no,no,False
102106447,METROPOLITAN NASHVILLE POLICE DEPT,20180688476,Davidson,Nashville,8/11/2018 11:37:00 AM,2,0,0,36.085730,-86.701640,I24 E EXT RAMP,,,,0.00,,,I 24,,,,0.00,Y,OTHER, ,Entrance/Exit Ramp Related,None,,,         ,Jason,Hees,Clear,Front to Rear,no,no,no,no,no,False
102106481,METROPOLITAN NASHVILLE POLICE DEPT,20180688480,Davidson,Nashville,8/11/2018 12:35:00 PM,2,0,0,36.037500,-86.785840,OLD HICKORY BLVD,,,,0.00,,,WILSON PIKE CIR,,,,0.00,Y,T-Intersection, ,Intersection,None,,,         ,Earl,Davis,Clear,Front to Rear,no,no,no,no,no,False
102106525,METROPOLITAN NASHVILLE POLICE DEPT,20180688301,Davidson,Not in City Limit,8/11/2018 10:50:00 AM,2,2,0,36.342090,-86.871670,WHITES CREEK PKE,,,,2007.00,Feet,South,GREENBRIER RD,,,,0.00,N,Not at Intersection,N,Non-Junction,None,,,         ,Victor,Alexander,Clear,HeadOn,no,no,no,no,yes,False
102106529,METROPOLITAN NASHVILLE POLICE DEPT,20180688477,Davidson,Nashville,8/11/2018 12:15:00 PM,2,0,0,36.130940,-86.726730,I24 W ENT RAMP,,,,0.00,Feet,East,I 24,,,,0.00,N,Not at Intersection, ,Non-Junction,None,,,         ,Scott,Toney,Clear,Front to Rear,no,no,no,no,no,False
102106539,METROPOLITAN NASHVILLE POLICE DEPT,2018 0688543,Davidson,Nashville,8/11/2018 1:15:00 PM,2,0,0,36.114150,-86.812760,WOODMONT BLVD,,,,136.00,Feet,West,VALLEY BROOK RD,,,,0.00,N,Not at Intersection, ,Non-Junction,None,,,         ,Paul,Junkmann,Clear,Front to Rear,no,no,no,no,no,False
102106540,METROPOLITAN NASHVILLE POLICE DEPT,20180688501,Davidson,Nashville,8/11/2018 12:45:00 PM,2,0,0,36.171680,-86.765180,WOODLAND ST,,,,136.00,Feet,West,S 5TH ST,,,,0.00,N,Not at Intersection, ,,None,,,         ,Faye,Denson,,,no,no,no,no,no,False
102106565,METROPOLITAN NASHVILLE POLICE DEPT,20180688547,Davidson,Madison,8/11/2018 1:18:00 PM,2,0,0,36.260710,-86.710540,ELM ST,,,,0.00,,,2ND AV,,,,0.00,Y,OTHER, ,Non-Junction,None,,,         ,Eric,Richardson,Clear,Rear to Rear,no,no,no,no,no,False
102106573,METROPOLITAN NASHVILLE POLICE DEPT,20180688451,Davidson,Nashville,8/11/2018 10:53:00 AM,2,0,0,36.217650,-86.754940,JONES PARK CT,,,,163.00,Feet,East,JONES AV,,,,0.00,N,Not at Intersection,N,Non-Junction,None,,,         ,Nicholas,Silinsky,Clear,Angle,no,no,no,no,yes,False
102106579,METROPOLITAN NASHVILLE POLICE DEPT,20180688514,Davidson,Nashville,8/11/2018 12:20:00 PM,2,0,0,36.144660,-86.739500,I 40,,,,0.00,,,,,,,212.30,N,Not at Intersection,N,Non-Junction,None,,,         ,Kevin,Coleman,Clear,Front to Rear,no,no,no,no,yes,False
102106587,METROPOLITAN NASHVILLE POLICE DEPT,20180688522,Davidson,Nashville,8/11/2018 12:44:00 PM,1,1,0,36.177560,-86.749950,WOODLAND ST,,,,0.00,Feet,East,N 11TH ST,,,,0.00,N,Not at Intersection,N,Non-Junction,None,,,         ,Joshua,Baker,Clear,Not Collision with Motor Vehicle in Transport,yes,no,no,no,no,False
102106628,Nashville Airport Police,2018-03115,Davidson,Nashville,8/9/2018 6:45:00 AM,2,0,0,36.129800,-86.666080,TERMINAL DR,,,,335.00,Feet,North,DONELSON PKE S ENT RAMP,,,,0.00,N,Not at Intersection, ,Non-Junction,None,,,         ,Delphia,Murphy,Clear,Front to Rear,no,no,no,no,no,False
102106639,METROPOLITAN NASHVILLE POLICE DEPT,20180688468,Davidson,Nashville,8/11/2018 12:38:00 PM,2,1,0,36.249750,-86.719160,GALLATIN PKES,,,,150.00,Feet,North,E PALESTINE AV,,,,0.00,N,Not at Intersection,N,"Driveway, Alley Access, etc",None,,,         ,Samuel,Kersten,Clear,Angle,no,no,no,no,yes,False
102106640,METROPOLITAN NASHVILLE POLICE DEPT,20180688580,Davidson,Nashville,8/11/2018 1:46:00 PM,2,0,0,36.109490,-86.728260,THOMPSON LN,,,,65.00,Feet,West,BRILEY PKWYN,,,,0.00,N,Not at Intersection, ,Non-Junction,None,,,         ,James,Thomas,Clear,Front to Rear,no,no,no,no,no,False
102106643,METROPOLITAN NASHVILLE POLICE DEPT,2018-0688579,Davidson,Nashville,8/11/2018 1:38:00 PM,2,0,0,36.068990,-86.720050,NOLENSVILLE PKE,,,,398.00,Feet,East,TAYLOR RD,,,,0.00,N,Not at Intersection,N,Non-Junction,None,,,         ,Sean,Williams,Clear,Front to Rear,no,no,no,no,yes,False
102106644,METROPOLITAN NASHVILLE POLICE DEPT,20180688618,Davidson,Nashville,8/11/2018 2:14:00 PM,2,0,0,36.152340,-86.771580,4TH AVS,,,,0.00,,,ASH ST,,,,0.00,Y,Four-Way, ,Intersection,None,,,         ,Derek,Betty,Clear,Angle,no,no,no,no,no,False
102106660,GOODLETTSVILLE POLICE DEPT,18-28200,Davidson,Goodlettsville,8/11/2018 9:25:00 AM,2,1,0,36.327520,-86.699460,LONG HOLLOW PKE,,,,130.00,Feet,South,JACKSON RD,,,,0.00,N,Not at Intersection,N,Non-Junction,None,,,         ,George,Forbes,Clear,"Sideswipe, Same Direction",no,no,no,no,no,False
102106700,METROPOLITAN NASHVILLE POLICE DEPT,20180688656,Davidson,Nashville,8/11/2018 1:12:00 PM,2,0,0,36.158810,-86.798160,17TH AVN,,,,0.00,,,CHARLOTTE AV,,,,0.00,Y,Four-Way, ,Non-Junction,None,,,         ,Jed,Baldoni,Clear,Angle,no,no,no,no,no,False
102106710,METROPOLITAN NASHVILLE POLICE DEPT,20180688613,Davidson,Nashville,8/11/2018 1:50:00 PM,2,0,0,36.237840,-86.786350,I 24,,,,0.00,,,,,,,43.55,N,Not at Intersection, ,Unknown,Unknown,,,         ,Frank,Campbell,Clear,Not Collision with Motor Vehicle in Transport,no,no,no,no,no,False
102106720,METROPOLITAN NASHVILLE POLICE DEPT,20180688603,Davidson,Nashville,8/11/2018 2:03:00 PM,1,0,0,36.170380,-86.784220,HARRISON ST,,,,336.00,Feet,East,5TH AVN,,,,0.00,N,Not at Intersection,N,Non-Junction,None,,,         ,Trevor,Taylor,Clear,Not Collision with Motor Vehicle in Transport,no,no,no,yes,no,False
102106721,METROPOLITAN NASHVILLE POLICE DEPT,20180688725,Davidson,Nashville,8/11/2018 2:50:00 PM,2,0,0,36.106310,-86.813590,HILLSBORO PKE,,,,186.00,Feet,North,ABBOTT MARTIN RD,,,,0.00,N,Not at Intersection, ,Intersection,None,,,         ,Robert,Crow,Clear,Angle,no,no,no,no,no,False
102106736,METROPOLITAN NASHVILLE POLICE DEPT,20180688651,Davidson,Nashville,8/11/2018 2:27:00 PM,2,1,0,36.128510,-86.629400,BELL RD,,,,381.00,Feet,North,PRIEST WOODS DR,,,,0.00,N,Not at Intersection,N,Non-Junction,None,,,         ,Seth,Vaughn,Clear,Angle,no,no,no,no,no,False
102106741,METROPOLITAN NASHVILLE POLICE DEPT,20180688705,Davidson,Madison,8/11/2018 2:20:00 PM,2,0,0,36.255070,-86.715160,GALLATIN PKES,,,,32.00,Feet,North,MADISON BLVD,,,,0.00,N,Not at Intersection,N,Non-Junction,None,,,         ,Brittani,Campbell,Clear,Angle,no,no,no,no,no,False
102106742,METROPOLITAN NASHVILLE POLICE DEPT,20180688824,Davidson,Nashville,8/11/2018 4:03:00 PM,2,0,0,36.053470,-86.714970,NOLENSVILLE PKE,,,,70.00,Feet,South,BREWER DR,,,,0.00,N,Not at Intersection, ,Non-Junction,None,,,         ,Ryan,Coll,Clear,Front to Rear,no,no,no,no,no,False
102106743,METROPOLITAN NASHVILLE POLICE DEPT,20180688744,Davidson,Nashville,8/11/2018 3:10:00 PM,2,0,0,36.148580,-86.857900,WHITE BRIDGE PKE,,,,58.00,Feet,North,LENOX AV,,,,0.00,N,Not at Intersection,N,Non-Junction,None,,,         ,Andrew,McCarron,Clear,Front to Rear,no,no,no,no,yes,False
102106757,METROPOLITAN NASHVILLE POLICE DEPT,20180688600,Davidson,Not in City Limit,8/11/2018 2:00:00 PM,2,2,0,36.268990,-86.755850,DICKERSON PKE,,,,104.00,Feet,South,OLD HICKORY BLVD,,,,0.00,N,Not at Intersection,N,Non-Junction,None,,,         ,Blake,McKay,Clear,HeadOn,no,no,no,no,no,False
102106777,METROPOLITAN NASHVILLE POLICE DEPT,20180688907,Davidson,Nashville,8/11/2018 4:57:00 PM,2,0,0,36.164200,-86.769460,S 1ST ST,,,,21.00,Feet,North,SHELBY AV,,,,0.00,N,Not at Intersection, ,Non-Junction,None,,,         ,Ronald,Bright,Clear,Front to Rear,no,no,no,no,no,False
102106778,METROPOLITAN NASHVILLE POLICE DEPT,20180688871,Davidson,Nashville,8/11/2018 4:37:00 PM,2,0,0,36.156240,-86.767760,HERMITAGE AV,,,,303.00,Feet,East,MIDDLETON ST,,,,0.00,N,Not at Intersection, ,Non-Junction,None,,,         ,Derek,Betty,Clear,Front to Rear,no,no,no,no,no,False
102106780,METROPOLITAN NASHVILLE POLICE DEPT,20180688847,Davidson,Nashville,8/11/2018 2:30:00 PM,2,1,0,36.218690,-86.803850,WHITES CREEK PKE,,,,224.00,Feet,North,MOORMANS ARM RD,,,,0.00,N,Not at Intersection,N,Non-Junction,None,,,         ,Bryan,Musgrave,,Angle,no,no,no,no,no,False
102106784,METROPOLITAN NASHVILLE POLICE DEPT,20180688813,Davidson,Nashville,8/11/2018 4:05:00 PM,2,0,0,36.154630,-86.779160,8TH AVS,,,,0.00,,,LAFAYETTE ST,,,,0.00,Y,Roundabout,N,Non-Junction,None,,,         ,Jason,King,Clear,Angle,no,no,no,no,no,False
102106787,METROPOLITAN NASHVILLE POLICE DEPT,20180688783,Davidson,Nashville,8/11/2018 11:20:00 AM,2,0,0,36.154060,-86.699130,BISMARK DR,,,,136.00,Feet,South,SNOOK DR,,,,0.00,N,Not at Intersection, ,,None,,,         ,Darci,Stechman,,,no,no,no,no,no,False
102106788,VANDERBILT UNIVERSITY POLICE,20180688794,Davidson,Nashville,8/11/2018 3:30:00 PM,2,0,0,36.144570,-86.813150,WEST END AV,,,,5.00,Feet,West,29TH AVN,,,,0.00,N,Not at Intersection,N,Non-Junction,None,,,         ,Christopher,Dion,Clear,"Sideswipe, Same Direction",no,no,no,no,no,Campus
102106796,METROPOLITAN NASHVILLE POLICE DEPT,20180688784,Davidson,Nashville,8/11/2018 11:38:00 AM,2,0,0,36.057550,-86.690800,OLIVIA DR,,,,11.00,Feet,East,BART DR,,,,0.00,N,Not at Intersection,N,Non-Junction,None,,,         ,Ryan,Sherry,Clear,Angle,no,no,no,no,no,False
102106801,METROPOLITAN NASHVILLE POLICE DEPT,20180688825,Davidson,Nashville,8/11/2018 1:10:00 PM,2,0,0,36.193510,-86.831340,S HAMILTON RD,,,,64.00,Feet,South,CLARKSVILLE PKE,,,,0.00,N,Not at Intersection,N,Non-Junction,None,,,         ,Andrey,Volfson,Clear,Front to Rear,no,no,no,no,yes,False
102106802,METROPOLITAN NASHVILLE POLICE DEPT,20180688655,Davidson,Nashville,8/11/2018 2:12:00 PM,4,1,0,36.151860,-86.791710,DIVISION ST,,,,27.00,Feet,West,MUSIC SQE,,,,0.00,N,Not at Intersection,N,Non-Junction,None,,,         ,Gary,Peters,Clear,Front to Rear,no,no,no,no,yes,False
102106814,METROPOLITAN NASHVILLE POLICE DEPT,20180688997,Davidson,Nashville,8/11/2018 5:15:00 PM,2,0,0,36.103440,-86.816000,HILLSBORO PKE,,,,41.00,Feet,North,WARFIELD DR,,,,0.00,N,Not at Intersection, ,,None,,,         ,Robert,Crow,,,no,no,no,no,no,False
102106857,METROPOLITAN NASHVILLE POLICE DEPT,20180688800,Davidson,Nashville,8/11/2018 3:57:00 PM,2,0,0,36.183820,-86.797810,I65 N ENT RAMP,,,,0.00,Feet,East,I 65,,,,0.00,N,Not at Intersection, ,Entrance/Exit Ramp Related,None,,,         ,Amery,Milligan,Clear,Angle,no,no,no,no,no,False