master_record_number,agency,agency_tracking_number,county,city,collision_date,vehicles_involved,number_injured,number_dead,latitude,longitude,roadway_name,roadway_suffix,roadway_number,roadway_local_id,distance_from_reference,miles-feet_indicator,direction_from_reference,intersection_road_name,intersection_road_name_suffix,intersection_road_number,intersection_local_id,mile_marker,intersection_indicator,intersect_type,interchange_related_indicator,relation_to_junction,work_zone_type,construction_maintenance_zone,construction_maintenance_zone_location,fatal_case_number,officer_first_name,officer_last_name,weather_condition(s),manner_of_crash,pedestrian,bicycle,scooter,parking,hitrun,mou
102106858,METROPOLITAN NASHVILLE POLICE DEPT,20180688619,Davidson,Nashville,8/11/2018 2:15:00 PM,3,1,0,36.231480,-86.616800,SHUTE LN,,,,8.00,Feet,East,MONTCHANIN TER,,,,0.00,N,Not at Intersection,N,Non-Junction,None,,,         ,Zachariah,Bush,Clear,Front to Rear,no,no,no,no,no,False
102106859,METROPOLITAN NASHVILLE POLICE DEPT,20180689026,Davidson,Not in City Limit,8/11/2018 1:59:00 PM,2,0,0,36.324230,-86.869970,I 24,,,,0.00,,,,,,,34.85,N,Not at Intersection, ,Non-Junction,None,,,         ,Bryan,Musgrave,Clear,Front to Rear,no,no,no,no,no,False
102106861,METROPOLITAN NASHVILLE POLICE DEPT,20180688833,Davidson,Nashville,8/11/2018 4:11:00 PM,3,1,0,36.136320,-86.794510,WEDGEWOOD AV,,,,0.00,,,16TH AVS,,,,0.00,Y,Four-Way,Y,Intersection-Related,None,,,         ,Gary,Peters,Clear,Front to Rear,no,no,no,no,no,False
102106862,GOODLETTSVILLE POLICE DEPT,18-28250,Davidson,Goodlettsville,8/11/2018 6:00:00 PM,2,0,0,36.305970,-86.693850,CONFERENCE DR,,,,20.00,Feet,North,RIVERGATE MALL PVTDR,,,,0.00,N,Not at Intersection,N,Non-Junction,None,,,         ,Rico,Jones,Clear,Front to Rear,no,no,no,no,yes,False
102106868,METROPOLITAN NASHVILLE POLICE DEPT,20180689076,Davidson,Nashville,8/11/2018 6:16:00 PM,2,2,0,36.152770,-86.779320,8TH AVS,,,,0.00,,,DREXEL ST,,,,0.00,Y,T-Intersection,N,Non-Junction,None,,,         ,Jason,King,Clear,Angle,no,no,no,no,no,False
102106871,METROPOLITAN NASHVILLE POLICE DEPT,20180688861,Davidson,Nashville,8/11/2018 4:03:00 PM,2,0,0,36.171310,-86.803080,I 40,,,,0.00,,,,,,,207.70,N,Not at Intersection, ,Non-Junction,None,,,         ,Jonathon,Sheppard,Clear,"Sideswipe, Same Direction",no,no,no,no,no,False
102106872,METROPOLITAN NASHVILLE POLICE DEPT,20180689105,Davidson,Nashville,8/11/2018 6:31:00 PM,2,0,0,36.175270,-86.792660,MONROE ST,,,,0.00,Feet,East,ROSA L PARKS BLVD,,,,0.00,N,Not at Intersection, ,Non-Junction,None,,,         ,Justin,Vaughn,Clear,Angle,no,no,no,no,no,False
102106874,METROPOLITAN NASHVILLE POLICE DEPT,20180689121,Davidson,Nashville,8/11/2018 6:30:00 PM,2,0,0,36.127560,-86.783090,BRADFORD AV,,,,0.00,Feet,,9TH AVS,,,,0.00,Y,Four-Way,N,Intersection-Related,None,,,         ,Ryan,Storm,Clear,Angle,no,no,no,no,no,False
102106875,METROPOLITAN NASHVILLE POLICE DEPT,20180688872,Davidson,Nashville,8/11/2018 4:36:00 PM,3,0,0,36.191750,-86.783150,I 65,,,,0.00,,,,,,,86.15,N,Not at Intersection,N,Non-Junction,None,,,         ,Andrey,Volfson,Clear,"Sideswipe, Same Direction",no,no,no,no,no,False
102106877,METROPOLITAN NASHVILLE POLICE DEPT,20180689119,Davidson,Nashville,8/11/2018 12:00:00 AM,2,0,0,36.154630,-86.779160,8TH AVS,,,,0.00,,,LAFAYETTE ST,,,,0.00,Y,Traffic Circle,Y,Intersection,None,,,         ,Trevor,Taylor,Clear,Front to Rear,no,no,no,no,yes,False
102106892,METROPOLITAN NASHVILLE POLICE DEPT,20180689044,Davidson,Nashville,8/11/2018 5:14:00 PM,2,0,0,36.155690,-86.786470,MCGAVOCK ST,,,,115.00,Feet,East,12TH AVS,,,,0.00,N,Not at Intersection, ,Non-Junction,None,,,         ,Derek,Betty,Clear,"Sideswipe, Same Direction",no,no,no,no,no,False
102106914,METROPOLITAN NASHVILLE POLICE DEPT,20180689201,Davidson,Nashville,8/11/2018 6:53:00 PM,2,0,0,36.152910,-86.803020,21ST AVN,,,,234.00,Feet,North,CHURCH ST,,,,0.00,N,Not at Intersection,N,Non-Junction,None,,,         ,Randall,Ward,Clear,Angle,no,no,no,yes,yes,False
102106918,METROPOLITAN NASHVILLE POLICE DEPT,20180689164,Davidson,Nashville,8/11/2018 12:00:00 AM,2,0,0,36.178050,-86.796150,DELTA AV,,,,241.00,Feet,West,CHEATHAM PL,,,,0.00,N,Not at Intersection,N,Non-Junction,None,,,         ,Joseph,Gawlowski,Clear,Front to Rear,no,no,no,yes,yes,False
102106919,METROPOLITAN NASHVILLE POLICE DEPT,20180689165,Davidson,Antioch,8/11/2018 6:59:00 PM,1,1,0,36.018080,-86.609500,CORPORATE PL,,,,0.00,,,,,,,0.00,,,N,Non-Junction,None,,,         ,YUNUS,ADAK,Clear,Not Collision with Motor Vehicle in Transport,no,no,no,yes,no,False
102106930,GOODLETTSVILLE POLICE DEPT,18-28252,Davidson,Goodlettsville,8/11/2018 6:15:00 PM,2,0,0,36.304000,-86.702350,RIVERGATE PKWY,,,,0.00,,,RIVERGATE MALL PVTDR,,,,0.00,Y,T-Intersection, ,Intersection,None,,,         ,William,Hunter,Clear,Angle,no,no,no,no,no,False
102106948,METROPOLITAN NASHVILLE POLICE DEPT,20180689105,Davidson,Nashville,8/11/2018 6:30:00 PM,2,0,0,36.203140,-86.784700,GLADE ST,,,,381.00,Feet,East,HAYNES ST,,,,0.00,N,Not at Intersection,N,Unknown,Unknown,,,         ,Justin,Vaughn,Unknown,Unknown,no,no,no,no,yes,False
102106971,METROPOLITAN NASHVILLE POLICE DEPT,20180689357,Davidson,Nashville,8/11/2018 8:38:00 PM,2,0,0,36.109050,-86.679880,MURFREESBORO PKE,,,,895.00,Feet,South,AIR FREIGHT BLVD,,,,0.00,N,Not at Intersection,N,Non-Junction,None,,,         ,YUNUS,ADAK,Clear,"Sideswipe, Same Direction",no,no,no,no,yes,False
102106972,METROPOLITAN NASHVILLE POLICE DEPT,20180688839,Davidson,Nashville,8/11/2018 4:15:00 PM,2,0,0,36.131390,-86.726730,I24 W ENT RAMP,,,,0.00,Feet,East,I 24,,,,0.00,N,Not at Intersection, ,Non-Junction,None,,,         ,Jesse,Cox,Clear,Angle,no,no,no,no,no,False
102106973,METROPOLITAN NASHVILLE POLICE DEPT,20180689175,Davidson,Not in City Limit,8/11/2018 6:28:00 PM,2,0,0,36.108060,-87.019700,OLD CHARLOTTE PKE,,,,932.00,Feet,West,SEARS RD,,,,0.00,N,Not at Intersection,N,Non-Junction,None,,,         ,Travis,Martin,Clear,Not Collision with Motor Vehicle in Transport,no,no,no,no,yes,False
102106984,METROPOLITAN NASHVILLE POLICE DEPT,20180689163,Davidson,Nashville,8/11/2018 6:56:00 PM,2,0,0,36.149210,-86.763560,LAFAYETTE ST,,,,333.00,Feet,West,CHARLES E DAVIS BLVD,,,,0.00,N,Not at Intersection,N,Non-Junction,None,,,         ,Tony,Mingsing,Clear,Other,no,no,no,yes,yes,False
102106997,METROPOLITAN NASHVILLE POLICE DEPT,20180689240,Davidson,Nashville,8/11/2018 7:37:00 PM,2,2,0,36.044770,-86.661530,BELL RD,,,,0.00,,,CANE RIDGE RD,,,,0.00,Y,Four-Way,N,Intersection,None,,,         ,Taylor,Hurley,Clear,Front to Rear,no,no,no,no,no,False
102107018,METROPOLITAN NASHVILLE POLICE DEPT,20180688885,Davidson,Nashville,8/11/2018 4:40:00 PM,2,0,0,36.143690,-86.737810,I 40,,,,0.00,,,,,,,212.60,N,Not at Intersection, ,Non-Junction,None,,,         ,Devonte,Coleman,Clear,"Sideswipe, Same Direction",no,no,no,no,no,False
102107038,METROPOLITAN NASHVILLE POLICE DEPT,20180688749,Davidson,Not in City Limit,8/11/2018 3:32:00 PM,4,0,0,36.077260,-86.946480,HIGHWAY 70S,,,,204.00,Feet,East,BELLEVUE CTR PVTDR,,,,0.00,N,Not at Intersection,N,Non-Junction,None,,,         ,Kelby,Dumond,Clear,Front to Rear,no,no,no,no,no,False
102107068,METROPOLITAN NASHVILLE POLICE DEPT,20180689370,Davidson,Nashville,8/11/2018 9:02:00 PM,2,0,0,36.164090,-86.817520,EDEN ST,,,,94.00,Feet,East,27TH AVN,,,,0.00,N,Not at Intersection, ,Non-Junction,None,,,         ,Janelle,Keslar,Clear,Rear to Side,no,no,no,no,no,False
102107069,METROPOLITAN NASHVILLE POLICE DEPT,20180689038,Davidson,Nashville,8/11/2018 5:55:00 PM,2,0,0,36.146630,-86.742720,I 40,,,,0.00,,,,,,,212.10,N,Not at Intersection, ,Non-Junction,None,,,         ,Trenton,Searcy,Clear,"Sideswipe, Same Direction",no,no,no,no,no,False
102107074,METROPOLITAN NASHVILLE POLICE DEPT,20180689329,Davidson,Nashville,8/11/2018 8:15:00 PM,2,0,0,36.051910,-86.687890,JOSEPHINE CT,,,,8.00,Feet,South,OCALA DR,,,,0.00,N,Not at Intersection,N,Non-Junction,None,,,         ,Ryan,Sherry,Clear,"Sideswipe, Same Direction",no,no,no,no,yes,False
102107077,METROPOLITAN NASHVILLE POLICE DEPT,20180689075,Davidson,Nashville,8/11/2018 6:05:00 PM,2,1,0,36.147140,-86.888220,ANNEX AV,,,,0.00,,,CAPRI DR,,,,0.00,Y,T-Intersection,N,Intersection,None,,,         ,John,Hoesli,Clear,Front to Rear,no,no,no,no,no,False
102107080,METROPOLITAN NASHVILLE POLICE DEPT,20180689281,Davidson,Nashville,8/11/2018 8:04:00 PM,2,1,0,36.180660,-86.749690,ORDWAY PL,,,,0.00,,,GALLATIN AV,,,,0.00,Y,T-Intersection,N,Intersection,None,,,         ,Marc,Kozen,Clear,"Sideswipe, Opposite Direction",no,no,no,no,no,False
102107082,METROPOLITAN NASHVILLE POLICE DEPT,20180689454,Davidson,Not in City Limit,8/11/2018 9:52:00 PM,2,3,0,36.020780,-86.643060,CANE RIDGE RD,,,,427.00,Feet,South,CANE SPRINGS RD,,,,0.00,N,Not at Intersection,N,Non-Junction,None,,,         ,YUNUS,ADAK,Clear,Not Collision with Motor Vehicle in Transport,no,no,no,no,yes,False
102107085,METROPOLITAN NASHVILLE POLICE DEPT,20180689381,Davidson,Nashville,8/11/2018 9:06:00 PM,2,0,0,36.044920,-86.667200,BELL RD,,,,26.00,Feet,West,CEDAR POINTE PKWY,,,,0.00,N,Not at Intersection,N,Non-Junction,None,,,         ,Taylor,Hurley,Clear,Angle,no,no,no,no,yes,False
102107105,METROPOLITAN NASHVILLE POLICE DEPT,20180689494,Davidson,Nashville,8/11/2018 10:21:00 PM,2,2,0,36.175610,-86.805770,16TH AVN,,,,170.00,Feet,North,COCKRILL ST,,,,0.00,N,Not at Intersection,N,Non-Junction,None,,,         ,Russell,Jones,Clear,HeadOn,no,no,no,no,no,False
102107135,METROPOLITAN NASHVILLE POLICE DEPT,20180689480,Davidson,Nashville,8/11/2018 10:10:00 PM,2,1,0,36.088740,-86.641840,NASHBORO BLVD PVTDR,,,,391.00,Feet,South,NASHBORO BLVD,,,,0.00,N,Not at Intersection,N,"Driveway, Alley Access, etc",None,,,         ,Cheri,Cox,Clear,Angle,no,no,no,yes,no,False
102107142,METROPOLITAN NASHVILLE POLICE DEPT,20180688631,Davidson,Not in City Limit,8/11/2018 2:21:00 PM,4,1,0,36.322780,-86.861460,I 24,,,,0.00,,,,,,,35.35,N,Not at Intersection,N,Non-Junction,None,,,         ,Jason,Hogan,Clear,Front to Rear,no,no,no,no,no,False
102107154,METROPOLITAN NASHVILLE POLICE DEPT,20180689316,Davidson,Nashville,8/11/2018 6:53:00 PM,2,0,0,36.114870,-86.719650,GLENROSE AV,,,,26.00,Feet,West,EAST THOMPSON LN,,,,0.00,N,Not at Intersection,N,Non-Junction,None,,,         ,Jesse,Cox,Clear,Angle,no,no,no,no,yes,False
102107165,METROPOLITAN NASHVILLE POLICE DEPT,20180689526,Davidson,Nashville,8/11/2018 8:30:00 PM,2,0,0,36.173340,-86.808240,DR D B TODD JR BLVD,,,,0.00,,,UNDERWOOD ST,,,,0.00,Y,Four-Way, ,Non-Junction,None,,,         ,Jacob,Dick,Clear,Angle,no,no,no,no,no,False
102107169,METROPOLITAN NASHVILLE POLICE DEPT,20180689189,Davidson,Nashville,8/11/2018 7:11:00 PM,2,0,0,36.143670,-86.585280,STEWARTS FERRY PKE,,,,24.00,Feet,East,S NEW HOPE RD,,,,0.00,N,Not at Intersection, ,Non-Junction,None,,,         ,Marvis,Malone,Clear,Angle,no,no,no,no,no,False
102107187,METROPOLITAN NASHVILLE POLICE DEPT,20180689629,Davidson,Nashville,8/11/2018 11:52:00 PM,2,0,0,36.154910,-86.776670,PEABODY ST,,,,0.00,,,6TH AVS,,,,0.00,Y,Four-Way,Y,Intersection,None,,,         ,Blake,Lutz,Clear,Angle,no,no,no,no,no,False
102107196,METROPOLITAN NASHVILLE POLICE DEPT,20180689648,Davidson,Nashville,8/12/2018 12:15:00 AM,2,1,0,36.044610,-86.659310,I24 E ENT RAMP,,,,0.00,,,I 24,,,,0.00,Y,Y-Intersection,N,Entrance/Exit Ramp Related,None,,,         ,Robert,Erickson,Clear,Angle,no,no,no,no,no,False
102107210,METROPOLITAN NASHVILLE POLICE DEPT,20180689660,Davidson,Not in City Limit,8/12/2018 12:20:00 AM,1,0,0,36.272490,-86.693830,ANDERSON LN,,,,171.00,Feet,West,NIX DR,,,,0.00,N,Not at Intersection,N,Non-Junction,None,,,         ,Bryant,Presley,Clear,Not Collision with Motor Vehicle in Transport,no,no,no,no,no,False
102107214,METROPOLITAN NASHVILLE POLICE DEPT,20180689689,Davidson,Nashville,8/12/2018 12:41:00 AM,2,1,0,36.111620,-86.792580,WOODMONT BLVD,,,,0.00,,,GRANNY WHITE PKE,,,,0.00,Y,Four-Way, ,Intersection,None,,,         ,Christopher,Dameron,Clear,HeadOn,no,no,no,no,no,False
102107218,METROPOLITAN NASHVILLE POLICE DEPT,20180689687,Davidson,Nashville,8/12/2018 12:00:00 AM,2,2,0,36.175290,-86.766960,ELLINGTON PKWY N ENT RAMP,,,,0.00,Feet,East,ELLINGTON PKWYN,,,,0.00,N,Not at Intersection,N,Entrance/Exit Ramp Related,None,,,         ,Colin,Bleem,Clear,"Sideswipe, Same Direction",no,no,no,no,yes,False
102107230,METROPOLITAN NASHVILLE POLICE DEPT,20180689508,Davidson,Nashville,8/11/2018 9:20:00 PM,2,0,0,36.106440,-86.819510,ABBOTT MARTIN RD,,,,24.00,Feet,West,CLEGHORN AV,,,,0.00,N,Not at Intersection, ,,None,,,         ,Kenneth,Bray,,,no,no,no,no,no,False
102107232,METROPOLITAN NASHVILLE POLICE DEPT,20180689741,Davidson,Nashville,8/12/2018 1:05:00 AM,2,1,0,36.159650,-86.774440,DEMONBREUN ST,,,,69.00,Feet,East,3RD AVS,,,,0.00,N,Not at Intersection,N,Non-Junction,None,,,         ,Jeremy,Arrington,Clear,"Sideswipe, Same Direction",no,no,no,no,no,False
102107234,METROPOLITAN NASHVILLE POLICE DEPT,20180689682,Davidson,Nashville,8/11/2018 8:30:00 PM,1,0,0,36.172820,-86.584880,S NEW HOPE RD,,,,0.00,Feet,West,CENTRAL PKE,,,,0.00,N,Not at Intersection, ,Non-Junction,None,,,         ,Joao,Pinho,Cloudy,Not Collision with Motor Vehicle in Transport,no,no,no,no,no,False
102107250,METROPOLITAN NASHVILLE POLICE DEPT,20180689965,Davidson,Nashville,8/12/2018 12:00:00 AM,2,0,0,36.165160,-86.777170,BANK ST,,,,25.00,Feet,East,2ND AVN,,,,0.00,N,Not at Intersection,N,Non-Junction,None,,,         ,Brenna,Hosey,Unknown,"Sideswipe, Same Direction",no,no,no,no,yes,False
102107254,METROPOLITAN NASHVILLE POLICE DEPT,20180689906,Davidson,Nashville,8/12/2018 2:30:00 AM,2,2,0,36.176960,-86.775330,SPRING ST,,,,221.00,Feet,West,N 1ST ST,,,,0.00,N,Not at Intersection, ,Non-Junction,Unknown,,,         ,Joshua,Whitworth,Clear,"Sideswipe, Same Direction",no,no,no,no,yes,False
102107261,METROPOLITAN NASHVILLE POLICE DEPT,20180689474,Davidson,Nashville,8/11/2018 10:15:00 PM,2,0,0,36.231490,-86.832840,CLARKSVILLE PKE,,,,358.00,Feet,North,CLARKSVILLE PKE SB EXT RAMP,,,,0.00,N,Not at Intersection, ,,None,,,         ,Armonty,Houston,,,no,no,no,no,no,False
102107269,METROPOLITAN NASHVILLE POLICE DEPT,20180689586,Davidson,Nashville,8/11/2018 11:33:00 PM,2,4,0,36.169970,-86.768010,I24 E ENT RAMP,,,,0.00,Feet,East,I 24,,,,0.00,N,Not at Intersection,N,Entrance/Exit Ramp Related,None,,,         ,Garrett,Reingardt,Clear,Front to Rear,no,no,no,no,no,False
102107282,METROPOLITAN NASHVILLE POLICE DEPT,20180689961,Davidson,Nashville,8/12/2018 3:19:00 AM,2,2,0,36.206310,-86.773560,I65 N ENT RAMP,,,,0.00,,,W TRINITY LN,,,,0.00,Y,T-Intersection,Y,Intersection,None,,,         ,Lindsey,Anderson,Clear,Front to Rear,no,no,no,no,no,False
102107288,METROPOLITAN NASHVILLE POLICE DEPT,20180690075,Davidson,Nashville,8/12/2018 4:53:00 AM,2,2,0,36.150940,-86.863410,I 40,,,,0.00,,,,,,,203.65,N,Not at Intersection,N,Non-Junction,None,,,         ,Laura,Mullin,Clear,Front to Rear,no,no,no,no,no,False
102107289,METROPOLITAN NASHVILLE POLICE DEPT,20180689799,Davidson,Nashville,8/12/2018 1:47:00 AM,2,1,0,36.192710,-86.776480,I 65,,,,0.00,,,,,,,86.50,N,Not at Intersection,N,Non-Junction,None,,,         ,James,Murphy,Clear,"Sideswipe, Same Direction",no,no,no,no,yes,False
102107291,METROPOLITAN NASHVILLE POLICE DEPT,20180689934,Davidson,Nashville,8/12/2018 3:00:00 AM,2,0,0,36.191020,-86.798950,VANTAGE WAY CT,,,,0.00,,,VANTAGE WAY,,,,0.00,Y,Four-Way,N,Intersection,None,,,         ,Christopher,Royer,,Angle,no,no,no,no,yes,False
102107294,METROPOLITAN NASHVILLE POLICE DEPT,20180689879,Davidson,Nashville,8/12/2018 2:20:00 AM,1,1,0,36.095810,-86.737380,WHEELER AV,,,,28.00,Feet,East,NOLENSVILLE PKE,,,,0.00,N,Not at Intersection,N,Non-Junction,None,,,         ,Jefferson,Hughes,Clear,Not Collision with Motor Vehicle in Transport,no,no,no,no,no,False
102107303,METROPOLITAN NASHVILLE POLICE DEPT,20180690046,Davidson,Nashville,8/12/2018 2:53:00 AM,2,0,0,36.047810,-86.663000,I 24,,,,0.00,,,,,,,59.15,N,Not at Intersection, ,Non-Junction,None,,,         ,Daryn,Yentes,Clear,Front to Rear,no,no,no,no,no,False
102107310,METROPOLITAN NASHVILLE POLICE DEPT,20180690153,Davidson,Not in City Limit,8/12/2018 5:53:00 AM,1,0,0,36.268440,-86.859540,CLARKSVILLE PKE,,,,35.00,Feet,South,BOBEL LN,,,,0.00,N,Not at Intersection, ,Non-Junction,None,,,         ,Jack,Crouch,Clear,Not Collision with Motor Vehicle in Transport,no,no,no,no,no,False
102107341,METROPOLITAN NASHVILLE POLICE DEPT,20180688395,Davidson,Nashville,8/11/2018 11:48:00 AM,2,0,0,36.143740,-86.737910,I 40,,,,0.00,,,,,,,212.60,N,Not at Intersection, ,Non-Junction,None,,,         ,Zachary,Scott,Clear,"Sideswipe, Same Direction",no,no,no,no,no,False
102107354,METROPOLITAN NASHVILLE POLICE DEPT,20180690353,Davidson,Nashville,8/12/2018 7:39:00 AM,2,0,0,36.155650,-86.789720,14TH AVS,,,,0.00,,,BROADWAY,,,,0.00,Y,Four-Way, ,Intersection,None,,,         ,Nathan,Kemp,Clear,"Sideswipe, Same Direction",no,no,no,no,no,False
102107356,METROPOLITAN NASHVILLE POLICE DEPT,20180690198,Davidson,Nashville,8/12/2018 12:00:00 AM,1,1,0,36.096280,-86.690960,MCGAVOCK PKE,,,,0.00,,,,,,,0.00,,,N,Non-Junction,None,,,         ,Courtney,Hester,Clear,Not Collision with Motor Vehicle in Transport,no,no,no,no,no,False
102107359,THP District 3 - Nashville,318053480,Davidson,Not in City Limit,8/11/2018 3:45:00 PM,2,0,0,36.327040,-86.890480,I 24,,,,0.00,,,,,,,33.75,N,Not at Intersection, ,Non-Junction,Construction Zone,,,         ,Clyde,Reeves,Clear,"Sideswipe, Same Direction",no,no,no,no,no,False
102107370,METROPOLITAN NASHVILLE POLICE DEPT,20180690376,Davidson,Nashville,8/12/2018 7:40:00 AM,2,0,0,36.160760,-86.793690,14TH AVN,,,,0.00,,,CHARLOTTE AV,,,,0.00,Y,T-Intersection, ,Intersection-Related,None,,,         ,Brian,Mclarty,Clear,Angle,no,no,no,no,no,False
102107398,METROPOLITAN NASHVILLE POLICE DEPT,20180690475,Davidson,Nashville,8/12/2018 9:09:00 AM,2,1,0,36.069630,-86.695890,KEELEY DR,,,,56.00,Feet,South,HAYWOOD LN,,,,0.00,N,Not at Intersection, ,Non-Junction,None,,,         ,Jason,Hees,Clear,Front to Rear,no,no,no,no,no,False
102107403,METROPOLITAN NASHVILLE POLICE DEPT,20180690427,Davidson,Nashville,8/12/2018 12:35:00 AM,2,0,0,36.090530,-86.715720,TAMPA DR,,,,619.00,Feet,South,BENITA DR,,,,0.00,N,Not at Intersection,N,Non-Junction,None,,,         ,James,Jarvis,Clear,"Sideswipe, Same Direction",no,no,no,no,yes,False
102107406,METROPOLITAN NASHVILLE POLICE DEPT,2018-0690449,Davidson,Nashville,8/12/2018 6:03:00 AM,2,0,0,36.143020,-86.762950,2ND AVS,,,,332.00,Feet,North,3RD AVS,,,,0.00,N,Not at Intersection,N,Non-Junction,None,,,         ,Stanley,Collins,Clear,"Sideswipe, Same Direction",no,no,no,no,yes,False
102107411,METROPOLITAN NASHVILLE POLICE DEPT,20180690405,Davidson,Nashville,8/12/2018 8:28:00 AM,2,2,0,36.157370,-86.774060,ALMOND ST,,,,0.00,,,KOREAN VETERANS BLVD,,,,0.00,Y,Four-Way,Y,Intersection,None,,,         ,Robert,Schohn,Clear,Angle,no,no,no,no,yes,False
102107454,METROPOLITAN NASHVILLE POLICE DEPT,2018-0690562,Davidson,Nashville,8/12/2018 10:05:00 AM,2,0,0,36.145950,-86.666600,ROYAL PKWY,,,,0.00,,,DONELSON PKE,,,,0.00,Y,Four-Way, ,Intersection-Related,None,,,         ,Lee,Davis,Clear,Angle,no,no,no,no,no,False
102107459,METROPOLITAN NASHVILLE POLICE DEPT,20180690506,Davidson,Nashville,8/12/2018 9:30:00 AM,2,0,0,36.234620,-86.722530,BRILEY PKWYW,,,,354.00,Feet,West,BRILEY PKWYE,,,,0.00,N,Not at Intersection,N,Non-Junction,None,,,         ,Samuel,Kersten,Cloudy,Angle,no,no,no,no,no,False
102107463,GOODLETTSVILLE POLICE DEPT,18-28309,Davidson,Goodlettsville,8/12/2018 5:45:00 AM,1,0,0,36.310980,-86.696650,CONFERENCE DR,,,,0.00,,,MISSION RDG,,,,0.00,Y,T-Intersection,N,Non-Junction,None,,,         ,George,Forbes,Clear,Not Collision with Motor Vehicle in Transport,no,no,no,no,no,False
102107478,METROPOLITAN NASHVILLE POLICE DEPT,20180690688,Davidson,Nashville,8/12/2018 11:40:00 AM,2,0,0,36.039210,-86.712850,NOLENSVILLE PKE,,,,296.00,Feet,North,SHADOW GLEN DR,,,,0.00,N,Not at Intersection, ,Non-Junction,None,,,         ,John,Chambers,Cloudy,Front to Rear,no,no,no,no,no,False
102107490,METROPOLITAN NASHVILLE POLICE DEPT,20180690653,Davidson,Nashville,8/12/2018 11:10:00 AM,2,0,0,36.155900,-86.789110,BROADWAY,,,,0.00,Feet,,GEORGE L DAVIS BLVD,,,,0.00,Y,T-Intersection,N,Intersection-Related,None,,,         ,Kyle,Eicholtz,Clear,Angle,no,no,no,no,no,False
102107516,METROPOLITAN NASHVILLE POLICE DEPT,2018-0690644,Davidson,Nashville,8/12/2018 2:15:00 AM,2,0,0,36.054810,-86.694680,TUSCULUM RD,,,,181.00,Feet,West,COLERIDGE DR,,,,0.00,N,Not at Intersection,N,Non-Junction,None,,,         ,Stanley,Collins,Clear,Front to Rear,no,no,no,no,yes,False
102107533,METROPOLITAN NASHVILLE POLICE DEPT,20180690556,Davidson,Nashville,8/12/2018 10:05:00 AM,2,3,0,36.107790,-86.676870,MURFREESBORO PKE,,,,0.00,Feet,,DELL PKWY,,,,0.00,Y,OTHER,N,Intersection-Related,None,,,         ,Jason,Thomas,Clear,Front to Rear,no,no,no,no,no,False
102107536,METROPOLITAN NASHVILLE POLICE DEPT,20180690487,Davidson,Nashville,8/12/2018 9:00:00 AM,2,0,0,36.074600,-86.920950,OLD HICKORY BLVD,,,,43.00,Feet,North,HIGHWAY 70S,,,,0.00,N,Not at Intersection,N,Non-Junction,None,,,         ,Terrence,Bradley,Clear,Angle,no,no,no,no,no,False
102107594,METROPOLITAN NASHVILLE POLICE DEPT,20180690762,Davidson,Nashville,8/12/2018 12:36:00 PM,2,1,0,36.154990,-86.627130,I40 E EXT RAMP,,,,0.00,,,I 40,,,,0.00,Y,Four-Way,N,Entrance/Exit Ramp Related,None,,,         ,Jason,Thomas,Clear,Front to Rear,no,no,no,no,no,False
102107609,METROPOLITAN NASHVILLE POLICE DEPT,20180690775,Davidson,Nashville,8/12/2018 12:45:00 PM,2,0,0,36.158160,-86.799720,CHARLOTTE AV,,,,58.00,Feet,East,18TH AVN,,,,0.00,N,Not at Intersection, ,,None,,,         ,Brent,Hedgcoth,,,no,no,no,no,no,False
102107629,METROPOLITAN NASHVILLE POLICE DEPT,20180690776,Davidson,Nashville,8/12/2018 12:40:00 PM,2,1,0,36.154730,-86.785900,DEMONBREUN ST,,,,100.00,Feet,East,12TH AVS,,,,0.00,N,Not at Intersection,N,Non-Junction,None,,,         ,Catherine,Poole,Clear,Angle,no,no,no,no,no,False
102107634,METROPOLITAN NASHVILLE POLICE DEPT,20180690749,Davidson,Nashville,8/12/2018 12:27:00 PM,2,0,0,36.192710,-86.744370,DOUGLAS AV,,,,0.00,,,GALLATIN AV,,,,0.00,Y,Four-Way,N,Intersection,None,,,         ,Doyle,Price,Clear,Angle,no,no,no,no,no,False
102107658,VANDERBILT UNIVERSITY POLICE,18-0690769,Davidson,Nashville,8/12/2018 12:40:00 PM,2,0,0,36.107500,-86.763680,POWELL AV,,,,0.00,,,,,,,0.00,,, ,,None,,,         ,Robert,Pasinger,,,no,no,no,yes,no,OHO
102107683,METROPOLITAN NASHVILLE POLICE DEPT,20180690887,Davidson,Nashville,8/12/2018 2:20:00 PM,2,0,0,36.117610,-86.769920,I65 S ENT RAMP,,,,0.00,Feet,East,I 440,,,,0.00,N,Not at Intersection, ,Entrance/Exit Ramp Related,None,,,         ,Douglas,Sykes,Clear,Front to Rear,no,no,no,no,no,False
102107699,METROPOLITAN NASHVILLE POLICE DEPT,20180690983,Davidson,Nashville,8/12/2018 1:22:00 PM,2,0,0,36.196120,-86.765700,PENNOCK AV,,,,284.00,Feet,South,MARIE ST,,,,0.00,N,Not at Intersection,N,Non-Junction,None,,,         ,Cody,Jaworski,Clear,"Sideswipe, Same Direction",no,no,no,no,yes,False