master_record_number,agency,agency_tracking_number,county,city,collision_date,vehicles_involved,number_injured,number_dead,latitude,longitude,roadway_name,roadway_suffix,roadway_number,roadway_local_id,distance_from_reference,miles-feet_indicator,direction_from_reference,intersection_road_name,intersection_road_name_suffix,intersection_road_number,intersection_local_id,mile_marker,intersection_indicator,intersect_type,interchange_related_indicator,relation_to_junction,work_zone_type,construction_maintenance_zone,construction_maintenance_zone_location,fatal_case_number,officer_first_name,officer_last_name,weather_condition(s),manner_of_crash,pedestrian,bicycle,scooter,parking,hitrun,mou
102108635,METROPOLITAN NASHVILLE POLICE DEPT,2018-0693564,Davidson,Nashville,8/13/2018 1:27:00 PM,2,0,0,36.155650,-86.789720,14TH AVS,,,,0.00,,,BROADWAY,,,,0.00,Y,Four-Way, ,Entrance/Exit Ramp Related,None,,,         ,Timothy,Edwards,Clear,"Sideswipe, Same Direction",no,no,no,no,no,False
102108662,METROPOLITAN NASHVILLE POLICE DEPT,20180693623,Davidson,Nashville,8/13/2018 2:20:00 PM,3,0,0,36.125890,-86.753460,ROSEDALE CT,,,,256.00,Feet,West,NOLENSVILLE PKE,,,,0.00,N,Not at Intersection,N,Non-Junction,None,,,         ,Justin,Pinkelton,Clear,"Sideswipe, Same Direction",no,no,no,yes,yes,False
102108681,METROPOLITAN NASHVILLE POLICE DEPT,20180693675,Davidson,Nashville,8/13/2018 2:55:00 PM,2,0,0,36.157560,-86.759840,I 24,,,,0.00,,,,,,,49.65,N,Not at Intersection, ,Non-Junction,None,,,         ,Randall,Ward,Clear,"Sideswipe, Same Direction",no,no,no,no,no,False
102108731,METROPOLITAN NASHVILLE POLICE DEPT,20180693717,Davidson,Nashville,8/13/2018 2:30:00 PM,2,0,0,36.155090,-86.780980,9TH AVS,,,,117.00,Feet,South,CLARK PL,,,,0.00,N,Not at Intersection, ,Non-Junction,None,,,         ,Seth,Quiles,Clear,"Sideswipe, Same Direction",no,no,no,no,no,False
102108733,METROPOLITAN NASHVILLE POLICE DEPT,20180693779,Davidson,Nashville,8/13/2018 12:00:00 AM,2,1,0,36.208520,-86.839590,CLARKSVILLE PKE,,,,70.00,Feet,North,W HAMILTON RD,,,,0.00,N,Not at Intersection,N,Non-Junction,None,,,         ,Melvin,Taylor,Clear,Front to Rear,no,no,no,no,no,False
102108740,METROPOLITAN NASHVILLE POLICE DEPT,20180693742,Davidson,Nashville,8/13/2018 3:05:00 PM,2,0,0,36.148170,-86.867420,BALMY AV,,,,0.00,,,CHARLOTTE PKE,,,,0.00,Y,Four-Way, ,,None,,,         ,Robert,Crow,,,no,no,no,no,no,False
102108741,METROPOLITAN NASHVILLE POLICE DEPT,20180693688,Davidson,Nashville,8/13/2018 2:51:00 PM,2,0,0,36.159050,-86.760000,I 24,,,,0.00,,,,,,,49.55,N,Not at Intersection, ,Non-Junction,None,,,         ,Richard,Conger,Clear,Front to Rear,no,no,no,no,no,False
102108744,METROPOLITAN NASHVILLE POLICE DEPT,20180693802,Davidson,Nashville,8/13/2018 3:40:00 PM,2,0,0,36.142620,-86.707980,I 40,,,,0.00,,,,,,,214.30,N,Not at Intersection, ,Non-Junction,None,,,         ,Dontaveous,Eubanks,Clear,Front to Rear,no,no,no,no,no,False
102108749,METROPOLITAN NASHVILLE POLICE DEPT,20180693776,Davidson,Nashville,8/13/2018 3:30:00 PM,2,0,0,36.154800,-86.788530,I 40,,,,0.00,,,,,,,209.20,N,Not at Intersection, ,Non-Junction,None,,,         ,Derek,Betty,Clear,"Sideswipe, Same Direction",no,no,no,no,no,False
102108757,METROPOLITAN NASHVILLE POLICE DEPT,20180693841,Davidson,Nashville,8/13/2018 3:42:00 PM,2,0,0,36.146180,-86.668380,ROYAL PKWY,,,,204.00,Feet,West,CLARIDGE DR,,,,0.00,N,Not at Intersection,N,Non-Junction,None,,,         ,John,Kelley,Clear,Angle,no,no,no,no,no,False
102108765,METROPOLITAN NASHVILLE POLICE DEPT,20180693935,Davidson,Nashville,8/13/2018 4:15:00 PM,2,1,0,36.123290,-86.749530,I 440,,,,0.00,,,,,,,6.40,N,Not at Intersection,N,Non-Junction,None,,,         ,Eric,Keller,Clear,Front to Rear,no,no,no,no,no,False
102108773,METROPOLITAN NASHVILLE POLICE DEPT,20180693984,Davidson,Nashville,8/13/2018 12:00:00 AM,2,0,0,36.187180,-86.798440,ROSA L PARKS BLVD,,,,266.00,Feet,South,DOMINICAN DR,,,,0.00,N,Not at Intersection, ,Non-Junction,None,,,         ,Melvin,Taylor,Clear,"Sideswipe, Same Direction",no,no,no,no,yes,False
102108777,METROPOLITAN NASHVILLE POLICE DEPT,20180693902,Davidson,Nashville,8/13/2018 4:11:00 PM,2,1,0,36.172820,-86.605680,CENTRAL PKE ENT RAMP,,,,0.00,Feet,East,I40 E EXT RAMP,,,,0.00,N,Not at Intersection,N,Entrance/Exit Ramp Related,None,,,         ,David,Stanley,Clear,Front to Rear,no,no,no,no,no,False
102108782,METROPOLITAN NASHVILLE POLICE DEPT,20180693655,Davidson,Nashville,8/13/2018 2:28:00 PM,2,0,0,36.085050,-86.728360,NOLENSVILLE PKE,,,,91.00,Feet,North,PARAGON MILLS RD,,,,0.00,N,Not at Intersection,N,Non-Junction,None,,,         ,Akira,McSwain,Clear,Front to Rear,no,no,no,no,no,False
102108783,METROPOLITAN NASHVILLE POLICE DEPT,20180693851,Davidson,Nashville,8/13/2018 3:50:00 PM,2,0,0,36.141010,-86.817270,WEST END AV,,,,70.00,Feet,North,ACKLEN PARK DR,,,,0.00,N,Not at Intersection, ,Non-Junction,None,,,         ,Akira,McSwain,Clear,Front to Rear,no,no,no,no,no,False
102108790,METROPOLITAN NASHVILLE POLICE DEPT,2018-0693958,Davidson,Nashville,8/13/2018 4:33:00 PM,2,1,0,36.079600,-86.726320,NOLENSVILLE PKE,,,,0.00,,,HARDING PL,,,,0.00,Y,Four-Way,N,Non-Junction,None,,,         ,Will,Amundson,Clear,Front to Rear,no,no,no,no,yes,False
102108795,METROPOLITAN NASHVILLE POLICE DEPT,20180694030,Davidson,Nashville,8/13/2018 2:00:00 PM,2,0,0,36.204900,-86.606290,ANDREW JACKSON PKWY,,,,157.00,Feet,North,ANDREW JACKSON PL,,,,0.00,N,Not at Intersection, ,Non-Junction,None,,,         ,Zachariah,Bush,Clear,"Sideswipe, Opposite Direction",no,no,no,no,no,False
102108796,METROPOLITAN NASHVILLE POLICE DEPT,2018-0693782,Davidson,Nashville,8/13/2018 3:30:00 PM,2,0,0,36.058970,-86.716470,TUSCULUM RD,,,,83.00,Feet,West,NOLENSVILLE PKE,,,,0.00,N,Not at Intersection, ,"Driveway, Alley Access, etc",None,,,         ,John,Roberson,Clear,Angle,no,no,no,no,no,False
102108816,METROPOLITAN NASHVILLE POLICE DEPT,20180694041,Davidson,Nashville,8/13/2018 4:41:00 PM,2,0,0,36.145450,-86.822040,I 440,,,,0.00,,,,,,,1.15,N,Not at Intersection, ,Non-Junction,None,,,         ,Eric,Burford,Clear,Front to Rear,no,no,no,no,no,False
102108818,METROPOLITAN NASHVILLE POLICE DEPT,20180693889,Davidson,Goodlettsville,8/13/2018 4:09:00 PM,2,0,0,36.287310,-86.726170,I 65,,,,0.00,,,,,,,94.00,N,Not at Intersection,N,Non-Junction,None,,,         ,Christopher,Littles,Clear,Front to Rear,no,no,no,no,no,False
102108819,METROPOLITAN NASHVILLE POLICE DEPT,20180694008,Davidson,Not in City Limit,8/13/2018 4:29:00 PM,2,0,0,36.260370,-86.712860,GALLATIN PKES,,,,0.00,,,HICKORY ST,,,,0.00,Y,T-Intersection, ,Intersection,None,,,         ,Christopher,Littles,Clear,Angle,no,no,no,no,no,False
102108820,METROPOLITAN NASHVILLE POLICE DEPT,20180694061,Davidson,Not in City Limit,8/13/2018 5:10:00 PM,2,0,0,36.263070,-86.711920,STATE RT 45,,,,0.00,,,GALLATIN PKEN,,,,0.00,Y,Four-Way, ,Intersection,None,,,         ,Christopher,Littles,Clear,Angle,no,no,no,no,no,False
102108836,METROPOLITAN NASHVILLE POLICE DEPT,20180694146,Davidson,Nashville,8/13/2018 12:00:00 AM,2,0,0,36.158910,-86.760460,I 24,,,,0.00,,,,,,,49.55,N,Not at Intersection,N,Non-Junction,None,,,         ,Trevor,Taylor,Clear,Front to Rear,no,no,no,no,yes,False
102108838,METROPOLITAN NASHVILLE POLICE DEPT,20180694106,Davidson,Nashville,8/13/2018 5:27:00 PM,3,2,0,36.112080,-86.687070,MURFREESBORO PKE,,,,469.00,Feet,West,AIR FREIGHT BLVD,,,,0.00,N,Not at Intersection,N,Non-Junction,None,,,         ,YUNUS,ADAK,Clear,Front to Rear,no,no,no,no,yes,False
102108852,METROPOLITAN NASHVILLE POLICE DEPT,20180694040,Davidson,Nashville,8/13/2018 5:27:00 PM,2,0,0,36.171430,-86.769040,JAMES ROBERTSON PKWY,,,,0.00,,,INTERSTATE DR,,,,0.00,Y,Four-Way, ,,None,,,         ,Joseph,Bingham,,,no,no,no,no,no,False
102108882,METROPOLITAN NASHVILLE POLICE DEPT,20180694165,Davidson,Nashville,8/13/2018 5:49:00 PM,2,1,0,36.120960,-86.803480,I 440,,,,0.00,,,,,,,2.90,N,Not at Intersection,N,Non-Junction,None,,,         ,Akira,McSwain,Clear,Front to Rear,no,no,no,no,no,False
102108883,METROPOLITAN NASHVILLE POLICE DEPT,20180694140,Davidson,Nashville,8/13/2018 2:54:00 PM,2,0,0,36.215090,-86.595440,LEBANON PKE,,,,500.00,Feet,East,ANDREW JACKSON PKWY,,,,0.00,N,Not at Intersection,N,Non-Junction,None,,,         ,Nicolas,Pernell,Clear,Angle,no,no,no,no,no,False
102108884,METROPOLITAN NASHVILLE POLICE DEPT,20180694190,Davidson,Nashville,8/13/2018 4:54:00 PM,2,0,0,36.168060,-86.765650,I24 W ENT RAMP,,,,0.00,Feet,East,I 24,,,,0.00,N,Not at Intersection, ,Non-Junction,None,,,         ,Michael,Moss,Clear,Front to Rear,no,no,no,no,no,False
102108892,METROPOLITAN NASHVILLE POLICE DEPT,20180694253,Davidson,Nashville,8/13/2018 5:15:00 PM,2,0,0,36.070610,-86.685890,BAKERTOWN RD,,,,247.00,Feet,North,HAYWOOD LN,,,,0.00,N,Not at Intersection,N,Non-Junction,None,,,         ,Jarret,Sonnenberg,Clear,Angle,no,no,no,no,no,False
102108899,METROPOLITAN NASHVILLE POLICE DEPT,20180694234,Davidson,Not in City Limit,8/13/2018 5:05:00 PM,2,0,0,36.349370,-86.877430,WHITES CREEK PKE,,,,1173.00,Feet,North,GREENBRIER RD,,,,0.00,N,Not at Intersection,N,Non-Junction,None,,,         ,Jerry,Pirtle,Cloudy,"Sideswipe, Opposite Direction",no,no,no,no,yes,False
102108905,METROPOLITAN NASHVILLE POLICE DEPT,20180694192,Davidson,Nashville,8/13/2018 5:50:00 PM,2,0,0,36.204460,-86.749760,ELLINGTON PKWY N EXT RAMP,,,,0.00,,,ELLINGTON PKWY N ENT RAMP,,,,0.00,Y,T-Intersection, ,Non-Junction,None,,,         ,Wade,Johnson,Clear,Front to Rear,no,no,no,no,no,False
102108920,METROPOLITAN NASHVILLE POLICE DEPT,2018-0694029,Davidson,Nashville,8/13/2018 4:58:00 PM,2,0,0,36.079600,-86.726320,NOLENSVILLE PKE,,,,0.00,,,HARDING PL,,,,0.00,Y,Four-Way, ,Intersection,None,,,         ,William,King,Clear,Front to Rear,no,no,no,no,no,False
102108925,METROPOLITAN NASHVILLE POLICE DEPT,20180694194,Davidson,Nashville,8/13/2018 5:58:00 PM,1,0,0,36.142620,-86.830420,NEBRASKA AV,,,,84.00,Feet,West,38TH AVN,,,,0.00,N,Not at Intersection,N,Non-Junction,None,,,         ,Alex,DiBernardo,Clear,Not Collision with Motor Vehicle in Transport,no,no,no,no,no,False
102108931,METROPOLITAN NASHVILLE POLICE DEPT,20180694181,Davidson,Nashville,8/13/2018 5:47:00 PM,3,1,0,36.155730,-86.783560,DEMONBREUN ST,,,,268.00,Feet,West,10TH AVS,,,,0.00,N,Not at Intersection,N,Non-Junction,None,,,         ,Seth,Quiles,Clear,Front to Rear,no,no,no,no,yes,False
102108942,METROPOLITAN NASHVILLE POLICE DEPT,20180694370,Davidson,Nashville,8/13/2018 7:03:00 PM,2,1,0,36.178370,-86.802440,ARTHUR AV,,,,0.00,Feet,,JANE ST,,,,0.00,Y,OTHER,Y,Intersection,None,,,         ,Amery,Milligan,Clear,Angle,no,no,no,no,no,False
102108945,METROPOLITAN NASHVILLE POLICE DEPT,20180693906,Davidson,Nashville,8/13/2018 4:06:00 PM,2,0,0,36.030470,-86.743980,EDMONDSON PKE,,,,0.00,,,CLOVERLAND DR,,,,0.00,Y,T-Intersection,N,Intersection-Related,None,,,         ,Brandon,Hughes,Clear,Front to Rear,no,no,no,no,yes,False
102108964,METROPOLITAN NASHVILLE POLICE DEPT,20180694465,Davidson,Nashville,8/13/2018 12:00:00 AM,2,0,0,36.151760,-86.768630,2ND AVS,,,,0.00,,,I40 W EXT RAMP,,,,0.00,Y,T-Intersection,Y,Entrance/Exit Ramp Related,None,,,         ,Trevor,Taylor,Clear,Front to Rear,no,no,no,no,no,False
102108968,METROPOLITAN NASHVILLE POLICE DEPT,20180694547,Davidson,Nashville,8/13/2018 8:26:00 PM,2,1,0,36.106990,-86.728440,NEESE DR,,,,81.00,Feet,East,SOUTHLAKE DR,,,,0.00,N,Not at Intersection,N,Non-Junction,None,,,         ,YUNUS,ADAK,Clear,Angle,no,no,no,no,no,False
102108976,METROPOLITAN NASHVILLE POLICE DEPT,20180694620,Davidson,Nashville,8/13/2018 8:12:00 PM,2,0,0,36.177660,-86.788000,4TH AVN,,,,163.00,Feet,North,MONROE ST,,,,0.00,N,Not at Intersection, ,,None,,,         ,Derek,Betty,,,no,no,no,no,no,False
102108993,METROPOLITAN NASHVILLE POLICE DEPT,20180694420,Davidson,Nashville,8/13/2018 5:40:00 PM,2,0,0,36.229380,-86.759280,BROADMOOR DR,,,,0.00,,,DICKERSON PKE,,,,0.00,Y,Four-Way,N,Intersection-Related,None,,,         ,Alexander,Georgeson,Clear,Front to Rear,no,no,no,no,yes,False
102109005,METROPOLITAN NASHVILLE POLICE DEPT,20180693704,Davidson,Nashville,8/13/2018 1:30:00 PM,2,0,0,36.203550,-86.738530,GALLATIN PKE,,,,0.00,,,E TRINITY LN,,,,0.00,Y,T-Intersection, ,Intersection,None,,,         ,Christopher,Butner,Clear,Front to Rear,no,no,no,no,no,False
102109060,METROPOLITAN NASHVILLE POLICE DEPT,20180694839,Davidson,Nashville,8/13/2018 8:37:00 PM,2,0,0,36.079490,-86.644600,EDGE O LAKE DR,,,,0.00,,,MURFREESBORO PKE,,,,0.00,Y,Four-Way,N,Intersection,None,,,         ,Deandera,Payne,Clear,Angle,no,no,no,no,yes,False
102109076,METROPOLITAN NASHVILLE POLICE DEPT,20180694623,Davidson,Nashville,8/13/2018 8:18:00 PM,2,0,0,36.053920,-86.898690,OLD HICKORY BLVD,,,,0.00,,,GAUCHO ROAD PVTDR,,,,0.00,Y,Four-Way,N,Intersection,None,,,         ,John,Hoesli,Clear,Angle,no,no,no,no,no,False
102109077,METROPOLITAN NASHVILLE POLICE DEPT,20180694777,Davidson,Nashville,8/13/2018 9:13:00 PM,2,0,0,36.096730,-86.654670,SMITH SPRINGS RD,,,,37.00,Feet,West,OLD MURFREESBORO PKE,,,,0.00,N,Not at Intersection,N,Non-Junction,None,,,         ,Tyler,Hall,Clear,Angle,no,no,no,no,no,False
102109122,METROPOLITAN NASHVILLE POLICE DEPT,20180694134,Davidson,Nashville,8/13/2018 12:00:00 AM,2,0,0,36.267800,-86.756340,DICKERSON PKE,,,,202.00,Feet,South,BELL GRIMES LN,,,,0.00,N,Not at Intersection,N,Non-Junction,None,,,         ,Joel,Callies,Clear,Front to Rear,no,no,no,no,no,False
102109137,METROPOLITAN NASHVILLE POLICE DEPT,20180694938,Davidson,Nashville,8/13/2018 9:08:00 PM,2,1,0,36.106210,-86.673060,MURFREESBORO PKE,,,,0.00,,,DONELSON PKE,,,,0.00,Y,Four-Way,Y,Intersection,None,,,         ,Kevin,Lovell,Clear,Front to Rear,no,no,no,no,no,False
102109139,METROPOLITAN NASHVILLE POLICE DEPT,20180694977,Davidson,Nashville,8/13/2018 10:56:00 PM,2,0,0,36.155210,-86.770830,2ND AVS,,,,156.00,Feet,South,LEA AV,,,,0.00,N,Not at Intersection, ,Non-Junction,None,,,         ,Blake,Lutz,Clear,Angle,no,no,no,no,no,False
102109170,METROPOLITAN NASHVILLE POLICE DEPT,20180695104,Davidson,Nashville,8/13/2018 11:50:00 PM,2,0,0,36.171490,-86.802790,I 40,,,,0.00,,,,,,,207.70,N,Not at Intersection, ,Non-Junction,None,,,         ,Erik,Schall,Clear,"Sideswipe, Same Direction",no,no,no,no,no,False
102109212,METROPOLITAN NASHVILLE POLICE DEPT,20180695154,Davidson,Nashville,8/14/2018 12:29:00 AM,2,0,0,36.171510,-86.768020,I 24,,,,0.00,,,,,,,48.40,N,Not at Intersection,N,Non-Junction,Work Zone,Laneclosure,Activity Area,         ,Kelcey,Bell,Clear,Front to Rear,no,no,no,no,no,False
102109224,METROPOLITAN NASHVILLE POLICE DEPT,20180695539,Davidson,Antioch,8/14/2018 3:55:00 AM,1,0,0,36.058940,-86.598600,HAMILTON CHURCH RD,,,,287.00,Feet,West,HOBSON PKE,,,,0.00,N,Not at Intersection, ,Non-Junction,None,,,         ,William,Williams,Clear,Not Collision with Motor Vehicle in Transport,no,no,no,no,no,False
102109244,METROPOLITAN NASHVILLE POLICE DEPT,20180695708,Davidson,Not in City Limit,8/14/2018 5:37:00 AM,1,0,0,36.205060,-86.943700,ASHLAND CITY HWY,,,,1685.00,Feet,West,OLD HYDES FERRY PKE,,,,0.00,N,Not at Intersection, ,Non-Junction,None,,,         ,Abigail,Malone,Fog,Not Collision with Motor Vehicle in Transport,no,no,no,no,no,False
102109307,METROPOLITAN NASHVILLE POLICE DEPT,20180695811,Davidson,Nashville,8/14/2018 6:56:00 AM,2,1,0,36.143040,-86.684570,I 40,,,,0.00,,,,,,,215.60,N,Not at Intersection,N,Entrance/Exit Ramp Related,None,,,         ,Michael,Dance,Clear,Front to Rear,no,no,no,no,no,False
102109315,METROPOLITAN NASHVILLE POLICE DEPT,20180695800,Davidson,Lakewood,8/13/2018 9:15:00 PM,2,0,0,36.245810,-86.638330,30TH ST,,,,197.00,Feet,North,OLD HICKORY BLVD,,,,0.00,N,Not at Intersection,N,Non-Junction,None,,,         ,Thomas,Odom,Clear,Rear to Rear,no,no,no,yes,yes,False
102109317,METROPOLITAN NASHVILLE POLICE DEPT,20180695866,Davidson,Nashville,8/14/2018 7:17:00 AM,3,0,0,36.170220,-86.596280,I 40,,,,0.00,,,,,,,221.10,N,Not at Intersection,N,Entrance/Exit Ramp Related,None,,,         ,William,Mckay,Clear,Front to Rear,no,no,no,no,yes,False
102109320,METROPOLITAN NASHVILLE POLICE DEPT,20180695820,Davidson,Nashville,8/14/2018 6:57:00 AM,2,1,0,36.151260,-86.691880,BRILEY PKWY S EXT RAMP,,,,0.00,,,ELM HILL PKE,,,,0.00,Y,T-Intersection, ,Non-Junction,None,,,         ,Michael,Dance,Clear,Front to Rear,no,no,no,no,no,False
102109321,METROPOLITAN NASHVILLE POLICE DEPT,20180695909,Davidson,Nashville,8/14/2018 7:30:00 AM,2,0,0,36.148170,-86.867420,BALMY AV,,,,0.00,,,CHARLOTTE PKE,,,,0.00,Y,OTHER, ,OtherLocation,None,,,         ,George,Spencer,Clear,Angle,no,no,no,no,yes,False
102109331,METROPOLITAN NASHVILLE POLICE DEPT,20180695923,Davidson,Nashville,8/14/2018 7:44:00 AM,2,0,0,36.136770,-86.629540,BELL RD,,,,210.00,Feet,North,REELFOOT CIR,,,,0.00,N,Not at Intersection, ,Non-Junction,None,,,         ,Scott,Toney,Clear,Front to Rear,no,no,no,no,no,False
102109343,METROPOLITAN NASHVILLE POLICE DEPT,20180695910,Davidson,Nashville,8/14/2018 7:39:00 AM,2,1,0,36.136120,-86.724860,SPENCE LN,,,,129.00,Feet,North,MURFREESBORO PKE,,,,0.00,N,Not at Intersection,N,Non-Junction,None,,,         ,MIchael,Mihajlov,Clear,Front to Rear,no,no,no,no,yes,False
102109353,METROPOLITAN NASHVILLE POLICE DEPT,20180695851,Davidson,Nashville,8/14/2018 7:15:00 AM,1,0,0,36.234370,-86.803090,BRILEY PKWYW,,,,126.00,Feet,East,KNIGHT DR,,,,0.00,N,Not at Intersection,N,Non-Junction,None,,,         ,William,Coy,Clear,Not Collision with Motor Vehicle in Transport,no,no,no,no,no,False
102109364,METROPOLITAN NASHVILLE POLICE DEPT,2018-0695989,Davidson,Nashville,8/14/2018 7:31:00 AM,2,0,0,36.050300,-86.685170,BENZING RD,,,,828.00,Feet,South,JERI CT,,,,0.00,N,Not at Intersection,N,Non-Junction,None,,,         ,Stanley,Collins,Clear,"Sideswipe, Opposite Direction",no,no,no,no,yes,False
102109366,METROPOLITAN NASHVILLE POLICE DEPT,20180696011,Davidson,Nashville,8/14/2018 8:21:00 AM,2,0,0,36.140260,-86.887200,I 40,,,,0.00,,,,,,,202.00,N,Not at Intersection,N,Non-Junction,None,,,         ,Michael,Dance,Clear,"Sideswipe, Same Direction",no,no,no,no,yes,False
102109375,METROPOLITAN NASHVILLE POLICE DEPT,20180696037,Davidson,Nashville,8/14/2018 8:05:00 AM,2,0,0,36.097740,-86.738480,VERITAS ST,,,,0.00,,,NOLENSVILLE PKE,,,,0.00,Y,T-Intersection, ,Intersection-Related,None,,,         ,Phillip,Murphy,Clear,"Sideswipe, Opposite Direction",no,no,no,no,no,False
102109381,METROPOLITAN NASHVILLE POLICE DEPT,20180695868,Davidson,Nashville,8/14/2018 7:22:00 AM,2,0,0,36.134110,-86.709780,HAROLD DR,,,,300.00,Feet,South,NORCROSS DR,,,,0.00,N,Not at Intersection, ,OtherLocation,None,,,         ,Terry,Denton,Clear,Angle,no,no,no,yes,no,False
102109392,METROPOLITAN NASHVILLE POLICE DEPT,20180696035,Davidson,Nashville,8/14/2018 8:25:00 AM,2,0,0,36.086800,-86.695300,HARDING PL,,,,194.00,Feet,East,METROPLEX DR,,,,0.00,N,Not at Intersection, ,Non-Junction,None,,,         ,Michael,Dudley,Clear,Angle,no,no,no,no,no,False
102109401,METROPOLITAN NASHVILLE POLICE DEPT,20180696090,Davidson,Nashville,8/14/2018 8:56:00 AM,2,0,0,36.051320,-86.669080,I 24,,,,0.00,,,,,,,58.70,N,Not at Intersection,N,Non-Junction,None,,,         ,Troy,Loewen,Clear,Front to Rear,no,no,no,no,no,False
102109402,METROPOLITAN NASHVILLE POLICE DEPT,20180696153,Davidson,Madison,8/14/2018 9:32:00 AM,1,1,0,36.249170,-86.675300,SIOUX TER,,,,162.00,Feet,West,SHAWNEE RD,,,,0.00,N,Not at Intersection,N,Non-Junction,None,,,         ,Michelle,Steidl,Clear,Not Collision with Motor Vehicle in Transport,no,no,no,no,no,False
102109403,METROPOLITAN NASHVILLE POLICE DEPT,20180695963,Davidson,Nashville,8/14/2018 7:45:00 AM,2,0,0,36.075110,-86.693190,I 24,,,,0.00,,,,,,,56.55,N,Not at Intersection, ,Non-Junction,None,,,         ,James,Thomas,Clear,Front to Rear,no,no,no,no,no,False
102109410,METROPOLITAN NASHVILLE POLICE DEPT,20180695895,Davidson,Nashville,8/14/2018 7:34:00 AM,3,1,0,36.112010,-86.722970,I 24,,,,0.00,,,,,,,53.55,N,Not at Intersection,N,Non-Junction,None,,,         ,Jessie,Meadows,Clear,Front to Rear,no,no,no,no,no,False
102109428,METROPOLITAN NASHVILLE POLICE DEPT,20180695924,Davidson,Nashville,8/14/2018 7:44:00 AM,3,1,0,36.061210,-86.911750,HIGHWAY 100,,,,240.00,Feet,West,WARNER NATURE CTR PVTDR,,,,0.00,N,Not at Intersection,N,Non-Junction,None,,,         ,Charles,Boles,Clear,Front to Rear,no,no,no,no,no,False
102109437,METROPOLITAN NASHVILLE POLICE DEPT,20180696099,Davidson,Nashville,8/14/2018 9:05:00 AM,2,0,0,36.176890,-86.751590,WOODLAND ST,,,,53.00,Feet,West,S 10TH ST,,,,0.00,N,Not at Intersection, ,,None,,,         ,Russell,Freeman,,,no,no,no,no,no,False
102109442,METROPOLITAN NASHVILLE POLICE DEPT,20180696045,Davidson,Nashville,8/14/2018 8:42:00 AM,3,0,0,36.082280,-86.697590,I 24,,,,0.00,,,,,,,56.00,N,Not at Intersection,N,Non-Junction,None,,,         ,Jessie,Meadows,Clear,Front to Rear,no,no,no,no,no,False
102109451,METROPOLITAN NASHVILLE POLICE DEPT,20180696163,Davidson,Nashville,8/14/2018 9:34:00 AM,2,0,0,36.133830,-86.758790,NOLENSVILLE PKE,,,,79.00,Feet,South,CRAIGHEAD ST,,,,0.00,N,Not at Intersection, ,OtherLocation,Construction Zone,,,         ,Phillip,Murphy,Clear,Front to Rear,no,no,no,no,no,False
102109454,METROPOLITAN NASHVILLE POLICE DEPT,20180696179,Davidson,Nashville,8/14/2018 9:40:00 AM,3,3,0,36.154360,-86.792690,BROADWAY,,,,67.00,Feet,East,16TH AVS,,,,0.00,N,Not at Intersection,N,Non-Junction,None,,,         ,Jon,Mcvey,Clear,Front to Rear,no,no,no,no,no,False
102109456,METROPOLITAN NASHVILLE POLICE DEPT,20180696284,Davidson,Nashville,8/14/2018 10:10:00 AM,2,0,0,36.205070,-86.772810,LUCAS LN,,,,0.00,,,,,,,0.00,,,N,OtherLocation,None,,,         ,Russell,Freeman,Clear,Front to Rear,no,no,no,yes,yes,False
102109473,METROPOLITAN NASHVILLE POLICE DEPT,20180695981,Davidson,Nashville,8/14/2018 7:20:00 AM,2,0,0,36.156010,-86.788850,BROADWAY,,,,0.00,,,13TH AVS,,,,0.00,Y,Four-Way, ,,Construction Zone,,,         ,Shedie,Herbert III,,,no,no,no,no,no,False
102109474,METROPOLITAN NASHVILLE POLICE DEPT,20180696238,Davidson,Nashville,8/14/2018 9:45:00 AM,2,0,0,36.176500,-86.769640,SPRING ST,,,,23.00,Feet,East,I24 W EXT RAMP,,,,0.00,N,Not at Intersection, ,Non-Junction,None,,,         ,Thomas,Clingan,Clear,Front to Rear,no,no,no,no,no,False
102109479,METROPOLITAN NASHVILLE POLICE DEPT,20180692863,Davidson,Nashville,8/13/2018 9:01:00 AM,2,0,0,36.162150,-86.790540,CHARLOTTE AV,,,,0.00,,,11TH AVN,,,,0.00,Y,Four-Way,N,Intersection,None,,,         ,Donald,Davidson,Clear,Front to Rear,no,no,no,no,no,False
102109481,METROPOLITAN NASHVILLE POLICE DEPT,20180696377,Davidson,Nashville,8/14/2018 10:45:00 AM,2,0,0,36.158000,-86.791450,CHURCH ST,,,,55.00,Feet,East,14TH AVN,,,,0.00,N,Not at Intersection, ,,None,,,         ,Robert,Schohn,,,no,no,no,no,no,False
102109482,METROPOLITAN NASHVILLE POLICE DEPT,20180696512,Davidson,Nashville,8/14/2018 11:36:00 AM,2,0,0,36.125060,-86.816030,SHARONDALE DR,,,,0.00,,,WOODLAWN DR,,,,0.00,Y,Four-Way,N,Intersection,None,,,         ,Curtis,Rich,Clear,Angle,no,no,no,no,no,False
102109503,METROPOLITAN NASHVILLE POLICE DEPT,20180696432,Davidson,Nashville,8/14/2018 11:17:00 AM,2,0,0,36.179280,-86.644330,LEBANON PKE,,,,267.00,Feet,South,DANYACREST DR,,,,0.00,N,Not at Intersection, ,Non-Junction,None,,,         ,Michael,Dance,Clear,Angle,no,no,no,no,no,False