master_record_number,agency,agency_tracking_number,county,city,collision_date,vehicles_involved,number_injured,number_dead,latitude,longitude,roadway_name,roadway_suffix,roadway_number,roadway_local_id,distance_from_reference,miles-feet_indicator,direction_from_reference,intersection_road_name,intersection_road_name_suffix,intersection_road_number,intersection_local_id,mile_marker,intersection_indicator,intersect_type,interchange_related_indicator,relation_to_junction,work_zone_type,construction_maintenance_zone,construction_maintenance_zone_location,fatal_case_number,officer_first_name,officer_last_name,weather_condition(s),manner_of_crash,pedestrian,bicycle,scooter,parking,hitrun,mou
102109504,METROPOLITAN NASHVILLE POLICE DEPT,20180696411,Davidson,Nashville,8/14/2018 11:08:00 AM,1,0,0,36.193510,-86.830970,CLARKSVILLE PKE,,,,89.00,Feet,East,BUENA VISTA PKE,,,,0.00,N,Not at Intersection, ,,None,,,         ,Victor,Alexander,,,no,no,no,yes,no,False
102109509,METROPOLITAN NASHVILLE POLICE DEPT,20180696414,Davidson,Nashville,8/14/2018 11:00:00 AM,2,1,0,36.235430,-86.758280,DICKERSON PKE,,,,123.00,Feet,North,HOMESTEAD RD,,,,0.00,N,Not at Intersection, ,Non-Junction,None,,,         ,Nicholas,Silinsky,Clear,"Sideswipe, Same Direction",no,no,no,no,no,False
102109510,METROPOLITAN NASHVILLE POLICE DEPT,20180696435,Davidson,Nashville,8/14/2018 11:15:00 AM,2,0,0,36.188660,-86.822720,CLARKSVILLE PKE,,,,135.00,Feet,East,ROSA L PARKS BLVD,,,,0.00,N,Not at Intersection,N,OtherLocation,None,,,         ,Brian,Mclarty,Clear,Angle,no,no,no,yes,no,False
102109515,METROPOLITAN NASHVILLE POLICE DEPT,20180693629,Davidson,Nashville,8/13/2018 2:26:00 PM,2,3,0,36.156010,-86.788850,BROADWAY,,,,0.00,,,13TH AVS,,,,0.00,Y,Four-Way,Y,Intersection,None,,,         ,Michael,Douglas,Clear,Angle,no,no,no,no,no,False
102109518,METROPOLITAN NASHVILLE POLICE DEPT,20180696458,Davidson,Nashville,8/14/2018 11:27:00 AM,1,1,0,36.171790,-86.781320,2ND AVN,,,,365.00,Feet,South,STOCKYARD ST,,,,0.00,N,Not at Intersection,N,Non-Junction,None,,,         ,Robert,Schohn,Clear,Not Collision with Motor Vehicle in Transport,yes,no,no,yes,no,False
102109520,METROPOLITAN NASHVILLE POLICE DEPT,20180696521,Davidson,Nashville,8/14/2018 11:45:00 AM,2,0,0,36.160760,-86.793690,14TH AVN,,,,0.00,,,CHARLOTTE AV,,,,0.00,Y,Four-Way, ,Intersection,None,,,         ,Jon,Mcvey,Clear,Angle,no,no,no,no,no,False
102109539,METROPOLITAN NASHVILLE POLICE DEPT,20180696612,Davidson,Nashville,8/14/2018 12:30:00 PM,2,0,0,36.211600,-86.732600,GALLATIN PKE,,,,0.00,,,HART LN,,,,0.00,Y,T-Intersection, ,Intersection-Related,None,,,         ,Russell,Freeman,Clear,"Sideswipe, Same Direction",no,no,no,no,no,False
102109548,METROPOLITAN NASHVILLE POLICE DEPT,20180693380,Davidson,Nashville,8/13/2018 12:40:00 PM,3,0,0,36.163990,-86.762860,I 24,,,,0.00,,,,,,,49.15,N,Not at Intersection,N,Non-Junction,None,,,         ,Donald,Davidson,Clear,Front to Rear,no,no,no,no,no,False
102109559,METROPOLITAN NASHVILLE POLICE DEPT,20180696682,Davidson,Not in City Limit,8/14/2018 11:55:00 AM,1,0,0,36.077140,-87.028530,I 40,,,,0.00,,,,,,,192.10,N,Not at Intersection,N,Non-Junction,None,,,         ,Wesley,Tilley,Clear,Not Collision with Motor Vehicle in Transport,no,no,no,no,no,False
102109574,METROPOLITAN NASHVILLE POLICE DEPT,20180696664,Davidson,Not in City Limit,8/14/2018 12:40:00 PM,1,1,0,36.074360,-86.970850,I 40,,,,0.00,,,,,,,195.35,N,Not at Intersection,N,Non-Junction,None,,,         ,Curtis,Rich,Clear,Not Collision with Motor Vehicle in Transport,no,no,no,no,no,False
102109577,METROPOLITAN NASHVILLE POLICE DEPT,20180696680,Davidson,Nashville,8/14/2018 12:53:00 PM,2,0,0,36.150490,-86.801230,WEST END AV,,,,0.00,,,21ST AVN,,,,0.00,Y,Four-Way, ,,None,,,         ,Michael,McCord,,,no,no,no,no,no,Campus
102109580,VANDERBILT UNIVERSITY POLICE,20180695932,Davidson,Nashville,8/14/2018 7:15:00 AM,2,0,0,36.141310,-86.806150,25TH AVS,,,,0.00,,,,,,,0.00,,, ,Non-Junction,None,,,         ,Linda,Jennings,Clear,"Sideswipe, Opposite Direction",no,no,no,yes,no,Campus
102109592,METROPOLITAN NASHVILLE POLICE DEPT,20180696695,Davidson,Nashville,8/14/2018 1:04:00 PM,2,0,0,36.153250,-86.775530,LAFAYETTE ST,,,,0.00,,,6TH AVS,,,,0.00,Y,Four-Way, ,,None,,,         ,Shedie,Herbert III,,,no,no,no,no,no,False
102109594,METROPOLITAN NASHVILLE POLICE DEPT,20180696653,Davidson,Nashville,8/14/2018 12:40:00 PM,1,0,0,36.174360,-86.756460,S 9TH ST,,,,190.00,Feet,North,RUSSELL ST,,,,0.00,N,Not at Intersection, ,Non-Junction,None,,,         ,Joshua,Baker,Clear,Not Collision with Motor Vehicle in Transport,no,no,no,no,no,False
102109600,METROPOLITAN NASHVILLE POLICE DEPT,20180696580,Davidson,Nashville,8/14/2018 11:55:00 AM,2,0,0,36.132520,-86.827010,CRAIGHEAD AV,,,,0.00,Feet,,WHITLAND AV,,,,0.00,Y,Four-Way,N,Intersection,None,,,         ,Brian,Myatt,Clear,Angle,no,no,no,no,no,False
102109608,METROPOLITAN NASHVILLE POLICE DEPT,20180696581,Davidson,Nashville,8/14/2018 12:00:00 AM,2,0,0,36.146590,-86.792550,16TH AVS,,,,60.00,Feet,South,MUSIC SQS,,,,0.00,N,Not at Intersection,N,Non-Junction,None,,,         ,Brian,Murphy,Clear,Front to Rear,no,no,no,no,yes,False
102109611,METROPOLITAN NASHVILLE POLICE DEPT,20180696679,Davidson,Nashville,8/14/2018 12:50:00 PM,2,1,0,36.175030,-86.793250,MONROE ST,,,,176.00,Feet,East,9TH AVN,,,,0.00,N,Not at Intersection,N,OtherLocation,None,,,         ,Brian,Mclarty,Clear,Rear to Side,no,no,no,yes,no,False
102109653,METROPOLITAN NASHVILLE POLICE DEPT,20180696591,Davidson,Goodlettsville,8/14/2018 12:20:00 PM,2,3,0,36.291890,-86.703040,GALLATIN PKEN,,,,100.00,Feet,South,RIVERGATE SQUARE PVTDR,,,,0.00,N,Not at Intersection,N,Non-Junction,None,,,         ,Matthew,Harris,Clear,Angle,no,no,no,no,no,False
102109662,METROPOLITAN NASHVILLE POLICE DEPT,20180696784,Davidson,Nashville,8/14/2018 1:30:00 PM,2,0,0,36.211810,-86.622770,OLD HICKORY BLVD,,,,241.00,Feet,South,RACHELS LN,,,,0.00,N,Not at Intersection, ,Non-Junction,None,,,         ,Michael,Dance,Clear,Other,no,no,no,no,no,False
102109663,METROPOLITAN NASHVILLE POLICE DEPT,20180696809,Davidson,Nashville,8/14/2018 1:40:00 PM,2,0,0,36.041170,-86.743760,EDMONDSON PKE,,,,350.00,Feet,South,BRENTWOOD SQ,,,,0.00,N,Not at Intersection, ,Non-Junction,None,,,         ,Earl,Davis,Cloudy,HeadOn,no,no,no,no,no,False
102109682,METROPOLITAN NASHVILLE POLICE DEPT,20180696804,Davidson,Nashville,8/14/2018 1:37:00 PM,2,0,0,36.039990,-86.781290,I65 N EXT RAMP,,,,0.00,Feet,East,I 65,,,,0.00,N,Not at Intersection, ,Entrance/Exit Ramp Related,None,,,         ,Gary,Sneed,Clear,Front to Rear,no,no,no,no,no,False
102109690,METROPOLITAN NASHVILLE POLICE DEPT,20180694752,Davidson,Nashville,8/13/2018 12:00:00 AM,1,0,0,36.206750,-86.780310,W TRINITY LN,,,,205.00,Feet,East,SCRUGGS LN,,,,0.00,N,Not at Intersection, ,Non-Junction,None,,,         ,Melvin,Taylor,Clear,Not Collision with Motor Vehicle in Transport,no,no,no,yes,yes,False
102109695,METROPOLITAN NASHVILLE POLICE DEPT,20180696497,Davidson,Goodlettsville,8/14/2018 11:42:00 AM,2,0,0,36.296940,-86.693990,RIVERGATE BUSINESS CENTER PVTD,,,,715.00,Feet,South,CUDE LN,,,,0.00,N,Not at Intersection,N,Non-Junction,None,,,         ,Brandon,Wood,Clear,Front to Rear,no,no,no,no,yes,False
102109698,METROPOLITAN NASHVILLE POLICE DEPT,20180689975,Davidson,Nashville,8/14/2018 3:08:00 AM,1,0,0,36.139530,-86.786050,11TH AVS,,,,0.00,,,HORTON AV,,,,0.00,Y,T-Intersection,Y,Intersection,None,,,         ,Christian,Martin,Clear,Not Collision with Motor Vehicle in Transport,no,no,no,no,no,False
102109706,METROPOLITAN NASHVILLE POLICE DEPT,20180696113,Davidson,Nashville,8/14/2018 9:00:00 AM,2,0,0,36.033410,-86.641510,I 24,,,,0.00,,,,,,,60.70,N,Not at Intersection, ,Non-Junction,None,,,         ,Eric,Keller,Clear,Front to Rear,no,no,no,no,yes,False
102109707,METROPOLITAN NASHVILLE POLICE DEPT,20180696382,Davidson,Nashville,8/14/2018 10:50:00 AM,2,1,0,36.137970,-86.727380,I24E,,,,275.00,Feet,North,I24 E ENT RAMP,,,,0.00,N,Not at Intersection, ,Non-Junction,None,,,         ,Eric,Keller,Clear,Front to Rear,no,no,no,no,no,False
102109708,METROPOLITAN NASHVILLE POLICE DEPT,2018 0696828,Davidson,Nashville,8/14/2018 1:45:00 PM,2,0,0,36.121580,-86.807490,SHARON HILL CIR,,,,29.00,Feet,West,I440 E ENT RAMP,,,,0.00,N,Not at Intersection,N,Non-Junction,None,,,         ,Paul,Junkmann,Cloudy,Front to Rear,no,no,no,no,no,False
102109721,METROPOLITAN NASHVILLE POLICE DEPT,20180696875,Davidson,Nashville,8/14/2018 2:05:00 PM,2,0,0,36.163050,-86.796060,JO JOHNSTON AV,,,,0.00,,,14TH AVN,,,,0.00,Y,Four-Way,N,Intersection-Related,None,,,         ,Teresah,Pinho,Clear,Angle,no,no,no,no,no,False
102109737,METROPOLITAN NASHVILLE POLICE DEPT,20180696898,Davidson,Not in City Limit,8/14/2018 1:46:00 PM,2,0,0,36.283420,-86.806590,I 24,,,,0.00,,,,,,,40.00,N,Not at Intersection,N,Non-Junction,None,,,         ,Victor,Alexander,Clear,"Sideswipe, Same Direction",no,no,no,no,yes,False
102109747,METROPOLITAN NASHVILLE POLICE DEPT,20180696930,Davidson,Goodlettsville,8/14/2018 2:40:00 PM,2,0,0,36.295230,-86.697820,MYATT DR,,,,57.00,Feet,North,RIVERGATE STATION PVTDR,,,,0.00,N,Not at Intersection, ,Non-Junction,None,,,         ,Michelle,Steidl,Clear,Angle,no,no,no,no,no,False
102109767,THP District 9 - Administrative,318052860,Davidson,Nashville,8/10/2018 7:45:00 AM,2,0,0,36.161200,-86.792680,CHARLOTTE AV,,,,0.00,,,GEORGE L DAVIS BLVD,,,,0.00,Y,T-Intersection, ,Intersection,None,,,         ,William,Gregory,Clear,Angle,no,no,no,no,no,False
102109782,METROPOLITAN NASHVILLE POLICE DEPT,20180697023,Davidson,Nashville,8/14/2018 3:03:00 PM,2,1,0,36.092810,-86.678860,HARDING PL,,,,0.00,,,DONELSON PKE,,,,0.00,Y,Four-Way,N,Intersection-Related,None,,,         ,Marcus,Darden,Clear,Front to Rear,no,no,no,no,no,False
102109787,BERRY HILL POLICE DEPT,18-2838,Davidson,Berry Hill,8/14/2018 3:15:00 PM,2,0,0,36.112180,-86.765500,THOMPSON LN,,,,341.00,Feet,South,COLUMBINE PL,,,,0.00,N,Not at Intersection, ,,None,,,         ,Stephen,Reece,,,no,no,no,yes,no,False
102109809,METROPOLITAN NASHVILLE POLICE DEPT,20180697055,Davidson,Nashville,8/14/2018 3:25:00 PM,1,1,0,36.135230,-86.858310,WHITE BRIDGE PKE,,,,0.00,Feet,,VINE RIDGE DR,,,,0.00,Y,T-Intersection,N,Intersection-Related,None,,,         ,Robert,Crow,Clear,Not Collision with Motor Vehicle in Transport,no,no,no,no,no,False
102109814,METROPOLITAN NASHVILLE POLICE DEPT,20180697026,Davidson,Nashville,8/14/2018 12:00:00 AM,2,0,0,36.148120,-86.666300,DONELSON PKE,,,,248.00,Feet,South,ELM HILL PKE,,,,0.00,N,Not at Intersection, ,"Driveway, Alley Access, etc",None,,,         ,Alexander,Spradling,Clear,Angle,no,no,no,no,no,False
102109817,METROPOLITAN NASHVILLE POLICE DEPT,20180697203,Davidson,OTHER,8/14/2018 3:30:00 PM,2,1,0,36.015400,-86.622100,I24 E EXT RAMP,,,,0.00,Feet,East,I 24,,,,0.00,N,Not at Intersection, ,Non-Junction,None,,,         ,Eric,Keller,Clear,Front to Rear,no,no,no,no,no,False
102109832,METROPOLITAN NASHVILLE POLICE DEPT,20180697233,Davidson,Not in City Limit,8/14/2018 4:28:00 PM,2,0,0,36.272590,-86.689530,MYATT DR,,,,170.00,Feet,North,ANDERSON LN,,,,0.00,N,Not at Intersection,N,Non-Junction,None,,,         ,Christopher,Littles,Clear,Front to Rear,no,no,no,no,no,False
102109834,METROPOLITAN NASHVILLE POLICE DEPT,20180697215,Davidson,Nashville,8/14/2018 4:23:00 PM,2,0,0,36.154830,-86.763340,LINDSLEY AV,,,,0.00,,,ANTHES DR,,,,0.00,Y,Four-Way, ,Intersection,None,,,         ,Brynn,Cellan,Clear,Front to Rear,no,no,no,no,no,False
102109836,METROPOLITAN NASHVILLE POLICE DEPT,20180697158,Davidson,Nashville,8/14/2018 12:00:00 AM,2,1,0,36.178100,-86.800760,I 65,,,,0.00,,,,,,,84.85,N,Not at Intersection, ,Non-Junction,None,,,         ,Melvin,Taylor,Clear,Front to Rear,no,no,no,no,no,False
102109854,BERRY HILL POLICE DEPT,18-2839,Davidson,Nashville,8/14/2018 12:00:00 AM,3,1,0,36.119240,-86.754770,WINFORD AV,,,,0.00,,,MELROSE AV,,,,0.00,Y,Four-Way,Y,Intersection,None,,,         ,John,Gleixner,Cloudy,Angle,no,no,no,no,no,False
102109861,METROPOLITAN NASHVILLE POLICE DEPT,20180697067,Davidson,Nashville,8/14/2018 3:28:00 PM,2,1,0,36.059370,-86.853090,CROMWELL DR,,,,0.00,,,HILLSBORO PKE,,,,0.00,Y,T-Intersection,N,Non-Junction,None,,,         ,Akira,McSwain,Clear,Angle,no,no,no,no,no,False
102109862,METROPOLITAN NASHVILLE POLICE DEPT,20180697204,Davidson,Nashville,8/14/2018 2:10:00 PM,2,0,0,36.074340,-86.921430,HIGHWAY 70S,,,,151.00,Feet,West,OLD HICKORY BLVD,,,,0.00,N,Not at Intersection, ,Non-Junction,None,,,         ,Michael,Griggs,Clear,Angle,no,no,no,no,no,False
102109868,METROPOLITAN NASHVILLE POLICE DEPT,20180697177,Davidson,Nashville,8/14/2018 4:00:00 PM,2,0,0,36.112890,-86.689010,MURFREESBORO PKE,,,,0.00,,,MCGAVOCK PKE,,,,0.00,Y,T-Intersection,N,Intersection-Related,None,,,         ,Alex,Moore,Clear,"Sideswipe, Same Direction",no,no,no,no,yes,False
102109880,METROPOLITAN NASHVILLE POLICE DEPT,20180691137,Davidson,Nashville,8/12/2018 6:20:00 PM,1,1,0,36.260160,-86.659960,ROBINSON,RD,,,0.00,,South,,,,,0.00,,Not at Intersection,N,Non-Junction,None,,,         ,Brian,Theriac,Clear,Not Collision with Motor Vehicle in Transport,no,no,no,no,no,False
102109883,METROPOLITAN NASHVILLE POLICE DEPT,20180697400,Davidson,Nashville,8/14/2018 12:00:00 AM,2,0,0,36.187560,-86.800030,DOMINICAN DR,,,,0.00,Feet,East,ATHENS WAY,,,,0.00,N,Not at Intersection, ,Non-Junction,None,,,         ,Melvin,Taylor,Clear,Angle,no,no,no,no,yes,False
102109913,METROPOLITAN NASHVILLE POLICE DEPT,20180697018,Davidson,Nashville,8/14/2018 2:58:00 PM,2,2,0,36.149460,-86.757220,ROBERTSON ST,,,,0.00,,,FAIRFIELD AV,,,,0.00,Y,Four-Way,N,Intersection,None,,,         ,Johnathan,Pannell,Clear,Angle,no,no,no,no,no,False
102109914,METROPOLITAN NASHVILLE POLICE DEPT,20180697180,Davidson,Nashville,8/14/2018 4:11:00 PM,2,2,0,36.147300,-86.757920,LAFAYETTE ST,,,,0.00,,,FAIRFIELD AV,,,,0.00,Y,Four-Way,N,Intersection,None,,,         ,Johnathan,Pannell,Clear,Angle,no,no,no,no,no,False
102109915,METROPOLITAN NASHVILLE POLICE DEPT,20180697382,Davidson,Nashville,8/14/2018 5:20:00 PM,2,1,0,36.073300,-86.637530,MURFREESBORO PKE,,,,542.00,Feet,South,RURAL HILL RD,,,,0.00,N,Not at Intersection,N,Non-Junction,None,,,         ,Jonathan,Nicholson,Cloudy,Angle,no,no,no,no,no,False
102109921,METROPOLITAN NASHVILLE POLICE DEPT,20180697100,Davidson,Nashville,8/14/2018 3:40:00 PM,2,0,0,36.143050,-86.814950,WEST END AV,,,,267.00,Feet,South,30TH AVS,,,,0.00,N,Not at Intersection, ,Non-Junction,None,,,         ,Jed,Baldoni,Clear,Front to Rear,no,no,no,yes,yes,Campus
102109937,METROPOLITAN NASHVILLE POLICE DEPT,20180697471,Davidson,Nashville,8/14/2018 12:00:00 AM,1,0,0,36.170490,-86.807050,SCOVEL ST,,,,0.00,,,DR D B TODD JR BLVD,,,,0.00,Y,Four-Way, ,Intersection-Related,None,,,         ,Russell,Jones,Clear,Not Collision with Motor Vehicle in Transport,no,no,no,no,no,False
102109939,METROPOLITAN NASHVILLE POLICE DEPT,20180697574,Davidson,Nashville,8/14/2018 6:39:00 PM,2,0,0,36.149370,-86.803470,WEST END AV,,,,0.00,,,LOUISE AV,,,,0.00,Y,T-Intersection, ,Non-Junction,None,,,         ,Randall,Ward,Clear,Angle,no,no,no,no,no,Campus
102109941,METROPOLITAN NASHVILLE POLICE DEPT,20180697672,Davidson,Nashville,8/14/2018 7:25:00 PM,2,0,0,36.206710,-86.605680,ANDREW JACKSON PKWY,,,,53.00,Feet,South,HIGHLAND VIEW DR,,,,0.00,N,Not at Intersection, ,,None,,,         ,Johnathan,Pannell,,,no,no,no,no,no,False
102109946,METROPOLITAN NASHVILLE POLICE DEPT,20180697497,Davidson,Nashville,8/14/2018 6:10:00 PM,2,1,0,36.155020,-86.835850,DELAWARE AV,,,,82.00,Feet,East,41ST AVN,,,,0.00,N,Not at Intersection, ,Non-Junction,None,,,         ,Alexander,Donald,Clear,Angle,no,no,no,no,no,False
102109975,METROPOLITAN NASHVILLE POLICE DEPT,20180697503,Davidson,Nashville,8/14/2018 6:13:00 PM,2,0,0,36.157470,-86.774900,4TH AVS,,,,147.00,Feet,North,KOREAN VETERANS BLVD,,,,0.00,N,Not at Intersection, ,Non-Junction,None,,,         ,Derek,Betty,Clear,"Sideswipe, Same Direction",no,no,no,no,no,False
102109981,METROPOLITAN NASHVILLE POLICE DEPT,20180697451,Davidson,Nashville,8/14/2018 5:44:00 PM,2,0,0,36.115950,-86.786350,I 440,,,,0.00,,,,,,,4.20,N,Not at Intersection, ,Non-Junction,None,,,         ,Akira,McSwain,Clear,Front to Rear,no,no,no,no,no,False
102109982,METROPOLITAN NASHVILLE POLICE DEPT,20180697596,Davidson,Nashville,8/14/2018 6:32:00 PM,2,0,0,36.119500,-86.790920,GRANNY WHITE PKE,,,,91.00,Feet,South,12TH AVS,,,,0.00,N,Not at Intersection, ,Non-Junction,None,,,         ,Akira,McSwain,Clear,Front to Rear,no,no,no,no,no,False
102109987,METROPOLITAN NASHVILLE POLICE DEPT,20180697658,Davidson,Nashville,8/14/2018 7:15:00 PM,1,0,0,36.235280,-86.723800,BRILEY PKWY W EXT RAMP,,,,0.00,,,BRILEY PKWYW,,,,0.00,Y,OTHER,Y,Entrance/Exit Ramp Related,None,,,         ,Alexander,Georgeson,Clear,Not Collision with Motor Vehicle in Transport,no,no,no,no,no,False
102109988,METROPOLITAN NASHVILLE POLICE DEPT,20180697312,Davidson,Nashville,8/14/2018 4:54:00 PM,2,0,0,36.098970,-86.739130,NOLENSVILLE PKE,,,,67.00,Feet,North,RAYMOND ST,,,,0.00,N,Not at Intersection,N,Non-Junction,None,,,         ,Brandon,Hughes,Clear,Front to Rear,no,no,no,no,yes,False
102109993,METROPOLITAN NASHVILLE POLICE DEPT,20180697389,Davidson,Nashville,8/14/2018 4:41:00 PM,3,0,0,36.199080,-86.740950,GALLATIN PKE,,,,6.00,Feet,North,DELMAS AV,,,,0.00,N,Not at Intersection,N,Non-Junction,None,,,         ,Marc,Kozen,Clear,Front to Rear,no,no,no,no,yes,False
102109994,METROPOLITAN NASHVILLE POLICE DEPT,20180697522,Davidson,Nashville,8/14/2018 12:00:00 AM,2,0,0,36.188980,-86.820760,ROSA L PARKS BLVD,,,,429.00,Feet,North,CLARKSVILLE PKE,,,,0.00,N,Not at Intersection, ,Non-Junction,None,,,         ,Russell,Jones,Clear,Angle,no,no,no,no,no,False
102110005,VANDERBILT UNIVERSITY POLICE,2018-0697758,Davidson,Nashville,8/14/2018 7:46:00 PM,2,0,0,36.106920,-86.762190,POWELL AVE,,,,0.00,,,,,,,0.00,,, ,Non-Junction,None,,,         ,Nancy,Douglas,Clear,Front to Rear,no,no,no,yes,yes,OHO
102110009,METROPOLITAN NASHVILLE POLICE DEPT,2018-0697682,Davidson,Nashville,8/14/2018 7:30:00 PM,1,1,0,36.110660,-86.768460,POWELL AV,,,,0.00,,,,,,,0.00,,,N,"Driveway, Alley Access, etc",None,,,         ,John,Roberson,Clear,Not Collision with Motor Vehicle in Transport,yes,no,no,yes,no,False
102110013,METROPOLITAN NASHVILLE POLICE DEPT,20180697798,Davidson,Nashville,8/14/2018 5:58:00 PM,2,0,0,36.125850,-86.752250,GLENROSE AV,,,,101.00,Feet,East,NOLENSVILLE PKE,,,,0.00,N,Not at Intersection, ,Non-Junction,None,,,         ,Edin,Plancic,Clear,Other,no,no,no,no,no,False
102110016,METROPOLITAN NASHVILLE POLICE DEPT,20180697519,Davidson,Nashville,8/14/2018 12:00:00 AM,2,3,0,36.215400,-86.588510,LEBANON PKE,,,,0.00,,,BIG HORN DR,,,,0.00,Y,Four-Way,N,Intersection-Related,None,,,         ,Alexander,Spradling,Clear,Angle,no,no,no,no,no,False
102110018,METROPOLITAN NASHVILLE POLICE DEPT,20180697870,Davidson,Nashville,8/14/2018 8:10:00 PM,2,0,0,36.115910,-86.779190,I 440,,,,0.00,,,,,,,4.60,N,Not at Intersection,N,Non-Junction,None,,,         ,Akira,McSwain,Clear,Front to Rear,no,no,no,no,yes,False
102110024,METROPOLITAN NASHVILLE POLICE DEPT,20180697852,Davidson,Nashville,8/14/2018 8:13:00 PM,2,0,0,36.172600,-86.765210,S 5TH ST,,,,96.00,Feet,South,SPRING ST,,,,0.00,N,Not at Intersection, ,Non-Junction,None,,,         ,Richard,Conger,Clear,Angle,no,no,no,no,no,False
102110026,METROPOLITAN NASHVILLE POLICE DEPT,20180697863,Davidson,Nashville,8/14/2018 12:00:00 AM,1,1,0,36.234130,-86.785240,I 24,,,,0.00,,,,,,,43.80,N,Not at Intersection,N,Non-Junction,None,,,         ,Melvin,Taylor,Clear,Not Collision with Motor Vehicle in Transport,no,no,no,no,no,False
102110048,METROPOLITAN NASHVILLE POLICE DEPT,20180697901,Davidson,Nashville,8/14/2018 8:35:00 PM,1,1,0,36.171060,-86.809930,21ST AVN,,,,0.00,Feet,,HEIMAN ST,,,,0.00,Y,Four-Way,Y,Intersection-Related,None,,,         ,Amery,Milligan,Clear,Not Collision with Motor Vehicle in Transport,yes,no,no,no,yes,False
102110093,METROPOLITAN NASHVILLE POLICE DEPT,20180697841,Davidson,Nashville,8/14/2018 8:32:00 PM,2,0,0,36.091790,-86.828200,HILLSBORO PKE,,,,121.00,Feet,South,FOREST PLACE CIR,,,,0.00,N,Not at Intersection, ,Non-Junction,None,,,         ,Broderick,Jones,Clear,Front to Rear,no,no,no,no,no,False
102110107,METROPOLITAN NASHVILLE POLICE DEPT,20180697934,Davidson,Nashville,8/14/2018 9:20:00 PM,2,0,0,36.154940,-86.786420,12TH AVS,,,,140.00,Feet,North,DEMONBREUN ST,,,,0.00,N,Not at Intersection, ,,None,,,         ,Derek,Betty,,,no,no,no,no,no,False
102110108,METROPOLITAN NASHVILLE POLICE DEPT,20180697098,Davidson,Nashville,8/14/2018 3:42:00 PM,3,2,0,36.105360,-86.717790,I 24,,,,0.00,,,,,,,54.10,N,Not at Intersection,N,Non-Junction,None,,,         ,Je-Marc,Sears,Clear,"Sideswipe, Same Direction",no,no,no,no,no,False
102110113,METROPOLITAN NASHVILLE POLICE DEPT,20180698024,Davidson,Nashville,8/14/2018 8:06:00 PM,2,0,0,36.167440,-86.757860,CAYCE PLACE PVTDR,,,,281.00,Feet,West,S 7TH ST,,,,0.00,N,Not at Intersection, ,Non-Junction,None,,,         ,Maccio,Hightower,Clear,Angle,no,no,no,yes,yes,False
102110138,METROPOLITAN NASHVILLE POLICE DEPT,20180698124,Davidson,Nashville,8/14/2018 10:00:00 PM,2,0,0,36.149910,-86.772550,I 40,,,,0.00,,,,,,,210.25,N,Not at Intersection, ,Non-Junction,None,,,         ,Billy,Price,Clear,"Sideswipe, Same Direction",no,no,no,no,no,False
102110142,METROPOLITAN NASHVILLE POLICE DEPT,20180698094,Davidson,Nashville,8/14/2018 10:45:00 PM,1,1,0,36.159560,-86.774640,3RD AVS,,,,0.00,,,DEMONBREUN ST,,,,0.00,Y,Four-Way,N,Intersection,None,,,         ,John,Anderson,Clear,Not Collision with Motor Vehicle in Transport,yes,no,no,no,no,False
102110153,METROPOLITAN NASHVILLE POLICE DEPT,20180698208,Davidson,Nashville,8/14/2018 11:30:00 PM,1,0,0,36.173520,-86.760400,WOODLAND ST,,,,28.00,Feet,West,S 7TH ST,,,,0.00,N,Not at Intersection,N,Non-Junction,None,,,         ,Douglas,Smith,Clear,Not Collision with Motor Vehicle in Transport,no,no,no,no,no,False
102110154,METROPOLITAN NASHVILLE POLICE DEPT,20180698012,Davidson,Nashville,8/14/2018 9:58:00 PM,5,0,0,36.141640,-86.672760,I 40,,,,0.00,,,,,,,215.00,N,Not at Intersection,N,Non-Junction,None,,,         ,Dontaveous,Eubanks,Clear,Front to Rear,no,no,no,no,yes,False
102110155,METROPOLITAN NASHVILLE POLICE DEPT,20180697859,Davidson,Nashville,8/14/2018 8:30:00 PM,2,0,0,36.074480,-86.920940,OLD HICKORY BLVD,,,,0.00,,,HIGHWAY 70S,,,,0.00,Y,Four-Way, ,Intersection-Related,None,,,         ,John,Hoesli,Clear,"Sideswipe, Same Direction",no,no,no,no,no,False
102110159,METROPOLITAN NASHVILLE POLICE DEPT,20180698357,Davidson,Nashville,8/15/2018 12:00:00 AM,2,1,0,36.176620,-86.755520,MAIN ST,,,,0.00,Feet,,MCFERRIN AV,,,,0.00,Y,T-Intersection,N,Intersection,None,,,         ,Colin,Bleem,Clear,Angle,no,no,no,no,no,False
102110160,GOODLETTSVILLE POLICE DEPT,18-28672,Davidson,Goodlettsville,8/14/2018 10:09:00 PM,2,0,0,36.300810,-86.710830,I 65,,,,0.00,,,,,,,95.20,N,Not at Intersection,Y,Entrance/Exit Ramp Related,None,,,         ,Nicholas,Given,Clear,"Sideswipe, Same Direction",no,no,no,no,no,False