master_record_number,agency,agency_tracking_number,county,city,collision_date,vehicles_involved,number_injured,number_dead,latitude,longitude,roadway_name,roadway_suffix,roadway_number,roadway_local_id,distance_from_reference,miles-feet_indicator,direction_from_reference,intersection_road_name,intersection_road_name_suffix,intersection_road_number,intersection_local_id,mile_marker,intersection_indicator,intersect_type,interchange_related_indicator,relation_to_junction,work_zone_type,construction_maintenance_zone,construction_maintenance_zone_location,fatal_case_number,officer_first_name,officer_last_name,weather_condition(s),manner_of_crash,pedestrian,bicycle,scooter,parking,hitrun,mou
102110887,METROPOLITAN NASHVILLE POLICE DEPT,20180700416,Davidson,Nashville,8/15/2018 3:29:00 PM,2,1,0,36.091370,-86.761510,SIDCO DR,,,,0.00,,,KENILWOOD DR,,,,0.00,Y,T-Intersection,N,Non-Junction,None,,,         ,Gabriel,Vasquez,Clear,Angle,no,no,no,no,no,False
102110892,METROPOLITAN NASHVILLE POLICE DEPT,20180700527,Davidson,Nashville,8/15/2018 4:10:00 PM,2,0,0,36.142050,-86.712160,I 40,,,,0.00,,,,,,,214.10,N,Not at Intersection, ,Non-Junction,None,,,         ,John,Kelley,Clear,"Sideswipe, Same Direction",no,no,no,no,no,False
102110893,METROPOLITAN NASHVILLE POLICE DEPT,20180700510,Davidson,Nashville,8/15/2018 3:36:00 PM,2,0,0,36.244160,-86.760070,SKYLINE COMMONS PVTDR,,,,678.00,Feet,North,DOVERSIDE DR,,,,0.00,N,Not at Intersection,N,Non-Junction,None,,,         ,Michael,Thompson,Clear,Angle,no,no,no,yes,yes,False
102110900,METROPOLITAN NASHVILLE POLICE DEPT,20180700742,Davidson,Not in City Limit,8/15/2018 5:41:00 PM,2,0,0,36.270780,-86.706610,ROOSEVELT AV,,,,0.00,,,BROOKS AV,,,,0.00,Y,Four-Way, ,Intersection,None,,,         ,Christopher,Littles,Clear,Angle,no,no,no,no,no,False
102110908,METROPOLITAN NASHVILLE POLICE DEPT,20180700640,Davidson,Nashville,8/15/2018 5:04:00 PM,2,0,0,36.171840,-86.764770,S 5TH ST,,,,0.00,,,WOODLAND ST,,,,0.00,Y,Four-Way, ,Intersection,None,,,         ,Richard,Conger,Clear,Angle,no,no,no,no,no,False
102110910,METROPOLITAN NASHVILLE POLICE DEPT,20180700412,Davidson,Nashville,8/15/2018 3:41:00 PM,2,2,0,36.198440,-86.620270,LEBANON PKE,,,,0.00,,,OLD HICKORY BLVD,,,,0.00,Y,Four-Way,Y,Intersection,None,,,         ,Craig,Gentry,Clear,Front to Rear,no,no,no,no,no,False
102110911,METROPOLITAN NASHVILLE POLICE DEPT,20180700676,Davidson,Nashville,8/15/2018 5:20:00 PM,2,0,0,36.215400,-86.588510,LEBANON PKE,,,,0.00,Feet,,BIG HORN DR,,,,0.00,Y,Four-Way,Y,Intersection-Related,None,,,         ,Craig,Gentry,Clear,"Sideswipe, Opposite Direction",no,no,no,no,no,False
102110913,METROPOLITAN NASHVILLE POLICE DEPT,20180700375,Davidson,Nashville,8/15/2018 3:25:00 PM,2,0,0,36.153980,-86.793210,BROADWAY,,,,138.00,Feet,South,WEST END AV,,,,0.00,N,Not at Intersection, ,Non-Junction,None,,,         ,Christopher,Augustin,Clear,Front to Rear,no,no,no,no,no,False
102110914,METROPOLITAN NASHVILLE POLICE DEPT,20180700667,Davidson,Nashville,8/15/2018 5:16:00 PM,2,4,0,36.144220,-86.656510,ELM HILL PKE,,,,240.00,Feet,East,HURT DR,,,,0.00,N,Not at Intersection,N,Non-Junction,None,,,         ,Trenton,Searcy,Clear,Front to Rear,no,no,no,no,no,False
102110916,METROPOLITAN NASHVILLE POLICE DEPT,20180700567,Davidson,Nashville,8/15/2018 4:35:00 PM,2,0,0,36.087280,-86.692570,HARDING PL,,,,117.00,Feet,West,ANTIOCH PKE,,,,0.00,N,Not at Intersection, ,Non-Junction,None,,,         ,Jedidayah,Merriweather,Clear,Angle,no,no,no,no,no,False
102110931,METROPOLITAN NASHVILLE POLICE DEPT,20180700761,Davidson,Nashville,8/15/2018 5:40:00 PM,2,0,0,36.198340,-86.620320,LEBANON PKE,,,,40.00,Feet,South,OLD HICKORY BLVD,,,,0.00,N,Not at Intersection, ,Non-Junction,None,,,         ,Marvis,Malone,Clear,Front to Rear,no,no,no,no,no,False
102110938,METROPOLITAN NASHVILLE POLICE DEPT,20180700766,Davidson,Nashville,8/15/2018 4:43:00 PM,2,0,0,36.155080,-86.822750,I440 W EXT RAMP,,,,0.00,,,I 440,,,,0.00,Y,Y-Intersection,N,Non-Junction,None,,,         ,Alexander,Donald,Clear,Front to Rear,no,no,no,no,yes,False
102110939,METROPOLITAN NASHVILLE POLICE DEPT,20180700703,Davidson,Nashville,8/15/2018 4:16:00 PM,2,0,0,36.121850,-86.759230,I 440,,,,0.00,,,,,,,5.80,N,Not at Intersection,N,Non-Junction,None,,,         ,Gabriel,Vasquez,Clear,Front to Rear,no,no,no,no,no,False
102110943,METROPOLITAN NASHVILLE POLICE DEPT,20180700675,Davidson,Nashville,8/15/2018 4:00:00 PM,2,0,0,36.144780,-86.739710,I 40,,,,0.00,,,,,,,212.30,N,Not at Intersection, ,Non-Junction,None,,,         ,Johnathan,Pannell,Clear,"Sideswipe, Same Direction",no,no,no,no,no,False
102110944,METROPOLITAN NASHVILLE POLICE DEPT,20180700844,Davidson,Nashville,8/15/2018 4:57:00 PM,2,0,0,36.143490,-86.744240,FESSLERS LN,,,,256.00,Feet,North,MURFREESBORO PKE,,,,0.00,N,Not at Intersection, ,,None,,,         ,Johnathan,Pannell,,,no,no,no,no,no,False
102110950,METROPOLITAN NASHVILLE POLICE DEPT,20180700644,Davidson,Nashville,8/15/2018 5:07:00 PM,3,1,0,36.141820,-86.672540,I 40,,,,0.00,,,,,,,215.00,N,Not at Intersection,N,Non-Junction,None,,,         ,Zachariah,Bush,Clear,Front to Rear,no,no,no,no,no,False
102110955,METROPOLITAN NASHVILLE POLICE DEPT,20180700594,Davidson,Nashville,8/15/2018 3:50:00 PM,2,0,0,36.106190,-86.718820,I 24,,,,0.00,,,,,,,54.00,N,Not at Intersection,N,Non-Junction,None,,,         ,Aimee,Ortiz,Clear,Front to Rear,no,no,no,no,yes,False
102110960,METROPOLITAN NASHVILLE POLICE DEPT,20180700870,Davidson,Nashville,8/15/2018 6:25:00 PM,2,0,0,36.044510,-86.650910,CROSSINGS BLVD,,,,22.00,Feet,East,HICKORY HOLLOW PKWY,,,,0.00,N,Not at Intersection, ,Non-Junction,None,,,         ,Eric,Wegener,Clear,Angle,no,no,no,no,no,False
102110965,METROPOLITAN NASHVILLE POLICE DEPT,20180700770,Davidson,Nashville,8/15/2018 4:40:00 PM,2,0,0,36.143760,-86.730240,ELM HILL PKE,,,,61.00,Feet,East,ARLINGTON AV,,,,0.00,N,Not at Intersection, ,Non-Junction,None,,,         ,Brady,Reynolds,Clear,"Sideswipe, Same Direction",no,no,no,no,no,False
102110969,METROPOLITAN NASHVILLE POLICE DEPT,20180700880,Davidson,Nashville,8/15/2018 6:34:00 PM,2,0,0,36.137320,-86.761390,4TH AVS,,,,0.00,Feet,,MALLORY ST,,,,0.00,Y,T-Intersection,N,Intersection-Related,None,,,         ,Ryan,Storm,Clear,Angle,no,no,no,no,no,False
102110972,METROPOLITAN NASHVILLE POLICE DEPT,20180700990,Davidson,Nashville,8/15/2018 12:00:00 AM,2,0,0,36.229030,-86.793390,GWYNNWOOD DR,,,,143.00,Feet,North,POLK FOREST CIR,,,,0.00,N,Not at Intersection, ,Non-Junction,None,,,         ,Melvin,Taylor,Clear,"Sideswipe, Same Direction",no,no,no,no,yes,False
102110979,METROPOLITAN NASHVILLE POLICE DEPT,20180700591,Davidson,Nashville,8/15/2018 4:04:00 PM,2,1,0,36.187230,-86.613760,OLD HICKORY BLVD,,,,633.00,Feet,West,OLD LEBANON DIRT RD,,,,0.00,N,Not at Intersection, ,Non-Junction,None,,,         ,Dontaveous,Eubanks,Clear,Front to Rear,no,no,no,no,no,False
102110980,METROPOLITAN NASHVILLE POLICE DEPT,20180700820,Davidson,Nashville,8/15/2018 6:00:00 PM,1,1,0,36.042460,-86.700370,OLD HICKORY BLVD,,,,451.00,Feet,North,GREEN TRAILS DR,,,,0.00,N,Not at Intersection,N,Non-Junction,None,,,         ,Matthew,Turppa,Clear,Not Collision with Motor Vehicle in Transport,no,no,no,no,no,False
102110982,METROPOLITAN NASHVILLE POLICE DEPT,20180700901,Davidson,Nashville,8/15/2018 5:49:00 PM,2,0,0,36.106910,-86.719590,I 24,,,,0.00,,,,,,,53.95,N,Not at Intersection, ,Entrance/Exit Ramp Related,None,,,         ,Jedidayah,Merriweather,Clear,"Sideswipe, Same Direction",no,no,no,no,yes,False
102110987,METROPOLITAN NASHVILLE POLICE DEPT,20180700307,Davidson,Nashville,8/15/2018 2:37:00 PM,2,0,0,36.115070,-86.792030,GRANNY WHITE PKE,,,,65.00,Feet,South,BATTLEFIELD DR,,,,0.00,N,Not at Intersection, ,Non-Junction,None,,,         ,Akira,McSwain,Clear,Front to Rear,no,no,no,no,no,False
102110988,METROPOLITAN NASHVILLE POLICE DEPT,20180700483,Davidson,Nashville,8/15/2018 3:39:00 PM,2,0,0,36.104780,-86.814430,RICHARD JONES RD,,,,51.00,Feet,East,HILLSBORO PKE,,,,0.00,N,Not at Intersection, ,Non-Junction,None,,,         ,Akira,McSwain,Clear,Front to Rear,no,no,no,no,no,False
102110989,METROPOLITAN NASHVILLE POLICE DEPT,20180700734,Davidson,Nashville,8/15/2018 5:30:00 PM,2,2,0,36.116070,-86.791950,I 440,,,,0.00,,,,,,,3.85,N,Not at Intersection,N,Non-Junction,None,,,         ,Akira,McSwain,Clear,Front to Rear,no,no,no,no,no,False
102110990,METROPOLITAN NASHVILLE POLICE DEPT,20180700956,Davidson,Nashville,8/15/2018 6:01:00 PM,2,0,0,36.155820,-86.795920,17TH AVN,,,,0.00,,,CHURCH ST,,,,0.00,Y,Four-Way, ,Non-Junction,None,,,         ,Akira,McSwain,Clear,Angle,no,no,no,no,no,False
102110991,METROPOLITAN NASHVILLE POLICE DEPT,20180701107,Davidson,Nashville,8/15/2018 7:28:00 PM,2,0,0,36.195970,-86.717190,PORTER RD,,,,0.00,,,STRATFORD AV,,,,0.00,Y,Four-Way, ,Non-Junction,None,,,         ,Richard,Conger,Clear,Front to Rear,no,no,no,no,no,False
102111007,METROPOLITAN NASHVILLE POLICE DEPT,20180700778,Davidson,Nashville,8/15/2018 5:54:00 PM,3,1,0,36.116030,-86.831300,WOODMONT BLVD,,,,79.00,Feet,West,GRAYSWOOD AV,,,,0.00,N,Not at Intersection,N,Non-Junction,None,,,         ,Joshua,Asbell,Clear,Front to Rear,no,no,no,no,no,False
102111010,METROPOLITAN NASHVILLE POLICE DEPT,20180700895,Davidson,Nashville,8/15/2018 6:41:00 PM,2,0,0,36.163170,-86.780190,CHURCH ST,,,,0.00,,,5TH AVN,,,,0.00,Y,Four-Way, ,Non-Junction,None,,,         ,Michael,Douglas,Clear,Front to Rear,no,no,no,no,yes,False
102111011,METROPOLITAN NASHVILLE POLICE DEPT,20180700325,Davidson,Nashville,8/15/2018 2:55:00 PM,2,0,0,36.171430,-86.769040,JAMES ROBERTSON PKWY,,,,0.00,,,INTERSTATE DR,,,,0.00,Y,Four-Way, ,Intersection,None,,,         ,Joshua,Reece,Clear,Front to Rear,no,no,no,no,no,False
102111046,METROPOLITAN NASHVILLE POLICE DEPT,20180701199,Davidson,Not in City Limit,8/15/2018 12:00:00 AM,1,1,0,36.279770,-86.708650,GALLATIN PKEN,,,,162.00,Feet,North,ONE MILE PKWY,,,,0.00,N,Not at Intersection,N,Non-Junction,None,,,         ,Christopher,Littles,Clear,Not Collision with Motor Vehicle in Transport,yes,no,no,yes,yes,False
102111047,METROPOLITAN NASHVILLE POLICE DEPT,20180700370,Davidson,Nashville,8/15/2018 2:55:00 PM,2,0,0,36.132730,-86.665250,TERMINAL DR,,,,200.00,Feet,South,BNA DR,,,,0.00,N,Not at Intersection,N,Non-Junction,None,,,         ,Joshua,Reece,Clear,Angle,no,no,no,yes,yes,False
102111059,METROPOLITAN NASHVILLE POLICE DEPT,20180677805,Davidson,Madison,8/7/2018 11:20:00 PM,3,1,1,36.261240,-86.712530,GALLATIN PKES,,,,0.00,Feet,,MAPLE ST,,,,0.00,Y,T-Intersection,N,Intersection,None,,,18-0564  ,Christopher,Augustin,Clear,Angle,no,no,no,no,yes,False
102111067,METROPOLITAN NASHVILLE POLICE DEPT,20180700686,Davidson,Nashville,8/15/2018 5:20:00 PM,2,0,0,36.157110,-86.774670,4TH AVS,,,,0.00,,,KOREAN VETERANS BLVD,,,,0.00,Y,Four-Way,N,Intersection,Construction Zone,Laneclosure,Activity Area,         ,Timothy,Mead,Clear,Front to Rear,no,no,no,no,yes,False
102111068,METROPOLITAN NASHVILLE POLICE DEPT,20180701426,Davidson,Nashville,8/15/2018 9:54:00 PM,1,1,0,36.241330,-86.764830,BRILEY PKWYW,,,,693.00,Feet,West,BRILEY PKWYE,,,,0.00,N,Not at Intersection,N,Non-Junction,None,,,         ,Christopher,Littles,Clear,Not Collision with Motor Vehicle in Transport,no,no,no,no,no,False
102111084,METROPOLITAN NASHVILLE POLICE DEPT,20180701433,Davidson,Nashville,8/15/2018 9:50:00 PM,2,0,0,36.110550,-86.767000,POWELL AV,,,,154.00,Feet,South,OLD POWELL AV,,,,0.00,N,Not at Intersection,N,Non-Junction,None,,,         ,Gabriel,Vasquez,Clear,Angle,no,no,no,no,yes,False
102111088,METROPOLITAN NASHVILLE POLICE DEPT,20180701463,Davidson,Nashville,8/15/2018 10:20:00 PM,2,0,0,36.153630,-86.788130,I 40,,,,0.00,,,,,,,209.30,N,Not at Intersection, ,Non-Junction,None,,,         ,Ryan,Coll,Clear,Front to Rear,no,no,no,no,no,False
102111102,METROPOLITAN NASHVILLE POLICE DEPT,20180700687,Davidson,Nashville,8/15/2018 5:23:00 PM,2,0,0,36.095350,-86.654460,MURFREESBORO PKE,,,,132.00,Feet,West,MURFREESBORO PKE RAMP,,,,0.00,N,Not at Intersection, ,Non-Junction,None,,,         ,Marcus,Darden,Clear,Front to Rear,no,no,no,no,no,False
102111103,METROPOLITAN NASHVILLE POLICE DEPT,20180701114,Davidson,Nashville,8/15/2018 7:10:00 PM,2,0,0,36.121420,-86.709450,WINTHORNE CT,,,,392.00,Feet,West,WINTHORNE DR,,,,0.00,N,Not at Intersection, ,Non-Junction,None,,,         ,Ciarra,Rench,Clear,Rear to Rear,no,no,no,no,no,False
102111114,METROPOLITAN NASHVILLE POLICE DEPT,20180701455,Davidson,Nashville,8/15/2018 9:36:00 PM,2,0,0,36.155040,-86.797520,18TH AVN,,,,0.00,,,CHURCH ST,,,,0.00,Y,Four-Way,N,Intersection,None,,,         ,Eric,Burford,Clear,Angle,no,no,no,no,no,False
102111116,METROPOLITAN NASHVILLE POLICE DEPT,20180701429,Davidson,Nashville,8/15/2018 8:18:00 PM,2,0,0,36.068200,-86.719110,NOLENSVILLE PKE,,,,0.00,,,HAYWOOD LN,,,,0.00,Y,Four-Way,N,Intersection,None,,,         ,William,Durham,Clear,Angle,no,no,no,no,no,False
102111119,METROPOLITAN NASHVILLE POLICE DEPT,20180701493,Davidson,Nashville,8/15/2018 9:52:00 PM,2,0,0,36.148150,-86.779480,I65 S ENT RAMP,,,,0.00,Feet,East,I 40,,,,0.00,N,Not at Intersection, ,Non-Junction,None,,,         ,Dakota,Vermillion,Clear,"Sideswipe, Same Direction",no,no,no,no,no,False
102111122,METROPOLITAN NASHVILLE POLICE DEPT,20180700755,Davidson,Nashville,8/15/2018 5:43:00 PM,4,1,0,36.086910,-86.648680,MURFREESBORO PKE,,,,0.00,,,NASHBORO BLVD,,,,0.00,Y,Four-Way,N,Intersection,None,,,         ,Marcus,Darden,Clear,Angle,no,no,no,no,no,False
102111131,METROPOLITAN NASHVILLE POLICE DEPT,20180701540,Davidson,Nashville,8/15/2018 11:08:00 PM,2,0,0,36.217720,-86.624590,OLD HICKORY BLVD,,,,0.00,,,,,,,0.00,,,N,Non-Junction,None,,,         ,Emily,Mulready,Clear,Front to Rear,no,no,no,yes,yes,False
102111133,METROPOLITAN NASHVILLE POLICE DEPT,20180701537,Davidson,Nashville,8/15/2018 8:02:00 PM,2,0,0,36.165120,-86.620620,HICKORY BROOK DR,,,,0.00,,,RIVERBIRCH WAY,,,,0.00,Y,Four-Way,N,Intersection,None,,,         ,Leonard,Spadavecchia,Clear,Angle,no,no,no,no,yes,False
102111134,METROPOLITAN NASHVILLE POLICE DEPT,20180701594,Davidson,Nashville,8/15/2018 10:47:00 PM,2,0,0,36.082100,-86.761700,HARDING PL,,,,0.00,,,SIDCO DR,,,,0.00,Y,Four-Way, ,Non-Junction,None,,,         ,Joshua,Billotte,Clear,"Sideswipe, Same Direction",no,no,no,no,no,False
102111160,METROPOLITAN NASHVILLE POLICE DEPT,20180701913,Davidson,Nashville,8/16/2018 1:59:00 AM,2,0,0,36.211480,-86.765270,DONALD ST,,,,0.00,,,DICKERSON PKE,,,,0.00,Y,T-Intersection,N,Non-Junction,None,,,         ,Juan,Gonzalez,Clear,HeadOn,no,no,no,no,no,False
102111207,METROPOLITAN NASHVILLE POLICE DEPT,20180702001,Davidson,Nashville,8/16/2018 2:47:00 AM,2,0,0,36.045220,-86.659100,I 24,,,,0.00,,,,,,,59.40,N,Not at Intersection,N,Non-Junction,None,,,         ,David,Simmonds,Clear,Angle,no,no,no,no,no,False
102111226,BELLE MEADE POLICE DEPT,18-0224,Davidson,Belle Meade,8/15/2018 9:58:00 AM,2,1,0,36.095850,-86.856780,HARDING PL,,,,0.00,,,BELLE MEADE BLVD,,,,0.00,Y,Four-Way, ,Intersection-Related,None,,,         ,David,Wright,Clear,Front to Rear,no,no,no,no,no,False
102111242,METROPOLITAN NASHVILLE POLICE DEPT,20180702324,Davidson,Nashville,8/16/2018 5:45:00 AM,2,0,0,36.102110,-86.713020,I 24,,,,0.00,,,,,,,54.40,N,Not at Intersection,N,Non-Junction,None,,,         ,Robert,Erickson,Clear,Front to Rear,no,no,no,no,no,False
102111254,METROPOLITAN NASHVILLE POLICE DEPT,20180702246,Davidson,Nashville,8/16/2018 5:04:00 AM,1,1,0,36.067850,-86.682700,ANTIOCH PKE,,,,570.00,Feet,South,RICHARDS RD,,,,0.00,N,Not at Intersection,N,Non-Junction,None,,,         ,David,Simmonds,Clear,Not Collision with Motor Vehicle in Transport,no,no,no,no,no,False
102111263,METROPOLITAN NASHVILLE POLICE DEPT,20180702314,Davidson,Nashville,8/16/2018 5:37:00 AM,1,0,0,36.247500,-86.829280,BUENA VISTA PKE,,,,70.00,Feet,North,DRY FORK RD,,,,0.00,N,Not at Intersection,N,Non-Junction,None,,,         ,Armonty,Houston,Cloudy,Not Collision with Motor Vehicle in Transport,no,no,no,no,no,False
102111284,METROPOLITAN NASHVILLE POLICE DEPT,20180702436,Davidson,Nashville,8/16/2018 7:00:00 AM,2,0,0,36.121810,-86.807250,HILLSBORO PKE,,,,105.00,Feet,South,I440 E ENT RAMP,,,,0.00,N,Not at Intersection, ,Non-Junction,None,,,         ,Curtis,Rich,Cloudy,Front to Rear,no,no,no,no,no,False
102111296,METROPOLITAN NASHVILLE POLICE DEPT,20180702425,Davidson,Not in City Limit,8/16/2018 7:04:00 AM,2,0,0,36.022170,-86.628980,I 24,,,,0.00,,,,,,,61.85,N,Not at Intersection, ,Non-Junction,None,,,         ,Jessie,Meadows,Clear,Front to Rear,no,no,no,no,no,False
102111298,METROPOLITAN NASHVILLE POLICE DEPT,20180702410,Davidson,Nashville,8/16/2018 6:59:00 AM,2,0,0,36.078910,-86.643830,MURFREESBORO PKE,,,,310.00,Feet,East,EDGE O LAKE DR,,,,0.00,N,Not at Intersection, ,Non-Junction,None,,,         ,Michael,Dance,Clear,Front to Rear,no,no,no,no,no,False
102111325,METROPOLITAN NASHVILLE POLICE DEPT,20180702207,Davidson,Nashville,8/16/2018 4:28:00 AM,2,0,0,36.065920,-86.598740,TRU LONG CT,,,,62.00,Feet,East,TRU LONG DR,,,,0.00,N,Not at Intersection,N,Non-Junction,None,,,         ,Sandra,Fly,Clear,Not Collision with Motor Vehicle in Transport,no,no,no,no,no,False
102111329,METROPOLITAN NASHVILLE POLICE DEPT,20180702364,Davidson,Nashville,8/16/2018 6:11:00 AM,2,0,0,36.111330,-86.922590,I 40,,,,0.00,,,,,,,199.30,N,Not at Intersection, ,Non-Junction,None,,,         ,Kevin,McGinniss,Clear,"Sideswipe, Same Direction",no,no,no,no,no,False
102111345,METROPOLITAN NASHVILLE POLICE DEPT,20180702449,Davidson,Nashville,8/16/2018 7:15:00 AM,2,0,0,36.087490,-86.701030,I 24,,,,0.00,,,,,,,55.60,N,Not at Intersection, ,Non-Junction,None,,,         ,Stephen,Soule,Clear,Front to Rear,no,no,no,no,no,False
102111347,METROPOLITAN NASHVILLE POLICE DEPT,20180702431,Davidson,Nashville,8/16/2018 7:05:00 AM,2,0,0,36.082970,-86.772400,FRANKLIN PKE,,,,372.00,Feet,North,ROBERTSON ACADEMY RD,,,,0.00,N,Not at Intersection, ,Non-Junction,None,,,         ,Jon,Mcvey,Cloudy,"Sideswipe, Same Direction",no,no,no,no,no,False
102111348,METROPOLITAN NASHVILLE POLICE DEPT,20180702505,Davidson,Nashville,8/16/2018 7:39:00 AM,2,1,0,36.082080,-86.758280,TROUSDALE DR,,,,356.00,Feet,North,HARDING PL,,,,0.00,N,Not at Intersection, ,Non-Junction,None,,,         ,Jon,Mcvey,Cloudy,Angle,no,no,no,no,no,False
102111349,METROPOLITAN NASHVILLE POLICE DEPT,2018-0702430,Davidson,Nashville,8/16/2018 5:37:00 AM,1,0,0,36.077790,-86.709180,WILLOW LN,,,,0.00,,,TURLEY DR,,,,0.00,Y,Four-Way,N,Intersection-Related,None,,,         ,Stanley,Collins,Clear,Not Collision with Motor Vehicle in Transport,no,no,no,no,yes,False
102111364,METROPOLITAN NASHVILLE POLICE DEPT,20180702613,Davidson,Nashville,8/16/2018 8:26:00 AM,2,0,0,36.131720,-86.778960,8TH AVS,,,,0.00,,,SOUTH DOUGLAS AV,,,,0.00,Y,T-Intersection, ,Intersection-Related,None,,,         ,John,Chambers,Cloudy,Front to Rear,no,no,no,no,no,False
102111366,METROPOLITAN NASHVILLE POLICE DEPT,20180702531,Davidson,Nashville,8/16/2018 7:48:00 AM,2,0,0,36.114550,-86.692970,MURFREESBORO PKE,,,,418.00,Feet,East,PINEWAY DR,,,,0.00,N,Not at Intersection, ,Non-Junction,None,,,         ,Michael,Dance,Clear,Front to Rear,no,no,no,no,no,False
102111367,METROPOLITAN NASHVILLE POLICE DEPT,20180702602,Davidson,Nashville,8/16/2018 8:26:00 AM,3,0,0,36.143290,-86.686240,I 40,,,,0.00,,,,,,,215.50,N,Not at Intersection, ,Non-Junction,None,,,         ,Michael,Dance,Clear,Front to Rear,no,no,no,no,no,False
102111433,Nashville Airport Police,18-03215,Davidson,Nashville,8/15/2018 12:50:00 PM,2,0,0,36.133410,-86.665080,BNA DR,,,,0.00,,,TERMINAL DR,,,,0.00,Y,Roundabout, ,Non-Junction,None,,,         ,Mark,Lawrence,Clear,"Sideswipe, Same Direction",no,no,no,no,no,False
102111434,METROPOLITAN NASHVILLE POLICE DEPT,20180702763,Davidson,Nashville,8/16/2018 8:30:00 AM,2,0,0,36.155540,-86.799160,STATE ST,,,,175.00,Feet,East,19TH AVN,,,,0.00,N,Not at Intersection, ,,None,,,         ,Jon,Mcvey,,,no,no,no,no,no,False
102111450,METROPOLITAN NASHVILLE POLICE DEPT,20180702377,Davidson,Nashville,8/16/2018 12:00:00 AM,2,3,0,36.044780,-86.669700,BELL RD,,,,23.00,Feet,West,BEECHWOOD TER,,,,0.00,N,Not at Intersection,N,Non-Junction,None,,,         ,Jason,Milyaro Lucas,Clear,Angle,no,no,no,no,no,False
102111468,METROPOLITAN NASHVILLE POLICE DEPT,20180702789,Davidson,Nashville,8/16/2018 9:41:00 AM,2,0,0,36.178500,-86.763500,ELLINGTON PKWYS,,,,178.00,Feet,North,ELLINGTON PKWYN,,,,0.00,N,Not at Intersection, ,Non-Junction,None,,,         ,Erik,Nash,Cloudy,Front to Rear,no,no,no,no,no,False
102111493,METROPOLITAN NASHVILLE POLICE DEPT,20180702404,Davidson,Nashville,8/16/2018 7:00:00 AM,1,1,0,36.191940,-86.772730,DICKERSON PKE,,,,0.00,,,RICHARDSON AV,,,,0.00,Y,T-Intersection,N,Intersection-Related,None,,,         ,Russell,Freeman,Cloudy,Not Collision with Motor Vehicle in Transport,no,no,no,no,no,False
102111500,METROPOLITAN NASHVILLE POLICE DEPT,20180702774,Davidson,Nashville,8/15/2018 9:16:00 PM,1,0,0,36.220080,-86.693700,MUSIC VALLEY DR,,,,0.00,,,RUDY CIR,,,,0.00,Y,OTHER,N,OtherLocation,None,,,         ,Tien,Nguyen,Rain,Not Collision with Motor Vehicle in Transport,no,no,no,yes,yes,False
102111501,METROPOLITAN NASHVILLE POLICE DEPT,20180702630,Davidson,Nashville,8/16/2018 8:40:00 AM,2,1,0,36.180120,-86.800570,I 65,,,,0.00,,,,,,,85.00,N,Not at Intersection,N,Non-Junction,None,,,         ,Jean,McCormack,Clear,Front to Rear,no,no,no,no,no,False
102111517,METROPOLITAN NASHVILLE POLICE DEPT,20180702852,Davidson,Nashville,8/16/2018 10:00:00 AM,2,0,0,36.166230,-86.765790,SHELBY AV,,,,0.00,,,I24 E EXT RAMP,,,,0.00,Y,T-Intersection,N,Intersection-Related,None,,,         ,Kyle,Eicholtz,Cloudy,Angle,no,no,no,no,no,False
102111536,METROPOLITAN NASHVILLE POLICE DEPT,20180702912,Davidson,Nashville,8/16/2018 10:24:00 AM,2,0,0,36.169200,-86.666750,J B ESTILLE DR,,,,168.00,Feet,South,OLD LEBANON PKE,,,,0.00,N,Not at Intersection, ,"Driveway, Alley Access, etc",None,,,         ,Michael,Dance,Cloudy,Angle,no,no,no,no,no,False
102111537,METROPOLITAN NASHVILLE POLICE DEPT,20180702788,Davidson,Nashville,8/16/2018 9:24:00 AM,2,0,0,36.161200,-86.792680,CHARLOTTE AV,,,,0.00,,,GEORGE L DAVIS BLVD,,,,0.00,Y,T-Intersection, ,Intersection,None,,,         ,Frank,Campbell,Cloudy,"Sideswipe, Same Direction",no,no,no,no,no,False
102111546,METROPOLITAN NASHVILLE POLICE DEPT,20180703042,Davidson,Nashville,8/16/2018 11:18:00 AM,2,1,0,36.083080,-86.727400,NOLENSVILLE PKE,,,,117.00,Feet,South,WELCH RD,,,,0.00,N,Not at Intersection,N,Non-Junction,None,,,         ,Jon,Mcvey,Cloudy,Front to Rear,no,no,no,no,no,False
102111550,METROPOLITAN NASHVILLE POLICE DEPT,20180702948,Davidson,Nashville,8/16/2018 10:34:00 AM,1,0,0,36.269850,-86.758290,OLD HICKORY BLVD,,,,783.00,Feet,West,DICKERSON PKE,,,,0.00,N,Not at Intersection,N,Non-Junction,None,,,         ,Michelle,Steidl,Cloudy,Not Collision with Motor Vehicle in Transport,no,no,no,no,yes,False
102111592,METROPOLITAN NASHVILLE POLICE DEPT,20180703136,Davidson,Nashville,8/16/2018 11:58:00 AM,3,0,0,36.118410,-86.809650,HILLSBORO PKE,,,,210.00,Feet,North,GOLF CLUB LN,,,,0.00,N,Not at Intersection,N,Non-Junction,None,,,         ,John,Chambers,Rain,Front to Rear,no,no,no,no,yes,False