master_record_number,agency,agency_tracking_number,county,city,collision_date,vehicles_involved,number_injured,number_dead,latitude,longitude,roadway_name,roadway_suffix,roadway_number,roadway_local_id,distance_from_reference,miles-feet_indicator,direction_from_reference,intersection_road_name,intersection_road_name_suffix,intersection_road_number,intersection_local_id,mile_marker,intersection_indicator,intersect_type,interchange_related_indicator,relation_to_junction,work_zone_type,construction_maintenance_zone,construction_maintenance_zone_location,fatal_case_number,officer_first_name,officer_last_name,weather_condition(s),manner_of_crash,pedestrian,bicycle,scooter,parking,hitrun,mou
102116298,METROPOLITAN NASHVILLE POLICE DEPT,20180714056,Davidson,Nashville,8/20/2018 3:48:00 PM,2,0,0,36.142280,-86.815860,WEST END AV,,,,155.00,Feet,South,31ST AVN,,,,0.00,N,Not at Intersection,N,Non-Junction,None,,,         ,Randall,Ward,Clear,Front to Rear,no,no,no,no,no,Campus
102116312,METROPOLITAN NASHVILLE POLICE DEPT,20180714238,Davidson,Nashville,8/20/2018 12:00:00 AM,2,0,0,36.163670,-86.801030,HALLMARK AT THE PARK PVTDR,,,,203.00,Feet,East,17TH AVN,,,,0.00,N,Not at Intersection, ,Non-Junction,None,,,         ,Melvin,Taylor,Clear,Front to Rear,no,no,no,yes,yes,False
102116314,METROPOLITAN NASHVILLE POLICE DEPT,20180714093,Davidson,Nashville,8/20/2018 4:21:00 PM,4,0,0,36.089820,-86.762840,I 65,,,,0.00,,East,I 65,,,,0.00,N,Not at Intersection,N,Non-Junction,None,,,         ,Douglas,Sykes,Clear,Front to Rear,no,no,no,no,no,False
102116327,METROPOLITAN NASHVILLE POLICE DEPT,20180714246,Davidson,Nashville,8/20/2018 5:06:00 PM,2,0,0,36.162630,-86.761430,I 24,,,,0.00,,,,,,,49.30,N,Not at Intersection, ,Non-Junction,None,,,         ,Jason,King,Clear,Front to Rear,no,no,no,no,no,False
102116335,METROPOLITAN NASHVILLE POLICE DEPT,2018-0714081,Davidson,Nashville,8/20/2018 4:17:00 PM,2,0,0,36.170310,-86.620190,HOGGETT FORD RD,,,,93.00,Feet,East,RIVERBIRCH WAY,,,,0.00,N,Not at Intersection, ,Non-Junction,None,,,         ,Ryan,Allen,Clear,"Sideswipe, Same Direction",no,no,no,no,no,False
102116337,METROPOLITAN NASHVILLE POLICE DEPT,20180713918,Davidson,Nashville,8/20/2018 3:20:00 PM,2,0,0,36.143290,-86.814670,WEST END AV,,,,101.00,Feet,South,30TH AVS,,,,0.00,N,Not at Intersection,N,"Driveway, Alley Access, etc",None,,,         ,John,Roberson,Cloudy,Angle,no,no,no,no,no,Campus
102116338,METROPOLITAN NASHVILLE POLICE DEPT,20180714278,Davidson,Nashville,8/20/2018 5:27:00 PM,2,3,0,36.145230,-86.816450,31ST AVN,,,,0.00,Feet,West,BELWOOD ST,,,,0.00,N,Not at Intersection,N,Non-Junction,None,,,         ,Randall,Ward,Clear,HeadOn,no,no,no,no,no,False
102116356,METROPOLITAN NASHVILLE POLICE DEPT,20180714160,Davidson,Not in City Limit,8/20/2018 2:50:00 PM,2,0,0,36.316280,-86.876580,EATONS CREEK RD,,,,0.00,,,OLD CLARKSVILLE PKE,,,,0.00,Y,Four-Way, ,OtherLocation,None,,,         ,Jerry,Pirtle,Cloudy,Angle,no,no,no,no,no,False
102116357,METROPOLITAN NASHVILLE POLICE DEPT,20180714304,Davidson,Antioch,8/20/2018 5:37:00 PM,2,0,0,36.029000,-86.590010,LAVERGNE COUCHVILLE PKE,,,,273.00,Feet,North,MURFREESBORO PKE,,,,0.00,N,Not at Intersection, ,Non-Junction,None,,,         ,Andrew,Brazee,Clear,Angle,no,no,no,no,no,False
102116367,METROPOLITAN NASHVILLE POLICE DEPT,20180714236,Davidson,Nashville,8/20/2018 4:47:00 PM,2,1,0,36.169270,-86.808230,JEFFERSON ST,,,,409.00,Feet,East,21ST AVN,,,,0.00,N,Not at Intersection,N,Non-Junction,None,,,         ,Joseph,Gawlowski,Clear,Front to Rear,no,no,no,no,no,False
102116372,METROPOLITAN NASHVILLE POLICE DEPT,20180714161,Davidson,Nashville,8/20/2018 4:41:00 PM,2,0,0,36.251920,-86.717690,W WEBSTER ST,,,,0.00,,,GALLATIN PKES,,,,0.00,Y,Four-Way,N,Intersection-Related,None,,,         ,Christopher,Littles,Clear,Angle,no,no,no,no,no,False
102116373,METROPOLITAN NASHVILLE POLICE DEPT,20180714358,Davidson,Not in City Limit,8/20/2018 6:02:00 PM,3,0,0,36.270960,-86.710380,GALLATIN PKEN,,,,50.00,Feet,South,ROOSEVELT AV,,,,0.00,N,Not at Intersection, ,,None,,,         ,Christopher,Littles,,,no,no,no,no,no,False
102116377,METROPOLITAN NASHVILLE POLICE DEPT,20180714189,Davidson,Nashville,8/20/2018 4:25:00 PM,2,0,0,36.061010,-86.856270,CHICKERING LN,,,,852.00,Feet,South,CHICKERING CT,,,,0.00,N,Not at Intersection,N,Non-Junction,None,,,         ,Ryan,Ludvigson,Clear,Front to Rear,no,no,no,no,no,False
102116381,METROPOLITAN NASHVILLE POLICE DEPT,20180714367,Davidson,Nashville,8/20/2018 5:27:00 PM,2,0,0,36.225210,-86.625580,OLD HICKORY BLVD,,,,0.00,,,CENTER ST,,,,0.00,Y,T-Intersection, ,Intersection,None,,,         ,Craig,Gentry,Clear,Front to Rear,no,no,no,no,no,False
102116385,METROPOLITAN NASHVILLE POLICE DEPT,20180714283,Davidson,Nashville,8/20/2018 5:19:00 PM,2,0,0,36.192860,-86.746170,DOUGLAS AV,,,,148.00,Feet,West,TREVECCA AV,,,,0.00,N,Not at Intersection, ,Non-Junction,None,,,         ,Gordon,Stovall,Clear,Not Collision with Motor Vehicle in Transport,no,no,no,yes,no,False
102116389,METROPOLITAN NASHVILLE POLICE DEPT,20180714007,Davidson,Nashville,8/20/2018 3:25:00 PM,2,0,0,36.125870,-86.805050,SWEETBRIAR AV,,,,0.00,,,21ST AVS,,,,0.00,Y,T-Intersection, ,Intersection,None,,,         ,Eric,Snyder,Cloudy,Angle,no,no,no,no,no,False
102116390,METROPOLITAN NASHVILLE POLICE DEPT,20180714242,Davidson,Nashville,8/20/2018 5:08:00 PM,3,0,0,36.088530,-86.690120,HARDING PL,,,,587.00,Feet,West,EZELL PKE,,,,0.00,N,Not at Intersection,N,Non-Junction,None,,,         ,Patrick,Martin,Clear,Front to Rear,no,no,no,no,yes,False
102116406,METROPOLITAN NASHVILLE POLICE DEPT,20180707803,Davidson,Nashville,8/18/2018 12:08:00 AM,1,0,1,36.086880,-86.696480,HARDING PL,,,,155.00,Feet,West,METROPLEX DR,,,,0.00,N,Not at Intersection,N,Non-Junction,None,,,18-0594  ,Russell,Ward,Rain,Not Collision with Motor Vehicle in Transport,yes,no,no,no,yes,False
102116407,METROPOLITAN NASHVILLE POLICE DEPT,20180714301,Davidson,Nashville,8/20/2018 12:00:00 AM,2,0,0,36.194010,-86.745240,TREVECCA AV,,,,106.00,Feet,South,STROUSE AV,,,,0.00,N,Not at Intersection,N,Non-Junction,None,,,         ,Gordon,Stovall,Clear,Unknown,no,no,no,yes,yes,False
102116408,METROPOLITAN NASHVILLE POLICE DEPT,20180714355,Davidson,Nashville,8/20/2018 5:55:00 PM,2,0,0,36.151270,-86.862750,I 40,,,,0.00,,,,,,,203.70,N,Not at Intersection,N,Non-Junction,None,,,         ,Robert,Crow,Clear,Front to Rear,no,no,no,no,no,False
102116421,METROPOLITAN NASHVILLE POLICE DEPT,20180714454,Davidson,Nashville,8/20/2018 6:00:00 PM,2,0,0,36.124140,-86.742640,I 440,,,,0.00,,,,,,,6.70,N,Not at Intersection,N,Non-Junction,None,,,         ,Jarret,Sonnenberg,Clear,Front to Rear,no,no,no,no,yes,False
102116427,METROPOLITAN NASHVILLE POLICE DEPT,2018-0714190,Davidson,Nashville,8/20/2018 4:41:00 PM,2,0,0,36.101180,-86.800690,SHACKLEFORD RD,,,,76.00,Feet,West,GRANNY WHITE PKE,,,,0.00,N,Not at Intersection, ,Non-Junction,None,,,         ,Will,Amundson,Clear,Front to Rear,no,no,no,no,no,False
102116428,METROPOLITAN NASHVILLE POLICE DEPT,20180714286,Davidson,Nashville,8/20/2018 5:31:00 PM,1,0,0,36.109540,-86.728490,THOMPSON LN,,,,134.00,Feet,West,BRILEY PKWYN,,,,0.00,N,Not at Intersection,N,Non-Junction,None,,,         ,Patrick,Martin,Clear,Not Collision with Motor Vehicle in Transport,no,no,no,no,no,False
102116439,METROPOLITAN NASHVILLE POLICE DEPT,20180713817,Davidson,Nashville,8/20/2018 2:43:00 PM,2,0,0,36.154360,-86.788440,I 40,,,,0.00,,,,,,,209.25,N,Not at Intersection, ,Non-Junction,None,,,         ,Akira,McSwain,Clear,Angle,no,no,no,no,no,False
102116440,METROPOLITAN NASHVILLE POLICE DEPT,20180713946,Davidson,Nashville,8/20/2018 3:22:00 PM,3,0,0,36.125680,-86.814240,I 440,,,,0.00,,,,,,,2.35,N,Not at Intersection, ,Non-Junction,None,,,         ,Akira,McSwain,Rain,Front to Rear,no,no,no,no,no,False
102116441,METROPOLITAN NASHVILLE POLICE DEPT,20180714124,Davidson,Nashville,8/20/2018 4:14:00 PM,3,0,0,36.042900,-86.841440,OLD HICKORY BLVD,,,,260.00,Feet,East,KINGSBURY DR,,,,0.00,N,Not at Intersection,N,Non-Junction,None,,,         ,Akira,McSwain,Clear,Front to Rear,no,no,no,no,no,False
102116442,METROPOLITAN NASHVILLE POLICE DEPT,20180714450,Davidson,Nashville,8/20/2018 6:42:00 PM,2,1,0,36.139480,-86.818960,WEST END AV,,,,64.00,Feet,North,ORLEANS DR,,,,0.00,N,Not at Intersection,N,Non-Junction,None,,,         ,Akira,McSwain,Clear,Front to Rear,no,no,no,no,no,False
102116460,METROPOLITAN NASHVILLE POLICE DEPT,20180714314,Davidson,Nashville,8/20/2018 5:40:00 PM,2,0,0,36.238300,-86.782560,BRILEY PKWYW,,,,153.00,Feet,East,I24 W ENT RAMP,,,,0.00,N,Not at Intersection, ,Non-Junction,None,,,         ,William,Monaghan,Clear,Front to Rear,no,no,no,no,no,False
102116462,METROPOLITAN NASHVILLE POLICE DEPT,20180714536,Davidson,Nashville,8/20/2018 7:00:00 PM,2,0,0,36.161300,-86.784520,9TH AVN,,,,0.00,,,CHURCH ST,,,,0.00,Y,Four-Way, ,Non-Junction,None,,,         ,Steven,Fisher,Clear,Front to Rear,no,no,no,no,no,False
102116464,METROPOLITAN NASHVILLE POLICE DEPT,20180714483,Davidson,Nashville,8/20/2018 6:26:00 PM,2,0,0,36.173320,-86.605540,CENTRAL PKE ENT RAMP,,,,0.00,,East,I40 E EXT RAMP,,,,0.00,N,Not at Intersection, ,Non-Junction,None,,,         ,Abbey,Sawl,Clear,Front to Rear,no,no,no,no,no,False
102116465,METROPOLITAN NASHVILLE POLICE DEPT,20180714512,Davidson,Nashville,8/20/2018 5:40:00 PM,2,0,0,36.182990,-86.607840,ANDREW JACKSON WAY,,,,264.00,Feet,North,OLD HICKORY BLVD,,,,0.00,N,Not at Intersection, ,Non-Junction,None,,,         ,Abbey,Sawl,Clear,Angle,no,no,no,no,no,False
102116479,METROPOLITAN NASHVILLE POLICE DEPT,20180714331,Davidson,Nashville,8/20/2018 5:53:00 PM,2,0,0,36.092400,-86.717120,BENITA DR,,,,0.00,,,TAMPA DR,,,,0.00,Y,T-Intersection, ,,None,,,         ,Alberta,Auguste,,,no,no,no,no,no,False
102116495,METROPOLITAN NASHVILLE POLICE DEPT,20180714332,Davidson,Nashville,8/20/2018 5:53:00 PM,3,0,0,36.110530,-86.740500,THOMPSON LN,,,,68.00,Feet,East,SIMMONS AV,,,,0.00,N,Not at Intersection,N,Non-Junction,None,,,         ,Je-Marc,Sears,Clear,Front to Rear,no,no,no,no,yes,False
102116496,METROPOLITAN NASHVILLE POLICE DEPT,20180714295,Davidson,Not in City Limit,8/20/2018 5:14:00 PM,3,0,0,36.063060,-86.941820,OLD HARDING PKE,,,,381.00,Feet,East,BEECH BEND DR,,,,0.00,N,Not at Intersection, ,Non-Junction,None,,,         ,Gardiner,Bradley,Clear,Front to Rear,no,no,no,no,no,False
102116523,METROPOLITAN NASHVILLE POLICE DEPT,20180714736,Davidson,Nashville,8/20/2018 8:44:00 PM,2,1,0,36.067090,-86.737610,WATSONWOOD DR,,,,7.00,Feet,South,EDMONDSON PKE,,,,0.00,N,Not at Intersection,N,Non-Junction,None,,,         ,Akira,McSwain,Clear,Front to Rear,no,no,no,no,no,False
102116524,METROPOLITAN NASHVILLE POLICE DEPT,20180714588,Davidson,Nashville,8/20/2018 7:40:00 PM,2,0,0,36.165700,-86.777590,2ND AVN,,,,121.00,Feet,South,UNION ST EXT RAMP,,,,0.00,N,Not at Intersection,N,Non-Junction,None,,,         ,Brent,Morris,Clear,Front to Rear,no,no,no,no,no,False
102116525,METROPOLITAN NASHVILLE POLICE DEPT,20180714638,Davidson,Nashville,8/20/2018 6:30:00 PM,3,0,0,36.070570,-86.728160,ADAMWOOD DR,,,,0.00,,,ADAMWOOD CTN,,,,0.00,Y,OTHER, ,Unknown,None,,,         ,Conor,Cronin,Clear,Angle,no,no,no,yes,yes,False
102116535,METROPOLITAN NASHVILLE POLICE DEPT,20180714443,Davidson,Nashville,8/20/2018 6:01:00 PM,2,0,0,36.214600,-86.604680,LEBANON PKE,,,,6.00,Feet,West,SHUTE LN,,,,0.00,N,Not at Intersection,N,Non-Junction,None,,,         ,Zachariah,Bush,Clear,Angle,no,no,no,no,no,False
102116557,METROPOLITAN NASHVILLE POLICE DEPT,20180714240,Davidson,Not in City Limit,8/20/2018 4:34:00 PM,2,0,0,36.022840,-86.712380,NOLENSVILLE PKE,,,,88.00,Feet,North,PERSIA WAY,,,,0.00,N,Not at Intersection,N,Non-Junction,None,,,         ,Brandon,Hughes,Clear,"Sideswipe, Same Direction",no,no,no,no,no,False
102116668,METROPOLITAN NASHVILLE POLICE DEPT,20180714492,Davidson,Nashville,8/20/2018 5:00:00 PM,2,1,0,36.209380,-86.730390,SHELTON AV,,,,226.00,Feet,East,WINDSOR AV,,,,0.00,N,Not at Intersection,N,Non-Junction,None,,,         ,Marc,Kozen,Clear,Not Collision with Motor Vehicle in Transport,no,no,no,no,yes,False
102116678,METROPOLITAN NASHVILLE POLICE DEPT,20180714978,Davidson,Nashville,8/20/2018 10:37:00 PM,1,0,0,36.135910,-86.701550,GLASTONBURY RD,,,,295.00,Feet,North,SOUTHWOOD PARK PL,,,,0.00,N,Not at Intersection,N,Non-Junction,None,,,         ,Dontaveous,Eubanks,Clear,Not Collision with Motor Vehicle in Transport,no,no,no,no,no,False
102116681,METROPOLITAN NASHVILLE POLICE DEPT,20180669805,Davidson,Nashville,8/4/2018 10:35:00 PM,2,1,0,36.130930,-86.755860,NOLENSVILLE PKE,,,,0.00,,,WOODYCREST AV,,,,0.00,Y,T-Intersection,N,Intersection,None,,,         ,Zachary,Lang,Clear,Front to Rear,no,no,no,no,no,False
102116684,METROPOLITAN NASHVILLE POLICE DEPT,20180714928,Davidson,Nashville,8/20/2018 10:02:00 PM,2,0,0,36.091410,-86.735070,NOLENSVILLE PKE,,,,0.00,,,YELTON CT,,,,0.00,Y,T-Intersection,N,Intersection,None,,,         ,Patrick,Martin,Clear,Angle,no,no,no,no,no,False
102116694,METROPOLITAN NASHVILLE POLICE DEPT,20180715089,Davidson,Nashville,8/20/2018 10:40:00 PM,1,0,0,36.228800,-86.789970,ALDRICH LN,,,,514.00,Feet,South,CORNISH DR,,,,0.00,N,Not at Intersection,N,Non-Junction,None,,,         ,Steven,Frazier Jr.,Cloudy,Not Collision with Motor Vehicle in Transport,no,no,no,no,yes,False
102116696,METROPOLITAN NASHVILLE POLICE DEPT,20180714783,Davidson,Nashville,8/20/2018 8:58:00 PM,2,0,0,36.044790,-86.724870,ENCLAVE CIR,,,,0.00,,,OLD HICKORY BLVD,,,,0.00,Y,Four-Way,N,Intersection-Related,None,,,         ,Ryan,Storm,Clear,Angle,no,no,no,no,yes,False
102116715,METROPOLITAN NASHVILLE POLICE DEPT,20180715150,Davidson,Nashville,8/21/2018 12:20:00 AM,2,1,0,36.224000,-86.774540,I 65,,,,0.00,,,,,,,88.55,N,Not at Intersection,N,Non-Junction,None,,,         ,Erik,Schall,Rain,Angle,no,no,no,no,no,False
102116723,METROPOLITAN NASHVILLE POLICE DEPT,20180715142,Davidson,Nashville,8/21/2018 12:15:00 AM,2,0,0,36.070030,-86.698800,HAYWOOD LN,,,,0.00,Feet,West,EAST RIDGE DR,,,,0.00,N,Not at Intersection,N,Non-Junction,None,,,         ,Nopel,Stella,Rain,"Sideswipe, Opposite Direction",no,no,no,no,no,False
102116724,METROPOLITAN NASHVILLE POLICE DEPT,20180715190,Davidson,Nashville,8/21/2018 12:40:00 AM,1,1,0,36.153860,-86.772560,4TH AVS,,,,232.00,Feet,North,ELM ST,,,,0.00,N,Not at Intersection,N,Non-Junction,None,,,         ,William,Erickson,Rain,Not Collision with Motor Vehicle in Transport,no,no,no,no,no,False
102116726,METROPOLITAN NASHVILLE POLICE DEPT,20180715106,Davidson,Nashville,8/20/2018 11:47:00 PM,2,0,0,36.080940,-86.751620,HARDING PL,,,,0.00,,,WAUFORD DR,,,,0.00,Y,T-Intersection, ,Intersection,None,,,         ,William,Hamblen,Rain,HeadOn,no,no,no,no,no,False
102116747,METROPOLITAN NASHVILLE POLICE DEPT,20180715460,Davidson,Not in City Limit,8/21/2018 2:44:00 AM,2,1,0,36.273240,-86.735780,I 65,,,,0.00,,,,,,,92.85,N,Not at Intersection,N,Non-Junction,None,,,         ,David,Williford,Cloudy,Front to Rear,no,no,no,no,no,False
102116805,METROPOLITAN NASHVILLE POLICE DEPT,20180715754,Davidson,Nashville,8/21/2018 5:45:00 AM,2,0,0,36.183830,-86.610550,ANDREW JACKSON PKWY,,,,72.00,Feet,North,OLD HICKORY BLVD,,,,0.00,N,Not at Intersection, ,Non-Junction,None,,,         ,Patrick,Lancaster,Clear,"Sideswipe, Same Direction",no,no,no,no,no,False
102116819,METROPOLITAN NASHVILLE POLICE DEPT,20180715831,Davidson,Nashville,8/21/2018 6:15:00 AM,1,0,0,36.045520,-86.778560,I 65,,,,0.00,,,,,,,75.10,N,Not at Intersection,N,Non-Junction,None,,,         ,Brandon,Rardin,Cloudy,Not Collision with Motor Vehicle in Transport,no,no,no,no,no,False
102116833,METROPOLITAN NASHVILLE POLICE DEPT,20180715901,Davidson,Nashville,8/21/2018 7:04:00 AM,2,0,0,36.169560,-86.600910,OLD HICKORY BLVD,,,,0.00,,,I40 E ENT RAMP,,,,0.00,Y,OTHER, ,Intersection,None,,,         ,Michael,Dance,Cloudy,Front to Rear,no,no,no,no,no,False
102116852,METROPOLITAN NASHVILLE POLICE DEPT,20180715890,Davidson,Nashville,8/21/2018 6:39:00 AM,2,0,0,36.074080,-86.638870,RURAL HILL RD,,,,158.00,Feet,South,MURFREESBORO PKE,,,,0.00,N,Not at Intersection, ,Non-Junction,None,,,         ,Jessie,Meadows,Clear,"Sideswipe, Same Direction",no,no,no,no,no,False
102116876,METROPOLITAN NASHVILLE POLICE DEPT,20180715975,Davidson,Madison,8/21/2018 7:30:00 AM,2,0,0,36.238350,-86.723990,GALLATIN PKES,,,,169.00,Feet,South,GALLATIN PKE,,,,0.00,N,Not at Intersection, ,Non-Junction,None,,,         ,Brian,Otto,Clear,Angle,no,no,no,no,no,False
102116895,METROPOLITAN NASHVILLE POLICE DEPT,20180715989,Davidson,Nashville,8/21/2018 7:35:00 AM,2,1,0,36.032110,-86.743810,EDMONDSON PKE,,,,598.00,Feet,North,CLOVERLAND DR,,,,0.00,N,Not at Intersection,N,Non-Junction,None,,,         ,Brandon,Epps,Clear,Front to Rear,no,no,no,no,no,False
102116903,METROPOLITAN NASHVILLE POLICE DEPT,20180715953,Davidson,Nashville,8/21/2018 7:32:00 AM,2,0,0,36.176900,-86.774380,SPRING ST,,,,58.00,Feet,East,N 1ST ST,,,,0.00,N,Not at Intersection, ,Non-Junction,None,,,         ,Robert,Schohn,Cloudy,Front to Rear,no,no,no,no,no,False
102116914,METROPOLITAN NASHVILLE POLICE DEPT,20180715872,Davidson,Nashville,8/21/2018 12:20:00 AM,1,0,0,36.124910,-86.740060,GLENROSE AV,,,,710.00,Feet,East,FOSTER AV,,,,0.00,N,Not at Intersection,N,Non-Junction,None,,,         ,Todd,Watson,Unknown,Not Collision with Motor Vehicle in Transport,no,no,no,no,yes,False
102116931,VANDERBILT UNIVERSITY POLICE,20180708744,Davidson,Nashville,8/18/2018 10:45:00 AM,2,0,0,36.150750,-86.799650,WEST END AV,,,,0.00,,,,,,,0.00,,, ,,None,,,         ,Linda,Jennings,,,no,no,no,yes,no,Campus
102116934,METROPOLITAN NASHVILLE POLICE DEPT,20180716006,Davidson,Nashville,8/21/2018 7:45:00 AM,2,0,0,36.168310,-86.781950,GAY ST,,,,0.00,,,JAMES ROBERTSON PKWY,,,,0.00,Y,Four-Way,N,Intersection,None,,,         ,Frank,Campbell,Cloudy,Front to Rear,no,no,no,no,yes,False
102116937,METROPOLITAN NASHVILLE POLICE DEPT,20180716140,Davidson,Nashville,8/21/2018 8:30:00 AM,2,0,0,36.111620,-86.792580,WOODMONT BLVD,,,,0.00,,,GRANNY WHITE PKE,,,,0.00,Y,Four-Way,N,Intersection-Related,None,,,         ,Justin,Pinkelton,Cloudy,Front to Rear,no,no,no,no,yes,False
102116938,GOODLETTSVILLE POLICE DEPT,18-29449,Davidson,Goodlettsville,8/20/2018 5:24:00 PM,5,1,0,36.307900,-86.692800,VIETNAM VETERANS,BLVD,SR386,,0.00,,East,,,,,1.20,N,Not at Intersection,N,Non-Junction,None,,,         ,William,Hunter,Clear,Front to Rear,no,no,no,no,yes,False
102116944,METROPOLITAN NASHVILLE POLICE DEPT,20180716104,Davidson,Not in City Limit,8/21/2018 8:24:00 AM,2,0,0,36.262560,-86.681020,RIO VISTA DR,,,,69.00,Feet,North,E OLD HICKORY BLVD,,,,0.00,N,Not at Intersection,N,Non-Junction,None,,,         ,Michelle,Steidl,Cloudy,HeadOn,no,no,no,no,no,False
102116945,METROPOLITAN NASHVILLE POLICE DEPT,20180715892,Davidson,Nashville,8/21/2018 7:00:00 AM,2,0,0,36.188200,-86.775380,I 24,,,,0.00,,,,,,,47.05,N,Not at Intersection,N,Non-Junction,None,,,         ,Erik,Nash,Clear,"Sideswipe, Same Direction",no,no,no,no,no,False
102116961,METROPOLITAN NASHVILLE POLICE DEPT,20180716249,Davidson,Nashville,8/21/2018 9:30:00 AM,2,0,0,36.070990,-86.646940,PEBBLE CREEK DR,,,,321.00,Feet,East,SPRINGMORE CT,,,,0.00,N,Not at Intersection,N,Non-Junction,None,,,         ,Charles,Wakefield,Clear,Front to Rear,no,no,no,no,yes,False
102116981,METROPOLITAN NASHVILLE POLICE DEPT,20180716028,Davidson,Nashville,8/21/2018 7:54:00 AM,2,2,0,36.086360,-86.699000,HARDING PL,,,,99.00,Feet,West,I24 W ENT RAMP,,,,0.00,N,Not at Intersection,N,Non-Junction,None,,,         ,Jessie,Meadows,Clear,Front to Rear,no,no,no,no,no,False
102116989,METROPOLITAN NASHVILLE POLICE DEPT,20180716235,Davidson,Nashville,8/21/2018 9:21:00 AM,2,0,0,36.047160,-86.647680,BELL FORGE LNE,,,,96.00,Feet,East,MT VIEW RD,,,,0.00,N,Not at Intersection, ,Non-Junction,None,,,         ,Jessie,Meadows,Clear,Front to Rear,no,no,no,no,no,False
102116990,METROPOLITAN NASHVILLE POLICE DEPT,20180716331,Davidson,Nashville,8/21/2018 9:55:00 AM,2,0,0,36.150710,-86.857850,WHITE BRIDGE PKE,,,,0.00,,,OBRIEN AV,,,,0.00,Y,T-Intersection, ,Intersection-Related,None,,,         ,Curtis,Rich,Cloudy,Angle,no,no,no,no,no,False
102117000,METROPOLITAN NASHVILLE POLICE DEPT,20180716290,Davidson,Nashville,8/21/2018 9:33:00 AM,2,0,0,36.157640,-86.759850,I 24,,,,0.00,,,,,,,49.60,N,Not at Intersection, ,Non-Junction,None,,,         ,Michael,Dance,Cloudy,"Sideswipe, Same Direction",no,no,no,no,no,False
102117008,METROPOLITAN NASHVILLE POLICE DEPT,20180716194,Davidson,Nashville,8/21/2018 8:37:00 AM,2,1,0,36.140090,-86.722580,SPENCE LN,,,,114.00,Feet,North,CORNELIA CT,,,,0.00,N,Not at Intersection,N,Non-Junction,None,,,         ,MIchael,Mihajlov,Clear,Front to Rear,no,no,no,no,no,False
102117013,METROPOLITAN NASHVILLE POLICE DEPT,20180716417,Davidson,Nashville,8/21/2018 10:33:00 AM,2,0,0,36.119320,-86.919390,CHARLOTTE PKE,,,,77.00,Feet,East,CEDAR CREST DR,,,,0.00,N,Not at Intersection, ,Non-Junction,None,,,         ,Curtis,Rich,Cloudy,Front to Rear,no,no,no,no,no,False
102117024,METROPOLITAN NASHVILLE POLICE DEPT,20180716402,Davidson,Nashville,8/21/2018 10:40:00 AM,2,0,0,36.176640,-86.771010,SPRING ST,,,,0.00,,,DICKERSON PKE,,,,0.00,Y,OTHER,N,Intersection,None,,,         ,Robert,Schohn,Cloudy,Angle,no,no,no,no,yes,False
102117041,METROPOLITAN NASHVILLE POLICE DEPT,20180716494,Davidson,Nashville,8/21/2018 11:24:00 AM,2,0,0,36.169360,-86.679890,LEBANON PKE,,,,0.00,,,MCGAVOCK PKE,,,,0.00,Y,Four-Way, ,Intersection,None,,,         ,Michael,Dance,Clear,Front to Rear,no,no,no,no,no,False
102117047,METROPOLITAN NASHVILLE POLICE DEPT,20180716531,Davidson,Nashville,8/21/2018 11:00:00 AM,1,0,0,36.166040,-86.794730,I 40,,,,0.00,,,,,,,208.35,N,Not at Intersection, ,,None,,,         ,Curtis,Rich,,,no,no,no,no,no,False
102117060,METROPOLITAN NASHVILLE POLICE DEPT,20180716425,Davidson,Nashville,8/21/2018 10:53:00 AM,3,0,0,36.150120,-86.748770,I 40,,,,0.00,,,,,,,211.70,N,Not at Intersection,N,Non-Junction,None,,,         ,Jessie,Meadows,Clear,Front to Rear,no,no,no,no,yes,False
102117061,METROPOLITAN NASHVILLE POLICE DEPT,20180716457,Davidson,Nashville,8/21/2018 11:10:00 AM,2,0,0,36.134990,-86.726900,I24E,,,,578.00,Feet,South,I24 W ENT RAMP,,,,0.00,N,Not at Intersection, ,Non-Junction,None,,,         ,Jessie,Meadows,Clear,Front to Rear,no,no,no,no,no,False
102117071,METROPOLITAN NASHVILLE POLICE DEPT,20180715918,Davidson,Nashville,8/21/2018 7:12:00 AM,2,2,0,36.150470,-86.770370,I40 E EXT RAMP,,,,0.00,,,I 40,,,,0.00,Y,Four-Way,N,Intersection,None,,,         ,Jon,Mcvey,Clear,Angle,no,no,no,no,no,False
102117104,METROPOLITAN NASHVILLE POLICE DEPT,20180716643,Davidson,Nashville,8/21/2018 12:25:00 PM,2,0,0,36.162030,-86.849050,LOUISIANA AV,,,,17.00,Feet,East,51ST AVN,,,,0.00,N,Not at Intersection, ,Non-Junction,None,,,         ,Curtis,Rich,Cloudy,Angle,no,no,no,no,yes,False
102117110,METROPOLITAN NASHVILLE POLICE DEPT,20180716568,Davidson,Not in City Limit,8/21/2018 11:55:00 AM,2,0,0,36.273070,-86.735970,I 65,,,,0.00,,,,,,,92.85,N,Not at Intersection, ,Non-Junction,None,,,         ,Cyretha,Frazier,Cloudy,"Sideswipe, Same Direction",no,no,no,no,yes,False