master_record_number,agency,agency_tracking_number,county,city,collision_date,vehicles_involved,number_injured,number_dead,latitude,longitude,roadway_name,roadway_suffix,roadway_number,roadway_local_id,distance_from_reference,miles-feet_indicator,direction_from_reference,intersection_road_name,intersection_road_name_suffix,intersection_road_number,intersection_local_id,mile_marker,intersection_indicator,intersect_type,interchange_related_indicator,relation_to_junction,work_zone_type,construction_maintenance_zone,construction_maintenance_zone_location,fatal_case_number,officer_first_name,officer_last_name,weather_condition(s),manner_of_crash,pedestrian,bicycle,scooter,parking,hitrun,mou
102117146,METROPOLITAN NASHVILLE POLICE DEPT,20180716485,Davidson,Nashville,8/21/2018 11:10:00 AM,2,0,0,36.203300,-86.712190,BERRYWOOD RD,,,,148.00,Feet,North,FERNWOOD DR,,,,0.00,N,Not at Intersection,N,Non-Junction,None,,,         ,Eric,Knight,Cloudy,Rear to Rear,no,no,no,no,no,False
102117159,METROPOLITAN NASHVILLE POLICE DEPT,20180716705,Davidson,Nashville,8/21/2018 1:00:00 PM,1,1,0,36.163120,-86.819730,I 40,,,,0.00,,,,,,,206.35,N,Not at Intersection,N,Non-Junction,None,,,         ,Wesley,Young,Cloudy,Not Collision with Motor Vehicle in Transport,no,no,no,no,no,False
102117168,METROPOLITAN NASHVILLE POLICE DEPT,20180716627,Davidson,Nashville,8/21/2018 12:25:00 PM,2,0,0,36.191060,-86.614200,HERMITAGE MARKETPLACE PVTDR,,,,95.00,Feet,North,OLD LEBANON DIRT RD,,,,0.00,N,Not at Intersection,N,Non-Junction,None,,,         ,Michael,Dance,Cloudy,"Sideswipe, Opposite Direction",no,no,no,yes,no,False
102117175,METROPOLITAN NASHVILLE POLICE DEPT,20180716065,Davidson,Nashville,8/21/2018 8:10:00 AM,2,0,0,36.205720,-86.778010,BRICK CHURCH PKE,,,,0.00,,,I65 S ENT RAMP,,,,0.00,Y,OTHER, ,Intersection-Related,None,,,         ,Jeanine,Sarno,Cloudy,Angle,no,no,no,no,no,False
102117178,METROPOLITAN NASHVILLE POLICE DEPT,20180716711,Davidson,Nashville,8/21/2018 1:00:00 PM,2,0,0,36.180660,-86.749690,GALLATIN AV,,,,0.00,,,ORDWAY PL,,,,0.00,Y,T-Intersection, ,,None,,,         ,Russell,Freeman,,,no,no,no,no,no,False
102117184,METROPOLITAN NASHVILLE POLICE DEPT,20180716733,Davidson,Nashville,8/21/2018 1:10:00 PM,2,0,0,36.073140,-86.920660,OLD HICKORY BLVD,,,,0.00,,,BELLEVUE VALLEY PLAZA PVTDR,,,,0.00,Y,T-Intersection,N,Intersection,None,,,         ,Curtis,Rich,Cloudy,Angle,no,no,no,no,no,False
102117224,METROPOLITAN NASHVILLE POLICE DEPT,20180716736,Davidson,Nashville,8/21/2018 1:10:00 PM,3,0,0,36.145810,-86.871080,CHARLOTTE PKE,,,,150.00,Feet,West,WESTBORO DR,,,,0.00,N,Not at Intersection,N,Non-Junction,None,,,         ,George,Spencer,Clear,Front to Rear,no,no,no,no,no,False
102117252,VANDERBILT UNIVERSITY POLICE,20180713159,Davidson,Nashville,8/20/2018 9:30:00 AM,2,0,0,36.137820,-86.818700,ACKLEN AV,,,,0.00,,East,,,,,1.00,,Not at Intersection, ,Non-Junction,None,,,         ,Lakisha,Chandler,Cloudy,"Sideswipe, Opposite Direction",no,no,no,no,no,False
102117254,METROPOLITAN NASHVILLE POLICE DEPT,20180716793,Davidson,Nashville,8/21/2018 1:25:00 PM,2,0,0,36.116720,-86.769780,I440 E ENT RAMP,,,,0.00,Feet,East,I 440,,,,0.00,N,Not at Intersection,N,Non-Junction,None,,,         ,Jon,Mcvey,Cloudy,Front to Rear,no,no,no,no,no,False
102117284,METROPOLITAN NASHVILLE POLICE DEPT,20180716174,Davidson,Nashville,8/21/2018 8:55:00 AM,3,1,0,36.097890,-86.709420,I 24,,,,0.00,,,,,,,54.75,N,Not at Intersection,N,Non-Junction,None,,,         ,Eric,Keller,Cloudy,Front to Rear,no,no,no,no,yes,False
102117286,METROPOLITAN NASHVILLE POLICE DEPT,20180716229,Davidson,Nashville,8/21/2018 9:00:00 AM,2,1,0,36.112330,-86.723140,I 24,,,,0.00,,,,,,,53.50,N,Not at Intersection,N,Non-Junction,None,,,         ,Eric,Keller,Cloudy,"Sideswipe, Same Direction",no,no,no,no,no,False
102117287,METROPOLITAN NASHVILLE POLICE DEPT,20180716509,Davidson,Nashville,8/21/2018 11:25:00 AM,2,0,0,36.146540,-86.767720,4TH AVS,,,,0.00,,,MILDRED SHUTE AV,,,,0.00,Y,T-Intersection,N,Non-Junction,None,,,         ,Eric,Keller,Cloudy,"Sideswipe, Same Direction",no,no,no,no,no,False
102117315,METROPOLITAN NASHVILLE POLICE DEPT,20180711433,Davidson,Nashville,8/19/2018 4:25:00 PM,1,0,0,36.101140,-86.800440,SHACKLEFORD RD,,,,0.00,,,GRANNY WHITE PKE,,,,0.00,Y,T-Intersection,Y,Intersection-Related,None,,,         ,Austin,Kendrick,Clear,Not Collision with Motor Vehicle in Transport,no,no,no,no,yes,False
102117329,METROPOLITAN NASHVILLE POLICE DEPT,20180716654,Davidson,Nashville,8/21/2018 12:54:00 PM,1,0,0,36.067550,-86.682430,ANTIOCH PKE,,,,637.00,Feet,South,MILL CREEK BLUE HOLE GRNWY,,,,0.00,N,Not at Intersection,N,Non-Junction,None,,,         ,Jessie,Meadows,Clear,Not Collision with Motor Vehicle in Transport,no,no,no,no,no,False
102117360,METROPOLITAN NASHVILLE POLICE DEPT,20180716792,Davidson,Nashville,8/21/2018 12:50:00 PM,2,0,0,36.232370,-86.785300,EWING DR,,,,951.00,Feet,North,EXIT 43,,,,0.00,N,Not at Intersection,N,Non-Junction,None,,,         ,James,Wray,Clear,HeadOn,no,no,no,no,yes,False
102117378,METROPOLITAN NASHVILLE POLICE DEPT,2018-0716870,Davidson,Nashville,8/21/2018 1:46:00 PM,2,0,0,36.040590,-86.773490,OAKES DR,,,,91.00,Feet,South,HEALTH PARK DR,,,,0.00,N,Not at Intersection, ,Non-Junction,None,,,         ,Sean,Williams,Clear,Front to Rear,no,no,no,no,no,False
102117398,METROPOLITAN NASHVILLE POLICE DEPT,20180717037,Davidson,Nashville,8/21/2018 12:00:00 AM,2,0,0,36.188780,-86.792880,I 65,,,,0.00,,,,,,,85.55,N,Not at Intersection, ,Non-Junction,None,,,         ,Melvin,Taylor,Clear,"Sideswipe, Same Direction",no,no,no,no,yes,False
102117399,METROPOLITAN NASHVILLE POLICE DEPT,20180716982,Davidson,Nashville,8/21/2018 2:59:00 PM,2,0,0,36.157690,-86.790000,GEORGE L DAVIS BLVD,,,,68.00,Feet,North,I40 W EXT RAMP,,,,0.00,N,Not at Intersection, ,Entrance/Exit Ramp Related,None,,,         ,Douglas,Sykes,Clear,"Sideswipe, Same Direction",no,no,no,no,no,False
102117400,METROPOLITAN NASHVILLE POLICE DEPT,20180716896,Davidson,Nashville,8/21/2018 2:15:00 PM,2,2,0,36.236540,-86.758080,I65 N ENT RAMP,,,,0.00,,,I 65,,,,0.00,Y,Four-Way,N,Intersection,None,,,         ,Nicholas,Silinsky,Cloudy,HeadOn,no,no,no,no,no,False
102117404,METROPOLITAN NASHVILLE POLICE DEPT,20180716971,Davidson,Nashville,8/21/2018 2:50:00 PM,2,0,0,36.197680,-86.691450,OPRY MILLS DR,,,,321.00,Feet,North,BRILEY PKWY S EXT RAMP,,,,0.00,N,Not at Intersection, ,Non-Junction,None,,,         ,James,McDugle,Cloudy,"Sideswipe, Same Direction",no,no,no,no,no,False
102117426,METROPOLITAN NASHVILLE POLICE DEPT,20180716805,Davidson,Nashville,8/21/2018 1:45:00 PM,2,0,0,36.166090,-86.764660,I 24,,,,0.00,,,,,,,49.00,N,Not at Intersection,N,Non-Junction,None,,,         ,Keith,McNamara,Cloudy,Front to Rear,no,no,no,no,yes,False
102117432,METROPOLITAN NASHVILLE POLICE DEPT,20180717082,Davidson,Nashville,8/21/2018 3:10:00 PM,2,0,0,36.112430,-86.922310,I40 W EXT RAMP,,,,0.00,Feet,East,I 40,,,,0.00,N,Not at Intersection, ,Entrance/Exit Ramp Related,None,,,         ,Jeremy,Huffine,Cloudy,Front to Rear,no,no,no,no,no,False
102117434,METROPOLITAN NASHVILLE POLICE DEPT,20180717134,Davidson,Nashville,8/21/2018 3:54:00 PM,2,0,0,36.052210,-86.644910,EAGLE VIEW BLVD,,,,0.00,,,BELL RD,,,,0.00,Y,T-Intersection,N,Intersection,None,,,         ,Benny,Pittman,Cloudy,Angle,no,no,no,no,no,False
102117445,METROPOLITAN NASHVILLE POLICE DEPT,20180717047,Davidson,Not in City Limit,8/21/2018 3:26:00 PM,3,0,0,36.275010,-86.735580,I 65,,,,0.00,,,,,,,93.00,N,Not at Intersection,N,Non-Junction,None,,,         ,Christopher,Littles,Cloudy,Not Collision with Motor Vehicle in Transport,no,no,no,no,no,False
102117446,METROPOLITAN NASHVILLE POLICE DEPT,20180716919,Davidson,Not in City Limit,8/21/2018 2:46:00 PM,3,2,0,36.279630,-86.783010,OLD HICKORY BLVD,,,,100.00,Feet,East,BRICK CHURCH PKE,,,,0.00,N,Not at Intersection,N,Non-Junction,None,,,         ,Christopher,Littles,Cloudy,Front to Rear,no,no,no,no,no,False
102117447,METROPOLITAN NASHVILLE POLICE DEPT,20180717010,Davidson,Nashville,8/21/2018 3:15:00 PM,2,0,0,36.153300,-86.764150,I 40,,,,0.00,,,,,,,210.75,N,Not at Intersection, ,Non-Junction,None,,,         ,Gabriel,Vasquez,Rain,Front to Rear,no,no,no,no,no,False
102117460,METROPOLITAN NASHVILLE POLICE DEPT,20180717033,Davidson,Nashville,8/21/2018 2:09:00 PM,2,0,0,36.155140,-86.788770,I 40,,,,0.00,,,,,,,209.20,N,Not at Intersection,N,Non-Junction,None,,,         ,Jason,King,Cloudy,"Sideswipe, Same Direction",no,no,no,no,yes,False
102117465,METROPOLITAN NASHVILLE POLICE DEPT,20180717089,Davidson,Nashville,8/21/2018 3:41:00 PM,2,3,0,36.174030,-86.605940,CENTRAL PKE,,,,0.00,,,I40 E EXT RAMP,,,,0.00,Y,T-Intersection,Y,Intersection-Related,None,,,         ,Zachariah,Bush,Cloudy,HeadOn,no,no,no,no,no,False
102117477,METROPOLITAN NASHVILLE POLICE DEPT,20180717117,Davidson,Nashville,8/21/2018 3:30:00 PM,2,0,0,36.173860,-86.791760,ROSA L PARKS BLVD,,,,30.00,Feet,North,MADISON ST,,,,0.00,N,Not at Intersection, ,Non-Junction,None,,,         ,Jonathon,Sheppard,Clear,HeadOn,no,no,no,no,no,False
102117478,METROPOLITAN NASHVILLE POLICE DEPT,20180716287,Davidson,Not in City Limit,8/21/2018 9:55:00 AM,1,1,0,36.302870,-86.812930,I 24,,,,0.00,,,,,,,38.60,N,Not at Intersection,N,Non-Junction,None,,,         ,Jeanine,Sarno,Cloudy,Not Collision with Motor Vehicle in Transport,no,no,no,no,no,False
102117483,METROPOLITAN NASHVILLE POLICE DEPT,20180717239,Davidson,Nashville,8/21/2018 2:06:00 PM,2,0,0,36.148840,-86.762470,LAFAYETTE ST,,,,0.00,,,CHARLES E DAVIS BLVD,,,,0.00,Y,Four-Way,Y,Intersection,None,,,         ,Johnathan,Pannell,Clear,"Sideswipe, Same Direction",no,no,no,no,yes,False
102117486,METROPOLITAN NASHVILLE POLICE DEPT,20180717313,Davidson,Nashville,8/21/2018 5:03:00 PM,2,1,0,36.242770,-86.780200,MASONWOOD DR,,,,100.00,Feet,East,BRICK CHURCH PKE,,,,0.00,N,Not at Intersection, ,Non-Junction,None,,,         ,Christopher,Littles,Clear,Front to Rear,no,no,no,no,no,False
102117487,METROPOLITAN NASHVILLE POLICE DEPT,20180717080,Davidson,Not in City Limit,8/21/2018 3:35:00 PM,2,1,0,36.257540,-86.728130,SAUNDERS AV,,,,0.00,Feet,,E MARTHONA RD,,,,0.00,Y,Four-Way,N,Intersection,None,,,         ,Adam,Nicholson,Clear,Angle,no,no,no,no,no,False
102117512,METROPOLITAN NASHVILLE POLICE DEPT,20180717179,Davidson,Nashville,8/21/2018 4:16:00 PM,2,0,0,36.142530,-86.631480,ELM HILL PKE,,,,29.00,Feet,North,NOBLE VALLEY DR,,,,0.00,N,Not at Intersection, ,Non-Junction,None,,,         ,Kimberly,Annson,Cloudy,Front to Rear,no,no,no,no,no,False
102117521,METROPOLITAN NASHVILLE POLICE DEPT,20180717059,Davidson,Antioch,8/21/2018 3:30:00 PM,2,1,0,36.042850,-86.606550,MURFREESBORO PKE,,,,0.00,,,HOBSON PKE,,,,0.00,Y,Four-Way,N,Intersection-Related,None,,,         ,Patrick,Martin,Clear,Front to Rear,no,no,no,no,no,False
102117531,METROPOLITAN NASHVILLE POLICE DEPT,20180717235,Davidson,Nashville,8/21/2018 4:33:00 PM,2,1,0,36.170290,-86.765540,S 4TH ST,,,,0.00,,,RUSSELL ST,,,,0.00,Y,OTHER,Y,Intersection,None,,,         ,Barrett,Teague,Clear,"Sideswipe, Opposite Direction",no,no,no,no,no,False
102117549,METROPOLITAN NASHVILLE POLICE DEPT,20180717424,Davidson,Nashville,8/21/2018 5:38:00 PM,2,0,0,36.144970,-86.744020,FESSLERS LN,,,,112.00,Feet,North,ELM HILL PKE,,,,0.00,N,Not at Intersection, ,,None,,,         ,Johnathan,Pannell,,,no,no,no,no,no,False
102117554,METROPOLITAN NASHVILLE POLICE DEPT,20180716907,Davidson,Nashville,8/21/2018 2:41:00 PM,2,1,0,36.144010,-86.738380,I 40,,,,0.00,,,,,,,212.40,N,Not at Intersection, ,Non-Junction,None,,,         ,Samuel,Sundra,Cloudy,Front to Rear,no,no,no,no,no,False
102117561,METROPOLITAN NASHVILLE POLICE DEPT,20180716932,Davidson,Nashville,8/21/2018 2:38:00 PM,2,0,0,36.040180,-86.744740,OLD HICKORY BLVD,,,,378.00,Feet,West,EDMONDSON PKE,,,,0.00,N,Not at Intersection, ,Non-Junction,None,,,         ,Akira,McSwain,Clear,Front to Rear,no,no,no,no,no,False
102117562,METROPOLITAN NASHVILLE POLICE DEPT,20180717165,Davidson,Nashville,8/21/2018 3:38:00 PM,2,0,0,36.150490,-86.796080,19TH AVS,,,,65.00,Feet,North,DIVISION ST,,,,0.00,N,Not at Intersection, ,Non-Junction,None,,,         ,Akira,McSwain,Rain,Angle,no,no,no,no,no,False
102117563,METROPOLITAN NASHVILLE POLICE DEPT,20180717373,Davidson,Nashville,8/21/2018 5:20:00 PM,2,0,0,36.142330,-86.815790,WEST END AV,,,,126.00,Feet,South,31ST AVN,,,,0.00,N,Not at Intersection,N,Non-Junction,None,,,         ,Akira,McSwain,Clear,Angle,no,no,no,no,no,Campus
102117572,METROPOLITAN NASHVILLE POLICE DEPT,20180717267,Davidson,Nashville,8/21/2018 3:20:00 PM,3,0,0,36.141300,-86.814520,31ST AVS,,,,26.00,Feet,North,VANDERBILT PL,,,,0.00,N,Not at Intersection,N,Non-Junction,None,,,         ,Eric,Burford,Cloudy,Angle,no,no,no,no,no,Campus
102117579,METROPOLITAN NASHVILLE POLICE DEPT,20180717227,Davidson,Antioch,8/21/2018 4:16:00 PM,2,0,0,36.016850,-86.619880,FIRESTONE PKWY,,,,0.00,,,OLD HICKORY BLVD,,,,0.00,Y,Four-Way,N,Intersection,None,,,         ,Patrick,Martin,Clear,"Sideswipe, Opposite Direction",no,no,no,no,yes,False
102117584,METROPOLITAN NASHVILLE POLICE DEPT,20180717561,Davidson,Nashville,8/21/2018 6:31:00 PM,2,0,0,36.244240,-86.746730,I65 N ENT RAMP,,,,0.00,,,I 65,,,,0.00,Y,Y-Intersection, ,Entrance/Exit Ramp Related,None,,,         ,Christopher,Littles,Cloudy,"Sideswipe, Same Direction",no,no,no,no,no,False
102117586,METROPOLITAN NASHVILLE POLICE DEPT,20180717514,Davidson,Goodlettsville,8/21/2018 6:15:00 PM,2,0,0,36.292180,-86.694720,MYATT DR,,,,492.00,Feet,North,EDENWOLD RD,,,,0.00,N,Not at Intersection, ,Non-Junction,None,,,         ,Rodney,Phipps,Cloudy,Angle,no,no,no,no,no,False
102117591,METROPOLITAN NASHVILLE POLICE DEPT,20180717464,Davidson,Antioch,8/21/2018 4:44:00 PM,1,0,0,36.020680,-86.598850,J P HENNESSY DR,,,,1860.00,Feet,North,CORPORATE PL,,,,0.00,N,Not at Intersection, ,Non-Junction,None,,,         ,Patrick,Martin,Clear,Not Collision with Motor Vehicle in Transport,no,no,no,no,no,False
102117594,METROPOLITAN NASHVILLE POLICE DEPT,20180717513,Davidson,Nashville,8/21/2018 6:30:00 PM,2,0,0,36.098080,-86.738660,NOLENSVILLE PKE,,,,136.00,Feet,North,VERITAS ST,,,,0.00,N,Not at Intersection, ,Non-Junction,None,,,         ,Je-Marc,Sears,Clear,Angle,no,no,no,no,no,False
102117595,METROPOLITAN NASHVILLE POLICE DEPT,20180717451,Davidson,Nashville,8/21/2018 5:51:00 PM,2,1,0,36.174930,-86.756630,WOODLAND ST,,,,3.00,Feet,South,S 9TH ST,,,,0.00,N,Not at Intersection,N,Non-Junction,None,,,         ,Cody,Jaworski,Cloudy,Angle,no,no,no,no,no,False
102117596,METROPOLITAN NASHVILLE POLICE DEPT,20180717215,Davidson,Nashville,8/21/2018 3:56:00 PM,2,0,0,36.176150,-86.756730,MAIN ST,,,,167.00,Feet,East,S 9TH ST,,,,0.00,N,Not at Intersection,N,Non-Junction,None,,,         ,Joseph,Simon,Cloudy,Front to Rear,no,no,no,no,yes,False
102117623,METROPOLITAN NASHVILLE POLICE DEPT,20180717260,Davidson,Nashville,8/21/2018 3:38:00 PM,2,0,0,36.158670,-86.798060,17TH AVN,,,,60.00,Feet,South,CHARLOTTE AV,,,,0.00,N,Not at Intersection, ,Non-Junction,None,,,         ,Eric,Snyder,Cloudy,Front to Rear,no,no,no,no,no,False
102117624,METROPOLITAN NASHVILLE POLICE DEPT,20180717105,Davidson,Nashville,8/21/2018 3:43:00 PM,2,2,0,36.152290,-86.839200,CHARLOTTE AV,,,,111.00,Feet,East,44TH AVN,,,,0.00,N,Not at Intersection,N,Non-Junction,None,,,         ,John,Hoesli,Clear,Angle,no,no,no,no,no,False
102117634,METROPOLITAN NASHVILLE POLICE DEPT,20180717600,Davidson,Nashville,8/21/2018 6:00:00 PM,2,0,0,36.218280,-86.717280,KENNEDY AV,,,,0.00,,,,,,,0.00,,,N,Non-Junction,None,,,         ,Alexander,Georgeson,Cloudy,Angle,no,no,no,yes,yes,False
102117641,METROPOLITAN NASHVILLE POLICE DEPT,20180717681,Davidson,Nashville,8/21/2018 12:00:00 AM,2,0,0,36.187300,-86.822150,ED TEMPLE BLVD,,,,307.00,Feet,South,ROSA L PARKS BLVD,,,,0.00,N,Not at Intersection, ,Non-Junction,None,,,         ,Melvin,Taylor,Clear,Angle,no,no,no,no,no,False
102117644,VANDERBILT UNIVERSITY POLICE,20180714016,Davidson,Nashville,8/20/2018 7:32:00 AM,2,0,0,36.147370,-86.806100,24TH AVS,,,,0.00,,,WEST SIDE ROW,,,,0.00,Y,T-Intersection, ,Intersection-Related,None,,,         ,William,West,Clear,Angle,no,no,no,no,yes,Campus
102117645,METROPOLITAN NASHVILLE POLICE DEPT,20180717734,Davidson,Nashville,8/21/2018 7:45:00 PM,2,1,0,36.182640,-86.748860,GALLATIN AV,,,,20.00,Feet,South,STRATTON AV,,,,0.00,N,Not at Intersection,N,Non-Junction,None,,,         ,Gordon,Stovall,Clear,Front to Rear,no,no,no,no,no,False
102117648,METROPOLITAN NASHVILLE POLICE DEPT,20180717455,Davidson,Nashville,8/21/2018 5:25:00 PM,2,0,0,36.080180,-86.744870,DANBY DR,,,,0.00,Feet,,BINKLEY DR,,,,0.00,Y,Four-Way, ,Intersection-Related,None,,,         ,Eric,Snyder,Clear,Front to Rear,no,no,no,no,no,False
102117651,METROPOLITAN NASHVILLE POLICE DEPT,20180717577,Davidson,Nashville,8/21/2018 5:00:00 PM,2,0,0,36.124440,-86.736960,I 440,,,,0.00,,,,,,,7.00,N,Not at Intersection,N,Non-Junction,None,,,         ,Gregory,Scott,Clear,Front to Rear,no,no,no,no,yes,False
102117658,METROPOLITAN NASHVILLE POLICE DEPT,20180717733,Davidson,Antioch,8/21/2018 12:00:00 AM,2,0,0,36.052780,-86.599300,LAKEWALK DR,,,,0.00,,,HOBSON PKE,,,,0.00,Y,T-Intersection,N,Intersection-Related,None,,,         ,Patrick,Martin,Clear,"Sideswipe, Same Direction",no,no,no,no,no,False
102117664,METROPOLITAN NASHVILLE POLICE DEPT,20180717795,Davidson,Nashville,8/21/2018 8:11:00 PM,2,0,0,36.146270,-86.809790,WEST END AV,,,,0.00,,,NATCHEZ TRC,,,,0.00,Y,T-Intersection, ,Non-Junction,None,,,         ,Gabriel,Vasquez,Clear,Front to Rear,no,no,no,no,no,Campus
102117668,METROPOLITAN NASHVILLE POLICE DEPT,20180717076,Davidson,Nashville,8/21/2018 3:35:00 PM,2,0,0,36.151800,-86.771250,4TH AVS,,,,0.00,,,LAFAYETTE ST,,,,0.00,Y,T-Intersection,N,Intersection,None,,,         ,Brandon,O'Guin,Cloudy,Angle,no,no,no,no,yes,False
102117682,METROPOLITAN NASHVILLE POLICE DEPT,20180717844,Davidson,Nashville,8/21/2018 12:00:00 AM,2,0,0,36.156930,-86.780870,8TH AVS,,,,21.00,Feet,North,DEMONBREUN ST,,,,0.00,N,Not at Intersection, ,Non-Junction,None,,,         ,Trevor,Taylor,Clear,Front to Rear,no,no,no,no,no,False
102117711,METROPOLITAN NASHVILLE POLICE DEPT,20180717387,Davidson,Nashville,8/21/2018 5:06:00 PM,2,2,0,36.162110,-86.790610,11TH AVN,,,,0.00,,,CHARLOTTE AV,,,,0.00,Y,Four-Way, ,Intersection,None,,,         ,Michael,Douglas,Cloudy,Front to Rear,no,no,no,no,yes,False
102117727,METROPOLITAN NASHVILLE POLICE DEPT,20180717388,Davidson,Nashville,8/21/2018 5:23:00 PM,2,1,0,36.160980,-86.789680,11TH AVN,,,,70.00,Feet,North,ELEVEN NORTH APTS PVTDR,,,,0.00,N,Not at Intersection,N,Non-Junction,None,,,         ,Brandon,O'Guin,Clear,Front to Rear,no,no,no,no,no,False
102117729,METROPOLITAN NASHVILLE POLICE DEPT,20180717909,Davidson,Nashville,8/21/2018 8:51:00 PM,2,0,0,36.140570,-86.731800,I 40,,,,0.00,,,,,,,213.00,N,Not at Intersection, ,Non-Junction,None,,,         ,Samuel,Sundra,Clear,Front to Rear,no,no,no,no,no,False
102117732,METROPOLITAN NASHVILLE POLICE DEPT,20180717581,Davidson,Nashville,8/21/2018 6:31:00 PM,2,0,0,36.078050,-86.730810,HARDING PL,,,,251.00,Feet,East,MILNER DR,,,,0.00,N,Not at Intersection, ,Non-Junction,None,,,         ,Akira,McSwain,Clear,Angle,no,no,no,no,no,False
102117733,METROPOLITAN NASHVILLE POLICE DEPT,20180717985,Davidson,Nashville,8/21/2018 8:59:00 PM,2,0,0,36.037400,-86.786570,FRANKLIN PKE,,,,0.00,,,OLD HICKORY BLVD,,,,0.00,Y,Four-Way, ,Non-Junction,None,,,         ,Akira,McSwain,Clear,Front to Rear,no,no,no,no,no,False
102117738,METROPOLITAN NASHVILLE POLICE DEPT,20180717955,Davidson,Nashville,8/21/2018 8:50:00 PM,2,1,0,36.153130,-86.633710,I 40,,,,0.00,,,,,,,218.65,N,Not at Intersection,N,Non-Junction,None,,,         ,Darci,Stechman,Clear,Front to Rear,no,no,no,no,no,False
102117740,METROPOLITAN NASHVILLE POLICE DEPT,20180717994,Davidson,Nashville,8/21/2018 9:00:00 PM,1,0,0,36.201770,-86.745330,SPAIN AV,,,,457.00,Feet,East,GEAR ST,,,,0.00,N,Not at Intersection,N,Non-Junction,None,,,         ,Gordon,Stovall,Clear,Not Collision with Motor Vehicle in Transport,no,no,no,no,yes,False
102117753,METROPOLITAN NASHVILLE POLICE DEPT,20180717975,Davidson,Nashville,8/21/2018 9:19:00 PM,2,1,0,36.081200,-86.715140,HUMBER DR,,,,0.00,,,HARDING PL,,,,0.00,Y,T-Intersection,N,Intersection,None,,,         ,Patrick,Martin,Clear,Angle,no,no,no,no,yes,False
102117804,METROPOLITAN NASHVILLE POLICE DEPT,20180717352,Davidson,Nashville,8/21/2018 5:15:00 PM,2,0,0,36.153410,-86.852470,I 40,,,,0.00,,,,,,,204.30,N,Not at Intersection, ,Non-Junction,None,,,         ,Jeremy,Huffine,Clear,Front to Rear,no,no,no,no,no,False
102117824,METROPOLITAN NASHVILLE POLICE DEPT,20180718380,Davidson,Nashville,8/21/2018 12:00:00 AM,1,0,0,36.099200,-86.710500,I 24,,,,0.00,,,,,,,54.65,N,Not at Intersection,N,Entrance/Exit Ramp Related,None,,,         ,Terence,Mitchell,Clear,Not Collision with Motor Vehicle in Transport,no,no,no,no,no,False
102117845,METROPOLITAN NASHVILLE POLICE DEPT,20180718706,Davidson,Nashville,8/22/2018 2:50:00 AM,4,0,0,36.069110,-86.676630,WAIKIKI BLVD,,,,200.00,Feet,South,COCONUT CT,,,,0.00,N,Not at Intersection,N,Non-Junction,None,,,         ,Candice,Soper,Clear,Angle,no,no,no,yes,yes,False
102117852,METROPOLITAN NASHVILLE POLICE DEPT,20180718746,Davidson,Nashville,8/21/2018 12:00:00 AM,2,0,0,36.170440,-86.790040,ROSA L PARKS BLVD,,,,0.00,,,,,,,0.00,,,N,Non-Junction,None,,,         ,Myriah,Iles,Clear,Unknown,no,no,no,yes,yes,False
102117853,METROPOLITAN NASHVILLE POLICE DEPT,20180718586,Davidson,Not in City Limit,8/22/2018 2:11:00 AM,2,1,0,36.263160,-86.710050,STATE RT 45,,,,530.00,Feet,East,GALLATIN PKEN,,,,0.00,N,Not at Intersection,N,Non-Junction,None,,,         ,Wallis,Massey,Clear,Angle,no,no,no,no,no,False
102117870,METROPOLITAN NASHVILLE POLICE DEPT,20180718935,Davidson,Nashville,8/22/2018 5:00:00 AM,2,0,0,36.146940,-86.694000,BRILEY PKWYS,,,,177.00,Feet,North,BRILEY PKWYN,,,,0.00,N,Not at Intersection,N,Non-Junction,None,,,         ,Joseph,Patricio,Clear,Angle,no,no,no,no,yes,False
102117884,METROPOLITAN NASHVILLE POLICE DEPT,20180719027,Davidson,Not in City Limit,8/22/2018 5:50:00 AM,2,0,0,36.076890,-86.945220,HIGHWAY 70S,,,,0.00,,,SAWYER BROWN RD,,,,0.00,Y,Four-Way,N,Intersection-Related,None,,,         ,Joanna,D'Agostino,Clear,Angle,no,no,no,no,no,False
102117885,METROPOLITAN NASHVILLE POLICE DEPT,20180718960,Davidson,Nashville,8/22/2018 5:14:00 AM,2,0,0,36.052210,-86.644910,BELL RD,,,,0.00,,,EAGLE VIEW BLVD,,,,0.00,Y,T-Intersection, ,Intersection-Related,None,,,         ,David,Simmonds,Clear,Front to Rear,no,no,no,no,no,False
102117899,METROPOLITAN NASHVILLE POLICE DEPT,20180719081,Davidson,Nashville,8/22/2018 6:25:00 AM,2,0,0,36.045260,-86.717040,OLD HICKORY BLVD,,,,0.00,,,HICKORY PLZ,,,,0.00,Y,Four-Way, ,,None,,,         ,William,Hamblen,,,no,no,no,no,no,False
102117926,METROPOLITAN NASHVILLE POLICE DEPT,20180719130,Davidson,Nashville,8/22/2018 6:53:00 AM,2,0,0,36.172000,-86.688970,BRILEY PKWYS,,,,334.00,Feet,North,BRILEY PKWY S EXT RAMP,,,,0.00,N,Not at Intersection, ,Non-Junction,None,,,         ,Michael,Dance,Clear,"Sideswipe, Same Direction",no,no,no,no,no,False