master_record_number,agency,agency_tracking_number,county,city,collision_date,vehicles_involved,number_injured,number_dead,latitude,longitude,roadway_name,roadway_suffix,roadway_number,roadway_local_id,distance_from_reference,miles-feet_indicator,direction_from_reference,intersection_road_name,intersection_road_name_suffix,intersection_road_number,intersection_local_id,mile_marker,intersection_indicator,intersect_type,interchange_related_indicator,relation_to_junction,work_zone_type,construction_maintenance_zone,construction_maintenance_zone_location,fatal_case_number,officer_first_name,officer_last_name,weather_condition(s),manner_of_crash,pedestrian,bicycle,scooter,parking,hitrun,mou
102122270,METROPOLITAN NASHVILLE POLICE DEPT,20180729806,Davidson,Nashville,8/25/2018 6:00:00 PM,2,0,0,36.103160,-86.710000,SPACE PARK SOUTH DR,,,,856.00,Feet,West,BEL AIR DR,,,,0.00,N,Not at Intersection,N,Non-Junction,None,,,         ,Aimee,Ortiz,Clear,Front to Rear,no,no,no,no,no,False
102122283,METROPOLITAN NASHVILLE POLICE DEPT,20180730278,Davidson,Nashville,8/25/2018 10:32:00 PM,2,0,0,36.216980,-86.692220,MCGAVOCK PKE EB EXT RAMP,,,,0.00,,,MCGAVOCK PKE,,,,0.00,Y,Four-Way,N,Entrance/Exit Ramp Related,None,,,         ,Seth,Vaughn,Clear,Front to Rear,no,no,no,no,no,False
102122299,METROPOLITAN NASHVILLE POLICE DEPT,20180730257,Davidson,Nashville,8/25/2018 10:19:00 PM,3,1,0,36.171290,-86.767840,I 24,,,,0.00,,,,,,,48.40,N,Not at Intersection,N,Non-Junction,None,,,         ,Kevin,Clausius,Clear,Front to Rear,no,no,no,no,yes,False
102122345,METROPOLITAN NASHVILLE POLICE DEPT,20180730362,Davidson,Nashville,8/25/2018 9:26:00 PM,2,0,0,36.117980,-86.790500,CLAYTON AV,,,,232.00,Feet,East,GRANNY WHITE PKE,,,,0.00,N,Not at Intersection, ,Non-Junction,None,,,         ,Christian,Martin,Clear,"Sideswipe, Same Direction",no,no,no,no,yes,False
102122368,METROPOLITAN NASHVILLE POLICE DEPT,20180730313,Davidson,Nashville,8/25/2018 5:00:00 PM,2,0,0,36.046970,-86.680120,BELL RD,,,,0.00,,,BRENTRIDGE CIR,,,,0.00,Y,T-Intersection,Y,Intersection,None,,,         ,Kaleb,Stella,Clear,Angle,no,no,no,no,yes,False
102122369,METROPOLITAN NASHVILLE POLICE DEPT,20180730304,Davidson,Nashville,8/25/2018 10:13:00 PM,2,1,0,36.073620,-86.731970,EDMONDSON PKE,,,,604.00,Feet,North,WHISPERING HILLS DR,,,,0.00,N,Not at Intersection,N,Non-Junction,None,,,         ,Randall,Atkinson,Clear,"Sideswipe, Opposite Direction",no,no,no,no,yes,False
102122433,METROPOLITAN NASHVILLE POLICE DEPT,20180730384,Davidson,Nashville,8/25/2018 12:00:00 AM,2,3,0,36.184390,-86.798100,ROSA L PARKS BLVD,,,,136.00,Feet,South,I65 N ENT RAMP,,,,0.00,N,Not at Intersection,N,Non-Junction,None,,,         ,Jeremy,Arrington,Clear,Front to Rear,no,no,no,no,yes,False
102122534,METROPOLITAN NASHVILLE POLICE DEPT,20180725056,Davidson,Nashville,8/23/2018 11:45:00 PM,2,1,0,36.203030,-86.782990,LIBERIA ST,,,,92.00,Feet,North,SEMINARY ST,,,,0.00,N,Not at Intersection,N,Non-Junction,None,,,         ,Christopher,Royer,Clear,Angle,no,no,no,no,no,False
102122566,METROPOLITAN NASHVILLE POLICE DEPT,20180730463,Davidson,Nashville,8/25/2018 11:40:00 PM,3,0,0,36.116840,-86.734470,LUTIE ST,,,,0.00,,,LUTIE CT,,,,0.00,Y,OTHER, ,Non-Junction,None,,,         ,Sharissa,Perez,Clear,Rear to Rear,no,no,no,no,yes,False
102122568,GOODLETTSVILLE POLICE DEPT,18-30065,Davidson,Goodlettsville,8/25/2018 5:09:00 PM,2,0,0,36.315450,-86.713480,RIVERGATE PKWY,,,,0.00,,,S MAIN ST,,,,0.00,Y,T-Intersection, ,Non-Junction,None,,,         ,Jeremy,Baker,Clear,Front to Rear,no,no,no,no,no,False
102122996,METROPOLITAN NASHVILLE POLICE DEPT,20180730114,Davidson,Nashville,8/25/2018 7:06:00 PM,2,2,0,36.192150,-86.799970,ROSA L PARKS BLVD,,,,508.00,Feet,North,VANTAGE WAY CT,,,,0.00,N,Not at Intersection,N,Non-Junction,None,,,         ,Andrey,Volfson,Clear,Angle,no,no,no,no,no,False
102123022,METROPOLITAN NASHVILLE POLICE DEPT,20180724004,Davidson,Nashville,8/23/2018 4:00:00 PM,1,0,0,36.184970,-86.747860,GALLATIN AV,,,,104.00,Feet,North,CHICAMAUGA AV,,,,0.00,N,Not at Intersection,N,Non-Junction,None,,,         ,Jessica,Scott,Clear,Not Collision with Motor Vehicle in Transport,yes,no,no,no,no,False
102123581,METROPOLITAN NASHVILLE POLICE DEPT,20180730333,Davidson,Nashville,8/25/2018 11:16:00 PM,2,1,0,36.045740,-86.674350,BELL RD,,,,0.00,Feet,East,BLUE HOLE RD,,,,0.00,N,Not at Intersection,N,Non-Junction,None,,,         ,Nopel,Stella,Clear,Front to Rear,no,no,no,no,yes,False
102123599,BERRY HILL POLICE DEPT,18-2943,Davidson,Berry Hill,8/21/2018 1:35:00 PM,2,0,0,36.112600,-86.765400,THOMPSON LN,,,,236.00,Feet,South,BRANSFORD AV,,,,0.00,N,Not at Intersection,Y,OtherLocation,None,,,         ,Ronnie,Hill,Cloudy,"Sideswipe, Opposite Direction",no,no,no,yes,no,False
102123782,THP District 3 - Nashville,318054795,Davidson,Nashville,8/17/2018 3:47:00 PM,2,0,0,36.087020,-86.693250,HARDING PL,,,,340.00,Feet,West,ANTIOCH PKE,,,,0.00,N,Not at Intersection, ,Non-Junction,None,,,         ,Allen,Leverette,Clear,Angle,no,no,no,no,no,False
102123918,METROPOLITAN NASHVILLE POLICE DEPT,20180726794,Davidson,Nashville,8/24/2018 2:12:00 PM,2,1,0,36.158780,-86.774150,3RD AVS,,,,0.00,,,MOLLOY ST,,,,0.00,Y,Four-Way,N,Intersection-Related,None,,,         ,Cody,O'Quinn,Clear,Angle,no,no,no,no,no,False
102124100,METROPOLITAN NASHVILLE POLICE DEPT,20180728702,Davidson,Antioch,8/25/2018 5:12:00 AM,2,0,1,36.031000,-86.593460,MURFREESBORO PKE,,,,329.00,Feet,South,PARKS RETREAT DR,,,,0.00,N,Not at Intersection,N,Non-Junction,None,,,18-0613  ,Russell,Ward,Clear,HeadOn,no,no,no,no,no,False
102124108,METROPOLITAN NASHVILLE POLICE DEPT,20180714175,Davidson,Nashville,8/20/2018 4:45:00 PM,2,0,0,36.156510,-86.791800,15TH AVN,,,,0.00,Feet,West,HAYES ST,,,,0.00,N,Not at Intersection,Y,Non-Junction,None,,,         ,John,Timm,Clear,"Sideswipe, Opposite Direction",no,no,no,no,yes,False
102124254,METROPOLITAN NASHVILLE POLICE DEPT,20180730373,Davidson,Nashville,8/25/2018 11:49:00 PM,2,2,0,36.220470,-86.693250,BRILEY PKWY N ENT RAMP,,,,0.00,,,BRILEY PKWYN,,,,0.00,Y,OTHER,N,Entrance/Exit Ramp Related,None,,,         ,Russell,Ward,Clear,Angle,no,no,no,no,no,False
102124822,METROPOLITAN NASHVILLE POLICE DEPT,20180736934,Davidson,Nashville,8/17/2018 2:48:00 PM,1,0,0,36.153470,-86.794710,WEST END AV,,,,57.00,Feet,South,,,,,0.00,,Not at Intersection,N,Non-Junction,None,,,         ,William,Caillouette,Clear,Not Collision with Motor Vehicle in Transport,no,no,no,yes,yes,False
102124976,METROPOLITAN NASHVILLE POLICE DEPT,20180726814,Davidson,Nashville,8/24/2018 2:30:00 PM,2,0,0,36.111140,-86.748530,THOMPSON LN,,,,104.00,Feet,East,LANDERS AV,,,,0.00,N,Not at Intersection, ,Non-Junction,None,,,         ,Donald,Davidson,Clear,Angle,no,no,no,no,no,False
102126724,THP District 3 - Nashville,318056732,Davidson,Nashville,8/25/2018 1:51:00 AM,2,1,0,36.082340,-86.763990,I 65,,,,0.00,,,,,,,77.80,N,Not at Intersection,N,Non-Junction,None,,,         ,Jason,Cannon,Clear,Front to Rear,no,no,no,no,no,False
102127352,METROPOLITAN NASHVILLE POLICE DEPT,20180730605,Davidson,Nashville,8/25/2018 4:35:00 PM,2,0,0,36.069980,-86.684350,ANTIOCH PKE,,,,126.00,Feet,South,HAYWOOD LN,,,,0.00,N,Not at Intersection,N,OtherLocation,None,,,         ,Ryan,Hampton,Clear,"Sideswipe, Same Direction",no,no,no,no,yes,False
102134451,TENNESSEE STATE UNIVERSITY ,18-TSU-47439,Davidson,Nashville,8/9/2018 10:56:00 AM,2,0,0,36.167040,-86.828090,CENTENNIAL BLVD,,,,507.00,Feet,East,WALTER S DAVIS BLVD,,,,0.00,N,Not at Intersection, ,Non-Junction,None,,,         ,Ashley,Boleyjack,Rain,Rear to Side,no,no,no,yes,yes,False
102139385,TENNESSEE STATE UNIVERSITY ,18-TSU-50045,Davidson,Nashville,8/21/2018 1:00:00 PM,2,0,0,36.164770,-86.826390,33RD AVE N,,,,0.00,,,ALAMEDA ST,,,,0.00,Y,OTHER, ,Non-Junction,None,,,         ,Harold,Taylor,Clear,Front to Rear,no,no,no,yes,yes,False
102139431,TENNESSEE STATE UNIVERSITY ,18-TSU-50015,Davidson,Nashville,8/21/2018 10:55:00 AM,2,0,0,36.164770,-86.826390,33RD AVE N,,,,0.00,,,ALAMEDA ST,,,,0.00,Y,OTHER, ,Non-Junction,None,,,         ,Harold,Taylor,Clear,Other,no,no,no,yes,no,False
102140380,Nashville Airport Police,18-03446,Davidson,Nashville,7/30/2018 9:20:00 AM,2,0,0,36.136160,-86.667550,TERMINAL DR,,,,0.00,,,I40 E EXT RAMP,,,,0.00,Y,Y-Intersection, ,Non-Junction,None,,,         ,Mark,Lawrence,Clear,Other,no,no,no,yes,no,False
102142082,TENNESSEE STATE UNIVERSITY ,18-TSU-48260,Davidson,Nashville,8/13/2018 1:42:00 PM,2,0,0,36.170320,-86.823000,SCHRADER LN,,,,0.00,,,SCHRADER ACRES DR,,,,0.00,Y,OTHER, ,Non-Junction,None,,,         ,Harold,Taylor,Clear,Front to Rear,no,no,no,yes,no,False
102144376,METROPOLITAN NASHVILLE POLICE DEPT,20180786295,Davidson,Nashville,8/19/2018 4:05:00 AM,1,0,0,36.153090,-86.788880,DEMONBREUN ST,,,,0.00,,,,,,,0.00,,,N,Non-Junction,None,,,         ,Chase,Harriman,Clear,Not Collision with Motor Vehicle in Transport,no,no,no,yes,yes,False
102151688,METROPOLITAN NASHVILLE POLICE DEPT,20180673500,Davidson,Nashville,8/6/2018 3:13:00 PM,3,0,0,36.119200,-86.754750,WINFORD AV,,,,16.00,Feet,South,MELROSE AV,,,,0.00,N,Not at Intersection,Y,Non-Junction,None,,,         ,Will,Amundson,Clear,Front to Rear,no,no,no,no,no,False
102122396,METROPOLITAN NASHVILLE POLICE DEPT,20180730388,Davidson,Nashville,8/26/2018 12:00:00 AM,2,0,0,36.159380,-86.780990,7TH AVS,,,,0.00,,,BROADWAY,,,,0.00,Y,Four-Way, ,Intersection,None,,,         ,William,Erickson,Clear,Front to Rear,no,no,no,no,no,False
102122415,METROPOLITAN NASHVILLE POLICE DEPT,20180730464,Davidson,Nashville,8/26/2018 1:00:00 AM,2,0,0,36.152200,-86.842220,CHARLOTTE AV,,,,0.00,,,46TH AVN,,,,0.00,Y,Four-Way,N,Intersection,None,,,         ,Heather,Fox,Clear,Angle,no,no,no,no,no,False
102122434,METROPOLITAN NASHVILLE POLICE DEPT,20180730421,Davidson,Nashville,8/26/2018 12:27:00 AM,2,0,0,36.221130,-86.693410,BRILEY PKWYN,,,,215.00,Feet,North,BRILEY PKWY N ENT RAMP,,,,0.00,N,Not at Intersection,N,Non-Junction,None,,,         ,Joseph,Patricio,Clear,Front to Rear,no,no,no,no,yes,False
102122439,METROPOLITAN NASHVILLE POLICE DEPT,20180730515,Davidson,Nashville,8/26/2018 1:40:00 AM,1,1,0,36.072250,-86.724040,NOLENSVILLE PKE,,,,94.00,Feet,South,J J WATSON AV,,,,0.00,N,Not at Intersection,N,Non-Junction,None,,,         ,Brandon,Rardin,Clear,Not Collision with Motor Vehicle in Transport,no,no,no,no,no,False
102122440,METROPOLITAN NASHVILLE POLICE DEPT,20180730495,Davidson,Nashville,8/26/2018 1:15:00 AM,1,0,0,36.151940,-86.779260,8TH AVS,,,,53.00,Feet,North,GLEAVES ST,,,,0.00,N,Not at Intersection, ,Non-Junction,None,,,         ,Brenna,Hosey,Clear,Not Collision with Motor Vehicle in Transport,no,no,no,no,no,False
102122441,METROPOLITAN NASHVILLE POLICE DEPT,20180730529,Davidson,Nashville,8/26/2018 1:51:00 AM,2,0,0,36.146840,-86.808630,WEST END AV,,,,0.00,,,25TH AVN,,,,0.00,Y,Y-Intersection, ,,None,,,         ,Jonathan,Hadley,,,no,no,no,no,no,Campus
102122444,METROPOLITAN NASHVILLE POLICE DEPT,20180730537,Davidson,Nashville,8/26/2018 2:03:00 AM,2,1,0,36.119960,-86.766250,I 440,,,,0.00,,,,,,,5.40,N,Not at Intersection,N,Non-Junction,None,,,         ,Christian,Martin,Clear,Front to Rear,no,no,no,no,yes,False
102122449,METROPOLITAN NASHVILLE POLICE DEPT,20180730576,Davidson,Nashville,8/26/2018 2:35:00 AM,2,0,0,36.201080,-86.743330,SPAIN AV,,,,830.00,Feet,North,DELMAS AV,,,,0.00,N,Not at Intersection, ,Non-Junction,None,,,         ,Edward,Holden,Clear,Rear to Rear,no,no,no,no,no,False
102122450,METROPOLITAN NASHVILLE POLICE DEPT,20180730471,Davidson,Nashville,8/26/2018 1:05:00 AM,1,0,0,36.076310,-86.744540,E LONGDALE DR,,,,236.00,Feet,South,GARRETT DR,,,,0.00,N,Not at Intersection,N,Non-Junction,None,,,         ,Randall,Atkinson,Clear,Not Collision with Motor Vehicle in Transport,no,no,no,no,yes,False
102122452,METROPOLITAN NASHVILLE POLICE DEPT,20180730398,Davidson,Nashville,8/26/2018 12:05:00 AM,2,0,0,36.172650,-86.767730,I24 W EXT RAMP,,,,0.00,Feet,East,I 24,,,,0.00,N,Not at Intersection,N,Entrance/Exit Ramp Related,None,,,         ,Joshua,Whitworth,Clear,Front to Rear,no,no,no,no,no,False
102122470,METROPOLITAN NASHVILLE POLICE DEPT,20180730603,Davidson,Nashville,8/26/2018 3:00:00 AM,2,0,0,36.161340,-86.776430,BROADWAY,,,,152.00,Feet,West,3RD AVN,,,,0.00,N,Not at Intersection, ,Non-Junction,None,,,         ,William,Erickson,Clear,Front to Rear,no,no,no,no,no,False
102122495,METROPOLITAN NASHVILLE POLICE DEPT,20180730599,Davidson,Nashville,8/26/2018 3:10:00 AM,3,2,0,36.126700,-86.711090,EAST THOMPSON LN,,,,0.00,Feet,,MURFREESBORO PKE,,,,0.00,Y,Four-Way,Y,Intersection,None,,,         ,Kaleb,Stella,Clear,Angle,no,no,no,no,yes,False
102122498,METROPOLITAN NASHVILLE POLICE DEPT,20180730481,Davidson,Nashville,8/26/2018 1:13:00 AM,2,2,0,36.093630,-86.652740,MURFREESBORO PKE,,,,95.00,Feet,South,OLD MURFREESBORO PKE,,,,0.00,N,Not at Intersection,N,Non-Junction,None,,,         ,Daryn,Yentes,Clear,HeadOn,no,no,no,no,no,False
102122500,METROPOLITAN NASHVILLE POLICE DEPT,20180730588,Davidson,Nashville,8/26/2018 12:00:00 AM,1,0,0,36.168300,-86.725450,RIVERSIDE DR,,,,24.00,Feet,North,RIVERSIDE DR CNCTR,,,,0.00,N,Not at Intersection,N,Non-Junction,None,,,         ,Colin,Bleem,Clear,Not Collision with Motor Vehicle in Transport,no,no,no,no,no,False
102122501,METROPOLITAN NASHVILLE POLICE DEPT,20180730675,Davidson,Nashville,8/26/2018 12:00:00 AM,2,0,0,36.175820,-86.789960,6TH AVN,,,,182.00,Feet,South,MONROE ST,,,,0.00,N,Not at Intersection,N,Non-Junction,None,,,         ,Erik,Schall,Clear,HeadOn,no,no,no,no,yes,False
102122503,METROPOLITAN NASHVILLE POLICE DEPT,20180730622,Davidson,Nashville,8/26/2018 3:28:00 AM,1,0,0,36.218860,-86.869650,CATO RD,,,,351.00,Feet,East,GILMORE CROSSING LN,,,,0.00,N,Not at Intersection,N,Non-Junction,None,,,         ,Abigail,Malone,Clear,Not Collision with Motor Vehicle in Transport,no,no,no,no,no,False
102122520,METROPOLITAN NASHVILLE POLICE DEPT,20180730480,Davidson,Nashville,8/26/2018 12:19:00 AM,2,0,0,36.145920,-86.695890,BRILEY PKWY S EXT RAMP,,,,0.00,,,BRILEY PKWYS,,,,0.00,Y,Y-Intersection,Y,Entrance/Exit Ramp Related,None,,,         ,Tyler,Manivong,Clear,Front to Rear,no,no,no,no,yes,False
102122521,METROPOLITAN NASHVILLE POLICE DEPT,20180730807,Davidson,Nashville,8/26/2018 5:40:00 AM,2,1,0,36.169470,-86.806620,DR D B TODD JR BLVD,,,,0.00,,,JEFFERSON ST,,,,0.00,Y,Four-Way,N,Intersection,None,,,         ,Erik,Schall,Clear,Angle,no,no,no,no,no,False
102122540,METROPOLITAN NASHVILLE POLICE DEPT,20180730517,Davidson,Nashville,8/26/2018 1:41:00 AM,4,1,0,36.069590,-86.693910,HAYWOOD LN,,,,0.00,,,EZELL RD,,,,0.00,Y,Four-Way,N,Intersection,None,,,         ,Sandra,Fly,Clear,Angle,no,no,no,no,yes,False
102122541,METROPOLITAN NASHVILLE POLICE DEPT,20180730731,Davidson,Nashville,8/26/2018 4:00:00 AM,1,1,0,36.122910,-86.886510,BROOK HOLLOW RD,,,,461.00,Feet,North,BRESSLYN RD,,,,0.00,N,Not at Intersection,N,Non-Junction,None,,,         ,Micah,Wright,Clear,Not Collision with Motor Vehicle in Transport,no,no,no,no,no,False
102122724,METROPOLITAN NASHVILLE POLICE DEPT,20180730895,Davidson,Nashville,8/26/2018 6:47:00 AM,2,0,0,36.167010,-86.763860,SHELBY AVE,,,,0.00,Feet,,,,I,,0.00,Y,Four-Way,N,Intersection,None,,,         ,Faye,Denson,Clear,Angle,no,no,no,no,no,False
102122779,METROPOLITAN NASHVILLE POLICE DEPT,20180731201,Davidson,Antioch,8/26/2018 10:39:00 AM,2,0,0,36.073710,-86.597160,COUNTRY WAY,RD,,,0.00,,,AUTUMN,DR,,,0.00,Y,T-Intersection,N,Intersection-Related,None,,,         ,Brandon,Vance,Clear,Angle,no,no,no,no,no,False
102122809,METROPOLITAN NASHVILLE POLICE DEPT,20180731068,Davidson,Nashville,8/26/2018 7:30:00 AM,2,0,0,36.201650,-86.829500,LINCOLN AV,,,,154.00,Feet,East,ALPINE AV,,,,0.00,N,Not at Intersection,N,Non-Junction,None,,,         ,William,Coy,Clear,"Sideswipe, Same Direction",no,no,no,no,yes,False
102122852,METROPOLITAN NASHVILLE POLICE DEPT,20180731238,Davidson,Not in City Limit,8/26/2018 11:12:00 AM,1,0,0,36.276750,-86.802250,OLD HICKORY BLVD,,,,45.00,Feet,West,I24 E EXT RAMP,,,,0.00,N,Not at Intersection,N,Non-Junction,None,,,         ,Brandon,Wood,Clear,Not Collision with Motor Vehicle in Transport,no,no,no,no,yes,False
102122907,METROPOLITAN NASHVILLE POLICE DEPT,20180731321,Davidson,Nashville,8/26/2018 11:54:00 AM,2,0,0,36.176680,-86.771610,SPRING ST,,,,0.00,,,I24 W ENT RAMP,,,,0.00,Y,OTHER,Y,Intersection-Related,None,,,         ,Nathan,Mayo,Clear,"Sideswipe, Same Direction",no,no,no,no,yes,False
102122933,METROPOLITAN NASHVILLE POLICE DEPT,20180731252,Davidson,Nashville,8/26/2018 11:04:00 AM,2,0,0,36.139520,-86.766600,PILLOW ST,,,,0.00,,,MERRITT AV,,,,0.00,Y,Four-Way, ,Intersection,None,,,         ,Nathan,Kemp,Clear,Angle,no,no,no,no,no,False
102122937,METROPOLITAN NASHVILLE POLICE DEPT,20180731018,Davidson,Nashville,8/26/2018 8:10:00 AM,1,1,0,36.192810,-86.831950,S HAMILTON RD,,,,90.00,Feet,North,RIVER DR,,,,0.00,N,Not at Intersection,N,Non-Junction,None,,,         ,Zachary,Goodall,Clear,Not Collision with Motor Vehicle in Transport,no,no,no,no,no,False
102122938,METROPOLITAN NASHVILLE POLICE DEPT,20180731403,Davidson,Nashville,8/26/2018 1:40:00 PM,2,0,0,36.111020,-86.811330,HILLSBORO PKE,,,,68.00,Feet,South,GRAYBAR LN,,,,0.00,N,Not at Intersection, ,Non-Junction,None,,,         ,George,Spencer,Clear,Front to Rear,no,no,no,no,no,False
102122951,METROPOLITAN NASHVILLE POLICE DEPT,20180731422,Davidson,Not in City Limit,8/26/2018 12:56:00 PM,2,0,0,36.264460,-86.730150,OLD HICKORY BLVDW,,,,21.00,Feet,East,N MARTHONA RD,,,,0.00,N,Not at Intersection, ,Non-Junction,None,,,         ,Brandon,Wood,Clear,Front to Rear,no,no,no,no,no,False
102122958,METROPOLITAN NASHVILLE POLICE DEPT,20180731387,Davidson,Nashville,8/26/2018 1:04:00 PM,2,0,0,36.183060,-86.740800,EASTLAND AV,,,,56.00,Feet,East,N 16TH ST,,,,0.00,N,Not at Intersection,N,Non-Junction,None,,,         ,Michael,Agee,Cloudy,Front to Rear,no,no,no,no,no,False
102122959,METROPOLITAN NASHVILLE POLICE DEPT,20180731384,Davidson,Nashville,8/26/2018 12:00:00 AM,2,0,0,36.070590,-86.668990,MINERS CV,,,,440.00,Feet,South,VOLUNTEER DR,,,,0.00,N,Not at Intersection, ,Non-Junction,None,,,         ,Troy,Loewen,Unknown,Unknown,no,no,no,no,yes,False
102122961,METROPOLITAN NASHVILLE POLICE DEPT,2018-0731361,Davidson,Nashville,8/26/2018 12:42:00 PM,2,0,0,36.192710,-86.744370,DOUGLAS AV,,,,0.00,,,GALLATIN AV,,,,0.00,Y,Four-Way,N,Intersection,None,,,         ,Doyle,Price,Cloudy,Angle,no,no,no,no,no,False
102122963,METROPOLITAN NASHVILLE POLICE DEPT,20180731425,Davidson,Nashville,8/26/2018 1:25:00 PM,2,0,0,36.200320,-86.618600,LEBANON PKE,,,,0.00,,,HERMITAGE RD,,,,0.00,Y,Four-Way, ,Intersection,None,,,         ,Zachary,Plese,Clear,Angle,no,no,no,no,no,False
102122964,METROPOLITAN NASHVILLE POLICE DEPT,20180731227,Davidson,Nashville,8/26/2018 11:00:00 AM,2,2,0,36.157110,-86.803610,20TH AVN,,,,0.00,,,CHARLOTTE AV,,,,0.00,Y,Four-Way,N,Intersection,None,,,         ,Phillip,Murphy,Clear,Angle,no,no,no,no,no,False
102122965,METROPOLITAN NASHVILLE POLICE DEPT,20180731336,Davidson,Nashville,8/26/2018 12:11:00 PM,2,0,0,36.151790,-86.779250,8TH AVS,,,,0.00,,,GLEAVES ST,,,,0.00,Y,T-Intersection,N,Non-Junction,None,,,         ,Samuel,Fredericks,Clear,Angle,no,no,no,no,no,False
102122970,METROPOLITAN NASHVILLE POLICE DEPT,20180731247,Davidson,Nashville,8/26/2018 11:23:00 AM,4,5,0,36.108420,-86.720680,I 24,,,,0.00,,,,,,,53.80,N,Not at Intersection,N,Non-Junction,None,,,         ,Stephen,Soule,Clear,"Sideswipe, Same Direction",no,no,no,no,yes,False
102123003,METROPOLITAN NASHVILLE POLICE DEPT,20180731432,Davidson,Nashville,8/26/2018 1:43:00 PM,2,0,0,36.200150,-86.824420,BUENA VISTA PKE,,,,0.00,,,,,,,0.00,,,N,Non-Junction,None,,,         ,William,Coy,Cloudy,Angle,no,no,no,yes,yes,False
102123023,GOODLETTSVILLE POLICE DEPT,18-30159,Davidson,Goodlettsville,8/26/2018 1:58:00 PM,2,0,0,36.298940,-86.700180,RIVERGATE PKWY,,,,0.00,,,GLANCY ST,,,,0.00,Y,T-Intersection,N,Intersection,None,,,         ,George,Forbes,Cloudy,Angle,no,no,no,no,no,False
102123029,METROPOLITAN NASHVILLE POLICE DEPT,20180731492,Davidson,Nashville,8/26/2018 2:30:00 PM,2,0,0,36.206690,-86.779090,US HWY 431,,,,207.00,Feet,West,HAMPTON ST,,,,0.00,N,Not at Intersection, ,Non-Junction,None,,,         ,Bryan,Musgrave,Cloudy,Angle,no,no,no,no,no,False
102123040,METROPOLITAN NASHVILLE POLICE DEPT,20180731534,Davidson,Nashville,8/26/2018 2:38:00 PM,2,0,0,36.179670,-86.774120,I 24,,,,0.00,,,,,,,47.70,N,Not at Intersection,N,Non-Junction,None,,,         ,Cody,Jaworski,Cloudy,Front to Rear,no,no,no,no,yes,False
102123042,METROPOLITAN NASHVILLE POLICE DEPT,20180731554,Davidson,Not in City Limit,8/26/2018 3:03:00 PM,1,0,0,36.293600,-86.810450,I 24,,,,0.00,,,,,,,39.25,N,Not at Intersection,N,Non-Junction,None,,,         ,Janelle,Keslar,Rain,Not Collision with Motor Vehicle in Transport,no,no,no,no,no,False
102123051,METROPOLITAN NASHVILLE POLICE DEPT,20180731522,Davidson,Nashville,8/26/2018 3:07:00 PM,2,0,0,36.152340,-86.690400,ELM HILL PKE,,,,0.00,,,ELM HILL PKE EB EXT RAMP,,,,0.00,Y,T-Intersection,Y,Intersection-Related,None,,,         ,Samuel,Sundra,Cloudy,Front to Rear,no,no,no,no,yes,False
102123054,METROPOLITAN NASHVILLE POLICE DEPT,20180731473,Davidson,Not in City Limit,8/26/2018 2:47:00 PM,1,0,0,36.293680,-86.810460,I 24,,,,0.00,,,,,,,39.25,N,Not at Intersection,N,Non-Junction,None,,,         ,Jason,Hogan,Rain,Not Collision with Motor Vehicle in Transport,no,no,no,no,no,False
102123055,METROPOLITAN NASHVILLE POLICE DEPT,20180731500,Davidson,Nashville,8/26/2018 2:56:00 PM,2,2,0,36.182360,-86.745430,STRATTON AV,,,,115.00,Feet,West,N 14TH ST,,,,0.00,N,Not at Intersection,N,Non-Junction,None,,,         ,Jessica,Scott,Clear,Angle,no,no,no,no,no,False
102123087,METROPOLITAN NASHVILLE POLICE DEPT,20180731467,Davidson,Nashville,8/26/2018 2:22:00 PM,3,0,0,36.163190,-86.761990,I 24,,,,0.00,,,,,,,49.25,N,Not at Intersection,N,Non-Junction,None,,,         ,Roy,Sain Jr.,Cloudy,Front to Rear,no,no,no,no,yes,False
102123109,METROPOLITAN NASHVILLE POLICE DEPT,20180731685,Davidson,Nashville,8/26/2018 4:20:00 PM,2,0,0,36.131950,-86.834860,MAYFAIR RD,,,,233.00,Feet,North,WEST END AV,,,,0.00,N,Not at Intersection, ,Non-Junction,None,,,         ,Torian,Cox,Clear,Front to Rear,no,no,no,no,no,False
102123110,METROPOLITAN NASHVILLE POLICE DEPT,20180731639,Davidson,Nashville,8/26/2018 4:11:00 PM,2,0,0,36.180310,-86.804820,11TH AVN,,,,0.00,,,BUCHANAN ST,,,,0.00,Y,T-Intersection, ,Intersection-Related,None,,,         ,Andrey,Volfson,Cloudy,Front to Rear,no,no,no,no,no,False
102123125,METROPOLITAN NASHVILLE POLICE DEPT,20180731751,Davidson,Nashville,8/26/2018 5:11:00 PM,2,0,0,36.131660,-86.779410,SOUTH DOUGLAS AV,,,,133.00,Feet,West,8TH AVS,,,,0.00,N,Not at Intersection,N,"Driveway, Alley Access, etc",None,,,         ,Ryan,Storm,Clear,Angle,no,no,no,no,no,False
102123145,METROPOLITAN NASHVILLE POLICE DEPT,20180731814,Davidson,Nashville,8/26/2018 4:35:00 PM,2,0,0,36.264100,-86.735880,I65 N EXT RAMP,,,,0.00,,,OLD HICKORY BLVDW,,,,0.00,Y,T-Intersection,N,Non-Junction,None,,,         ,Jacob,Krispin,Clear,Front to Rear,no,no,no,no,yes,False
102123147,METROPOLITAN NASHVILLE POLICE DEPT,20180731671,Davidson,Nashville,8/26/2018 4:28:00 PM,2,0,0,36.180310,-86.804820,11TH AVN,,,,0.00,,,BUCHANAN ST,,,,0.00,Y,T-Intersection, ,Non-Junction,None,,,         ,Andrey,Volfson,Cloudy,Angle,no,no,no,no,no,False