master_record_number,agency,agency_tracking_number,county,city,collision_date,vehicles_involved,number_injured,number_dead,latitude,longitude,roadway_name,roadway_suffix,roadway_number,roadway_local_id,distance_from_reference,miles-feet_indicator,direction_from_reference,intersection_road_name,intersection_road_name_suffix,intersection_road_number,intersection_local_id,mile_marker,intersection_indicator,intersect_type,interchange_related_indicator,relation_to_junction,work_zone_type,construction_maintenance_zone,construction_maintenance_zone_location,fatal_case_number,officer_first_name,officer_last_name,weather_condition(s),manner_of_crash,pedestrian,bicycle,scooter,parking,hitrun,mou
102123149,METROPOLITAN NASHVILLE POLICE DEPT,20180731672,Davidson,Nashville,8/26/2018 3:20:00 PM,2,0,0,36.232950,-86.757330,MAPLEWOOD TRC,,,,397.00,Feet,East,W MAPLEWOOD LN,,,,0.00,N,Not at Intersection, ,Non-Junction,None,,,         ,Kevin,Clausius,Clear,Angle,no,no,no,no,no,False
102123165,METROPOLITAN NASHVILLE POLICE DEPT,20180731848,Davidson,Not in City Limit,8/26/2018 5:42:00 PM,2,0,0,36.291770,-86.883910,EATONS CREEK RD,,,,71.00,Feet,South,CLARKSVILLE PKE,,,,0.00,N,Not at Intersection,N,Non-Junction,None,,,         ,Janelle,Keslar,Clear,Other,no,no,no,no,no,False
102123187,METROPOLITAN NASHVILLE POLICE DEPT,20180731748,Davidson,Nashville,8/26/2018 4:45:00 PM,1,0,0,36.166570,-86.795280,I 40,,,,0.00,,,,,,,208.30,N,Not at Intersection,N,Non-Junction,None,,,         ,Jonathon,Sheppard,Clear,Not Collision with Motor Vehicle in Transport,no,no,no,no,no,False
102123188,METROPOLITAN NASHVILLE POLICE DEPT,20180731878,Davidson,Nashville,8/26/2018 12:00:00 AM,2,0,0,36.175890,-86.786610,MADISON ST,,,,67.00,Feet,East,4TH AVN,,,,0.00,N,Not at Intersection, ,Non-Junction,None,,,         ,Jonathon,Sheppard,Clear,Front to Rear,no,no,no,no,no,False
102123194,METROPOLITAN NASHVILLE POLICE DEPT,20180731884,Davidson,Nashville,8/26/2018 5:42:00 PM,2,0,0,36.221400,-86.767100,PINE RIDGE DR,,,,17.00,Feet,East,SHADETREE CT,,,,0.00,N,Not at Intersection,N,Non-Junction,None,,,         ,Cody,Jaworski,Clear,Angle,no,no,no,no,yes,False
102123195,METROPOLITAN NASHVILLE POLICE DEPT,20180731537,Davidson,Not in City Limit,8/26/2018 3:06:00 PM,2,2,0,36.269130,-86.763330,BELL GRIMES LN,,,,0.00,,,HICKORY TER,,,,0.00,Y,Four-Way,Y,Intersection,None,,,         ,Michael,Thompson,Rain,Angle,no,no,no,no,no,False
102123199,METROPOLITAN NASHVILLE POLICE DEPT,20180731894,Davidson,Nashville,8/26/2018 6:15:00 PM,2,0,0,36.152780,-86.783750,11TH AVS,,,,50.00,Feet,South,PINE ST,,,,0.00,N,Not at Intersection, ,Non-Junction,None,,,         ,Steven,Fisher,Clear,"Sideswipe, Same Direction",no,no,no,no,no,False
102123216,METROPOLITAN NASHVILLE POLICE DEPT,20180731943,Davidson,Nashville,8/26/2018 7:00:00 PM,2,0,0,36.089620,-86.702980,I 24,,,,0.00,,,,,,,55.40,N,Not at Intersection, ,Non-Junction,None,,,         ,YUNUS,ADAK,Clear,Angle,no,no,no,no,no,False
102123223,METROPOLITAN NASHVILLE POLICE DEPT,20180731494,Davidson,Nashville,8/26/2018 2:54:00 PM,1,3,0,36.253390,-86.757700,DICKERSON PKE,,,,0.00,Feet,East,BARNETT DR,,,,0.00,N,Not at Intersection,N,Non-Junction,None,,,         ,Peter,Vaught,Cloudy,Not Collision with Motor Vehicle in Transport,no,no,no,no,no,False
102123232,METROPOLITAN NASHVILLE POLICE DEPT,20180731819,Davidson,Nashville,8/26/2018 2:29:00 PM,4,0,0,36.176370,-86.641330,POLO PARK APT PVTDR,,,,116.00,Feet,North,STONES RIVER GRNWY,,,,0.00,N,Not at Intersection,N,Non-Junction,None,,,         ,Carey,Steel,Clear,Angle,no,no,no,yes,yes,False
102123239,METROPOLITAN NASHVILLE POLICE DEPT,20180731881,Davidson,Nashville,8/26/2018 6:24:00 PM,3,0,0,36.130520,-86.803060,BLAIR BLVD,,,,351.00,Feet,West,21ST AVS,,,,0.00,N,Not at Intersection,N,OtherLocation,None,,,         ,Randall,Ward,Clear,Angle,no,no,no,yes,yes,False
102123289,METROPOLITAN NASHVILLE POLICE DEPT,20180731807,Davidson,Nashville,8/26/2018 4:50:00 PM,2,0,0,36.186680,-86.764480,CLEVLAND ST,,SR1UNK,,0.00,,,,,,,0.00,,,N,Non-Junction,None,,,         ,Wade,Johnson,Clear,"Sideswipe, Same Direction",no,no,no,no,yes,False
102123295,METROPOLITAN NASHVILLE POLICE DEPT,20180732011,Davidson,Nashville,8/26/2018 7:20:00 PM,2,0,0,36.184340,-86.754770,CLEVELAND ST,,,,73.00,Feet,West,MCFERRIN AV,,,,0.00,N,Not at Intersection,N,Non-Junction,None,,,         ,Gordon,Stovall,Clear,Other,no,no,no,yes,yes,False
102123308,METROPOLITAN NASHVILLE POLICE DEPT,20180731544,Davidson,Nashville,8/26/2018 3:19:00 PM,1,2,0,36.247930,-86.682380,NEELYS BEND RD,,,,89.00,Feet,East,JASPERSON DR,,,,0.00,N,Not at Intersection,N,Non-Junction,None,,,         ,Kevin,Crawford,Rain,Not Collision with Motor Vehicle in Transport,no,no,no,no,no,False
102123358,METROPOLITAN NASHVILLE POLICE DEPT,20180731932,Davidson,Nashville,8/26/2018 6:35:00 PM,2,0,0,36.125310,-86.805610,HILLSBORO PKE,,,,1.00,Feet,South,ENCLAVE AT HILLSBORO VILLAGE P,,,,0.00,N,Not at Intersection, ,Non-Junction,None,,,         ,Darryl,Williams,Clear,Front to Rear,no,no,no,no,no,False
102123362,METROPOLITAN NASHVILLE POLICE DEPT,20180732066,Davidson,Nashville,8/26/2018 8:24:00 PM,2,0,0,36.109450,-86.728050,BRILEY PKWYN,,,,0.00,,,EAST THOMPSON LN,,,,0.00,Y,T-Intersection,N,Intersection,None,,,         ,Je-Marc,Sears,Clear,Angle,no,no,no,no,no,False
102123376,METROPOLITAN NASHVILLE POLICE DEPT,20180731948,Davidson,Nashville,8/26/2018 9:09:00 PM,1,1,0,36.167950,-86.771620,RUSSELL ST,,,,0.00,,,S 1ST ST,,,,0.00,Y,T-Intersection,N,Intersection,None,,,         ,Joseph,Bingham,Clear,Not Collision with Motor Vehicle in Transport,no,no,no,no,no,False
102123381,METROPOLITAN NASHVILLE POLICE DEPT,20180731651,Davidson,Nashville,8/26/2018 4:15:00 PM,2,0,0,36.124640,-86.794260,BELMONT BLVD,,,,0.00,,,SWEETBRIAR AV,,,,0.00,Y,T-Intersection, ,Intersection-Related,None,,,         ,John,Roberson,Cloudy,Front to Rear,no,no,no,no,no,False
102123383,METROPOLITAN NASHVILLE POLICE DEPT,20180731547,Davidson,Nashville,8/26/2018 2:10:00 PM,2,0,0,36.140400,-86.731550,I 24,,,,0.00,,,,,,,51.60,N,Not at Intersection,N,Non-Junction,None,,,         ,Ryan,Sherry,Clear,Front to Rear,no,no,no,no,no,False
102123385,METROPOLITAN NASHVILLE POLICE DEPT,20180732095,Davidson,Nashville,8/26/2018 8:29:00 PM,2,1,0,36.089070,-86.649990,RANSOM PL,,,,0.00,,,MURFREESBORO PKE,,,,0.00,Y,Four-Way,N,Intersection,None,,,         ,Devonte,Coleman,Clear,Angle,no,no,no,no,no,False
102123425,METROPOLITAN NASHVILLE POLICE DEPT,20180732206,Davidson,Nashville,8/26/2018 10:32:00 PM,1,0,0,36.210180,-86.733660,GALLATIN PKE,,,,0.00,Feet,East,HOME RD,,,,0.00,N,Not at Intersection,N,Non-Junction,None,,,         ,Jessica,Scott,Clear,Not Collision with Motor Vehicle in Transport,no,no,no,no,no,False
102123426,METROPOLITAN NASHVILLE POLICE DEPT,20180732124,Davidson,Nashville,8/26/2018 8:00:00 PM,3,0,0,36.084160,-86.705890,LINBAR DR,,,,0.00,Feet,,HARDING PL,,,,0.00,Y,Four-Way,N,Intersection-Related,None,,,         ,Shelby,Hughes,Clear,Front to Rear,no,no,no,no,yes,False
102123468,METROPOLITAN NASHVILLE POLICE DEPT,20180732217,Davidson,Nashville,8/26/2018 10:41:00 PM,2,0,0,36.069310,-86.687200,I24 W EXT RAMP,,,,0.00,Feet,East,I 24,,,,0.00,N,Not at Intersection, ,Entrance/Exit Ramp Related,None,,,         ,William,Williams,Clear,Angle,no,no,no,no,no,False
102123484,METROPOLITAN NASHVILLE POLICE DEPT,20180732168,Davidson,Nashville,8/26/2018 9:59:00 PM,2,1,0,36.067410,-86.631250,MURFREESBORO PKE,,,,0.00,,,FOREST VIEW DR,,,,0.00,Y,Four-Way,Y,Intersection,None,,,         ,Andrew,Brazee,Clear,Angle,no,no,no,no,no,False
102123574,METROPOLITAN NASHVILLE POLICE DEPT,20180732516,Davidson,Nashville,8/27/2018 1:08:00 AM,1,1,0,36.054800,-86.694590,TUSCULUM RD,,,,156.00,Feet,West,COLERIDGE DR,,,,0.00,N,Not at Intersection,N,Non-Junction,None,,,         ,Daryn,Yentes,Clear,Not Collision with Motor Vehicle in Transport,no,no,no,no,no,False
102123580,METROPOLITAN NASHVILLE POLICE DEPT,20180732792,Davidson,Nashville,8/27/2018 3:20:00 AM,1,0,0,36.074730,-86.693840,LINBAR DR,,,,587.00,Feet,North,MELMACK DR,,,,0.00,N,Not at Intersection,N,Non-Junction,None,,,         ,Antoine,Maghamez,Clear,Not Collision with Motor Vehicle in Transport,no,no,no,no,yes,False
102123611,METROPOLITAN NASHVILLE POLICE DEPT,20180733051,Davidson,Nashville,8/27/2018 5:55:00 AM,2,0,0,36.158410,-86.790610,GEORGE L DAVIS BLVD,,,,0.00,Feet,East,CHURCH ST,,,,0.00,N,Not at Intersection,N,Non-Junction,None,,,         ,Jeremy,Arrington,Clear,Front to Rear,no,no,no,no,no,False
102123641,METROPOLITAN NASHVILLE POLICE DEPT,20180733126,Davidson,Nashville,8/27/2018 6:40:00 AM,2,2,0,36.161070,-86.846450,49TH AVN,,,,0.00,,,TENNESSEE AV,,,,0.00,Y,Four-Way,N,Intersection,None,,,         ,Curtis,Rich,Clear,Angle,no,no,no,no,no,False
102123654,METROPOLITAN NASHVILLE POLICE DEPT,20180733148,Davidson,Nashville,8/27/2018 6:30:00 AM,2,0,0,36.119590,-86.801840,I 440,,,,0.00,,,,,,,3.05,N,Not at Intersection, ,,None,,,         ,Jon,Mcvey,,,no,no,no,no,no,False
102123676,METROPOLITAN NASHVILLE POLICE DEPT,2018733171,Davidson,Nashville,8/27/2018 7:05:00 AM,2,0,0,36.147080,-86.743420,I 40,,,,0.00,,,,,,,212.05,N,Not at Intersection,N,Non-Junction,None,,,         ,Erik,Nash,Clear,Front to Rear,no,no,no,no,yes,False
102123684,GOODLETTSVILLE POLICE DEPT,18-30233,Davidson,Goodlettsville,8/27/2018 6:23:00 AM,1,0,0,36.334360,-86.710370,I 65,,,,0.00,,,,,,,97.70,N,Not at Intersection,N,Non-Junction,None,,,         ,Timothy,Williams,Clear,Not Collision with Motor Vehicle in Transport,no,no,no,no,no,False
102123700,METROPOLITAN NASHVILLE POLICE DEPT,20180733329,Davidson,Nashville,8/27/2018 8:00:00 AM,2,0,0,36.150150,-86.857950,WHITE BRIDGE PKE,,,,0.00,,,CHARLOTTE PKE,,,,0.00,Y,Four-Way, ,Intersection,None,,,         ,Curtis,Rich,Clear,Front to Rear,no,no,no,no,no,False
102123706,METROPOLITAN NASHVILLE POLICE DEPT,20180733214,Davidson,Nashville,8/27/2018 7:20:00 AM,3,0,0,36.093730,-86.771550,FRANKLIN PKE,,,,319.00,Feet,North,SOUTHMEADE PKWY,,,,0.00,N,Not at Intersection,N,Non-Junction,None,,,         ,Justin,Pinkelton,Clear,Front to Rear,no,no,no,no,no,False
102123710,METROPOLITAN NASHVILLE POLICE DEPT,20180733279,Davidson,Nashville,8/27/2018 7:49:00 AM,2,0,0,36.135760,-86.885300,CHARLOTTE PKE,,,,50.00,Feet,West,BROOK HOLLOW RD,,,,0.00,N,Not at Intersection, ,,None,,,         ,Walter,Gray II,,,no,no,no,no,no,False
102123718,METROPOLITAN NASHVILLE POLICE DEPT,20180733260,Davidson,Nashville,8/27/2018 7:47:00 AM,2,1,0,36.083650,-86.647220,MURFREESBORO PKE,,,,0.00,,,BROOKSBORO PL,,,,0.00,Y,Four-Way,N,Intersection,None,,,         ,Jason,Hees,Clear,Angle,no,no,no,no,no,False
102123727,METROPOLITAN NASHVILLE POLICE DEPT,20180733276,Davidson,Not in City Limit,8/27/2018 7:50:00 AM,2,0,0,36.279280,-86.784580,OLD HICKORY BLVD,,,,315.00,Feet,West,BRICK CHURCH PKE,,,,0.00,N,Not at Intersection, ,Non-Junction,None,,,         ,Spencer,Pittman,Clear,Front to Rear,no,no,no,no,no,False
102123730,METROPOLITAN NASHVILLE POLICE DEPT,20180733205,Davidson,Nashville,8/27/2018 7:08:00 AM,2,0,0,36.036070,-86.644540,I 24,,,,0.00,,,,,,,60.40,N,Not at Intersection, ,,None,,,         ,Amy,Hirschmann,,,no,no,no,no,no,False
102123733,METROPOLITAN NASHVILLE POLICE DEPT,20180733270,Davidson,Nashville,8/27/2018 7:57:00 AM,2,0,0,36.120110,-86.752120,MELROSE AV,,,,100.00,Feet,East,KLINE AV,,,,0.00,N,Not at Intersection, ,Non-Junction,None,,,         ,John,Chambers,Clear,Angle,no,no,no,no,no,False
102123735,METROPOLITAN NASHVILLE POLICE DEPT,20180733263,Davidson,Nashville,8/27/2018 7:54:00 AM,3,1,0,36.120710,-86.703440,MURFREESBORO PKE,,,,62.00,Feet,East,GLENGARRY DR,,,,0.00,N,Not at Intersection,N,Non-Junction,None,,,         ,Thomas,Odom,Clear,Front to Rear,no,no,no,no,no,False
102123739,METROPOLITAN NASHVILLE POLICE DEPT,20180733327,Davidson,Not in City Limit,8/27/2018 7:31:00 AM,2,0,0,36.322950,-86.910370,CLARKSVILLE PKE,,,,0.00,,,OLD CLARKSVILLE PKE,,,,0.00,Y,Y-Intersection, ,Intersection,None,,,         ,Patrick,Taylor,Clear,Front to Rear,no,no,no,no,no,False
102123740,METROPOLITAN NASHVILLE POLICE DEPT,20180733303,Davidson,Nashville,8/27/2018 7:05:00 AM,2,2,0,36.235760,-86.781180,BRICK CHURCH PKE,,,,47.00,Feet,South,RICHMOND HILL DR,,,,0.00,N,Not at Intersection,N,Non-Junction,None,,,         ,Michelle,Steidl,Clear,Angle,no,no,no,no,no,False
102123741,METROPOLITAN NASHVILLE POLICE DEPT,20180733226,Davidson,Nashville,8/27/2018 7:25:00 AM,2,0,0,36.113950,-86.810880,WOODMONT BLVD,,,,0.00,,,HILLSBORO PKE,,,,0.00,Y,Four-Way, ,Non-Junction,None,,,         ,Alexander,Donald,Clear,Front to Rear,no,no,no,no,no,False
102123742,METROPOLITAN NASHVILLE POLICE DEPT,20180733399,Davidson,Nashville,8/27/2018 8:49:00 AM,2,0,0,36.208400,-86.776240,I 65,,,,0.00,,,,,,,87.45,N,Not at Intersection, ,Non-Junction,None,,,         ,Ronald,Bright,Clear,Front to Rear,no,no,no,no,no,False
102123743,METROPOLITAN NASHVILLE POLICE DEPT,20180733281,Davidson,Nashville,8/27/2018 7:00:00 AM,2,0,0,36.044850,-86.668370,ARBOR COMMON,,,,0.00,,,BEECHWOOD TER,,,,0.00,Y,T-Intersection, ,Intersection,None,,,         ,Charles,Wakefield,Clear,Angle,no,no,no,no,no,False
102123745,METROPOLITAN NASHVILLE POLICE DEPT,2018-0733386,Davidson,Nashville,8/27/2018 8:46:00 AM,2,0,0,36.118860,-86.774590,FRANKLIN PKE,,,,0.00,,,BERRY RD,,,,0.00,Y,Four-Way,N,Intersection,None,,,         ,Timothy,Edwards,Clear,Angle,no,no,no,no,no,False
102123749,METROPOLITAN NASHVILLE POLICE DEPT,20180733347,Davidson,Nashville,8/27/2018 8:35:00 AM,2,0,0,36.116080,-86.797890,I 440,,,,0.00,,,,,,,3.40,N,Not at Intersection, ,Non-Junction,None,,,         ,John,Chambers,Clear,Front to Rear,no,no,no,no,no,False
102123753,METROPOLITAN NASHVILLE POLICE DEPT,20180733155,Davidson,Antioch,8/27/2018 12:00:00 AM,1,0,0,36.044980,-86.577950,PIN HOOK RD,,,,5.00,Feet,West,CHUTNEY DR,,,,0.00,N,Not at Intersection,N,Non-Junction,None,,,         ,Jessie,Meadows,Clear,Not Collision with Motor Vehicle in Transport,no,no,no,no,yes,False
102123754,METROPOLITAN NASHVILLE POLICE DEPT,20180733407,Davidson,Nashville,8/27/2018 8:56:00 AM,2,0,0,36.205360,-86.606150,RACHELS TRL,,,,0.00,,,ANDREW JACKSON PKWY,,,,0.00,Y,T-Intersection, ,Intersection,None,,,         ,Michael,Dance,Clear,Front to Rear,no,no,no,no,no,False
102123763,THP District 3 - Nashville,318057352,Davidson,Nashville,8/27/2018 8:20:00 AM,2,1,0,36.110260,-86.770480,I 65,,,,0.00,,,,,,,79.75,N,Not at Intersection,N,Non-Junction,None,,,         ,Jason,Cannon,Clear,Front to Rear,no,no,no,no,no,False
102123779,METROPOLITAN NASHVILLE POLICE DEPT,20180733420,Davidson,Nashville,8/27/2018 9:05:00 AM,1,0,0,36.173180,-86.791790,JEFFERSON ST,,,,119.00,Feet,West,ROSA L PARKS BLVD,,,,0.00,N,Not at Intersection,N,Non-Junction,None,,,         ,Brian,Mclarty,Clear,Not Collision with Motor Vehicle in Transport,no,no,no,no,no,False
102123780,METROPOLITAN NASHVILLE POLICE DEPT,20180733414,Davidson,Nashville,8/27/2018 9:07:00 AM,2,0,0,36.052900,-86.775160,I 65,,,,0.00,,,,,,,74.70,N,Not at Intersection, ,Non-Junction,None,,,         ,Randy,Puckett,Clear,Front to Rear,no,no,no,no,no,False
102123785,METROPOLITAN NASHVILLE POLICE DEPT,20180733510,Davidson,Nashville,8/27/2018 9:44:00 AM,2,0,0,36.177510,-86.875410,CENTENNIAL BLVD,,,,715.00,Feet,North,CENTENNIAL PL,,,,0.00,N,Not at Intersection, ,,None,,,         ,Curtis,Rich,,,no,no,no,yes,no,False
102123786,METROPOLITAN NASHVILLE POLICE DEPT,20180733423,Davidson,Nashville,8/27/2018 9:10:00 AM,2,0,0,36.157880,-86.775170,4TH AVS,,,,149.00,Feet,South,MOLLOY ST,,,,0.00,N,Not at Intersection, ,,None,,,         ,Cody,O'Quinn,,,no,no,no,no,no,False
102123793,METROPOLITAN NASHVILLE POLICE DEPT,20180733522,Davidson,Nashville,8/27/2018 9:59:00 AM,3,0,0,36.134380,-86.726910,I24E,,,,86.00,Feet,North,I24 E ENT RAMP,,,,0.00,N,Not at Intersection, ,Non-Junction,None,,,         ,Jessie,Meadows,Clear,Front to Rear,no,no,no,no,no,False
102123798,METROPOLITAN NASHVILLE POLICE DEPT,20180733460,Davidson,Nashville,8/27/2018 9:26:00 AM,3,0,0,36.141710,-86.733240,I 40,,,,0.00,,,,,,,212.90,N,Not at Intersection, ,Non-Junction,None,,,         ,Tien,Nguyen,Clear,Front to Rear,no,no,no,no,no,False
102123807,METROPOLITAN NASHVILLE POLICE DEPT,20180733269,Davidson,Nashville,8/27/2018 8:00:00 AM,2,1,0,36.203750,-86.753940,EDWIN ST,,,,404.00,Feet,South,E TRINITY LN,,,,0.00,N,Not at Intersection,N,Non-Junction,None,,,         ,Russell,Freeman,Clear,HeadOn,no,no,no,no,no,False
102123814,METROPOLITAN NASHVILLE POLICE DEPT,20180733626,Davidson,Nashville,8/27/2018 10:32:00 AM,2,0,0,36.151130,-86.801740,21ST AVN,,,,134.00,Feet,South,HAYES ST,,,,0.00,N,Not at Intersection,N,Non-Junction,None,,,         ,Jon,Mcvey,Clear,"Sideswipe, Same Direction",no,no,no,no,yes,Campus
102123818,Nashville Airport Police,2018-003379,Davidson,Nashville,8/26/2018 1:41:00 PM,2,0,0,36.133180,-86.664330,BNA DR,,,,0.00,Feet,,DONELSON PKES,,,,0.00,Y,OTHER, ,Non-Junction,Construction Zone,,,         ,Lynn,Oliver,Clear,Front to Rear,no,no,no,no,no,False
102123823,METROPOLITAN NASHVILLE POLICE DEPT,20180733549,Davidson,Nashville,8/27/2018 10:10:00 AM,2,0,0,36.207860,-86.767650,DICKERSON PKE,,,,127.00,Feet,North,DUKE ST,,,,0.00,N,Not at Intersection,N,Non-Junction,None,,,         ,Russell,Freeman,Clear,"Sideswipe, Same Direction",no,no,no,no,yes,False
102123828,METROPOLITAN NASHVILLE POLICE DEPT,20180733688,Davidson,Nashville,8/27/2018 11:00:00 AM,2,2,0,36.152090,-86.842210,46TH AVN,,,,0.00,,,CHARLOTTE AV,,,,0.00,Y,Four-Way, ,Intersection,None,,,         ,Curtis,Rich,Clear,Front to Rear,no,no,no,no,no,False
102123856,METROPOLITAN NASHVILLE POLICE DEPT,20180733560,Davidson,Nashville,8/27/2018 10:13:00 AM,2,1,0,36.147960,-86.799300,21ST AVS,,,,0.00,,,BROADWAY,,,,0.00,Y,Y-Intersection,Y,Intersection,None,,,         ,Justan,Vance,Clear,Angle,no,no,no,no,no,Campus
102123873,METROPOLITAN NASHVILLE POLICE DEPT,20180733724,Davidson,Nashville,8/27/2018 11:20:00 AM,2,0,0,36.173010,-86.805260,17TH AVN,,,,0.00,,,KNOWLES ST,,,,0.00,Y,OTHER, ,Intersection-Related,None,,,         ,Chase,Burnett,Clear,"Sideswipe, Same Direction",no,no,no,no,no,False
102123886,METROPOLITAN NASHVILLE POLICE DEPT,20180733762,Davidson,Nashville,8/27/2018 1:30:00 AM,1,0,0,36.044890,-86.640110,BABY RUTH LN,,,,613.00,Feet,North,MT VIEW RD,,,,0.00,N,Not at Intersection,N,Non-Junction,None,,,         ,James,Jarvis,Clear,Not Collision with Motor Vehicle in Transport,no,no,no,no,yes,False
102123889,METROPOLITAN NASHVILLE POLICE DEPT,20180733759,Davidson,Nashville,8/27/2018 11:30:00 AM,2,0,0,36.152900,-86.689560,ELM HILL PKE,,,,0.00,,,ELM HILL PKE WB EXT RAMP,,,,0.00,Y,Four-Way, ,,None,,,         ,Alex,DiBernardo,,,no,no,no,no,no,False
102123892,METROPOLITAN NASHVILLE POLICE DEPT,20180733730,Davidson,Nashville,8/27/2018 11:25:00 AM,2,0,0,36.186690,-86.625910,STONERS BEND DR,,,,576.00,Feet,North,CENTRAL PKE,,,,0.00,N,Not at Intersection, ,Non-Junction,None,,,         ,Michael,Dance,Clear,"Sideswipe, Same Direction",no,no,no,no,no,False
102123938,METROPOLITAN NASHVILLE POLICE DEPT,20180733505,Davidson,Nashville,8/27/2018 9:35:00 AM,3,3,0,36.156710,-86.768840,HERMITAGE AV,,,,55.00,Feet,West,LEA AV,,,,0.00,N,Not at Intersection,N,Non-Junction,None,,,         ,Michael,Schlegel,Clear,Front to Rear,no,no,no,no,no,False
102123943,METROPOLITAN NASHVILLE POLICE DEPT,20180733952,Davidson,Nashville,8/27/2018 12:50:00 PM,2,0,0,36.039700,-86.762700,OLD HICKORY BLVD,,,,26.00,Feet,East,HEARTHSTONE LN,,,,0.00,N,Not at Intersection, ,Non-Junction,None,,,         ,Jon,Mcvey,Clear,Front to Rear,no,no,no,no,no,False
102123953,METROPOLITAN NASHVILLE POLICE DEPT,20180733914,Davidson,Nashville,8/27/2018 12:45:00 PM,2,0,0,36.222810,-86.735190,SAUNDERS AV,,,,0.00,,,VIRGINIA AV,,,,0.00,Y,T-Intersection,N,Intersection-Related,None,,,         ,Russell,Freeman,Clear,Front to Rear,no,no,no,no,yes,False
102123981,METROPOLITAN NASHVILLE POLICE DEPT,20180733937,Davidson,Not in City Limit,8/27/2018 12:21:00 PM,2,0,0,36.274520,-86.689390,MYATT DR,,,,0.00,Feet,,NO NAME,,,,0.00,Y,T-Intersection, ,Intersection-Related,None,,,         ,Michelle,Steidl,Clear,Front to Rear,no,no,no,no,no,False
102124024,METROPOLITAN NASHVILLE POLICE DEPT,20180734091,Davidson,Nashville,8/27/2018 1:50:00 PM,2,2,0,36.041940,-86.743940,EDMONDSON PKE,,,,123.00,Feet,South,BRENTWOOD SQ,,,,0.00,N,Not at Intersection,N,Non-Junction,None,,,         ,Jon,Mcvey,Clear,Angle,no,no,no,no,no,False
102124041,METROPOLITAN NASHVILLE POLICE DEPT,20180734029,Davidson,Nashville,8/27/2018 1:22:00 PM,2,1,0,36.045780,-86.627640,MT VIEW RD,,,,289.00,Feet,East,ASHEFORD TRC,,,,0.00,N,Not at Intersection,N,Non-Junction,None,,,         ,Jessie,Meadows,Clear,Front to Rear,no,no,no,no,no,False
102124043,METROPOLITAN NASHVILLE POLICE DEPT,20180734133,Davidson,Nashville,8/27/2018 2:10:00 PM,2,1,0,36.179400,-86.876710,CENTENNIAL BLVD,,,,823.00,Feet,East,CENTENNIAL PL,,,,0.00,N,Not at Intersection,N,Non-Junction,None,,,         ,George,Spencer,Clear,Angle,no,no,no,no,no,False
102124047,METROPOLITAN NASHVILLE POLICE DEPT,20180734083,Davidson,OTHER,8/27/2018 1:40:00 PM,2,0,0,36.013430,-86.620980,I24 E EXT RAMP,,,,0.00,Feet,,I 24,,,,0.00,Y,T-Intersection, ,Intersection,None,,,         ,Eric,Keller,Clear,"Sideswipe, Same Direction",no,no,no,no,no,False
102124049,METROPOLITAN NASHVILLE POLICE DEPT,20180733633,Davidson,Nashville,8/27/2018 10:45:00 AM,2,0,0,36.094420,-86.653390,FRANKLIN LIMESTONE RD,,,,0.00,,,MURFREESBORO PKE,,,,0.00,Y,Four-Way, ,Non-Junction,None,,,         ,Eric,Keller,Clear,Front to Rear,no,no,no,no,no,False
102124050,METROPOLITAN NASHVILLE POLICE DEPT,20180733473,Davidson,Nashville,8/27/2018 9:05:00 AM,2,0,0,36.087710,-86.691530,HARDING PL,,,,225.00,Feet,East,ANTIOCH PKE,,,,0.00,N,Not at Intersection,N,Non-Junction,None,,,         ,Eric,Keller,Clear,Front to Rear,no,no,no,no,no,False
102124051,METROPOLITAN NASHVILLE POLICE DEPT,20180733400,Davidson,Nashville,8/27/2018 7:00:00 AM,2,0,0,36.048030,-86.620980,PINEORCHARD PL,,,,57.00,Feet,North,SKYFALLS WAY,,,,0.00,N,Not at Intersection, ,Non-Junction,None,,,         ,Eric,Keller,Clear,"Sideswipe, Opposite Direction",no,no,no,no,no,False
102124055,METROPOLITAN NASHVILLE POLICE DEPT,20180734116,Davidson,Nashville,8/27/2018 1:15:00 PM,2,0,0,36.153540,-86.763850,I24 W ENT RAMP,,,,0.00,,,I 40,,,,0.00,Y,OTHER,N,Non-Junction,None,,,         ,Reginald,Pierre-Paul,Clear,Front to Rear,no,no,no,no,yes,False
102124056,METROPOLITAN NASHVILLE POLICE DEPT,20180733959,Davidson,Nashville,8/27/2018 12:58:00 PM,4,2,0,36.147930,-86.759750,LAFAYETTE ST,,,,359.00,Feet,West,LEWIS ST,,,,0.00,N,Not at Intersection,N,"Driveway, Alley Access, etc",None,,,         ,Michael,Dance,Clear,Angle,no,no,no,no,yes,False
102124060,METROPOLITAN NASHVILLE POLICE DEPT,20180734044,Davidson,Nashville,8/27/2018 1:13:00 PM,2,0,0,36.135120,-86.811380,FAIRFAX AV,,,,0.00,,,NATCHEZ TRC,,,,0.00,Y,Four-Way, ,Intersection,None,,,         ,David,Lang,Clear,Angle,no,no,no,no,no,Campus