master_record_number,agency,agency_tracking_number,county,city,collision_date,vehicles_involved,number_injured,number_dead,latitude,longitude,roadway_name,roadway_suffix,roadway_number,roadway_local_id,distance_from_reference,miles-feet_indicator,direction_from_reference,intersection_road_name,intersection_road_name_suffix,intersection_road_number,intersection_local_id,mile_marker,intersection_indicator,intersect_type,interchange_related_indicator,relation_to_junction,work_zone_type,construction_maintenance_zone,construction_maintenance_zone_location,fatal_case_number,officer_first_name,officer_last_name,weather_condition(s),manner_of_crash,pedestrian,bicycle,scooter,parking,hitrun,mou
102124074,METROPOLITAN NASHVILLE POLICE DEPT,20180734347,Davidson,Nashville,8/27/2018 12:00:00 AM,2,0,0,36.139890,-86.814540,32ND AVS,,,,64.00,Feet,South,DUDLEY AV,,,,0.00,N,Not at Intersection, ,Non-Junction,None,,,         ,Akira,McSwain,Clear,Unknown,no,no,no,no,yes,Campus
102124075,METROPOLITAN NASHVILLE POLICE DEPT,2018-0734164,Davidson,Nashville,8/27/2018 2:12:00 PM,1,1,0,36.136310,-86.822150,WEST END AV,,,,0.00,,,I440 E EXT RAMP,,,,0.00,Y,OTHER,N,Unknown,None,,,         ,Randall,Ward,Clear,Unknown,no,no,no,no,no,False
102124081,METROPOLITAN NASHVILLE POLICE DEPT,20180734286,Davidson,Antioch,8/27/2018 2:51:00 PM,2,0,0,36.030530,-86.612470,OLD HICKORY BLVD,,,,109.00,Feet,North,LOGISTICS WAY,,,,0.00,N,Not at Intersection, ,Non-Junction,None,,,         ,Andrew,Brazee,Clear,Front to Rear,no,no,no,no,no,False
102124083,METROPOLITAN NASHVILLE POLICE DEPT,20180734322,Davidson,Nashville,8/27/2018 3:08:00 PM,2,1,0,36.143080,-86.705230,I 40,,,,0.00,,,,,,,214.50,N,Not at Intersection,N,Non-Junction,None,,,         ,Dontaveous,Eubanks,Clear,Front to Rear,no,no,no,no,no,False
102124093,METROPOLITAN NASHVILLE POLICE DEPT,20180734351,Davidson,Nashville,8/27/2018 3:17:00 PM,2,1,0,36.170130,-86.739010,SHELBY AV,,,,0.00,,,S 18TH ST,,,,0.00,Y,Four-Way,N,Intersection,None,,,         ,Richard,Conger,Clear,Angle,no,no,no,no,no,False
102124094,METROPOLITAN NASHVILLE POLICE DEPT,20180734342,Davidson,Nashville,8/27/2018 3:15:00 PM,3,0,0,36.135220,-86.886710,CHARLOTTE PKE,,,,443.00,Feet,East,W HILLWOOD DR,,,,0.00,N,Not at Intersection, ,Non-Junction,None,,,         ,Jeremy,Huffine,Clear,Front to Rear,no,no,no,no,no,False
102124096,METROPOLITAN NASHVILLE POLICE DEPT,20180734357,Davidson,Nashville,8/27/2018 2:57:00 PM,2,0,0,36.150080,-86.805510,23RD AVN,,,,0.00,,,ELLISTON PL,,,,0.00,Y,Four-Way, ,Intersection,None,,,         ,Eric,Burford,Clear,Angle,no,no,no,no,no,Campus
102124106,METROPOLITAN NASHVILLE POLICE DEPT,20180734573,Davidson,Nashville,8/27/2018 4:20:00 PM,2,0,0,36.141910,-86.814990,31ST AVS,,,,287.00,Feet,North,VANDERBILT PL,,,,0.00,N,Not at Intersection, ,Non-Junction,None,,,         ,Randall,Ward,Clear,Angle,no,no,no,no,no,Campus
102124107,METROPOLITAN NASHVILLE POLICE DEPT,20180734518,Davidson,Nashville,8/27/2018 4:05:00 PM,2,0,0,36.109140,-86.728250,SOUTHLAKE DR,,,,126.00,Feet,South,BRILEY PKWYN,,,,0.00,N,Not at Intersection, ,Non-Junction,None,,,         ,Eric,Keller,Clear,Front to Rear,no,no,no,no,no,False
102124113,METROPOLITAN NASHVILLE POLICE DEPT,20180734528,Davidson,Nashville,8/27/2018 4:09:00 PM,2,0,0,36.098420,-86.763450,I65 N EXT RAMP,,,,0.00,,,I 65,,,,0.00,Y,OTHER,Y,Entrance/Exit Ramp Related,None,,,         ,Douglas,Sykes,Clear,"Sideswipe, Same Direction",no,no,no,no,no,False
102124117,METROPOLITAN NASHVILLE POLICE DEPT,20180734515,Davidson,Nashville,8/27/2018 4:11:00 PM,2,1,0,36.160020,-86.760110,I 24,,,,0.00,,,,,,,49.50,N,Not at Intersection, ,Non-Junction,None,,,         ,Joseph,Simon,Clear,"Sideswipe, Same Direction",no,no,no,no,no,False
102124125,METROPOLITAN NASHVILLE POLICE DEPT,20180734666,Davidson,Nashville,8/27/2018 4:50:00 PM,2,0,0,36.154810,-86.779130,8TH AVS,,,,27.00,Feet,South,KOREAN VETERANS BLVD,,,,0.00,N,Not at Intersection,Y,Non-Junction,None,,,         ,Brent,Morris,Clear,Angle,no,no,no,no,yes,False
102124133,METROPOLITAN NASHVILLE POLICE DEPT,20180734236,Davidson,Nashville,8/27/2018 2:35:00 PM,1,1,0,36.147230,-86.744800,I40 E EXT RAMP,,,,0.00,,,I 40,,,,0.00,Y,OTHER,N,OtherLocation,None,,,         ,Johnathan,Pannell,Clear,Not Collision with Motor Vehicle in Transport,no,no,no,no,yes,False
102124134,METROPOLITAN NASHVILLE POLICE DEPT,20180734628,Davidson,Nashville,8/27/2018 4:30:00 PM,2,0,0,36.160680,-86.793860,CHARLOTTE AV,,,,57.00,Feet,West,14TH AVN,,,,0.00,N,Not at Intersection, ,Non-Junction,None,,,         ,Roy,Sain Jr.,Clear,"Sideswipe, Same Direction",no,no,no,no,yes,False
102124135,METROPOLITAN NASHVILLE POLICE DEPT,20180734636,Davidson,Not in City Limit,8/27/2018 5:21:00 PM,2,0,0,36.262210,-86.712210,GALLATIN PKES,,,,0.00,,,E OLD HICKORY BLVD,,,,0.00,Y,Four-Way, ,Intersection,None,,,         ,Christopher,Littles,Cloudy,Angle,no,no,no,no,no,False
102124136,METROPOLITAN NASHVILLE POLICE DEPT,20180734621,Davidson,Nashville,8/27/2018 4:45:00 PM,1,1,0,36.147440,-86.808490,25TH AVN,,,,0.00,Feet,,ELLISTON PL,,,,0.00,Y,T-Intersection,Y,Intersection-Related,None,,,         ,Devin,Mabry,Clear,Not Collision with Motor Vehicle in Transport,yes,no,no,no,no,Campus
102124137,METROPOLITAN NASHVILLE POLICE DEPT,20180734649,Davidson,Nashville,8/27/2018 4:46:00 PM,2,0,0,36.148520,-86.785220,HAWKINS ST,,,,0.00,Feet,East,12TH AVS,,,,0.00,N,Not at Intersection, ,Non-Junction,None,,,         ,John,Timm,Clear,"Sideswipe, Same Direction",no,no,no,no,no,False
102124156,METROPOLITAN NASHVILLE POLICE DEPT,20180734447,Davidson,Nashville,8/27/2018 3:26:00 PM,3,1,0,36.113750,-86.808410,WOODMONT BLVD,,,,215.00,Feet,West,BENHAM AV,,,,0.00,N,Not at Intersection,N,Non-Junction,None,,,         ,Akira,McSwain,Clear,Front to Rear,no,no,no,no,no,False
102124158,METROPOLITAN NASHVILLE POLICE DEPT,20180734678,Davidson,Nashville,8/27/2018 5:08:00 PM,3,1,0,36.098030,-86.709550,I 24,,,,0.00,,,,,,,54.70,N,Not at Intersection,N,Non-Junction,None,,,         ,YUNUS,ADAK,Clear,Front to Rear,no,no,no,no,no,False
102124162,METROPOLITAN NASHVILLE POLICE DEPT,20180734360,Davidson,Nashville,8/27/2018 12:00:00 AM,1,1,0,36.169430,-86.806920,JEFFERSON ST,,,,88.00,Feet,West,DR D B TODD JR BLVD,,,,0.00,N,Not at Intersection,N,Non-Junction,None,,,         ,Melvin,Taylor,Clear,Not Collision with Motor Vehicle in Transport,yes,no,no,no,yes,False
102124165,METROPOLITAN NASHVILLE POLICE DEPT,20180734701,Davidson,Nashville,8/27/2018 4:55:00 PM,2,2,0,36.110420,-86.683140,MURFREESBORO PKE,,,,125.00,Feet,West,AIR FREIGHT BLVD,,,,0.00,N,Not at Intersection, ,Non-Junction,None,,,         ,Michael,Hunnicutt,Clear,Front to Rear,no,no,no,no,no,False
102124166,METROPOLITAN NASHVILLE POLICE DEPT,20180734712,Davidson,Nashville,8/27/2018 5:10:00 PM,2,0,0,36.081970,-86.761350,HARDING PL,,,,113.00,Feet,East,SIDCO DR,,,,0.00,N,Not at Intersection, ,Non-Junction,None,,,         ,Gabriel,Vasquez,Clear,Front to Rear,no,no,no,no,no,False
102124168,METROPOLITAN NASHVILLE POLICE DEPT,20180734584,Davidson,Nashville,8/27/2018 4:00:00 PM,2,0,0,36.183930,-86.798010,ROSA L PARKS BLVD,,,,26.00,Feet,North,I65 N ENT RAMP,,,,0.00,N,Not at Intersection, ,Non-Junction,None,,,         ,Jonathon,Sheppard,Clear,Front to Rear,no,no,no,no,no,False
102124173,METROPOLITAN NASHVILLE POLICE DEPT,20180734710,Davidson,Not in City Limit,8/27/2018 5:57:00 PM,1,0,0,36.262040,-86.711280,E OLD HICKORY BLVD,,,,0.00,,,,,,,0.00,,, ,Non-Junction,None,,,         ,Bradley,Campbell,Clear,Not Collision with Motor Vehicle in Transport,no,no,no,no,no,False
102124177,METROPOLITAN NASHVILLE POLICE DEPT,20180734757,Davidson,Nashville,8/27/2018 5:30:00 PM,2,0,0,36.148920,-86.762700,LAFAYETTE ST,,,,72.00,Feet,West,CHARLES E DAVIS BLVD,,,,0.00,N,Not at Intersection, ,Non-Junction,None,,,         ,Ryan,Sherry,Clear,"Sideswipe, Same Direction",no,no,no,no,no,False
102124178,METROPOLITAN NASHVILLE POLICE DEPT,20180734726,Davidson,Nashville,8/27/2018 5:10:00 PM,2,1,0,36.107660,-86.672270,DONELSON PKE,,,,776.00,Feet,South,KNAPP BLVD,,,,0.00,N,Not at Intersection, ,Non-Junction,None,,,         ,William,Durham,Clear,Front to Rear,no,no,no,no,no,False
102124189,METROPOLITAN NASHVILLE POLICE DEPT,20180734768,Davidson,Nashville,8/27/2018 12:00:00 AM,3,1,0,36.169160,-86.809030,JEFFERSON ST,,,,170.00,Feet,East,21ST AVN,,,,0.00,N,Not at Intersection,N,Non-Junction,None,,,         ,Douglas,Sykes,Clear,Front to Rear,no,no,no,no,yes,False
102124191,METROPOLITAN NASHVILLE POLICE DEPT,20180734705,Davidson,Nashville,8/27/2018 12:00:00 AM,3,0,0,36.170670,-86.804300,I 40,,,,0.00,,,,,,,207.65,N,Not at Intersection,N,Non-Junction,None,,,         ,Christopher,Dickerson,Clear,Front to Rear,no,no,no,no,no,False
102124193,METROPOLITAN NASHVILLE POLICE DEPT,20180734566,Davidson,Nashville,8/27/2018 4:23:00 PM,2,0,0,36.153440,-86.751830,HERMITAGE AV,,,,219.00,Feet,West,KEITH ST,,,,0.00,N,Not at Intersection,N,Non-Junction,None,,,         ,Tony,Mingsing,Clear,Angle,no,no,no,no,yes,False
102124194,METROPOLITAN NASHVILLE POLICE DEPT,20180734791,Davidson,Not in City Limit,8/27/2018 5:30:00 PM,2,1,0,36.291100,-86.809920,I 24,,,,0.00,,,,,,,39.40,N,Not at Intersection, ,Non-Junction,None,,,         ,Jerry,Pirtle,Clear,Front to Rear,no,no,no,no,no,False
102124197,METROPOLITAN NASHVILLE POLICE DEPT,20180734733,Davidson,Nashville,8/27/2018 4:50:00 PM,2,0,0,36.154460,-86.789330,MCGAVOCK ST,,,,97.00,Feet,West,15TH AVS,,,,0.00,N,Not at Intersection, ,Non-Junction,None,,,         ,John,Roberson,Clear,"Sideswipe, Same Direction",no,no,no,no,no,False
102124201,METROPOLITAN NASHVILLE POLICE DEPT,20180734767,Davidson,Nashville,8/27/2018 5:37:00 PM,4,0,0,36.175980,-86.780490,JEFFERSON ST,,,,533.00,Feet,East,1ST AVN,,,,0.00,N,Not at Intersection,N,Non-Junction,None,,,         ,Derek,Betty,Clear,Front to Rear,no,no,no,no,no,False
102124205,METROPOLITAN NASHVILLE POLICE DEPT,20180734842,Davidson,Nashville,8/27/2018 6:03:00 PM,2,5,0,36.141940,-86.734940,I 40,,,,0.00,,,,,,,212.80,N,Not at Intersection,N,Non-Junction,None,,,         ,Samuel,Sundra,Clear,Front to Rear,no,no,no,no,no,False
102124214,METROPOLITAN NASHVILLE POLICE DEPT,20180734958,Davidson,Nashville,8/27/2018 12:00:00 AM,2,0,0,36.188250,-86.800240,ATHENS WAY,,,,257.00,Feet,North,DOMINICAN DR,,,,0.00,N,Not at Intersection, ,Non-Junction,None,,,         ,Melvin,Taylor,Clear,Front to Rear,no,no,no,no,yes,False
102124251,METROPOLITAN NASHVILLE POLICE DEPT,20180735035,Davidson,Nashville,8/27/2018 6:56:00 PM,2,0,0,36.144210,-86.739070,I 40,,,,0.00,,,,,,,212.35,N,Not at Intersection,N,Non-Junction,None,,,         ,Samuel,Sundra,Clear,Other,no,no,no,no,yes,False
102124267,METROPOLITAN NASHVILLE POLICE DEPT,20180735040,Davidson,Nashville,8/27/2018 7:10:00 PM,1,1,0,36.166300,-86.820370,28TH AVN,,,,153.00,Feet,South,MEHARRY BLVD,,,,0.00,N,Not at Intersection,N,Non-Junction,None,,,         ,Joseph,Gawlowski,Clear,Not Collision with Motor Vehicle in Transport,yes,no,no,yes,yes,False
102124269,METROPOLITAN NASHVILLE POLICE DEPT,20180734820,Davidson,Nashville,8/27/2018 4:40:00 PM,3,0,0,36.124920,-86.813470,I 440,,,,0.00,,,,,,,2.40,N,Not at Intersection, ,Non-Junction,None,,,         ,Kelby,Dumond,Clear,Front to Rear,no,no,no,no,no,False
102124273,METROPOLITAN NASHVILLE POLICE DEPT,20180735017,Davidson,Nashville,8/27/2018 12:00:00 AM,2,0,0,36.199850,-86.738740,DELMAS AV,,,,0.00,,,,,,,0.00,,, ,Non-Junction,None,,,         ,Alexander,Georgeson,Clear,Unknown,no,no,no,yes,yes,False
102124280,METROPOLITAN NASHVILLE POLICE DEPT,20180734962,Davidson,Nashville,8/27/2018 6:30:00 PM,2,0,0,36.074520,-86.920810,HIGHWAY 70S,,,,43.00,Feet,East,OLD HICKORY BLVD,,,,0.00,N,Not at Intersection, ,Non-Junction,None,,,         ,Ryan,Ludvigson,Clear,Front to Rear,no,no,no,no,no,False
102124310,METROPOLITAN NASHVILLE POLICE DEPT,20180735062,Davidson,Nashville,8/27/2018 7:25:00 PM,2,0,0,36.204520,-86.737970,GALLATIN PKE,,,,73.00,Feet,North,ZOPHI ST,,,,0.00,N,Not at Intersection,N,OtherLocation,None,,,         ,Kevin,Clausius,Clear,Front to Rear,no,no,no,yes,yes,False
102124311,METROPOLITAN NASHVILLE POLICE DEPT,20180735201,Davidson,Goodlettsville,8/27/2018 8:30:00 PM,2,2,0,36.298140,-86.699850,GLEAVES ST,,,,0.00,Feet,East,RIVERGATE PKWY,,,,0.00,N,Not at Intersection,N,Non-Junction,None,,,         ,Peter,Vaught,Clear,Angle,no,no,no,no,no,False
102124312,METROPOLITAN NASHVILLE POLICE DEPT,20180735068,Davidson,Nashville,8/27/2018 7:15:00 PM,2,0,0,36.153760,-86.721100,LEBANON PKE,,,,137.00,Feet,East,SPENCE LN,,,,0.00,N,Not at Intersection,N,Non-Junction,None,,,         ,Tony,Mingsing,Clear,Angle,no,no,no,no,no,False
102124313,METROPOLITAN NASHVILLE POLICE DEPT,20180734983,Davidson,Nashville,8/27/2018 6:54:00 PM,2,2,0,36.091751,-86.980051,CHARLOTTE PK,,,,0.00,,,HWY 70 S,,,,0.00,Y,T-Intersection,N,Intersection,None,,,         ,Jeremy,Huffine,Clear,Angle,no,no,no,no,yes,False
102124319,METROPOLITAN NASHVILLE POLICE DEPT,20180734915,Davidson,Nashville,8/27/2018 6:26:00 PM,2,0,0,36.085420,-86.702090,I24 E EXT RAMP,,,,0.00,Feet,East,I 24,,,,0.00,N,Not at Intersection, ,Entrance/Exit Ramp Related,None,,,         ,Devonte,Coleman,Clear,Front to Rear,no,no,no,no,no,False
102124332,METROPOLITAN NASHVILLE POLICE DEPT,20180734771,Davidson,Nashville,8/27/2018 4:57:00 PM,2,1,0,36.167230,-86.759700,S 6TH ST,,,,0.00,Feet,,SYLVAN ST,,,,0.00,Y,Four-Way,N,Intersection,None,,,         ,Joseph,Simon,Clear,Angle,no,no,no,no,yes,False
102124358,METROPOLITAN NASHVILLE POLICE DEPT,20180735157,Davidson,Not in City Limit,8/27/2018 6:20:00 PM,2,1,0,35.991280,-86.681510,BURKITT RD,,,,0.00,Feet,,OLD BURKITT RD,,,,0.00,Y,Y-Intersection, ,Intersection,None,,,         ,Andrew,Brazee,Clear,Angle,no,no,no,no,no,False
102124359,METROPOLITAN NASHVILLE POLICE DEPT,20180735301,Davidson,Nashville,8/27/2018 9:18:00 PM,1,0,0,36.153230,-86.630920,FITZPATRICK RD,,,,0.00,,,PERCY PRIEST DR,,,,0.00,Y,Four-Way,N,Intersection,None,,,         ,Seth,Vaughn,Clear,Not Collision with Motor Vehicle in Transport,no,no,no,no,yes,False
102124362,METROPOLITAN NASHVILLE POLICE DEPT,20180734878,Davidson,Nashville,8/27/2018 2:26:00 PM,2,1,0,36.169580,-86.806190,JEFFERSON ST,,,,143.00,Feet,East,DR D B TODD JR BLVD,,,,0.00,N,Not at Intersection,N,Non-Junction,None,,,         ,Christopher,Littles,Cloudy,Front to Rear,no,no,no,no,no,False
102124363,METROPOLITAN NASHVILLE POLICE DEPT,20180735147,Davidson,Not in City Limit,8/27/2018 8:04:00 PM,1,0,0,36.269590,-86.693810,ROOSEVELT AV,,,,80.00,Feet,West,NIX DR,,,,0.00,N,Not at Intersection,N,Non-Junction,None,,,         ,Christopher,Littles,Clear,Not Collision with Motor Vehicle in Transport,no,no,no,no,yes,False
102124380,METROPOLITAN NASHVILLE POLICE DEPT,20180735261,Davidson,Nashville,8/27/2018 8:59:00 PM,2,1,0,36.048890,-86.665380,I 24,,,,0.00,,,,,,,59.00,N,Not at Intersection,N,Non-Junction,None,,,         ,Devonte,Coleman,Clear,Front to Rear,no,no,no,no,yes,False
102124395,METROPOLITAN NASHVILLE POLICE DEPT,20180735303,Davidson,Not in City Limit,8/27/2018 9:24:00 PM,1,1,0,36.267490,-86.706370,CUMBERLAND AV,,,,400.00,Feet,West,BIXLER AV,,,,0.00,N,Not at Intersection,N,Non-Junction,None,,,         ,Christopher,Littles,Clear,Not Collision with Motor Vehicle in Transport,yes,no,no,no,yes,False
102124397,METROPOLITAN NASHVILLE POLICE DEPT,20180735366,Davidson,Nashville,8/27/2018 9:48:00 PM,1,1,0,36.150490,-86.801230,WEST END AV,,,,0.00,,,21ST AVN,,,,0.00,Y,Four-Way,Y,Intersection-Related,None,,,         ,Randall,Ward,Clear,Not Collision with Motor Vehicle in Transport,yes,no,no,no,no,Campus
102124401,METROPOLITAN NASHVILLE POLICE DEPT,20180734758,Davidson,Nashville,8/27/2018 5:30:00 PM,2,0,0,36.137980,-86.857690,WHITE BRIDGE PKE,,,,60.00,Feet,North,KNOB RD,,,,0.00,N,Not at Intersection, ,Non-Junction,None,,,         ,Andrew,McCarron,Clear,Angle,no,no,no,no,no,False
102124402,METROPOLITAN NASHVILLE POLICE DEPT,20180734229,Davidson,Goodlettsville,8/27/2018 2:00:00 PM,3,0,0,36.302140,-86.692720,GALLATIN PKEN,,,,0.00,,,TWIN HILLS DR,,,,0.00,Y,T-Intersection, ,Intersection,None,,,         ,Joel,Callies,Clear,Front to Rear,no,no,no,no,no,False
102124405,METROPOLITAN NASHVILLE POLICE DEPT,20180735254,Davidson,Not in City Limit,8/27/2018 8:42:00 PM,2,0,0,36.012380,-86.703610,NOLENSVILLE PKE,,,,0.00,,,HOLT RD,,,,0.00,Y,T-Intersection,N,Intersection,None,,,         ,Akira,McSwain,Clear,Front to Rear,no,no,no,no,yes,False
102124423,METROPOLITAN NASHVILLE POLICE DEPT,20180735245,Davidson,Nashville,8/27/2018 7:47:00 PM,2,0,0,36.084130,-86.716030,WHISPERING OAKS PL,,,,783.00,Feet,North,TANGLEWOOD CT,,,,0.00,N,Not at Intersection,N,Non-Junction,None,,,         ,Steven,Frazier Jr.,Clear,Front to Rear,no,no,no,yes,yes,False
102124432,METROPOLITAN NASHVILLE POLICE DEPT,20180735381,Davidson,Nashville,8/27/2018 9:15:00 PM,3,1,0,36.254720,-86.715510,GALLATIN PKES,,,,133.00,Feet,South,MADISON BLVD,,,,0.00,N,Not at Intersection,N,Non-Junction,None,,,         ,Peter,Vaught,Clear,Front to Rear,no,yes,no,no,yes,False
102124461,METROPOLITAN NASHVILLE POLICE DEPT,20180735465,Davidson,Nashville,8/27/2018 10:25:00 PM,2,0,0,36.168310,-86.781950,GAY ST,,,,0.00,,,JAMES ROBERTSON PKWY,,,,0.00,Y,Four-Way,N,Non-Junction,None,,,         ,Seth,Quiles,Clear,Angle,no,no,no,no,yes,False
102124463,METROPOLITAN NASHVILLE POLICE DEPT,20180735357,Davidson,Nashville,8/27/2018 9:40:00 PM,1,0,0,36.179140,-86.758690,SMILEY ST,,,,191.00,Feet,West,N 9TH ST,,,,0.00,N,Not at Intersection,N,Non-Junction,None,,,         ,Christopher,Butner,Clear,Not Collision with Motor Vehicle in Transport,no,no,no,no,yes,False
102124476,METROPOLITAN NASHVILLE POLICE DEPT,20180735487,Davidson,Nashville,8/27/2018 10:11:00 PM,2,1,0,36.136110,-86.841600,CHEROKEE RD,,,,0.00,,,ABERDEEN RD,,,,0.00,Y,T-Intersection, ,Intersection,None,,,         ,Matthew,Jankiewicz,,Front to Rear,no,no,no,no,no,False
102124490,METROPOLITAN NASHVILLE POLICE DEPT,20180735462,Davidson,Nashville,8/27/2018 10:40:00 PM,2,1,0,36.151070,-86.750420,I 40,,,,0.00,,,,,,,211.60,N,Not at Intersection,N,Non-Junction,None,,,         ,Kyle,Berkheiser,Clear,"Sideswipe, Same Direction",no,no,no,no,no,False
102124501,METROPOLITAN NASHVILLE POLICE DEPT,20180735524,Davidson,Nashville,8/27/2018 11:08:00 PM,2,0,0,36.203550,-86.738530,GALLATIN PKE,,,,0.00,,,E TRINITY LN,,,,0.00,Y,T-Intersection,N,Intersection,None,,,         ,Andrew,Richey,Clear,HeadOn,no,no,no,no,no,False
102124524,METROPOLITAN NASHVILLE POLICE DEPT,20180735638,Davidson,Nashville,8/27/2018 10:17:00 PM,2,0,0,36.207080,-86.778520,HAMPTON ST,,,,153.00,Feet,North,W TRINITY LN,,,,0.00,N,Not at Intersection,N,Non-Junction,None,,,         ,James,Murphy,Clear,Rear to Rear,no,no,no,yes,yes,False
102124548,METROPOLITAN NASHVILLE POLICE DEPT,20180736168,Davidson,Nashville,8/28/2018 4:47:00 AM,1,1,0,36.155190,-86.764680,HERMITAGE AV,,,,361.00,Feet,East,ACADEMY PL,,,,0.00,N,Not at Intersection,N,Non-Junction,None,,,         ,Blake,Lutz,Clear,Not Collision with Motor Vehicle in Transport,no,no,no,yes,no,False
102124551,METROPOLITAN NASHVILLE POLICE DEPT,20180735858,Davidson,Nashville,8/28/2018 1:30:00 AM,2,0,0,36.132900,-86.746780,FESSLERS LN,,,,604.00,Feet,East,POLK AV,,,,0.00,N,Not at Intersection, ,Non-Junction,None,,,         ,Zachary,Lang,Clear,"Sideswipe, Same Direction",no,no,no,no,no,False
102124568,Nashville Airport Police,18-003398,Davidson,Nashville,8/27/2018 12:00:00 PM,2,0,0,36.129140,-86.665380,DONELSON PKE,,,,0.00,,,DONELSON PKE S ENT RAMP,,,,0.00,Y,OTHER, ,Non-Junction,None,,,         ,Jerry,Lovell,Clear,Front to Rear,no,no,no,no,no,False
102124574,METROPOLITAN NASHVILLE POLICE DEPT,20180736351,Davidson,Antioch,8/28/2018 6:04:00 AM,2,1,0,36.028970,-86.591180,MURFREESBORO PKE,,,,308.00,Feet,North,LAVERGNE COUCHVILLE PKE,,,,0.00,N,Not at Intersection,N,Non-Junction,None,,,         ,Nopel,Stella,Clear,Front to Rear,no,no,no,no,yes,False
102124593,METROPOLITAN NASHVILLE POLICE DEPT,20180736395,Davidson,Nashville,8/28/2018 6:08:00 AM,2,0,0,36.203880,-86.738350,GALLATIN PKE,,,,18.00,Feet,South,LELAND AV,,,,0.00,N,Not at Intersection, ,Non-Junction,None,,,         ,Michael,Agee,Cloudy,Angle,no,no,no,no,no,False
102124595,METROPOLITAN NASHVILLE POLICE DEPT,20180736388,Davidson,Nashville,8/28/2018 6:50:00 AM,2,0,0,36.114100,-86.810850,HILLSBORO PKE,,,,52.00,Feet,North,WOODMONT BLVD,,,,0.00,N,Not at Intersection, ,,None,,,         ,Jon,Mcvey,,,no,no,no,no,no,False
102124608,METROPOLITAN NASHVILLE POLICE DEPT,20180736406,Davidson,Nashville,8/28/2018 6:40:00 AM,2,0,0,36.199390,-86.776540,I 65,,,,0.00,,,,,,,86.80,N,Not at Intersection, ,Non-Junction,None,,,         ,William,Coy,Clear,"Sideswipe, Same Direction",no,no,no,no,no,False
102124663,METROPOLITAN NASHVILLE POLICE DEPT,20180736490,Davidson,Nashville,8/28/2018 7:35:00 AM,2,0,0,36.157570,-86.617240,BELL RD,,,,2419.00,Feet,South,STONES RIVER GRNWY,,,,0.00,N,Not at Intersection,N,Non-Junction,None,,,         ,Scott,Toney,Clear,Front to Rear,no,no,no,no,no,False
102124678,METROPOLITAN NASHVILLE POLICE DEPT,20180736403,Davidson,Nashville,8/28/2018 6:45:00 AM,1,0,0,36.188160,-86.809110,CECILIA AV,,,,0.00,Feet,,12TH AVN,,,,0.00,Y,T-Intersection,N,Non-Junction,None,,,         ,David,Crisman,Clear,Not Collision with Motor Vehicle in Transport,no,no,no,no,yes,False
102124680,METROPOLITAN NASHVILLE POLICE DEPT,20180736528,Davidson,Nashville,8/28/2018 7:50:00 AM,2,0,0,36.124630,-86.737190,I 440,,,,0.00,,,,,,,7.00,N,Not at Intersection, ,Non-Junction,None,,,         ,Todd,Watson,Clear,Front to Rear,no,no,no,no,no,False
102124681,METROPOLITAN NASHVILLE POLICE DEPT,2018-0736499,Davidson,Nashville,8/28/2018 7:25:00 AM,2,0,0,36.270390,-86.775810,BELL GRIMES LN,,,,0.00,,,BRICK CHURCH PKE,,,,0.00,Y,T-Intersection, ,Intersection-Related,None,,,         ,Arthur,Hipp,Clear,Angle,no,no,no,no,no,False
102124682,METROPOLITAN NASHVILLE POLICE DEPT,20180736477,Davidson,Nashville,8/28/2018 7:31:00 AM,3,0,0,36.199210,-86.751880,ELLINGTON PKWYS,,,,226.00,Feet,South,ONEIDA AV,,,,0.00,N,Not at Intersection, ,Non-Junction,None,,,         ,Erik,Nash,Clear,Front to Rear,no,no,no,no,no,False
102124702,METROPOLITAN NASHVILLE POLICE DEPT,2018733978,Davidson,Nashville,8/27/2018 12:49:00 PM,2,0,0,36.157710,-86.790130,I40 W EXT RAMP,,,,120.00,Feet,South,GEORGE L DAVIS BLVD,,,,0.00,N,Not at Intersection, ,Non-Junction,None,,,         ,Cory,West,Clear,Front to Rear,no,no,no,no,no,False
102124705,METROPOLITAN NASHVILLE POLICE DEPT,20180736479,Davidson,Nashville,8/28/2018 7:22:00 AM,2,3,0,36.169590,-86.600800,I40 E ENT RAMP,,,,0.00,Feet,East,I 40,,,,0.00,N,Not at Intersection,N,Entrance/Exit Ramp Related,None,,,         ,MIchael,Mihajlov,Clear,Angle,no,no,no,no,no,False
102124707,METROPOLITAN NASHVILLE POLICE DEPT,2018-0736466,Davidson,Nashville,8/28/2018 7:32:00 AM,2,0,0,36.074430,-86.745970,BLACKMAN RD,,,,0.00,Feet,East,DANBY DR,,,,0.00,N,Not at Intersection, ,,None,,,         ,Sean,Williams,,,no,no,no,no,no,False
102124709,METROPOLITAN NASHVILLE POLICE DEPT,20180736652,Davidson,Nashville,8/28/2018 8:15:00 AM,3,0,0,36.215240,-86.775390,I 65,,,,0.00,,,,,,,88.00,N,Not at Intersection, ,Non-Junction,None,,,         ,William,Coy,Clear,Front to Rear,no,no,no,no,no,False