master_record_number,agency,agency_tracking_number,county,city,collision_date,vehicles_involved,number_injured,number_dead,latitude,longitude,roadway_name,roadway_suffix,roadway_number,roadway_local_id,distance_from_reference,miles-feet_indicator,direction_from_reference,intersection_road_name,intersection_road_name_suffix,intersection_road_number,intersection_local_id,mile_marker,intersection_indicator,intersect_type,interchange_related_indicator,relation_to_junction,work_zone_type,construction_maintenance_zone,construction_maintenance_zone_location,fatal_case_number,officer_first_name,officer_last_name,weather_condition(s),manner_of_crash,pedestrian,bicycle,scooter,parking,hitrun,mou
102124713,METROPOLITAN NASHVILLE POLICE DEPT,20180736677,Davidson,Nashville,8/28/2018 9:00:00 AM,1,1,0,36.150110,-86.869050,I 40,,,,0.00,,,,,,,203.30,N,Not at Intersection,Y,Non-Junction,None,,,         ,George,Spencer,Clear,Not Collision with Motor Vehicle in Transport,no,no,no,no,no,False
102124732,METROPOLITAN NASHVILLE POLICE DEPT,20180736506,Davidson,Nashville,8/28/2018 7:43:00 AM,2,0,0,36.104270,-86.692260,CURREY RD,,,,153.00,Feet,West,MCGAVOCK PKE,,,,0.00,N,Not at Intersection, ,Non-Junction,None,,,         ,Jessie,Meadows,Clear,Front to Rear,no,no,no,no,no,False
102124733,METROPOLITAN NASHVILLE POLICE DEPT,20180736593,Davidson,Nashville,8/28/2018 8:16:00 AM,1,0,0,36.102930,-86.666340,TOWN PARK DR,,,,61.00,Feet,South,MURFREESBORO PKE,,,,0.00,N,Not at Intersection,N,Non-Junction,None,,,         ,Jessie,Meadows,Clear,Not Collision with Motor Vehicle in Transport,no,no,no,no,no,False
102124737,METROPOLITAN NASHVILLE POLICE DEPT,20180736602,Davidson,Nashville,8/28/2018 8:06:00 AM,2,2,0,36.139600,-86.701090,KAREN DR,,,,0.00,Feet,,DABBS AV,,,,0.00,Y,Four-Way,N,Non-Junction,None,,,         ,MIchael,Mihajlov,Clear,Front to Rear,no,no,no,no,no,False
102124738,METROPOLITAN NASHVILLE POLICE DEPT,20180736489,Davidson,Nashville,8/28/2018 7:40:00 AM,2,0,0,36.073750,-86.622310,ANDERSON RD,,,,0.00,,,CEDARCLIFF RD,,,,0.00,Y,Four-Way,N,Intersection,None,,,         ,Thomas,Odom,Clear,Angle,no,no,no,no,no,False
102124786,METROPOLITAN NASHVILLE POLICE DEPT,20180736421,Davidson,Not in City Limit,8/28/2018 7:09:00 AM,3,8,0,36.323980,-86.868200,I 24,,,,0.00,,,,,,,35.00,N,Not at Intersection,N,Entrance/Exit Ramp Related,None,,,         ,James,Hill,Clear,Angle,no,no,no,no,no,False
102124800,VANDERBILT UNIVERSITY POLICE,20180736817,Davidson,Nashville,8/28/2018 9:31:00 AM,1,0,0,36.140320,-86.801220,22ND AVE S,,,,0.00,,,,,,,0.00,,, ,Non-Junction,None,,,         ,Shaneithia,Lewis,Clear,Not Collision with Motor Vehicle in Transport,no,no,no,yes,no,Campus
102124802,METROPOLITAN NASHVILLE POLICE DEPT,20180736568,Davidson,Nashville,8/28/2018 8:07:00 AM,2,0,0,36.193640,-86.743880,STRAIGHTWAY AV,,,,0.00,,,GALLATIN AV,,,,0.00,Y,T-Intersection,N,Non-Junction,None,,,         ,Michael,Agee,Cloudy,Front to Rear,no,no,no,no,yes,False
102124806,METROPOLITAN NASHVILLE POLICE DEPT,20180736658,Davidson,Nashville,8/28/2018 8:45:00 AM,2,0,0,36.154270,-86.792890,16TH AVS,,,,0.00,Feet,,BROADWAY,,,,0.00,Y,Four-Way,N,Intersection-Related,None,,,         ,Jon,Mcvey,Clear,Angle,no,no,no,no,no,False
102124807,METROPOLITAN NASHVILLE POLICE DEPT,20180736902,Davidson,Nashville,8/28/2018 10:00:00 AM,2,0,0,36.153720,-86.810570,24TH AVN,,,,176.00,Feet,North,PARMAN PL,,,,0.00,N,Not at Intersection, ,,None,,,         ,Jon,Mcvey,,,no,no,no,no,no,False
102124813,METROPOLITAN NASHVILLE POLICE DEPT,20180737047,Davidson,Nashville,8/28/2018 11:22:00 AM,2,0,0,36.151990,-86.847990,CHARLOTTE AV,,,,172.00,Feet,East,51ST AVN,,,,0.00,N,Not at Intersection, ,Non-Junction,None,,,         ,Curtis,Rich,Clear,Front to Rear,no,no,no,no,no,False
102124832,METROPOLITAN NASHVILLE POLICE DEPT,20180736834,Davidson,Not in City Limit,8/28/2018 9:55:00 AM,2,0,0,36.262210,-86.712210,GALLATIN PKES,,,,0.00,,,E OLD HICKORY BLVD,,,,0.00,Y,OTHER,N,Intersection-Related,None,,,         ,Eric,Richardson,Clear,Angle,no,no,no,no,no,False
102124834,METROPOLITAN NASHVILLE POLICE DEPT,20180737035,Davidson,Nashville,8/28/2018 10:25:00 AM,2,0,0,36.203530,-86.738520,GALLATIN PKE,,,,0.00,,,,,,,0.00,,,N,Non-Junction,None,,,         ,Russell,Freeman,Clear,Front to Rear,no,no,no,yes,yes,False
102124874,METROPOLITAN NASHVILLE POLICE DEPT,20180737097,Davidson,Nashville,8/28/2018 11:45:00 AM,2,0,0,36.116840,-86.787000,LEALAND LN,,,,0.00,Feet,,GALE LN,,,,0.00,Y,Four-Way,N,Intersection,None,,,         ,Justin,Pinkelton,Clear,"Sideswipe, Same Direction",no,no,no,no,no,False
102124896,METROPOLITAN NASHVILLE POLICE DEPT,2018-0736789,Davidson,Nashville,8/28/2018 9:45:00 AM,2,0,0,36.107020,-86.768260,I 65,,,,0.00,,,,,,,79.50,N,Not at Intersection,N,Non-Junction,None,,,         ,Sean,Williams,Clear,Front to Rear,no,no,no,no,no,False
102124911,Nashville Airport Police,18-3415,Davidson,Nashville,8/28/2018 12:30:00 PM,2,0,0,36.139400,-86.697640,BNA DR,,,,0.00,,,KNIGHTS OF COLUMBUS BLVD,,,,0.00,Y,T-Intersection, ,Intersection,None,,,         ,Phillip,Schmidt,Clear,"Sideswipe, Same Direction",no,no,no,no,no,False
102124915,METROPOLITAN NASHVILLE POLICE DEPT,20180737098,Davidson,Nashville,8/28/2018 11:57:00 AM,2,1,0,36.193490,-86.830940,CLARKSVILLE PKE,,,,102.00,Feet,East,BUENA VISTA PKE,,,,0.00,N,Not at Intersection,N,Non-Junction,None,,,         ,James,Hill,Clear,"Sideswipe, Same Direction",no,no,no,no,no,False
102124916,METROPOLITAN NASHVILLE POLICE DEPT,20180737018,Davidson,Nashville,8/28/2018 11:21:00 AM,2,0,0,36.045440,-86.703870,OLD HICKORY BLVD,,,,76.00,Feet,West,EULALA DR,,,,0.00,N,Not at Intersection, ,Non-Junction,None,,,         ,Jessie,Meadows,Clear,Front to Rear,no,no,no,no,no,False
102124917,METROPOLITAN NASHVILLE POLICE DEPT,20180737277,Davidson,Nashville,8/28/2018 12:55:00 PM,2,0,0,36.113050,-86.800030,WOODMONT BLVD,,,,0.00,,,BELMONT BLVD,,,,0.00,Y,Four-Way, ,Intersection,None,,,         ,Justin,Pinkelton,Clear,Front to Rear,no,no,no,no,no,False
102124918,METROPOLITAN NASHVILLE POLICE DEPT,20180737138,Davidson,Nashville,8/28/2018 11:45:00 AM,2,0,0,36.119410,-86.726310,I440 W ENT RAMP,,,,0.00,Feet,East,I 24,,,,0.00,N,Not at Intersection, ,Non-Junction,None,,,         ,Jessie,Meadows,Clear,Not Collision with Motor Vehicle in Transport,no,no,no,no,yes,False
102124921,METROPOLITAN NASHVILLE POLICE DEPT,20180737139,Davidson,Nashville,8/28/2018 12:12:00 PM,2,1,0,36.110120,-86.775780,WOODMONT BLVD,,,,17.00,Feet,East,PLEASANT VALLEY RD,,,,0.00,N,Not at Intersection,N,Non-Junction,None,,,         ,Jon,Mcvey,Clear,Angle,no,no,no,no,no,False
102124952,METROPOLITAN NASHVILLE POLICE DEPT,20180737310,Davidson,Nashville,8/28/2018 1:22:00 PM,2,1,0,36.133280,-86.891730,CHARLOTTE PKE,,,,256.00,Feet,North,OLD CHARLOTTE PKE,,,,0.00,N,Not at Intersection,N,Non-Junction,None,,,         ,Curtis,Rich,Cloudy,Front to Rear,no,no,no,no,no,False
102124963,METROPOLITAN NASHVILLE POLICE DEPT,2018-0737220,Davidson,Nashville,8/28/2018 12:24:00 PM,2,0,0,36.155750,-86.789450,BROADWAY,,,,0.00,,,I40 E ENT RAMP,,,,0.00,Y,Four-Way, ,Intersection,None,,,         ,Timothy,Edwards,Clear,"Sideswipe, Same Direction",no,no,no,no,no,False
102124968,METROPOLITAN NASHVILLE POLICE DEPT,20180737259,Davidson,Nashville,8/28/2018 12:55:00 PM,2,0,0,36.156610,-86.709920,LEBANON PKE,,,,332.00,Feet,West,OMOHUNDRO DR,,,,0.00,N,Not at Intersection, ,Non-Junction,None,,,         ,Thomas,Odom,Clear,Front to Rear,no,no,no,no,no,False
102125008,METROPOLITAN NASHVILLE POLICE DEPT,20180737232,Davidson,Nashville,8/28/2018 12:43:00 PM,3,1,0,36.145530,-86.741250,I 40,,,,0.00,,,,,,,212.20,N,Not at Intersection,N,Non-Junction,None,,,         ,MIchael,Mihajlov,Clear,Front to Rear,no,no,no,no,no,False
102125009,METROPOLITAN NASHVILLE POLICE DEPT,20180737206,Davidson,Nashville,8/28/2018 12:30:00 PM,2,0,0,36.149380,-86.678380,PERIMETER PLACE DR,,,,762.00,Feet,West,ROYAL PKWY,,,,0.00,N,Not at Intersection,N,Non-Junction,None,,,         ,Jason,Thomas,Cloudy,Angle,no,no,no,no,no,False
102125057,METROPOLITAN NASHVILLE POLICE DEPT,20180737315,Davidson,Nashville,8/28/2018 1:28:00 PM,2,0,0,36.184860,-86.584000,CHESNEY GLEN DR,,,,153.00,Feet,South,GLENFALLS DR,,,,0.00,N,Not at Intersection, ,"Driveway, Alley Access, etc",None,,,         ,Michael,Dance,Clear,Rear to Side,no,no,no,no,no,False
102125079,METROPOLITAN NASHVILLE POLICE DEPT,20180737304,Davidson,Goodlettsville,8/28/2018 1:14:00 PM,2,1,0,36.300060,-86.696160,GALLATIN PKEN,,,,163.00,Feet,East,CUDE LN,,,,0.00,N,Not at Intersection,N,"Driveway, Alley Access, etc",None,,,         ,Cyretha,Frazier,Cloudy,"Sideswipe, Opposite Direction",no,no,no,no,no,False
102125100,METROPOLITAN NASHVILLE POLICE DEPT,20180737453,Davidson,Nashville,8/28/2018 2:30:00 PM,2,0,0,36.143070,-86.666650,DONELSON PKE,,,,283.00,Feet,North,I40 W ENT RAMP,,,,0.00,N,Not at Intersection,N,"Driveway, Alley Access, etc",None,,,         ,Michael,Dance,Clear,Angle,no,no,no,no,no,False
102125119,METROPOLITAN NASHVILLE POLICE DEPT,20180736698,Davidson,Nashville,8/28/2018 8:05:00 AM,2,0,0,36.109450,-86.728050,BRILEY PKWYN,,,,0.00,,,EAST THOMPSON LN,,,,0.00,Y,Four-Way, ,Non-Junction,None,,,         ,Eric,Keller,Clear,Front to Rear,no,no,no,no,no,False
102125121,METROPOLITAN NASHVILLE POLICE DEPT,20180737266,Davidson,Nashville,8/28/2018 1:00:00 PM,2,0,0,36.088130,-86.701380,I24 W ENT RAMP,,,,0.00,Feet,East,I 24,,,,0.00,N,Not at Intersection,N,Non-Junction,None,,,         ,Eric,Keller,Clear,Front to Rear,no,no,no,no,no,False
102125132,METROPOLITAN NASHVILLE POLICE DEPT,20180737569,Davidson,Nashville,8/28/2018 3:07:00 PM,2,0,0,36.130370,-86.727210,I24E,,,,134.00,Feet,North,I440 W ENT RAMP,,,,0.00,N,Not at Intersection,N,Non-Junction,None,,,         ,YUNUS,ADAK,Clear,Angle,no,no,no,no,no,False
102125139,METROPOLITAN NASHVILLE POLICE DEPT,20180737560,Davidson,Goodlettsville,8/28/2018 2:14:00 PM,2,0,0,36.296450,-86.698820,MYATT DR,,,,195.00,Feet,South,GALLATIN PKEN,,,,0.00,N,Not at Intersection, ,,None,,,         ,Christopher,Littles,,,no,no,no,no,no,False
102125140,METROPOLITAN NASHVILLE POLICE DEPT,20180737590,Davidson,Nashville,8/28/2018 3:15:00 PM,2,2,0,36.150680,-86.770410,I 40,,,,0.00,,,,,,,210.40,N,Not at Intersection,N,Non-Junction,None,,,         ,Randall,Ward,Clear,Front to Rear,no,no,no,no,no,False
102125147,METROPOLITAN NASHVILLE POLICE DEPT,20180737495,Davidson,Nashville,8/28/2018 2:14:00 PM,2,0,0,36.109140,-86.811880,HILLSBORO PKE,,,,0.00,,,CRESTMOOR RD,,,,0.00,Y,Four-Way, ,Intersection,None,,,         ,Joshua,Asbell,Clear,"Sideswipe, Same Direction",no,no,no,no,yes,False
102125150,METROPOLITAN NASHVILLE POLICE DEPT,20180737573,Davidson,Nashville,8/28/2018 2:30:00 PM,2,0,0,36.047660,-86.655740,BELL RD,,,,70.00,Feet,East,HICKORY HOLLOW PKWY,,,,0.00,N,Not at Intersection, ,Non-Junction,None,,,         ,William,Durham,Clear,Front to Rear,no,no,no,no,no,False
102125161,METROPOLITAN NASHVILLE POLICE DEPT,20180737791,Davidson,Nashville,8/28/2018 4:23:00 PM,2,0,0,36.113230,-86.802150,WOODMONT BLVD,,,,157.00,Feet,West,RICHARDS ST,,,,0.00,N,Not at Intersection,N,Non-Junction,None,,,         ,Randall,Ward,Clear,Front to Rear,no,no,no,no,no,False
102125164,METROPOLITAN NASHVILLE POLICE DEPT,20180737725,Davidson,Nashville,8/28/2018 4:00:00 PM,2,1,0,36.110290,-86.800350,GRAYBAR LN,,,,0.00,,,BELMONT BLVD,,,,0.00,Y,OTHER,N,Intersection,None,,,         ,Douglas,Sykes,Clear,Angle,no,no,no,no,no,False
102125166,METROPOLITAN NASHVILLE POLICE DEPT,20180737561,Davidson,Nashville,8/28/2018 2:14:00 PM,2,1,0,36.195740,-86.732650,CAHAL AV,,,,0.00,Feet,,SCOTT AV,,,,0.00,Y,Four-Way,N,Intersection,None,,,         ,Gordon,Stovall,Clear,Angle,no,no,no,no,no,False
102125170,METROPOLITAN NASHVILLE POLICE DEPT,20180737523,Davidson,Nashville,8/28/2018 2:25:00 PM,2,0,0,36.169220,-86.599840,SELLS DR,,,,287.00,Feet,North,OLD HICKORY BLVD,,,,0.00,N,Not at Intersection,N,Non-Junction,None,,,         ,Zachariah,Bush,Clear,Rear to Side,no,no,no,yes,no,False
102125180,METROPOLITAN NASHVILLE POLICE DEPT,20180737591,Davidson,Nashville,8/28/2018 3:04:00 PM,2,0,0,36.156400,-86.787370,12TH AVS,,,,78.00,Feet,South,BROADWAY,,,,0.00,N,Not at Intersection, ,Non-Junction,None,,,         ,David,Snowden,Clear,Front to Rear,no,no,no,no,no,False
102125188,METROPOLITAN NASHVILLE POLICE DEPT,20180737552,Davidson,Nashville,8/28/2018 2:56:00 PM,2,0,0,36.146840,-86.808630,WEST END AV,,,,0.00,,,25TH AVN,,,,0.00,Y,T-Intersection, ,Non-Junction,None,,,         ,Darryl,Williams,Clear,Front to Rear,no,no,no,no,no,Campus
102125189,METROPOLITAN NASHVILLE POLICE DEPT,20180737768,Davidson,Nashville,8/28/2018 3:55:00 PM,2,1,0,36.086160,-86.649090,UNA ANTIOCH PKE,,,,301.00,Feet,South,MURFREESBORO PKE,,,,0.00,N,Not at Intersection,N,Non-Junction,None,,,         ,Eric,Keller,Clear,Angle,no,no,no,no,yes,False
102125195,METROPOLITAN NASHVILLE POLICE DEPT,20180737545,Davidson,Nashville,8/28/2018 2:58:00 PM,2,0,0,36.169660,-86.672350,LEBANON PKE,,,,216.00,Feet,East,OLD LEBANON PKE,,,,0.00,N,Not at Intersection,N,Non-Junction,None,,,         ,Allyson,Reis,Clear,Front to Rear,no,no,no,no,no,False
102125199,METROPOLITAN NASHVILLE POLICE DEPT,20180737857,Davidson,Nashville,8/28/2018 3:46:00 PM,2,0,0,36.128990,-86.795230,ASHWOOD AV,,,,0.00,Feet,West,BELMONT BLVD,,,,0.00,N,Not at Intersection, ,,None,,,         ,John,Timm,,,no,no,no,no,no,False
102125201,METROPOLITAN NASHVILLE POLICE DEPT,20180737530,Davidson,Nashville,8/28/2018 2:30:00 PM,3,0,0,36.112490,-86.922190,I40 W EXT RAMP,,,,0.00,Feet,East,I 40,,,,0.00,N,Not at Intersection, ,Non-Junction,None,,,         ,Ryan,Ludvigson,Clear,Front to Rear,no,no,no,no,no,False
102125206,METROPOLITAN NASHVILLE POLICE DEPT,20180737898,Davidson,Nashville,8/28/2018 4:18:00 PM,2,0,0,36.149410,-86.773270,I 40,,,,0.00,,,,,,,210.20,N,Not at Intersection, ,Non-Junction,None,,,         ,Douglas,Sykes,Clear,"Sideswipe, Same Direction",no,no,no,no,no,False
102125207,METROPOLITAN NASHVILLE POLICE DEPT,20180737915,Davidson,Nashville,8/28/2018 4:52:00 PM,2,0,0,36.109280,-86.813000,CRESTMOOR RD,,,,334.00,Feet,West,HILLSBORO PKE,,,,0.00,N,Not at Intersection, ,Non-Junction,None,,,         ,Joshua,Asbell,Clear,Front to Rear,no,no,no,no,no,False
102125209,METROPOLITAN NASHVILLE POLICE DEPT,20180737926,Davidson,Nashville,8/28/2018 4:56:00 PM,2,0,0,36.144150,-86.692060,I40 W EXT RAMP,,,,0.00,,,I 40,,,,0.00,Y,OTHER, ,Non-Junction,None,,,         ,Samuel,Sundra,Clear,Not Collision with Motor Vehicle in Transport,no,no,no,no,no,False
102125210,METROPOLITAN NASHVILLE POLICE DEPT,20180737972,Davidson,Nashville,8/28/2018 5:19:00 PM,2,0,0,36.086870,-86.696380,HARDING PL,,,,126.00,Feet,West,METROPLEX DR,,,,0.00,N,Not at Intersection,N,Non-Junction,None,,,         ,YUNUS,ADAK,Clear,Angle,no,no,no,no,no,False
102125227,VANDERBILT UNIVERSITY POLICE,18-0735112,Davidson,Nashville,8/27/2018 11:15:00 AM,2,0,0,36.110370,-86.765790,POWELL AV,,,,0.00,,,,,,,0.00,,, ,Non-Junction,None,,,         ,Allan,Sullivan,Clear,"Sideswipe, Same Direction",no,no,no,yes,yes,OHO
102125233,METROPOLITAN NASHVILLE POLICE DEPT,20180737461,Davidson,Nashville,8/28/2018 2:28:00 PM,2,2,0,36.158460,-86.787460,11TH AVN,,,,20.00,Feet,East,GRUNDY ST,,,,0.00,N,Not at Intersection,N,Non-Junction,None,,,         ,Trevor,Taylor,Clear,HeadOn,no,no,no,no,no,False
102125235,METROPOLITAN NASHVILLE POLICE DEPT,20180737792,Davidson,Nashville,8/28/2018 4:25:00 PM,2,0,0,36.183910,-86.611140,OLD HICKORY BLVD,,,,169.00,Feet,West,ANDREW JACKSON PKWY,,,,0.00,N,Not at Intersection, ,Non-Junction,None,,,         ,Teresah,Pinho,Clear,Angle,no,no,no,no,no,False
102125236,METROPOLITAN NASHVILLE POLICE DEPT,20180737850,Davidson,Nashville,8/28/2018 3:57:00 PM,3,0,0,36.177210,-86.774550,N 1ST ST,,,,107.00,Feet,North,SPRING ST,,,,0.00,N,Not at Intersection,N,Non-Junction,None,,,         ,Brent,Morris,Clear,Front to Rear,no,no,no,no,yes,False
102125244,METROPOLITAN NASHVILLE POLICE DEPT,20180737750,Davidson,Nashville,8/28/2018 3:57:00 PM,2,0,0,36.155340,-86.795560,17TH AVN,,,,206.00,Feet,South,CHURCH ST,,,,0.00,N,Not at Intersection, ,Non-Junction,None,,,         ,Eric,Burford,Clear,Angle,no,no,no,no,no,False
102125245,GOODLETTSVILLE POLICE DEPT,18-30391,Davidson,Goodlettsville,8/28/2018 12:00:00 AM,1,1,0,36.302890,-86.708600,VIETNAM VETERANS BLVDN,,,,95.00,Feet,East,VIETNAM VETERANS BLVDS,,,,0.00,N,Not at Intersection,Y,Entrance/Exit Ramp Related,None,,,         ,Kenneth,Parks,Clear,Not Collision with Motor Vehicle in Transport,no,no,no,no,no,False
102125251,METROPOLITAN NASHVILLE POLICE DEPT,20180737906,Davidson,Nashville,8/28/2018 4:45:00 PM,3,2,0,36.044050,-86.657090,I 24,,,,0.00,,,,,,,59.55,N,Not at Intersection,N,Non-Junction,None,,,         ,Arend,Groeneweg,Clear,Front to Rear,no,no,no,no,no,False
102125254,METROPOLITAN NASHVILLE POLICE DEPT,20180737646,Davidson,Nashville,8/28/2018 4:26:00 PM,3,0,0,36.109840,-86.721550,BRILEY PKWYS,,,,31.00,Feet,East,BRILEY PKWYN,,,,0.00,N,Not at Intersection, ,Non-Junction,None,,,         ,Aimee,Ortiz,Clear,Front to Rear,no,no,no,no,no,False
102125255,METROPOLITAN NASHVILLE POLICE DEPT,20180737870,Davidson,Nashville,8/28/2018 4:50:00 PM,3,1,0,36.157930,-86.791610,I40 E ENT RAMP,,,,0.00,,,I 40,,,,0.00,Y,T-Intersection,N,Non-Junction,None,,,         ,Jed,Baldoni,Clear,Angle,no,no,no,no,yes,False
102125265,METROPOLITAN NASHVILLE POLICE DEPT,20180734411,Davidson,Nashville,8/27/2018 3:45:00 PM,2,0,0,36.154930,-86.813690,CHARLOTTE AV,,,,449.00,Feet,West,26TH AVN,,,,0.00,N,Not at Intersection, ,Non-Junction,None,,,         ,Brandon,O'Guin,Clear,"Sideswipe, Same Direction",no,no,no,no,no,False
102125266,METROPOLITAN NASHVILLE POLICE DEPT,20180737763,Davidson,Nashville,8/28/2018 4:07:00 PM,2,0,0,36.151660,-86.796970,19TH AVS,,,,271.00,Feet,South,19TH AVN,,,,0.00,N,Not at Intersection, ,Non-Junction,None,,,         ,Darryl,Williams,Clear,Angle,no,no,no,no,no,False
102125267,METROPOLITAN NASHVILLE POLICE DEPT,20180737434,Davidson,Nashville,8/28/2018 2:15:00 PM,3,3,0,36.107670,-86.719900,I24 W EXT RAMP,,,,0.00,Feet,East,I 24,,,,0.00,N,Not at Intersection,N,Non-Junction,None,,,         ,Jessie,Meadows,Clear,Front to Rear,no,no,no,no,no,False
102125278,METROPOLITAN NASHVILLE POLICE DEPT,20180737855,Davidson,Nashville,8/28/2018 4:34:00 PM,2,0,0,36.081590,-86.726950,NOLENSVILLE PKE,,,,381.00,Feet,South,WELSHWOOD DR,,,,0.00,N,Not at Intersection,N,Non-Junction,None,,,         ,Nicholas,Carroll,Clear,Other,no,no,no,no,no,False
102125284,METROPOLITAN NASHVILLE POLICE DEPT,20180734724,Davidson,Nashville,8/27/2018 5:23:00 PM,2,1,0,36.154630,-86.779160,8TH AVS,,,,0.00,,,LAFAYETTE ST,,,,0.00,Y,Roundabout, ,Intersection,None,,,         ,Michael,Douglas,Cloudy,Angle,no,no,no,no,no,False
102125285,METROPOLITAN NASHVILLE POLICE DEPT,20180738117,Davidson,Nashville,8/28/2018 5:15:00 PM,2,1,0,36.053920,-86.898690,OLD HICKORY BLVD,,,,0.00,,,GAUCHO ROAD PVTDR,,,,0.00,Y,Four-Way,N,Intersection,None,,,         ,Joshua,Asbell,Clear,Angle,no,no,no,no,no,False
102125286,METROPOLITAN NASHVILLE POLICE DEPT,20180737921,Davidson,Nashville,8/28/2018 5:05:00 PM,2,0,0,36.165530,-86.773480,TITANS WAY,,,,569.00,Feet,South,RUSSELL ST,,,,0.00,N,Not at Intersection, ,,None,,,         ,Timothy,Mead,,,no,no,no,no,no,False
102125291,VANDERBILT UNIVERSITY POLICE,2018-0738013,Davidson,Nashville,8/28/2018 8:50:00 AM,2,0,0,36.141900,-86.795440,18TH AVS,,,,0.00,,,,,,,0.00,,, ,Non-Junction,None,,,         ,V,Greene,Clear,"Sideswipe, Same Direction",no,no,no,yes,no,Campus
102125293,METROPOLITAN NASHVILLE POLICE DEPT,20180737992,Davidson,Nashville,8/28/2018 12:00:00 AM,2,0,0,36.142660,-86.698680,I40 E ENT RAMP,,,,0.00,Feet,East,I 40,,,,0.00,N,Not at Intersection, ,Entrance/Exit Ramp Related,None,,,         ,Alexander,Spradling,Clear,Front to Rear,no,no,no,no,no,False
102125316,METROPOLITAN NASHVILLE POLICE DEPT,20180738035,Davidson,Nashville,8/28/2018 5:42:00 PM,2,0,0,36.037490,-86.791300,OLD HICKORY BLVD,,,,94.00,Feet,West,S HILLVIEW DR,,,,0.00,N,Not at Intersection, ,Non-Junction,None,,,         ,Nicholas,Carroll,Clear,Front to Rear,no,no,no,no,no,False
102125317,METROPOLITAN NASHVILLE POLICE DEPT,20180738139,Davidson,Nashville,8/28/2018 6:00:00 PM,2,0,0,36.149200,-86.773750,I 40,,,,0.00,,,,,,,210.20,N,Not at Intersection, ,,None,,,         ,Darci,Stechman,,,no,no,no,no,no,False
102125319,METROPOLITAN NASHVILLE POLICE DEPT,20180737892,Davidson,Nashville,8/28/2018 4:00:00 PM,2,0,0,36.170120,-86.769250,WOODLAND ST,,,,258.00,Feet,West,INTERSTATE DR,,,,0.00,N,Not at Intersection, ,Non-Junction,None,,,         ,Brandon,O'Guin,Clear,Front to Rear,no,no,no,yes,no,False
102125320,METROPOLITAN NASHVILLE POLICE DEPT,20180738208,Davidson,Nashville,8/28/2018 6:15:00 PM,2,0,0,36.053170,-86.896410,OLD HICKORY BLVD,,,,724.00,Feet,East,GAUCHO ROAD PVTDR,,,,0.00,N,Not at Intersection, ,Non-Junction,None,,,         ,Joshua,Asbell,Clear,Front to Rear,no,no,no,no,no,False
102125321,METROPOLITAN NASHVILLE POLICE DEPT,20180737986,Davidson,Nashville,8/28/2018 5:14:00 PM,2,0,0,36.154630,-86.779160,8TH AVS,,,,0.00,,,LAFAYETTE ST,,,,0.00,Y,Roundabout, ,Intersection,None,,,         ,Michael,Douglas,Clear,Angle,no,no,no,no,yes,False
102125326,METROPOLITAN NASHVILLE POLICE DEPT,20180737913,Davidson,Nashville,8/28/2018 4:58:00 PM,2,0,0,36.128050,-86.842990,HARDING PKE,,,,315.00,Feet,East,WOODLAWN DR,,,,0.00,N,Not at Intersection, ,Non-Junction,None,,,         ,Torian,Cox,Clear,Front to Rear,no,no,no,no,no,False
102125327,METROPOLITAN NASHVILLE POLICE DEPT,20180737937,Davidson,Nashville,8/28/2018 5:11:00 PM,2,1,0,36.241960,-86.757080,DICKERSON PKE,,,,0.00,,,DICKERSON PKE ENT RAMP,,,,0.00,Y,T-Intersection, ,Entrance/Exit Ramp Related,None,,,         ,Christopher,Littles,Clear,Front to Rear,no,no,no,no,no,False
102125328,METROPOLITAN NASHVILLE POLICE DEPT,20180738043,Davidson,Not in City Limit,8/28/2018 5:29:00 PM,2,0,0,36.263420,-86.683840,STATE RT 45,,,,100.00,Feet,East,LARKIN SPRINGS RD,,,,0.00,N,Not at Intersection,N,Non-Junction,None,,,         ,Christopher,Littles,Clear,Front to Rear,no,no,no,no,no,False
102125329,METROPOLITAN NASHVILLE POLICE DEPT,20180738106,Davidson,Nashville,8/28/2018 5:54:00 PM,2,0,0,36.254650,-86.715580,GALLATIN PKES,,,,200.00,Feet,South,MADISON BLVD,,,,0.00,N,Not at Intersection,N,Non-Junction,None,,,         ,Christopher,Littles,Clear,"Sideswipe, Same Direction",no,no,no,no,yes,False
102125330,METROPOLITAN NASHVILLE POLICE DEPT,20180738107,Davidson,Nashville,8/28/2018 6:00:00 PM,2,0,0,36.255240,-86.715000,GALLATIN PKES,,,,50.00,Feet,North,MADISON BLVD,,,,0.00,N,Not at Intersection,N,Non-Junction,None,,,         ,Christopher,Littles,Clear,"Sideswipe, Opposite Direction",no,no,no,no,yes,False
102125336,METROPOLITAN NASHVILLE POLICE DEPT,20180737958,Davidson,Nashville,8/28/2018 5:15:00 PM,2,0,0,36.075900,-86.693950,I 24,,,,0.00,,,,,,,56.50,N,Not at Intersection, ,,None,,,         ,Richard,Olive,,,no,no,no,no,no,False
102125337,METROPOLITAN NASHVILLE POLICE DEPT,20180738142,Davidson,Antioch,8/28/2018 5:30:00 PM,2,0,0,36.015140,-86.620270,I24 W EXT RAMP,,,,0.00,,,I 24,,,,0.00,Y,Four-Way,Y,Entrance/Exit Ramp Related,None,,,         ,Andrew,Brazee,Clear,Angle,no,no,no,no,no,False