master_record_number,agency,agency_tracking_number,county,city,collision_date,vehicles_involved,number_injured,number_dead,latitude,longitude,roadway_name,roadway_suffix,roadway_number,roadway_local_id,distance_from_reference,miles-feet_indicator,direction_from_reference,intersection_road_name,intersection_road_name_suffix,intersection_road_number,intersection_local_id,mile_marker,intersection_indicator,intersect_type,interchange_related_indicator,relation_to_junction,work_zone_type,construction_maintenance_zone,construction_maintenance_zone_location,fatal_case_number,officer_first_name,officer_last_name,weather_condition(s),manner_of_crash,pedestrian,bicycle,scooter,parking,hitrun,mou
102133180,METROPOLITAN NASHVILLE POLICE DEPT,20180756673,Davidson,Nashville,9/4/2018 7:57:00 AM,1,0,0,36.079180,-86.822910,TYNE BLVD,,,,56.00,Feet,East,STUART GLEN DR,,,,0.00,N,Not at Intersection,N,Non-Junction,None,,,         ,Jon,Mcvey,Clear,Not Collision with Motor Vehicle in Transport,no,no,no,no,no,False
102133183,METROPOLITAN NASHVILLE POLICE DEPT,20180756615,Davidson,Nashville,9/4/2018 7:36:00 AM,2,0,0,36.157760,-86.845000,ILLINOIS AV,,,,0.00,,,48TH AVN,,,,0.00,Y,Four-Way,N,Intersection,None,,,         ,Walter,Gray II,Clear,Angle,no,no,no,no,no,False
102133188,METROPOLITAN NASHVILLE POLICE DEPT,20180756712,Davidson,Old Hickory,9/4/2018 8:15:00 AM,2,0,0,36.256400,-86.654700,ROBINSON,RD,,,10.00,Feet,North,,,,,1.00,N,Not at Intersection, ,Non-Junction,None,,,         ,Kelsey,Hemminger,Clear,HeadOn,no,no,no,no,no,False
102133190,METROPOLITAN NASHVILLE POLICE DEPT,20180756797,Davidson,Not in City Limit,9/4/2018 8:55:00 AM,2,0,0,36.078850,-86.950660,BELLEVUE CTR PVTDR,,,,121.00,Feet,North,HIGHWAY 70S,,,,0.00,N,Not at Intersection, ,,None,,,         ,Curtis,Rich,,,no,no,no,yes,no,False
102133229,METROPOLITAN NASHVILLE POLICE DEPT,20180756840,Davidson,Nashville,9/4/2018 9:03:00 AM,2,0,0,36.165280,-86.652900,BLUE BRICK DR,,,,122.00,Feet,South,STONES RIV STEWARTS FERRY APTS,,,,0.00,N,Not at Intersection, ,Non-Junction,None,,,         ,John,Frazier,Clear,"Sideswipe, Opposite Direction",no,no,no,no,no,False
102133240,METROPOLITAN NASHVILLE POLICE DEPT,20180756874,Davidson,Nashville,9/4/2018 9:14:00 AM,2,0,0,36.229380,-86.759280,BROADMOOR DR,,,,0.00,,,DICKERSON PKE,,,,0.00,Y,OTHER,N,OtherLocation,None,,,         ,Doyle,Price,Clear,Angle,no,no,no,yes,yes,False
102133246,METROPOLITAN NASHVILLE POLICE DEPT,20180756848,Davidson,Nashville,9/4/2018 9:08:00 AM,2,0,0,36.129150,-86.816230,I 440,,,,0.00,,,,,,,2.10,N,Not at Intersection,N,Non-Junction,None,,,         ,Michael,McCord,Clear,"Sideswipe, Same Direction",no,no,no,no,no,False
102133260,METROPOLITAN NASHVILLE POLICE DEPT,20180756912,Davidson,Nashville,9/4/2018 9:40:00 AM,2,1,0,36.142760,-86.776800,I 65,,,,0.00,,,,,,,82.00,N,Not at Intersection,N,Non-Junction,None,,,         ,Jon,Mcvey,Clear,Front to Rear,no,no,no,no,no,False
102133270,METROPOLITAN NASHVILLE POLICE DEPT,20180756839,Davidson,Nashville,9/4/2018 9:03:00 AM,2,0,0,36.113110,-86.723600,I 24,,,,0.00,,,,,,,53.40,N,Not at Intersection,N,Non-Junction,None,,,         ,Jessie,Meadows,Clear,Front to Rear,no,no,no,no,no,False
102133272,METROPOLITAN NASHVILLE POLICE DEPT,20180756895,Davidson,Nashville,9/4/2018 7:27:00 AM,2,0,0,36.230170,-86.771240,I 65,,,,0.00,,,,,,,89.00,N,Not at Intersection, ,,None,,,         ,Victor,Alexander,,,no,no,no,no,no,False
102133274,METROPOLITAN NASHVILLE POLICE DEPT,20180756923,Davidson,Nashville,9/4/2018 9:48:00 AM,2,0,0,36.089590,-86.688520,EZELL PKE,,,,0.00,,,HARDING PL,,,,0.00,Y,Four-Way,Y,Intersection,None,,,         ,James,Jarvis,Clear,Angle,no,no,no,no,no,False
102133275,METROPOLITAN NASHVILLE POLICE DEPT,20180757018,Davidson,Nashville,9/4/2018 10:23:00 AM,3,0,0,36.115940,-86.830460,WOODMONT BLVD,,,,124.00,Feet,East,LYNNBROOK RD,,,,0.00,N,Not at Intersection,N,Non-Junction,None,,,         ,Curtis,Rich,Clear,Front to Rear,no,no,no,no,no,False
102133285,METROPOLITAN NASHVILLE POLICE DEPT,20180757084,Davidson,Nashville,9/4/2018 10:53:00 AM,2,0,0,36.082810,-86.765680,HARDING PL,,,,87.00,Feet,East,I65 S ENT RAMP,,,,0.00,N,Not at Intersection, ,Non-Junction,None,,,         ,Justin,Pinkelton,Clear,Front to Rear,no,no,no,no,no,False
102133330,METROPOLITAN NASHVILLE POLICE DEPT,20180756803,Davidson,Nashville,9/4/2018 8:22:00 AM,2,0,0,36.125140,-86.742420,FOSTER AV,,,,88.00,Feet,South,GLENROSE AV,,,,0.00,N,Not at Intersection,N,Non-Junction,None,,,         ,Jessie,Meadows,Clear,Angle,no,no,no,no,no,False
102133349,METROPOLITAN NASHVILLE POLICE DEPT,20180756363,Davidson,Nashville,9/4/2018 5:30:00 AM,1,1,0,36.177130,-86.773990,I24 E ENT RAMP,,,,0.00,Feet,East,I 24,,,,0.00,N,Not at Intersection,Y,Entrance/Exit Ramp Related,None,,,         ,Kelcey,Bell,Clear,Not Collision with Motor Vehicle in Transport,no,no,no,no,no,False
102133358,METROPOLITAN NASHVILLE POLICE DEPT,20180757126,Davidson,Nashville,9/4/2018 11:05:00 AM,2,0,0,36.157930,-86.791610,I40 E ENT RAMP,,,,0.00,,,I 40,,,,0.00,Y,Four-Way, ,Intersection,None,,,         ,Jon,Mcvey,Clear,Angle,no,no,no,no,no,False
102133361,METROPOLITAN NASHVILLE POLICE DEPT,20180757255,Davidson,Nashville,9/4/2018 8:30:00 AM,1,1,0,36.232860,-86.823860,BRILEY PKWYW,,,,419.00,Feet,East,BUENA VISTA PKE,,,,0.00,N,Not at Intersection,N,Non-Junction,None,,,         ,Michael,McCord,Clear,Not Collision with Motor Vehicle in Transport,no,no,no,no,no,False
102133397,METROPOLITAN NASHVILLE POLICE DEPT,20180757345,Davidson,Nashville,9/4/2018 12:33:00 PM,2,0,0,36.153710,-86.721560,SPENCE LN,,,,0.00,,,LEBANON PKE,,,,0.00,Y,Four-Way, ,,None,,,         ,Ralph,Harvey,,,no,no,no,no,no,False
102133399,METROPOLITAN NASHVILLE POLICE DEPT,20180757118,Davidson,Nashville,9/4/2018 10:52:00 AM,2,0,0,36.045430,-86.647680,CROSSINGS BLVD,,,,117.00,Feet,West,MT VIEW RD,,,,0.00,N,Not at Intersection, ,Non-Junction,None,,,         ,Jessie,Meadows,Clear,"Sideswipe, Same Direction",no,no,no,no,no,False
102133400,METROPOLITAN NASHVILLE POLICE DEPT,20180757156,Davidson,Antioch,9/4/2018 11:02:00 AM,2,0,0,36.047840,-86.612050,MURFREESBORO PKE,,,,1284.00,Feet,North,MOUNTAIN SPRINGS RD,,,,0.00,N,Not at Intersection, ,Non-Junction,None,,,         ,Jessie,Meadows,Clear,Front to Rear,no,no,no,no,no,False
102133438,METROPOLITAN NASHVILLE POLICE DEPT,20180757394,Davidson,Nashville,9/4/2018 12:52:00 PM,2,1,0,36.243700,-86.757900,DOVERSIDE DR,,,,396.00,Feet,West,SKYLINE COMMONS PVTDR,,,,0.00,N,Not at Intersection,N,"Driveway, Alley Access, etc",None,,,         ,Brandon,Wood,Clear,Angle,no,no,no,no,no,False
102133439,METROPOLITAN NASHVILLE POLICE DEPT,20180757133,Davidson,Nashville,9/4/2018 9:40:00 AM,2,0,0,36.231880,-86.801080,EWING DR,,,,155.00,Feet,East,CLAYMILLE BLVD,,,,0.00,N,Not at Intersection,N,Non-Junction,None,,,         ,Victor,Alexander,Clear,Front to Rear,no,no,no,no,no,False
102133467,METROPOLITAN NASHVILLE POLICE DEPT,20180756866,Davidson,Nashville,9/4/2018 8:10:00 AM,2,0,0,36.161190,-86.591810,BELL RD,,,,0.00,,,MISTY CAPE CV,,,,0.00,Y,OTHER,N,Non-Junction,None,,,         ,Joshua,Hausman,Clear,"Sideswipe, Same Direction",no,no,no,no,yes,False
102133513,METROPOLITAN NASHVILLE POLICE DEPT,20180757336,Davidson,Not in City Limit,9/4/2018 12:25:00 PM,2,0,0,36.257780,-86.738440,I 65,,,,0.00,,,,,,,91.80,N,Not at Intersection,N,Non-Junction,None,,,         ,Nicholas,Silinsky,Clear,Front to Rear,no,no,no,no,yes,False
102133514,METROPOLITAN NASHVILLE POLICE DEPT,20180757401,Davidson,Nashville,9/4/2018 12:55:00 PM,2,0,0,36.233820,-86.724820,BRILEY PKWY E EXT RAMP,,,,0.00,Feet,East,GALLATIN PKE,,,,0.00,N,Not at Intersection, ,Non-Junction,None,,,         ,Michael,Agee,Cloudy,Front to Rear,no,no,no,no,yes,False
102133537,METROPOLITAN NASHVILLE POLICE DEPT,20180757544,Davidson,Nashville,9/4/2018 1:46:00 PM,2,1,0,36.154450,-86.842180,DELAWARE AV,,,,50.00,Feet,East,46TH AVN,,,,0.00,N,Not at Intersection, ,Non-Junction,None,,,         ,Walter,Gray II,Clear,Front to Rear,no,no,no,no,no,False
102133538,METROPOLITAN NASHVILLE POLICE DEPT,20180757231,Davidson,Nashville,9/4/2018 11:40:00 AM,2,0,0,36.143060,-86.744330,FESSLERS LN,,,,95.00,Feet,North,MURFREESBORO PKE,,,,0.00,N,Not at Intersection, ,Non-Junction,None,,,         ,Jessie,Meadows,Clear,Front to Rear,no,no,no,no,no,False
102133549,METROPOLITAN NASHVILLE POLICE DEPT,20180757546,Davidson,Nashville,9/4/2018 1:39:00 PM,3,0,0,36.139070,-86.880560,HILLWOOD BLVD,,,,0.00,,,CHARLOTTE PKE,,,,0.00,Y,Four-Way, ,Intersection,None,,,         ,Curtis,Rich,Cloudy,Angle,no,no,no,no,no,False
102133572,METROPOLITAN NASHVILLE POLICE DEPT,20180757250,Davidson,Nashville,9/4/2018 11:55:00 AM,2,0,0,36.218510,-86.714070,CARDINAL AV,,,,163.00,Feet,East,ADDINE ST,,,,0.00,N,Not at Intersection,N,Non-Junction,None,,,         ,Faye,Denson,Clear,"Sideswipe, Same Direction",no,no,no,no,yes,False
102133573,METROPOLITAN NASHVILLE POLICE DEPT,20180757611,Davidson,Nashville,9/4/2018 1:59:00 PM,2,0,0,36.170310,-86.800990,14TH AVN,,,,160.00,Feet,North,MEHARRY BLVD,,,,0.00,N,Not at Intersection,N,Non-Junction,None,,,         ,Eric,McCoy,Clear,"Sideswipe, Same Direction",no,no,no,no,no,False
102133578,METROPOLITAN NASHVILLE POLICE DEPT,20180757483,Davidson,Nashville,9/4/2018 1:21:00 PM,1,1,0,36.045590,-86.703580,EULALA DR,,,,60.00,Feet,North,OLD HICKORY BLVD,,,,0.00,N,Not at Intersection,N,Non-Junction,None,,,         ,Jessie,Meadows,Clear,Not Collision with Motor Vehicle in Transport,no,no,no,no,no,False
102133611,METROPOLITAN NASHVILLE POLICE DEPT,20180757650,Davidson,Nashville,9/4/2018 2:40:00 PM,2,0,0,36.130900,-86.726580,I24 W EXT RAMP,,,,0.00,Feet,East,I 24,,,,0.00,N,Not at Intersection, ,Non-Junction,None,,,         ,Eric,Keller,Clear,Front to Rear,no,no,no,no,no,False
102133630,METROPOLITAN NASHVILLE POLICE DEPT,20180757639,Davidson,Not in City Limit,9/4/2018 2:37:00 PM,2,2,0,36.279710,-86.708670,GALLATIN PKEN,,,,100.00,Feet,North,ONE MILE PKWY,,,,0.00,N,Not at Intersection,N,Non-Junction,None,,,         ,Christopher,Littles,Clear,Front to Rear,no,no,no,no,no,False
102133683,METROPOLITAN NASHVILLE POLICE DEPT,20180757437,Davidson,Nashville,9/4/2018 1:10:00 PM,2,0,0,36.168240,-86.782130,JAMES ROBERTSON PKWY,,,,0.00,,,GAY ST,,,,0.00,Y,Four-Way, ,Intersection,None,,,         ,Frank,Campbell,Clear,Front to Rear,no,no,no,no,no,False
102133696,METROPOLITAN NASHVILLE POLICE DEPT,20180757790,Davidson,Nashville,9/4/2018 2:30:00 PM,2,0,0,36.150040,-86.857280,ORLANDO AV,,,,94.00,Feet,South,CHARLOTTE PKE,,,,0.00,N,Not at Intersection, ,Non-Junction,None,,,         ,Broderick,Jones,Clear,Front to Rear,no,no,no,no,no,False
102133702,METROPOLITAN NASHVILLE POLICE DEPT,20180757851,Davidson,Nashville,9/4/2018 3:50:00 PM,2,1,0,36.032690,-86.770180,CHURCH STE,,,,312.00,Feet,South,CHANTILLY PL,,,,0.00,N,Not at Intersection,N,Non-Junction,None,,,         ,Randall,Ward,Clear,Front to Rear,no,no,no,no,no,False
102133703,BERRY HILL POLICE DEPT,18-3137,Davidson,Berry Hill,9/4/2018 2:23:00 PM,2,0,0,36.121370,-86.775450,FRANKLIN PKE,,,,0.00,,,KIRKWOOD AV,,,,0.00,Y,OTHER, ,,None,,,         ,Roy,Morris,,,no,no,no,yes,no,False
102133705,GOODLETTSVILLE POLICE DEPT,18-31337,Davidson,Goodlettsville,9/4/2018 4:00:00 PM,2,0,0,36.324500,-86.703220,LONG HOLLOW PKE,,,,258.00,Feet,West,NORTHGATE DR,,,,0.00,N,Not at Intersection, ,Non-Junction,None,,,         ,George,Forbes,Clear,"Sideswipe, Same Direction",no,no,no,no,no,False
102133713,METROPOLITAN NASHVILLE POLICE DEPT,20180757898,Davidson,Not in City Limit,9/4/2018 3:49:00 PM,2,0,0,36.273220,-86.710080,GALLATIN PKEN,,,,80.00,Feet,South,ANDERSON LN,,,,0.00,N,Not at Intersection,N,Non-Junction,None,,,         ,Christopher,Littles,Clear,"Sideswipe, Same Direction",no,no,no,no,yes,False
102133714,METROPOLITAN NASHVILLE POLICE DEPT,20180757877,Davidson,Not in City Limit,9/4/2018 3:49:00 PM,1,0,0,36.265830,-86.720750,PIMA RD,,,,0.00,,,WALKER TER,,,,0.00,Y,T-Intersection,N,Intersection-Related,None,,,         ,Christopher,Littles,Clear,Not Collision with Motor Vehicle in Transport,no,no,no,no,yes,False
102133728,METROPOLITAN NASHVILLE POLICE DEPT,20180757843,Davidson,Nashville,9/4/2018 3:25:00 PM,2,0,0,36.132550,-86.830910,WEST END AV,,,,197.00,Feet,East,CARDEN AV,,,,0.00,N,Not at Intersection, ,,None,,,         ,Robert,Crow,,,no,no,no,no,no,False
102133733,METROPOLITAN NASHVILLE POLICE DEPT,20180757936,Davidson,Nashville,9/4/2018 4:24:00 PM,2,0,0,36.116070,-86.791960,I 440,,,,0.00,,,,,,,3.85,N,Not at Intersection, ,Non-Junction,None,,,         ,Douglas,Sykes,Clear,Front to Rear,no,no,no,no,no,False
102133735,METROPOLITAN NASHVILLE POLICE DEPT,20180757951,Davidson,Nashville,9/4/2018 4:05:00 PM,2,0,0,36.179610,-86.739750,ORDWAY PL,,,,124.00,Feet,West,N 17TH ST,,,,0.00,N,Not at Intersection, ,,None,,,         ,Gregory,Cenicola,,,no,no,no,no,no,False
102133737,METROPOLITAN NASHVILLE POLICE DEPT,20180757925,Davidson,Nashville,9/4/2018 4:10:00 PM,3,0,0,36.044970,-86.666250,BELL RD,,,,255.00,Feet,East,CEDAR POINTE PKWY,,,,0.00,N,Not at Intersection, ,Non-Junction,None,,,         ,Eric,Keller,Clear,"Sideswipe, Same Direction",no,no,no,no,yes,False
102133738,METROPOLITAN NASHVILLE POLICE DEPT,20180757874,Davidson,Nashville,9/4/2018 3:28:00 PM,2,0,0,36.168680,-86.766240,I 24,,,,0.00,,,,,,,48.80,N,Not at Intersection, ,Entrance/Exit Ramp Related,None,,,         ,Brent,Morris,Clear,Front to Rear,no,no,no,no,no,False
102133741,METROPOLITAN NASHVILLE POLICE DEPT,20180757768,Davidson,Nashville,9/4/2018 3:22:00 PM,2,0,0,36.135480,-86.698250,BRILEY PKWYN,,,,236.00,Feet,South,BRILEY PKWYS,,,,0.00,N,Not at Intersection,N,Non-Junction,None,,,         ,Dontaveous,Eubanks,Clear,Front to Rear,no,no,no,no,no,False
102133742,METROPOLITAN NASHVILLE POLICE DEPT,20180757916,Davidson,Nashville,9/4/2018 4:03:00 PM,2,0,0,36.112970,-86.921070,I 40 W EXIT RAMP,,,,0.00,,,OLD HICKORY BLVD,,,,0.00,Y,Four-Way, ,Entrance/Exit Ramp Related,None,,,         ,Jeremy,Huffine,Clear,Front to Rear,no,no,no,no,no,False
102133748,METROPOLITAN NASHVILLE POLICE DEPT,20180757944,Davidson,Nashville,9/4/2018 4:25:00 PM,2,1,0,36.158890,-86.789670,CHURCH ST,,,,428.00,Feet,West,GULCH GRNWY,,,,0.00,N,Not at Intersection,N,Non-Junction,None,,,         ,Seth,Quiles,Clear,HeadOn,no,no,no,no,no,False
102133757,METROPOLITAN NASHVILLE POLICE DEPT,20180757914,Davidson,Not in City Limit,9/4/2018 4:15:00 PM,2,0,0,36.256340,-86.757930,DUE WEST AVN,,,,0.00,,,DICKERSON PKE,,,,0.00,Y,T-Intersection,N,Intersection-Related,None,,,         ,Edward,Draves,Clear,Angle,no,no,no,no,no,False
102133758,TENNESSEE STATE UNIVERSITY ,18-TSU-52722,Davidson,Nashville,9/4/2018 3:40:00 PM,2,0,0,36.165640,-86.834260,39TH AVN,,,,0.00,,,JOHN L DRIVER BLVD,,,,0.00,Y,OTHER, ,Non-Junction,None,,,         ,Harold,Taylor,Clear,Rear to Rear,no,no,no,yes,no,False
102133761,Nashville Airport Police,2018-03531,Davidson,Nashville,9/4/2018 2:16:00 PM,2,0,0,36.138090,-86.665050,DONELSON PKE,,,,371.00,Feet,North,SATELLITE WAY,,,,0.00,N,Not at Intersection, ,Non-Junction,None,,,         ,Steve,Wright,Clear,Front to Rear,no,no,no,no,no,False
102133762,METROPOLITAN NASHVILLE POLICE DEPT,20180757956,Davidson,Nashville,9/4/2018 4:20:00 PM,2,0,0,36.100160,-86.711520,I 24,,,,0.00,,,,,,,54.55,N,Not at Intersection,N,Non-Junction,None,,,         ,Je-Marc,Sears,Clear,Front to Rear,no,no,no,no,yes,False
102133768,METROPOLITAN NASHVILLE POLICE DEPT,20180757682,Davidson,Nashville,9/4/2018 12:00:00 AM,1,3,0,36.187530,-86.836340,HYDES FERRY RD,,,,220.00,Feet,North,RIVER DR,,,,0.00,N,Not at Intersection,N,Non-Junction,None,,,         ,Melvin,Taylor,Clear,Not Collision with Motor Vehicle in Transport,no,no,no,no,no,False
102133777,METROPOLITAN NASHVILLE POLICE DEPT,20180758049,Davidson,Nashville,9/4/2018 5:00:00 PM,1,2,0,36.151270,-86.807890,23RD AVN,,,,383.00,Feet,West,STATE ST,,,,0.00,N,Not at Intersection,N,Non-Junction,None,,,         ,Eric,Burford,Clear,Not Collision with Motor Vehicle in Transport,no,no,no,yes,no,False
102133778,METROPOLITAN NASHVILLE POLICE DEPT,20180758047,Davidson,Nashville,9/4/2018 4:45:00 PM,2,0,0,36.149400,-86.773290,I 40,,,,0.00,,,,,,,210.20,N,Not at Intersection, ,Non-Junction,None,,,         ,Darci,Stechman,Clear,Front to Rear,no,no,no,no,no,False
102133783,METROPOLITAN NASHVILLE POLICE DEPT,20180758013,Davidson,Nashville,9/4/2018 4:24:00 PM,2,0,0,36.089280,-86.880290,HIGHWAY 100,,,,293.00,Feet,East,PERCY WARNER BLVD,,,,0.00,N,Not at Intersection, ,Non-Junction,None,,,         ,Broderick,Jones,Clear,"Sideswipe, Same Direction",no,no,no,no,no,False
102133784,METROPOLITAN NASHVILLE POLICE DEPT,20180758042,Davidson,Nashville,9/4/2018 5:03:00 PM,3,1,0,36.140120,-86.723180,I 40,,,,0.00,,,,,,,213.50,N,Not at Intersection, ,Non-Junction,None,,,         ,Seth,Vaughn,Cloudy,Front to Rear,no,no,no,no,no,False
102133786,METROPOLITAN NASHVILLE POLICE DEPT,20180758046,Davidson,Nashville,9/4/2018 5:08:00 PM,2,0,0,36.123230,-86.727850,I 24,,,,0.00,,,,,,,52.70,N,Not at Intersection, ,Non-Junction,None,,,         ,Ciarra,Rench,Clear,Front to Rear,no,no,no,no,no,False
102133788,METROPOLITAN NASHVILLE POLICE DEPT,20180758151,Davidson,Nashville,9/4/2018 5:42:00 PM,2,0,0,36.037260,-86.788000,OLD HICKORY BLVD,,,,427.00,Feet,West,FRANKLIN PKE,,,,0.00,N,Not at Intersection,N,Non-Junction,None,,,         ,Randall,Ward,Clear,Angle,no,no,no,no,no,False
102133790,METROPOLITAN NASHVILLE POLICE DEPT,20180758202,Davidson,Nashville,9/4/2018 6:01:00 PM,2,0,0,36.179230,-86.730640,SHADY LN,,,,389.00,Feet,North,SKYVIEW DR,,,,0.00,N,Not at Intersection, ,Non-Junction,None,,,         ,Richard,Conger,Clear,Rear to Side,no,no,no,no,no,False
102133798,METROPOLITAN NASHVILLE POLICE DEPT,20180758000,Davidson,Nashville,9/4/2018 4:49:00 PM,3,2,0,36.124070,-86.728020,I 24,,,,0.00,,,,,,,52.60,N,Not at Intersection,N,Non-Junction,None,,,         ,Ciarra,Rench,Clear,Front to Rear,no,no,no,no,yes,False
102133814,METROPOLITAN NASHVILLE POLICE DEPT,20180757984,Davidson,Nashville,9/4/2018 4:28:00 PM,2,0,0,36.106470,-86.672900,DONELSON PKE,,,,105.00,Feet,North,MURFREESBORO PKE,,,,0.00,N,Not at Intersection,N,Non-Junction,None,,,         ,Alberta,Auguste,Clear,Front to Rear,no,no,no,no,no,False
102133816,METROPOLITAN NASHVILLE POLICE DEPT,20180758187,Davidson,Nashville,9/4/2018 5:22:00 PM,2,0,0,36.253380,-86.739130,I 65,,,,0.00,,,,,,,91.45,N,Not at Intersection, ,Entrance/Exit Ramp Related,None,,,         ,Christopher,Littles,Clear,"Sideswipe, Same Direction",no,no,no,no,no,False
102133817,METROPOLITAN NASHVILLE POLICE DEPT,20180758143,Davidson,Nashville,9/4/2018 5:20:00 PM,2,0,0,36.240370,-86.785450,I24 W ENT RAMP,,,,0.00,,,I 24,,,,0.00,Y,Y-Intersection, ,Entrance/Exit Ramp Related,None,,,         ,Christopher,Littles,Clear,Front to Rear,no,no,no,no,no,False
102133818,METROPOLITAN NASHVILLE POLICE DEPT,20180758060,Davidson,Goodlettsville,9/4/2018 4:47:00 PM,2,0,0,36.290470,-86.722660,I 65,,,,0.00,,,,,,,94.25,N,Not at Intersection, ,Non-Junction,None,,,         ,Christopher,Littles,Clear,Front to Rear,no,no,no,no,no,False
102133821,METROPOLITAN NASHVILLE POLICE DEPT,20180758207,Davidson,Nashville,9/4/2018 5:24:00 PM,2,0,0,36.153870,-86.843770,I 40,,,,0.00,,,,,,,204.75,N,Not at Intersection, ,,None,,,         ,Robert,Crow,,,no,no,no,no,no,False
102133835,METROPOLITAN NASHVILLE POLICE DEPT,20180758171,Davidson,Nashville,9/4/2018 5:25:00 PM,2,1,0,36.080640,-86.630990,BELL RD,,,,395.00,Feet,South,SAILBOAT DR,,,,0.00,N,Not at Intersection,N,Non-Junction,None,,,         ,Cheri,Cox,Clear,"Sideswipe, Opposite Direction",no,no,no,no,no,False
102133836,METROPOLITAN NASHVILLE POLICE DEPT,20180758155,Davidson,Nashville,9/4/2018 5:31:00 PM,2,0,0,36.140570,-86.723820,I 40,,,,0.00,,,,,,,213.45,N,Not at Intersection, ,Non-Junction,None,,,         ,Samuel,Sundra,Clear,Front to Rear,no,no,no,no,no,False
102133839,METROPOLITAN NASHVILLE POLICE DEPT,20180758198,Davidson,Nashville,9/4/2018 4:16:00 PM,2,0,0,36.109830,-86.733520,THOMPSON LN,,,,0.00,,,HARTFORD DR,,,,0.00,Y,T-Intersection,N,Intersection,None,,,         ,Je-Marc,Sears,Clear,Front to Rear,no,no,no,no,no,False
102133852,METROPOLITAN NASHVILLE POLICE DEPT,20180758142,Davidson,Nashville,9/4/2018 5:29:00 PM,2,0,0,36.184370,-86.755060,CLEVELAND ST,,,,161.00,Feet,West,MCFERRIN AV,,,,0.00,N,Not at Intersection,N,Non-Junction,None,,,         ,Gordon,Stovall,Clear,Front to Rear,no,no,no,no,no,False
102133892,METROPOLITAN NASHVILLE POLICE DEPT,20180758256,Davidson,Nashville,9/4/2018 12:00:00 AM,1,1,0,36.186720,-86.802430,DELTA AV,,,,94.00,Feet,South,DOMINICAN DR,,,,0.00,N,Not at Intersection,N,Non-Junction,None,,,         ,Melvin,Taylor,Clear,Not Collision with Motor Vehicle in Transport,no,no,no,no,yes,False
102133902,METROPOLITAN NASHVILLE POLICE DEPT,20180758168,Davidson,Nashville,9/4/2018 5:53:00 PM,2,0,0,36.044890,-86.663850,BELL RD,,,,645.00,Feet,North,CANE RIDGE RD,,,,0.00,N,Not at Intersection, ,Non-Junction,None,,,         ,Andrew,Brazee,Clear,"Sideswipe, Same Direction",no,no,no,no,no,False
102133905,METROPOLITAN NASHVILLE POLICE DEPT,20180758326,Davidson,Nashville,9/4/2018 5:20:00 PM,2,0,0,36.150290,-86.857370,ORLANDO AV,,,,0.00,,,CHARLOTTE PKE,,,,0.00,Y,T-Intersection, ,,None,,,         ,Alex,Lampley,,,no,no,no,no,no,False
102133909,METROPOLITAN NASHVILLE POLICE DEPT,20180758347,Davidson,Nashville,9/4/2018 6:25:00 PM,2,0,0,36.109970,-86.727600,EAST THOMPSON LN,,,,71.00,Feet,South,EAST THOMPSON LN PVTDR,,,,0.00,N,Not at Intersection, ,Non-Junction,None,,,         ,Je-Marc,Sears,Clear,Front to Rear,no,no,no,no,no,False
102133919,METROPOLITAN NASHVILLE POLICE DEPT,20180758225,Davidson,Not in City Limit,9/4/2018 6:17:00 PM,2,0,0,36.019880,-86.711290,SHANE POINT PL,,,,0.00,,,,,,,0.00,,,N,Non-Junction,None,,,         ,Brandon,Hughes,Clear,"Sideswipe, Same Direction",no,no,no,yes,yes,False
102133941,METROPOLITAN NASHVILLE POLICE DEPT,20180757821,Davidson,Nashville,9/4/2018 4:15:00 PM,2,0,0,36.046450,-86.657380,BELL RD,,,,227.00,Feet,East,COLLINS PARK DR,,,,0.00,N,Not at Intersection, ,Non-Junction,None,,,         ,Brandon,O'Guin,Clear,Front to Rear,no,no,no,no,no,False
102133950,METROPOLITAN NASHVILLE POLICE DEPT,20180758465,Davidson,Not in City Limit,9/4/2018 7:30:00 PM,2,0,0,36.073980,-86.935020,HIGHWAY 70S,,,,87.00,Feet,East,CROSS TIMBERS DR,,,,0.00,N,Not at Intersection, ,Non-Junction,None,,,         ,Brandon,Pedigo,Clear,Front to Rear,no,no,no,no,no,False
102133979,METROPOLITAN NASHVILLE POLICE DEPT,20180758274,Davidson,Not in City Limit,9/4/2018 6:55:00 PM,2,0,0,36.262210,-86.712210,GALLATIN PKES,,,,0.00,,,E OLD HICKORY BLVD,,,,0.00,Y,T-Intersection,N,Intersection,None,,,         ,Kevin,Crawford,Clear,Angle,no,no,no,no,no,False
102133980,METROPOLITAN NASHVILLE POLICE DEPT,20180757803,Davidson,Nashville,9/4/2018 3:32:00 PM,2,0,0,36.042050,-86.743960,EDMONDSON PKE,,,,84.00,Feet,South,BRENTWOOD SQ,,,,0.00,N,Not at Intersection, ,Non-Junction,None,,,         ,Akira,McSwain,Clear,Angle,no,no,no,no,no,False