master_record_number,agency,agency_tracking_number,county,city,collision_date,vehicles_involved,number_injured,number_dead,latitude,longitude,roadway_name,roadway_suffix,roadway_number,roadway_local_id,distance_from_reference,miles-feet_indicator,direction_from_reference,intersection_road_name,intersection_road_name_suffix,intersection_road_number,intersection_local_id,mile_marker,intersection_indicator,intersect_type,interchange_related_indicator,relation_to_junction,work_zone_type,construction_maintenance_zone,construction_maintenance_zone_location,fatal_case_number,officer_first_name,officer_last_name,weather_condition(s),manner_of_crash,pedestrian,bicycle,scooter,parking,hitrun,mou
102136201,METROPOLITAN NASHVILLE POLICE DEPT,20180764772,Davidson,Nashville,9/6/2018 7:24:00 PM,2,1,0,36.153300,-86.798200,19TH AVN,,,,0.00,,,HAYES ST,,,,0.00,Y,Four-Way,N,Non-Junction,None,,,         ,Akira,McSwain,Clear,Angle,no,no,no,no,no,False
102136243,METROPOLITAN NASHVILLE POLICE DEPT,2018-0764243,Davidson,Nashville,9/6/2018 4:01:00 PM,2,0,0,36.154500,-86.801910,20TH AVN,,,,120.00,Feet,West,STATE ST,,,,0.00,N,Not at Intersection, ,Non-Junction,None,,,         ,Ryan,Allen,Clear,Front to Rear,no,no,no,yes,no,False
102136315,METROPOLITAN NASHVILLE POLICE DEPT,20180765512,Davidson,Nashville,9/7/2018 12:39:00 AM,2,0,0,36.161280,-86.776590,BROADWAY,,,,0.00,,,BROADWAY,,,,0.00,Y,T-Intersection,N,Intersection,None,,,         ,Daniel,Russett,Clear,Angle,no,no,no,no,yes,False
102136325,METROPOLITAN NASHVILLE POLICE DEPT,20180765571,Davidson,Nashville,9/7/2018 1:05:00 AM,2,1,0,36.104440,-86.668860,MURFREESBORO PKE,,,,161.00,Feet,West,OLD MURFREESBORO PKE,,,,0.00,N,Not at Intersection,N,Non-Junction,None,,,         ,Joshua,McGarvey,Cloudy,Front to Rear,no,no,no,no,yes,False
102136377,METROPOLITAN NASHVILLE POLICE DEPT,20180765793,Davidson,Nashville,9/7/2018 3:00:00 AM,1,1,0,36.205240,-86.777990,BRICK CHURCH PKE,,,,24.00,Feet,South,I65 S ENT RAMP,,,,0.00,N,Not at Intersection,N,Non-Junction,None,,,         ,Erik,Schall,Clear,Not Collision with Motor Vehicle in Transport,no,no,no,yes,no,False
102136401,METROPOLITAN NASHVILLE POLICE DEPT,20180765802,Davidson,Nashville,9/7/2018 3:39:00 AM,1,0,0,36.142470,-86.681900,I 40,,,,0.00,,,,,,,215.75,N,Not at Intersection,N,Non-Junction,None,,,         ,Bridget,Griepentrog,Clear,Not Collision with Motor Vehicle in Transport,no,no,no,no,no,False
102136404,METROPOLITAN NASHVILLE POLICE DEPT,20180765960,Davidson,Nashville,9/7/2018 5:25:00 AM,1,0,0,36.153950,-86.763020,I24 W ENT RAMP,,,,0.00,Feet,East,I 40,,,,0.00,N,Not at Intersection,N,Non-Junction,None,,,         ,Joseph,Patricio,Clear,Not Collision with Motor Vehicle in Transport,no,no,no,no,yes,False
102136413,METROPOLITAN NASHVILLE POLICE DEPT,20180765749,Davidson,Antioch,9/7/2018 2:58:00 AM,2,1,0,36.049310,-86.599990,PIN HOOK RD,,,,1.00,Feet,East,HOBSON PKE,,,,0.00,N,Not at Intersection,N,Non-Junction,None,,,         ,Corey,Ethridge,Clear,Angle,no,no,no,no,no,False
102136423,METROPOLITAN NASHVILLE POLICE DEPT,20180765977,Davidson,Not in City Limit,9/7/2018 12:00:00 AM,1,0,0,36.279990,-86.713150,ONE MILE PKWY,,,,0.00,,,,,,,0.00,,,N,Non-Junction,None,,,         ,Bryant,Presley,Clear,Not Collision with Motor Vehicle in Transport,no,no,no,no,yes,False
102136437,METROPOLITAN NASHVILLE POLICE DEPT,20180763930,Davidson,Nashville,9/6/2018 1:50:00 PM,2,0,0,36.190010,-86.791090,I 65,,,,0.00,,,,,,,85.70,N,Not at Intersection,N,Non-Junction,None,,,         ,Wesley,Young,Clear,Front to Rear,no,no,no,no,yes,False
102136446,METROPOLITAN NASHVILLE POLICE DEPT,20180766035,Davidson,Nashville,9/7/2018 6:23:00 AM,1,0,0,36.235750,-86.709400,BRILEY PKWYW,,,,322.00,Feet,East,PENNINGTON BEND RD,,,,0.00,N,Not at Intersection,N,Non-Junction,None,,,         ,Curtis,Fisher,Clear,Not Collision with Motor Vehicle in Transport,no,no,no,no,no,False
102136453,METROPOLITAN NASHVILLE POLICE DEPT,20180766071,Davidson,Nashville,9/7/2018 6:36:00 AM,3,1,0,36.199830,-86.619080,LEBANON PKE,,,,138.00,Feet,North,LEBANON PKE WB EXT RAMP,,,,0.00,N,Not at Intersection,N,Non-Junction,None,,,         ,Michael,Dance,Clear,Front to Rear,no,no,no,no,no,False
102136457,METROPOLITAN NASHVILLE POLICE DEPT,20180765954,Davidson,Nashville,9/7/2018 5:25:00 AM,2,2,0,36.058340,-86.597850,HOBSON,PIKE,,,0.00,,,HAMILTON CHURCH,RD,,,0.00,Y,Four-Way,Y,Intersection,None,,,         ,Kevin,Breeding,Clear,Angle,no,no,no,no,no,False
102136500,METROPOLITAN NASHVILLE POLICE DEPT,20180766128,Davidson,Nashville,9/7/2018 7:10:00 AM,1,1,0,36.255090,-86.738690,I 65,,,,0.00,,,,,,,91.60,N,Not at Intersection,N,Non-Junction,None,,,         ,Brandon,Wood,Clear,Not Collision with Motor Vehicle in Transport,no,no,no,no,no,False
102136535,METROPOLITAN NASHVILLE POLICE DEPT,20180766201,Davidson,Nashville,9/7/2018 7:35:00 AM,2,0,0,36.168390,-86.688200,LEBANON PKE,,,,70.00,Feet,West,BRILEY PKWY N ENT RAMP,,,,0.00,N,Not at Intersection,N,Non-Junction,None,,,         ,Ralph,Harvey,Clear,Front to Rear,no,no,no,no,no,False
102136553,METROPOLITAN NASHVILLE POLICE DEPT,20180766183,Davidson,Nashville,9/7/2018 7:30:00 AM,2,0,0,36.206710,-86.776450,I 65,,,,0.00,,,,,,,87.35,N,Not at Intersection,N,Non-Junction,None,,,         ,James,Hill,Clear,Front to Rear,no,no,no,no,no,False
102136558,METROPOLITAN NASHVILLE POLICE DEPT,20180766302,Davidson,Nashville,9/7/2018 8:00:00 AM,2,0,0,36.168380,-86.687960,BRILEY PKWY N EXT RAMP,,,,0.00,,,BRILEY PKWY N ENT RAMP,,,,0.00,Y,T-Intersection, ,,None,,,         ,Ralph,Harvey,,,no,no,no,no,no,False
102136560,METROPOLITAN NASHVILLE POLICE DEPT,20180766066,Davidson,Nashville,9/7/2018 6:42:00 AM,3,2,0,36.230720,-86.782430,I 24,,,,0.00,,,,,,,44.10,N,Not at Intersection,N,Non-Junction,None,,,         ,Royce,McLester,Clear,Front to Rear,no,no,no,no,no,False
102136562,METROPOLITAN NASHVILLE POLICE DEPT,20180766325,Davidson,Nashville,9/7/2018 8:45:00 AM,3,0,0,36.108740,-86.769430,I 65,,,,0.00,,,,,,,79.65,N,Not at Intersection, ,Non-Junction,None,,,         ,Nathan,Kemp,Clear,Front to Rear,no,no,no,no,no,False
102136579,METROPOLITAN NASHVILLE POLICE DEPT,20180766242,Davidson,Nashville,9/6/2018 5:30:00 PM,1,0,0,36.184600,-86.735800,MANCHESTER,AVE,,197,100.00,Feet,North,FRANKLIN,AVE,,,0.00,N,Not at Intersection,N,"Driveway, Alley Access, etc",None,,,         ,David,Collins,Unknown,Not Collision with Motor Vehicle in Transport,no,no,no,no,yes,False
102136581,METROPOLITAN NASHVILLE POLICE DEPT,20180766313,Davidson,Nashville,9/7/2018 8:35:00 AM,2,0,0,36.113830,-86.809400,WOODMONT BLVD,,,,54.00,Feet,West,GOLF CLUB LN,,,,0.00,N,Not at Intersection, ,Non-Junction,None,,,         ,Jon,Mcvey,Clear,Front to Rear,no,no,no,no,no,False
102136583,METROPOLITAN NASHVILLE POLICE DEPT,20180766376,Davidson,Nashville,9/7/2018 9:00:00 AM,2,0,0,36.102000,-86.922600,OLD HICKORY BLVD,,,,1421.00,Feet,South,BELLE VALLEY DR,,,,0.00,N,Not at Intersection, ,Non-Junction,None,,,         ,Curtis,Rich,Clear,"Sideswipe, Same Direction",no,no,no,no,yes,False
102136594,METROPOLITAN NASHVILLE POLICE DEPT,20180766220,Davidson,Nashville,9/7/2018 7:57:00 AM,2,0,0,36.127040,-86.708890,THOMPSON PL,,,,491.00,Feet,West,PATRICIA DR,,,,0.00,N,Not at Intersection,N,"Driveway, Alley Access, etc",None,,,         ,Michael,Dance,Clear,Angle,no,no,no,no,no,False
102136595,METROPOLITAN NASHVILLE POLICE DEPT,20180766233,Davidson,Nashville,9/7/2018 8:04:00 AM,2,0,0,36.142290,-86.666610,I40 W EXT RAMP,,,,0.00,,,DONELSON PKE,,,,0.00,Y,T-Intersection, ,Intersection,None,,,         ,Michael,Dance,Clear,Front to Rear,no,no,no,no,no,False
102136620,METROPOLITAN NASHVILLE POLICE DEPT,20180750275,Davidson,Nashville,9/1/2018 5:53:00 PM,1,0,0,36.177980,-86.809490,17TH AVN,,,,0.00,,,CENTURY ST,,,,0.00,Y,T-Intersection,N,Intersection-Related,None,,,         ,Cameron,Brown,Clear,Not Collision with Motor Vehicle in Transport,no,no,no,no,yes,False
102136622,METROPOLITAN NASHVILLE POLICE DEPT,20180766443,Davidson,Nashville,9/7/2018 9:40:00 AM,2,0,0,36.143640,-86.648580,I 40,,,,0.00,,,,,,,217.35,N,Not at Intersection,N,Non-Junction,None,,,         ,Michael,Brooks,Clear,"Sideswipe, Same Direction",no,no,no,no,yes,False
102136623,METROPOLITAN NASHVILLE POLICE DEPT,20180766269,Davidson,Nashville,9/7/2018 8:20:00 AM,2,0,0,36.144210,-86.738720,I 40,,,,0.00,,,,,,,212.40,N,Not at Intersection, ,Non-Junction,None,,,         ,Lee,Davis,Clear,Angle,no,no,no,no,no,False
102136624,METROPOLITAN NASHVILLE POLICE DEPT,20180766108,Davidson,Nashville,9/7/2018 7:00:00 AM,3,1,0,36.211460,-86.922940,ASHLAND CITY HWY,,,,562.00,Feet,West,OLD HICKORY BLVD,,,,0.00,N,Not at Intersection,N,Non-Junction,None,,,         ,Jeanine,Sarno,Clear,Front to Rear,no,no,no,no,no,False
102136631,METROPOLITAN NASHVILLE POLICE DEPT,20180766303,Davidson,Nashville,9/7/2018 8:32:00 AM,2,0,0,36.129950,-86.695150,AIRWAYS BLVD,,,,0.00,Feet,East,BRILEY PKWYS,,,,0.00,N,Not at Intersection, ,Non-Junction,None,,,         ,John,Frazier,Clear,Other,no,no,no,no,no,False
102136644,METROPOLITAN NASHVILLE POLICE DEPT,20180766453,Davidson,Nashville,9/7/2018 9:40:00 AM,1,0,0,36.156870,-86.780840,8TH AVS,,,,0.00,,,DEMONBREUN ST,,,,0.00,Y,Four-Way, ,Intersection,None,,,         ,James,Thornton,Clear,Not Collision with Motor Vehicle in Transport,no,yes,no,no,no,False
102136648,METROPOLITAN NASHVILLE POLICE DEPT,20180766467,Davidson,Nashville,9/7/2018 9:36:00 AM,2,0,0,36.141270,-86.739710,MURFREESBORO PKE,,,,269.00,Feet,East,FOSTER AV,,,,0.00,N,Not at Intersection, ,Non-Junction,Work Zone,,,         ,Michael,Dance,Clear,Front to Rear,no,no,no,no,no,False
102136652,METROPOLITAN NASHVILLE POLICE DEPT,20180766478,Davidson,Nashville,9/7/2018 9:55:00 AM,2,0,0,36.124130,-86.751710,NOLENSVILLE PKE,,,,21.00,Feet,North,I440 W EXT RAMP,,,,0.00,N,Not at Intersection, ,Non-Junction,None,,,         ,Jessie,Meadows,Clear,"Sideswipe, Same Direction",no,no,no,no,no,False
102136656,METROPOLITAN NASHVILLE POLICE DEPT,20180766517,Davidson,Nashville,9/7/2018 10:06:00 AM,2,0,0,36.157330,-86.792810,CHURCH ST,,,,37.00,Feet,West,15TH AVN,,,,0.00,N,Not at Intersection, ,Non-Junction,None,,,         ,Jon,Mcvey,Clear,"Sideswipe, Same Direction",no,no,no,no,no,False
102136658,METROPOLITAN NASHVILLE POLICE DEPT,20180766538,Davidson,Nashville,9/7/2018 10:21:00 AM,1,1,0,36.143710,-86.737860,I 40,,,,0.00,,,,,,,212.60,N,Not at Intersection,N,Non-Junction,None,,,         ,Tien,Nguyen,Clear,Not Collision with Motor Vehicle in Transport,no,no,no,no,no,False
102136666,METROPOLITAN NASHVILLE POLICE DEPT,20180766518,Davidson,Nashville,9/7/2018 10:07:00 AM,2,0,0,36.108680,-86.812130,GLEN ECHO RD,,,,0.00,,,HILLSBORO PKE,,,,0.00,Y,Four-Way, ,Intersection,None,,,         ,Nathan,Kemp,Clear,Angle,no,no,no,no,no,False
102136683,METROPOLITAN NASHVILLE POLICE DEPT,20180766725,Davidson,Nashville,9/7/2018 11:22:00 AM,2,0,0,36.146670,-86.870040,CHARLOTTE PKE,,,,253.00,Feet,West,MARCIA AV,,,,0.00,N,Not at Intersection, ,,None,,,         ,Curtis,Rich,,,no,no,no,no,no,False
102136702,METROPOLITAN NASHVILLE POLICE DEPT,20180766631,Davidson,Nashville,9/7/2018 12:00:00 AM,2,0,0,36.159700,-86.774310,DEMONBREUN ST,,,,110.00,Feet,East,3RD AVS,,,,0.00,N,Not at Intersection, ,Non-Junction,None,,,         ,James,Thornton,Clear,Angle,no,no,no,no,no,False
102136706,METROPOLITAN NASHVILLE POLICE DEPT,20180766716,Davidson,Nashville,9/7/2018 11:10:00 AM,2,0,0,36.113040,-86.799850,WOODMONT BLVD,,,,53.00,Feet,East,BELMONT BLVD,,,,0.00,N,Not at Intersection, ,Non-Junction,None,,,         ,Jon,Mcvey,Clear,Front to Rear,no,no,no,no,no,False
102136757,METROPOLITAN NASHVILLE POLICE DEPT,20180766872,Davidson,Nashville,9/7/2018 12:00:00 AM,2,0,0,36.155590,-86.771070,2ND AVS,,,,0.00,,,LEA AV,,,,0.00,Y,Four-Way, ,Intersection,None,,,         ,James,Thornton,Clear,Angle,no,no,no,no,no,False
102136776,METROPOLITAN NASHVILLE POLICE DEPT,20180766468,Davidson,Nashville,9/7/2018 9:49:00 AM,2,2,0,36.206690,-86.779000,W TRINITY LN,,,,168.00,Feet,West,HAMPTON ST,,,,0.00,N,Not at Intersection,N,Non-Junction,None,,,         ,Wesley,Young,Clear,Angle,no,no,no,no,no,False
102136787,METROPOLITAN NASHVILLE POLICE DEPT,20180766791,Davidson,Nashville,9/7/2018 11:55:00 AM,1,1,0,36.156130,-86.824860,I40 E EXT RAMP,,,,0.00,Feet,East,I 40,,,,0.00,N,Not at Intersection,Y,Non-Junction,None,,,         ,Curtis,Rich,Clear,Not Collision with Motor Vehicle in Transport,no,no,no,no,no,False
102136799,METROPOLITAN NASHVILLE POLICE DEPT,20180766771,Davidson,Nashville,9/7/2018 11:40:00 AM,2,0,0,36.163580,-86.787380,ROSA L PARKS BLVD,,,,143.00,Feet,East,10TH AVN,,,,0.00,N,Not at Intersection, ,Non-Junction,None,,,         ,Cody,O'Quinn,Clear,Front to Rear,no,no,no,no,no,False
102136824,METROPOLITAN NASHVILLE POLICE DEPT,20180766666,Davidson,Nashville,9/7/2018 11:00:00 AM,2,0,0,36.209120,-86.728710,SHELTON AV,,,,0.00,,,KATHERINE ST,,,,0.00,Y,Four-Way, ,Intersection,None,,,         ,Russell,Freeman,Clear,Angle,no,no,no,no,no,False
102136865,METROPOLITAN NASHVILLE POLICE DEPT,20180766650,Davidson,Not in City Limit,9/7/2018 11:03:00 AM,1,0,0,36.261250,-86.678340,LONDON BRIDGE RD,,,,97.00,Feet,West,SANDHURST DR,,,,0.00,N,Not at Intersection, ,OtherLocation,None,,,         ,Kevin,Coleman,Clear,Not Collision with Motor Vehicle in Transport,no,no,no,no,no,False
102136869,METROPOLITAN NASHVILLE POLICE DEPT,20180766823,Davidson,Antioch,9/7/2018 12:00:00 PM,1,1,0,36.076820,-86.596410,SEBETHA CT,,,,204.00,Feet,East,NAUTILUS DR,,,,0.00,N,Not at Intersection,N,Non-Junction,None,,,         ,Thomas,Odom,Clear,Not Collision with Motor Vehicle in Transport,no,no,no,no,no,False
102136872,METROPOLITAN NASHVILLE POLICE DEPT,2018 0766904,Davidson,Not in City Limit,9/7/2018 12:10:00 PM,1,2,0,36.077580,-86.999320,I 40,,,,0.00,,,,,,,193.70,N,Not at Intersection,N,Non-Junction,None,,,         ,Paul,Junkmann,Cloudy,Not Collision with Motor Vehicle in Transport,no,no,no,no,no,False
102136874,METROPOLITAN NASHVILLE POLICE DEPT,20180766871,Davidson,Nashville,9/7/2018 12:32:00 PM,2,0,0,36.163220,-86.762020,I 24,,,,0.00,,,,,,,49.25,N,Not at Intersection,N,Non-Junction,None,,,         ,Jessie,Meadows,Clear,"Sideswipe, Same Direction",no,no,no,no,yes,False
102136878,METROPOLITAN NASHVILLE POLICE DEPT,20180766980,Davidson,Antioch,9/7/2018 1:10:00 PM,2,0,0,36.038820,-86.602330,MURFREESBORO PKE,,,,194.00,Feet,South,OLD HICKORY BLVD,,,,0.00,N,Not at Intersection,N,Non-Junction,None,,,         ,Jessie,Meadows,Clear,Front to Rear,no,no,no,no,yes,False
102136890,METROPOLITAN NASHVILLE POLICE DEPT,20180766910,Davidson,Nashville,9/7/2018 12:25:00 PM,2,0,0,36.130290,-86.899940,CHARLOTTE PKE,,,,0.00,,,I40 W EXT RAMP,,,,0.00,Y,T-Intersection, ,Intersection,None,,,         ,Gregory,McDaniel,Clear,Angle,no,no,no,no,no,False
102136910,METROPOLITAN NASHVILLE POLICE DEPT,20180766931,Davidson,Nashville,9/7/2018 12:42:00 PM,2,0,0,36.144790,-86.857940,WHITE BRIDGE PKE,,,,75.00,Feet,South,BURGESS AV,,,,0.00,N,Not at Intersection, ,Non-Junction,None,,,         ,Walter,Gray II,Clear,Front to Rear,no,no,no,no,no,False
102136927,METROPOLITAN NASHVILLE POLICE DEPT,20180766908,Davidson,Not in City Limit,9/7/2018 12:30:00 PM,2,0,0,36.261240,-86.712530,GALLATIN PKES,,,,0.00,,,MAPLE ST,,,,0.00,Y,T-Intersection,Y,Intersection-Related,None,,,         ,Samuel,Kersten,Clear,Angle,no,no,no,no,yes,False
102136928,METROPOLITAN NASHVILLE POLICE DEPT,20180766874,Davidson,Nashville,9/7/2018 12:20:00 PM,2,0,0,36.153790,-86.842290,46TH AVN,,,,3.00,Feet,West,I40 E ENT RAMP,,,,0.00,N,Not at Intersection,N,Non-Junction,None,,,         ,Wesley,Tilley,Clear,Front to Rear,no,no,no,no,yes,False
102136975,METROPOLITAN NASHVILLE POLICE DEPT,20180767006,Davidson,Not in City Limit,9/7/2018 1:17:00 PM,1,1,0,36.331250,-86.785600,LUSTER RD,,,,1537.00,Feet,North,LICKTON PKE,,,,0.00,N,Not at Intersection,N,Non-Junction,None,,,         ,Cyretha,Frazier,Cloudy,Not Collision with Motor Vehicle in Transport,no,no,no,no,no,False
102136980,METROPOLITAN NASHVILLE POLICE DEPT,20180766851,Davidson,Nashville,9/7/2018 12:00:00 PM,2,0,0,36.172720,-86.791050,ROSA L PARKS BLVD,,,,222.00,Feet,South,JEFFERSON ST,,,,0.00,N,Not at Intersection, ,Non-Junction,None,,,         ,Brent,Hedgcoth,Clear,Front to Rear,no,no,no,no,no,False
102136996,METROPOLITAN NASHVILLE POLICE DEPT,20180767090,Davidson,Nashville,9/7/2018 1:42:00 PM,2,0,0,36.151450,-86.852590,CHARLOTTE AV,,,,150.00,Feet,West,MORROW RD,,,,0.00,N,Not at Intersection,N,Non-Junction,None,,,         ,Walter,Gray II,Clear,"Sideswipe, Same Direction",no,no,no,no,no,False
102137000,METROPOLITAN NASHVILLE POLICE DEPT,20180766848,Davidson,Nashville,9/7/2018 12:10:00 PM,2,0,0,36.147610,-86.808290,ELLISTON PL,,,,83.00,Feet,North,25TH AVN,,,,0.00,N,Not at Intersection, ,Non-Junction,None,,,         ,Chase,Harriman,Clear,Angle,no,no,no,no,no,Campus
102137090,METROPOLITAN NASHVILLE POLICE DEPT,20180767109,Davidson,Nashville,9/7/2018 2:10:00 PM,2,0,0,36.144220,-86.697000,I40 E EXT RAMP,,,,0.00,Feet,East,I 40,,,,0.00,N,Not at Intersection, ,Entrance/Exit Ramp Related,None,,,         ,John,Frazier,Clear,Other,no,no,no,no,yes,False
102137104,METROPOLITAN NASHVILLE POLICE DEPT,20180766959,Davidson,Nashville,9/7/2018 1:05:00 PM,3,2,0,36.089430,-86.650200,MURFREESBORO PKE,,,,144.00,Feet,North,RANSOM PL,,,,0.00,N,Not at Intersection,N,Non-Junction,None,,,         ,Michael,Dance,Clear,HeadOn,no,no,no,no,no,False
102137106,METROPOLITAN NASHVILLE POLICE DEPT,20180767161,Davidson,Nashville,9/7/2018 2:10:00 PM,2,0,0,36.166640,-86.764950,I 24,,,,0.00,,,,,,,48.95,N,Not at Intersection,N,Non-Junction,None,,,         ,Brent,Bauer,Clear,Front to Rear,no,no,no,no,no,False
102137107,METROPOLITAN NASHVILLE POLICE DEPT,20180767172,Davidson,Antioch,9/7/2018 2:38:00 PM,1,0,0,36.028500,-86.614080,OLD HICKORY BLVD,,,,770.00,Feet,South,LOGISTICS WAY,,,,0.00,N,Not at Intersection, ,Non-Junction,None,,,         ,Andrew,Brazee,Clear,Not Collision with Motor Vehicle in Transport,no,no,no,no,no,False
102137119,METROPOLITAN NASHVILLE POLICE DEPT,20180767174,Davidson,Nashville,9/7/2018 2:50:00 PM,2,0,0,36.049430,-86.651280,BELL RD,,,,140.00,Feet,East,HICKORY HOLLOW MALL PVTDR PL,,,,0.00,N,Not at Intersection, ,Non-Junction,None,,,         ,Jessie,Meadows,Clear,Front to Rear,no,no,no,no,no,False
102137126,METROPOLITAN NASHVILLE POLICE DEPT,20180767202,Davidson,Nashville,9/7/2018 2:55:00 PM,2,0,0,36.099440,-86.710930,I 24,,,,0.00,,,,,,,54.60,N,Not at Intersection, ,Non-Junction,None,,,         ,Ryan,Sherry,Clear,Angle,no,no,no,no,no,False
102137140,METROPOLITAN NASHVILLE POLICE DEPT,20180767123,Davidson,Nashville,9/7/2018 2:16:00 PM,3,1,0,36.169890,-86.675010,LEBANON PKE,,,,182.00,Feet,West,GRAYLYNN DR,,,,0.00,N,Not at Intersection,N,"Driveway, Alley Access, etc",None,,,         ,Michael,Dance,Clear,Angle,no,no,no,no,no,False
102137158,METROPOLITAN NASHVILLE POLICE DEPT,20180767199,Davidson,Nashville,9/7/2018 2:42:00 PM,2,0,0,36.240740,-86.757370,DICKERSON PKE,,,,0.00,,,BRILEY PKWY E EXT RAMP,,,,0.00,Y,T-Intersection, ,Intersection,None,,,         ,Christopher,Littles,Clear,Angle,no,no,no,no,no,False
102137159,METROPOLITAN NASHVILLE POLICE DEPT,20180767287,Davidson,Not in City Limit,9/7/2018 3:18:00 PM,3,0,0,36.270980,-86.754810,DICKERSON PKE,,,,800.00,Feet,North,OLD HICKORY BLVD,,,,0.00,N,Not at Intersection,N,Non-Junction,None,,,         ,Christopher,Littles,Clear,Front to Rear,no,no,no,no,yes,False
102137164,Nashville Airport Police,2018-03572,Davidson,Nashville,9/6/2018 8:50:00 PM,2,0,0,36.109690,-86.671460,KNAPP BLVD,,,,0.00,,,DONELSON PKE,,,,0.00,Y,OTHER, ,OtherLocation,None,,,         ,Daniel,Winter,Clear,Other,no,no,no,no,no,False
102137185,METROPOLITAN NASHVILLE POLICE DEPT,20180767289,Davidson,Not in City Limit,9/7/2018 3:32:00 PM,2,2,0,36.278580,-86.872200,CLARKSVILLE PKE,,,,484.00,Feet,East,OLD HICKORY BLVD,,,,0.00,N,Not at Intersection,N,Non-Junction,None,,,         ,Katelin,Ehrhardt,Cloudy,Front to Rear,no,no,no,no,no,False
102137190,METROPOLITAN NASHVILLE POLICE DEPT,20180767216,Davidson,Nashville,9/7/2018 1:50:00 PM,2,1,0,36.161220,-86.760310,I 24,,,,0.00,,,,,,,49.40,N,Not at Intersection,N,Non-Junction,None,,,         ,Brent,Morris,Clear,Front to Rear,no,no,no,no,no,False
102137191,METROPOLITAN NASHVILLE POLICE DEPT,20180767191,Davidson,Nashville,9/7/2018 2:50:00 PM,2,1,0,36.176940,-86.775020,SPRING ST,,,,131.00,Feet,West,N 1ST ST,,,,0.00,N,Not at Intersection,N,Non-Junction,None,,,         ,Amanda,Fox,Clear,Front to Rear,no,no,no,no,yes,False
102137199,METROPOLITAN NASHVILLE POLICE DEPT,20180767228,Davidson,Old Hickory,9/7/2018 3:04:00 PM,2,0,0,36.254750,-86.652050,ROBINSON RD,,,,103.00,Feet,West,NEWPORT DR,,,,0.00,N,Not at Intersection,N,Non-Junction,None,,,         ,Thomas,Odom,Clear,Front to Rear,no,no,no,no,yes,False
102137201,VANDERBILT UNIVERSITY POLICE,2018-0764372,Davidson,Nashville,9/6/2018 12:00:00 AM,2,0,0,36.147430,-86.799390,21ST AVS,,,,0.00,,,,,,,0.00,,, ,Non-Junction,None,,,         ,Lakosha,Goodloe,Cloudy,Front to Rear,no,no,no,yes,yes,Campus
102137236,METROPOLITAN NASHVILLE POLICE DEPT,20180767326,Davidson,Nashville,9/7/2018 3:51:00 PM,2,0,0,36.167090,-86.663410,DONELSON PKE,,,,210.00,Feet,South,LEBANON PKE,,,,0.00,N,Not at Intersection, ,Non-Junction,None,,,         ,Allyson,Reis,Clear,Angle,no,no,no,no,no,False
102137268,BERRY HILL POLICE DEPT,18-3183,Davidson,Berry Hill,9/7/2018 4:16:00 PM,2,0,0,36.112130,-86.765040,THOMPSON LN,,,,338.00,Feet,South,DOGWOOD PL,,,,0.00,N,Not at Intersection, ,,None,,,         ,Stephen,Reece,,,no,no,no,yes,no,False
102137270,METROPOLITAN NASHVILLE POLICE DEPT,20180767254,Davidson,Nashville,9/7/2018 2:45:00 PM,2,0,0,36.147610,-86.744220,I 40,,,,0.00,,,,,,,212.00,N,Not at Intersection, ,,None,,,         ,Darci,Stechman,,,no,no,no,no,no,False
102137281,METROPOLITAN NASHVILLE POLICE DEPT,20180767338,Davidson,Nashville,9/7/2018 3:50:00 PM,3,0,0,36.130010,-86.788850,12TH AVS,,,,276.00,Feet,South,SOUTH DOUGLAS AV,,,,0.00,N,Not at Intersection,N,Non-Junction,None,,,         ,Randall,Ward,Clear,Angle,no,no,no,no,no,False
102137284,METROPOLITAN NASHVILLE POLICE DEPT,20180767167,Davidson,Nashville,9/7/2018 1:33:00 PM,2,0,0,36.184670,-86.758280,CLEVELAND ST,,,,0.00,,,N 9TH ST,,,,0.00,Y,Four-Way, ,Intersection,None,,,         ,Wade,Johnson,Cloudy,Other,no,no,no,no,no,False
102137294,METROPOLITAN NASHVILLE POLICE DEPT,20180767469,Davidson,Nashville,9/7/2018 4:16:00 PM,2,0,0,36.193660,-86.623150,LEBANON PKE,,,,349.00,Feet,North,JUAREZ DR,,,,0.00,N,Not at Intersection, ,,None,,,         ,Tyler,Hall,,,no,no,no,no,no,False
102137298,METROPOLITAN NASHVILLE POLICE DEPT,20180767426,Davidson,Nashville,9/7/2018 4:14:00 PM,2,0,0,36.136140,-86.698940,BRILEY PKWY,,,,66.00,Feet,North,BRILEY PKWYS,,,,0.00,N,Not at Intersection, ,Non-Junction,None,,,         ,Seth,Vaughn,Clear,Angle,no,no,no,no,no,False
102137299,METROPOLITAN NASHVILLE POLICE DEPT,20180767453,Davidson,Not in City Limit,9/7/2018 4:03:00 PM,2,0,0,36.300740,-86.811920,I 24,,,,0.00,,,,,,,38.75,N,Not at Intersection,N,Non-Junction,None,,,         ,Katelin,Ehrhardt,Cloudy,Front to Rear,no,no,no,no,no,False