master_record_number,agency,agency_tracking_number,county,city,collision_date,vehicles_involved,number_injured,number_dead,latitude,longitude,roadway_name,roadway_suffix,roadway_number,roadway_local_id,distance_from_reference,miles-feet_indicator,direction_from_reference,intersection_road_name,intersection_road_name_suffix,intersection_road_number,intersection_local_id,mile_marker,intersection_indicator,intersect_type,interchange_related_indicator,relation_to_junction,work_zone_type,construction_maintenance_zone,construction_maintenance_zone_location,fatal_case_number,officer_first_name,officer_last_name,weather_condition(s),manner_of_crash,pedestrian,bicycle,scooter,parking,hitrun,mou
102139306,GOODLETTSVILLE POLICE DEPT,18-31991,Davidson,Goodlettsville,9/9/2018 1:37:00 PM,2,2,0,36.297450,-86.719220,GREENS CIR,,,,0.00,,,DRY CREEK LN,,,,0.00,Y,Four-Way,N,Intersection,None,,,         ,George,Forbes,Rain,Angle,no,no,no,no,no,False
102139307,METROPOLITAN NASHVILLE POLICE DEPT,20180771881,Davidson,Nashville,9/9/2018 2:13:00 PM,1,0,0,36.027980,-86.614590,OLD HICKORY BLVD,,,,1011.00,Feet,South,LOGISTICS WAY,,,,0.00,N,Not at Intersection,N,Non-Junction,None,,,         ,Jason,Hees,Rain,Not Collision with Motor Vehicle in Transport,no,no,no,no,no,False
102139313,METROPOLITAN NASHVILLE POLICE DEPT,20180771883,Davidson,Nashville,9/9/2018 2:18:00 PM,1,1,0,36.048800,-86.713670,NOLENSVILLE PKE,,,,0.00,Feet,East,HICKORYVIEW DR,,,,0.00,N,Not at Intersection,N,Non-Junction,None,,,         ,Brandon,Epps,Rain,Not Collision with Motor Vehicle in Transport,yes,no,no,no,yes,False
102139380,METROPOLITAN NASHVILLE POLICE DEPT,20180771950,Davidson,Nashville,9/9/2018 3:12:00 PM,2,0,0,36.046110,-86.657820,BELL RD,,,,46.00,Feet,East,COLLINS PARK DR,,,,0.00,N,Not at Intersection, ,Non-Junction,None,,,         ,Andrew,Brazee,Rain,Front to Rear,no,no,no,no,no,False
102139384,METROPOLITAN NASHVILLE POLICE DEPT,20180771949,Davidson,Nashville,9/9/2018 3:09:00 PM,2,0,0,36.095970,-86.737570,NOLENSVILLE PKE,,,,62.00,Feet,North,WHEELER AV,,,,0.00,N,Not at Intersection, ,Non-Junction,None,,,         ,Ryan,Coll,Cloudy,Front to Rear,no,no,no,no,no,False
102139394,METROPOLITAN NASHVILLE POLICE DEPT,20180771919,Davidson,Nashville,9/9/2018 2:50:00 PM,1,0,0,36.065310,-86.685410,I 24,,,,0.00,,,,,,,57.35,N,Not at Intersection,N,Non-Junction,None,,,         ,Jesse,Cox,Rain,Not Collision with Motor Vehicle in Transport,no,no,no,no,no,False
102139403,METROPOLITAN NASHVILLE POLICE DEPT,20180771929,Davidson,Nashville,9/9/2018 1:45:00 PM,2,0,0,36.081700,-86.726980,NOLENSVILLE PKE,,,,340.00,Feet,South,WELSHWOOD DR,,,,0.00,N,Not at Intersection, ,Non-Junction,None,,,         ,David,Robberson,Rain,Front to Rear,no,no,no,no,no,False
102139404,METROPOLITAN NASHVILLE POLICE DEPT,20180771905,Davidson,Nashville,9/9/2018 2:10:00 PM,1,0,0,36.191900,-86.782770,I 65,,,,0.00,,,,,,,86.15,N,Not at Intersection, ,Entrance/Exit Ramp Related,None,,,         ,Joseph,Gawlowski,Rain,Not Collision with Motor Vehicle in Transport,no,no,no,no,no,False
102139462,METROPOLITAN NASHVILLE POLICE DEPT,20180772006,Davidson,Nashville,9/9/2018 2:36:00 PM,2,0,0,36.152520,-86.790670,DEMONBREUN ST,,,,236.00,Feet,East,DIVISION ST,,,,0.00,N,Not at Intersection, ,,None,,,         ,Randall,Ward,,,no,no,no,no,no,False
102139486,METROPOLITAN NASHVILLE POLICE DEPT,20180771908,Davidson,Nashville,9/9/2018 2:45:00 PM,2,0,0,36.057710,-86.702010,TUSCULUM RD,,,,0.00,,,BREWER DR,,,,0.00,Y,T-Intersection, ,Intersection-Related,None,,,         ,Jedidayah,Merriweather,Rain,Front to Rear,no,no,no,no,no,False
102139492,THP District 3 - Nashville,318060790,Davidson,Not in City Limit,9/8/2018 7:45:00 PM,2,0,0,36.273770,-86.816630,OLD HICKORY BLVD,,,,220.00,Feet,East,LICKTON PKE,,,,0.00,N,Not at Intersection, ,,None,,,         ,Randall retired,Cole retired,,,no,no,no,no,no,False
102139495,METROPOLITAN NASHVILLE POLICE DEPT,20180772203,Davidson,Nashville,9/9/2018 5:20:00 PM,2,0,0,36.140110,-86.823580,I440 E EXT RAMP,,,,0.00,Feet,East,I 440,,,,0.00,N,Not at Intersection, ,Non-Junction,None,,,         ,Kelby,Dumond,Rain,Front to Rear,no,no,no,no,no,False
102139503,METROPOLITAN NASHVILLE POLICE DEPT,20180772089,Davidson,Nashville,9/9/2018 3:25:00 PM,2,0,0,36.038210,-86.658320,CANE RIDGE RD,,,,379.00,Feet,South,MOUNTAINHIGH DR,,,,0.00,N,Not at Intersection, ,,None,,,         ,Matthew,Turppa,,,no,no,no,no,no,False
102139524,METROPOLITAN NASHVILLE POLICE DEPT,20180772054,Davidson,Nashville,9/9/2018 3:19:00 PM,2,0,0,36.045450,-86.647600,CROSSINGS BLVD,,,,91.00,Feet,West,MT VIEW RD,,,,0.00,N,Not at Intersection, ,Non-Junction,None,,,         ,Andrew,Brazee,Rain,Front to Rear,no,no,no,no,no,False
102139602,METROPOLITAN NASHVILLE POLICE DEPT,20180772365,Davidson,Nashville,9/9/2018 12:00:00 AM,1,1,0,36.151040,-86.785770,I 40,,,,0.00,,,,,,,209.50,N,Not at Intersection,N,Non-Junction,None,,,         ,Trevor,Taylor,Cloudy,Not Collision with Motor Vehicle in Transport,no,no,no,no,no,False
102139605,METROPOLITAN NASHVILLE POLICE DEPT,20180772294,Davidson,Nashville,9/9/2018 6:15:00 PM,2,0,0,36.050640,-86.647260,BELL RD,,,,108.00,Feet,West,HICKORY HOLLOW TER,,,,0.00,N,Not at Intersection,N,Non-Junction,None,,,         ,Melissa,Flores,Cloudy,Rear to Rear,no,no,no,yes,no,False
102139630,METROPOLITAN NASHVILLE POLICE DEPT,20180772458,Davidson,Nashville,9/9/2018 7:47:00 PM,1,2,0,36.238390,-86.780910,BRICK CHURCH PKE,,,,0.00,Feet,North,BRILEY PKWYW,,,,0.00,N,Not at Intersection,N,Non-Junction,None,,,         ,Peter,Vaught,Rain,Not Collision with Motor Vehicle in Transport,no,no,no,no,no,False
102139639,METROPOLITAN NASHVILLE POLICE DEPT,20180772375,Davidson,Nashville,9/9/2018 6:20:00 PM,2,0,0,36.138900,-86.800580,21ST AVS,,,,100.00,Feet,North,CHILDRENS WAY,,,,0.00,N,Not at Intersection, ,,None,,,         ,Andrew,Kooshian,,,no,no,no,no,no,Campus
102139648,METROPOLITAN NASHVILLE POLICE DEPT,20180772515,Davidson,Nashville,9/9/2018 8:06:00 PM,2,1,0,36.099470,-86.710960,I 24,,,,0.00,,,,,,,54.60,N,Not at Intersection,N,Non-Junction,None,,,         ,YUNUS,ADAK,Rain,Angle,no,no,no,no,no,False
102139689,METROPOLITAN NASHVILLE POLICE DEPT,20180772516,Davidson,Nashville,9/9/2018 8:09:00 PM,2,1,0,36.099370,-86.710870,I 24,,,,0.00,,,,,,,54.60,N,Not at Intersection,N,Non-Junction,None,,,         ,YUNUS,ADAK,Rain,Front to Rear,no,no,no,no,no,False
102139739,METROPOLITAN NASHVILLE POLICE DEPT,20180772419,Davidson,Nashville,9/9/2018 7:26:00 PM,2,3,0,36.156800,-86.618210,BELL RD,,,,1736.00,Feet,East,BELL RD PVTDR,,,,0.00,N,Not at Intersection,N,Non-Junction,None,,,         ,Seth,Vaughn,Clear,HeadOn,no,no,no,no,no,False
102139742,METROPOLITAN NASHVILLE POLICE DEPT,20180772586,Davidson,Nashville,9/9/2018 8:50:00 PM,1,2,0,36.061940,-86.727340,SOUTHCREST DR,,,,165.00,Feet,East,CHERRYWOOD DR,,,,0.00,N,Not at Intersection,N,Non-Junction,None,,,         ,Brandon,Hughes,Rain,Not Collision with Motor Vehicle in Transport,no,no,no,no,no,False
102139775,METROPOLITAN NASHVILLE POLICE DEPT,20180772753,Davidson,Nashville,9/9/2018 9:26:00 PM,2,0,0,36.178970,-86.881500,HERMITAGE PLZ,,,,333.00,Feet,East,TUNE AIRPORT DR,,,,0.00,N,Not at Intersection, ,Non-Junction,None,,,         ,Cesar,Rocha,Clear,Front to Rear,no,no,no,no,no,False
102139776,METROPOLITAN NASHVILLE POLICE DEPT,20180772439,Davidson,Nashville,9/9/2018 7:30:00 PM,1,0,0,36.191430,-86.630800,HICKORY HILL LN,,,,473.00,Feet,South,BONNASIDE DR,,,,0.00,N,Not at Intersection, ,Non-Junction,None,,,         ,Abbey,Sawl,Clear,Not Collision with Motor Vehicle in Transport,no,no,no,yes,no,False
102139777,METROPOLITAN NASHVILLE POLICE DEPT,20180772578,Davidson,Nashville,9/9/2018 8:12:00 PM,1,0,0,36.230380,-86.588370,SAUNDERSVILLE RD,,,,52.00,Feet,West,TYNE BLVD,,,,0.00,N,Not at Intersection,N,Non-Junction,None,,,         ,Abbey,Sawl,Clear,Not Collision with Motor Vehicle in Transport,no,no,no,yes,no,False
102139793,METROPOLITAN NASHVILLE POLICE DEPT,20180772341,Davidson,Not in City Limit,9/9/2018 6:41:00 PM,2,1,0,36.119750,-86.990370,OLD CHARLOTTE PKE,,,,215.00,Feet,North,OLD CHARLOTTE PKE PVTDR,,,,0.00,N,Not at Intersection,N,Non-Junction,None,,,         ,Jeremy,Huffine,Rain,Angle,no,no,no,no,no,False
102139804,METROPOLITAN NASHVILLE POLICE DEPT,20180772782,Davidson,Nashville,9/9/2018 6:20:00 PM,1,0,0,36.195220,-86.598940,CHANDLER RD,,,,649.00,Feet,East,STONERS GLEN CT,,,,0.00,N,Not at Intersection,N,Non-Junction,None,,,         ,Meghan,Pope,Clear,Not Collision with Motor Vehicle in Transport,no,no,no,yes,no,False
102139818,GOODLETTSVILLE POLICE DEPT,18-31949,Davidson,Goodlettsville,9/9/2018 3:40:00 AM,1,1,0,36.296840,-86.711600,ALTA LOMA RD,,,,107.00,Feet,East,COBBLESTONE PLACE DR,,,,0.00,N,Not at Intersection,N,Non-Junction,None,,,         ,Jeffrey,Petty,Rain,Not Collision with Motor Vehicle in Transport,no,no,no,no,no,False
102139824,METROPOLITAN NASHVILLE POLICE DEPT,20180773140,Davidson,Nashville,9/10/2018 1:35:00 AM,2,0,0,36.145870,-86.666510,DONELSON PKE,,,,0.00,,,,,,,0.00,,,N,Non-Junction,None,,,         ,Joseph,Zambardi,Clear,Front to Rear,no,no,no,yes,yes,False
102139884,METROPOLITAN NASHVILLE POLICE DEPT,20180773361,Davidson,Nashville,9/10/2018 3:49:00 AM,2,0,0,36.204930,-86.768830,DICKERSON PKE,,,,355.00,Feet,South,E TRINITY LN,,,,0.00,N,Not at Intersection,N,Non-Junction,None,,,         ,Shaquille,Graham,Clear,"Sideswipe, Same Direction",no,no,no,no,yes,False
102139897,METROPOLITAN NASHVILLE POLICE DEPT,20180773561,Davidson,Nashville,9/10/2018 6:00:00 AM,2,1,0,36.187060,-86.631070,LEBANON PKE,,,,0.00,Feet,,CENTRAL PKE,,,,0.00,Y,Four-Way,N,Intersection-Related,None,,,         ,Meghan,Pope,Clear,"Sideswipe, Opposite Direction",no,no,no,no,no,False
102139928,METROPOLITAN NASHVILLE POLICE DEPT,20180773721,Davidson,Nashville,9/10/2018 7:25:00 AM,2,0,0,36.154430,-86.786090,12TH AVS,,,,72.00,Feet,South,DEMONBREUN ST,,,,0.00,N,Not at Intersection, ,,None,,,         ,Samuel,Fredericks,,,no,no,no,no,no,False
102139931,METROPOLITAN NASHVILLE POLICE DEPT,20180773694,Davidson,Nashville,9/10/2018 7:19:00 AM,2,0,0,36.188580,-86.754770,MCFERRIN AV,,,,0.00,Feet,,ELLINGTON PKWYS,,,,0.00,Y,OTHER, ,Non-Junction,None,,,         ,Doyle,Price,Rain,Front to Rear,no,no,no,no,no,False
102139934,METROPOLITAN NASHVILLE POLICE DEPT,20180773622,Davidson,Nashville,9/10/2018 6:10:00 AM,2,0,0,36.081310,-86.753560,HARDING PL,,,,545.00,Feet,East,TIMBERHILL DR,,,,0.00,N,Not at Intersection,N,Non-Junction,None,,,         ,Jon,Mcvey,Cloudy,Front to Rear,no,no,no,no,no,False
102139936,METROPOLITAN NASHVILLE POLICE DEPT,20180773616,Davidson,Nashville,9/10/2018 6:40:00 AM,3,1,0,36.204330,-86.776730,I 65,,,,0.00,,,,,,,87.15,N,Not at Intersection,N,Non-Junction,None,,,         ,William,Coy,Cloudy,Front to Rear,no,no,no,no,yes,False
102139940,METROPOLITAN NASHVILLE POLICE DEPT,20180773779,Davidson,Nashville,9/10/2018 7:10:00 AM,2,0,0,36.199050,-86.798220,GREAT CIRCLE RD,,,,0.00,,,ATHENS WAY,,,,0.00,Y,T-Intersection, ,Intersection-Related,None,,,         ,Brian,Mclarty,Cloudy,Angle,no,no,no,no,no,False
102139944,METROPOLITAN NASHVILLE POLICE DEPT,20180773782,Davidson,Not in City Limit,9/10/2018 7:54:00 AM,2,0,0,36.264620,-86.690210,MYATT DR,,,,200.00,Feet,North,STATE RT 45,,,,0.00,N,Not at Intersection, ,,None,,,         ,Blake,McKay,,,no,no,no,no,no,False
102139966,METROPOLITAN NASHVILLE POLICE DEPT,20180773882,Davidson,Nashville,9/10/2018 8:26:00 AM,2,0,0,36.107500,-86.725300,NEESE DR,,,,656.00,Feet,East,I24 E ENT RAMP,,,,0.00,N,Not at Intersection, ,"Driveway, Alley Access, etc",None,,,         ,Amy,Hirschmann,Clear,Angle,no,no,no,no,no,False
102139968,METROPOLITAN NASHVILLE POLICE DEPT,20180773807,Davidson,Not in City Limit,9/10/2018 8:00:00 AM,1,2,0,36.085250,-86.972010,HIGHWAY 70S,,,,1676.00,Feet,West,SADDLE RIDGE CT,,,,0.00,N,Not at Intersection,N,Non-Junction,None,,,         ,Curtis,Rich,Cloudy,Not Collision with Motor Vehicle in Transport,no,no,no,no,no,False
102139974,METROPOLITAN NASHVILLE POLICE DEPT,20180773671,Davidson,Madison,9/10/2018 7:10:00 AM,2,0,0,36.263330,-86.711830,GALLATIN PKEN,,,,98.00,Feet,North,STATE RT 45,,,,0.00,N,Not at Intersection, ,Non-Junction,None,,,         ,Samuel,Kersten,Cloudy,Front to Rear,no,no,no,no,no,False
102139979,METROPOLITAN NASHVILLE POLICE DEPT,20180773982,Davidson,Nashville,9/10/2018 9:17:00 AM,3,0,0,36.123670,-86.773070,I 65,,,,0.00,,,,,,,80.60,N,Not at Intersection, ,Non-Junction,None,,,         ,Nathan,Kemp,Clear,Front to Rear,no,no,no,no,no,False
102139980,METROPOLITAN NASHVILLE POLICE DEPT,20180773625,Davidson,Nashville,9/10/2018 6:00:00 AM,2,0,0,36.248060,-86.742960,I 65,,,,0.00,,,,,,,91.00,N,Not at Intersection, ,Non-Junction,None,,,         ,Ashley,Coon,Cloudy,"Sideswipe, Same Direction",no,no,no,no,no,False
102139981,METROPOLITAN NASHVILLE POLICE DEPT,2018-0773836,Davidson,Nashville,9/10/2018 8:09:00 AM,3,0,0,36.141390,-86.666550,I 40,,,,0.00,,,,,,,218.00,N,Not at Intersection,N,Non-Junction,None,,,         ,Calvin,Graham,Cloudy,HeadOn,no,no,no,no,no,False
102139982,METROPOLITAN NASHVILLE POLICE DEPT,2018-0773736,Davidson,Nashville,9/10/2018 7:12:00 AM,2,0,0,36.046860,-86.777380,I 65,,,,0.00,,,,,,,75.25,N,Not at Intersection,N,Non-Junction,None,,,         ,Timothy,Edwards,Clear,"Sideswipe, Same Direction",no,no,no,no,no,False
102139985,METROPOLITAN NASHVILLE POLICE DEPT,20180773967,Davidson,Nashville,9/10/2018 9:00:00 AM,2,0,0,36.086570,-86.771510,HARDING PL,,,,135.00,Feet,East,FRANKLIN PKE,,,,0.00,N,Not at Intersection, ,Non-Junction,None,,,         ,Jon,Mcvey,Cloudy,Front to Rear,no,no,no,no,no,False
102139988,METROPOLITAN NASHVILLE POLICE DEPT,20180773705,Davidson,Nashville,9/10/2018 7:02:00 AM,2,0,0,36.158770,-86.822470,I 40,,,,0.00,,,,,,,206.00,N,Not at Intersection, ,,None,,,         ,Adam,Warren,,,no,no,no,no,no,False
102139996,METROPOLITAN NASHVILLE POLICE DEPT,2018-0773672,Davidson,Nashville,9/10/2018 7:10:00 AM,2,0,0,36.085470,-86.701710,HARDING PL,,,,88.00,Feet,West,I24 E ENT RAMP,,,,0.00,N,Not at Intersection, ,Non-Junction,None,,,         ,Stanley,Collins,Cloudy,"Sideswipe, Same Direction",no,no,no,no,no,False
102140005,METROPOLITAN NASHVILLE POLICE DEPT,20180773986,Davidson,Nashville,9/10/2018 9:15:00 AM,2,0,0,36.145990,-86.810380,WEST END AV,,,,201.00,Feet,West,NATCHEZ TRC,,,,0.00,N,Not at Intersection, ,Non-Junction,None,,,         ,David,Lang,Cloudy,"Sideswipe, Same Direction",no,no,no,no,no,Campus
102140015,METROPOLITAN NASHVILLE POLICE DEPT,20180774017,Davidson,Nashville,9/10/2018 9:38:00 AM,2,0,0,36.040220,-86.767820,OLD HICKORY BLVD,,,,164.00,Feet,East,SEVEN SPRINGS WAY,,,,0.00,N,Not at Intersection, ,Non-Junction,None,,,         ,Justin,Pinkelton,Cloudy,Front to Rear,no,no,no,no,no,False
102140017,METROPOLITAN NASHVILLE POLICE DEPT,20180773872,Davidson,Nashville,9/10/2018 7:15:00 AM,2,0,0,36.276170,-86.735290,I 65,,,,0.00,,,,,,,93.10,N,Not at Intersection, ,,None,,,         ,Ashley,Coon,,,no,no,no,no,no,False
102140026,METROPOLITAN NASHVILLE POLICE DEPT,20180774082,Davidson,Nashville,9/10/2018 10:06:00 AM,2,0,0,36.134570,-86.790160,ACKLEN AV,,,,182.00,Feet,East,14TH AVS,,,,0.00,N,Not at Intersection, ,,None,,,         ,Randy,Puckett,,,no,no,no,no,no,False
102140027,METROPOLITAN NASHVILLE POLICE DEPT,20180774023,Davidson,Nashville,9/10/2018 8:55:00 AM,2,0,0,36.078457,-86.061222,HIGH RIGGER DR,,,,100.00,Feet,South,HIGH RIGGER CT,,,,0.00,N,Not at Intersection, ,Non-Junction,None,,,         ,Brian,Ewing,Cloudy,Rear to Rear,no,no,no,no,no,False
102140031,METROPOLITAN NASHVILLE POLICE DEPT,20180773715,Davidson,Nashville,9/10/2018 12:00:00 AM,2,0,0,36.126970,-86.709500,THOMPSON PL,,,,486.00,Feet,East,MURFREESBORO PKE,,,,0.00,N,Not at Intersection,N,Non-Junction,None,,,         ,Michael,Dance,Clear,Angle,no,no,no,no,no,False
102140042,METROPOLITAN NASHVILLE POLICE DEPT,20180774025,Davidson,Nashville,9/10/2018 9:00:00 AM,1,1,0,36.154890,-86.803080,PATTERSON ST,,,,291.00,Feet,West,20TH AVN,,,,0.00,N,Not at Intersection,N,Non-Junction,None,,,         ,Justan,Vance,Cloudy,Not Collision with Motor Vehicle in Transport,yes,no,no,yes,no,False
102140044,METROPOLITAN NASHVILLE POLICE DEPT,20180774124,Davidson,Nashville,9/10/2018 10:30:00 AM,2,0,0,36.149410,-86.782400,I 40,,,,0.00,,,,,,,209.70,N,Not at Intersection, ,Non-Junction,None,,,         ,Samuel,Fredericks,Cloudy,"Sideswipe, Same Direction",no,no,no,no,no,False
102140048,METROPOLITAN NASHVILLE POLICE DEPT,20180774143,Davidson,Nashville,9/10/2018 10:35:00 AM,2,0,0,36.081860,-86.761850,I65 N EXT RAMP,,,,0.00,Feet,East,SIDCO DR,,,,0.00,N,Not at Intersection, ,Non-Junction,None,,,         ,Jon,Mcvey,Cloudy,Front to Rear,no,no,no,no,no,False
102140060,METROPOLITAN NASHVILLE POLICE DEPT,20180774144,Davidson,Nashville,9/10/2018 10:42:00 AM,2,1,0,36.198440,-86.620270,LEBANON PKE,,,,0.00,,,OLD HICKORY BLVD,,,,0.00,Y,Four-Way,N,Intersection,None,,,         ,Michael,Dance,Cloudy,Front to Rear,no,no,no,no,no,False
102140064,METROPOLITAN NASHVILLE POLICE DEPT,20180773686,Davidson,Nashville,9/10/2018 7:15:00 AM,2,0,0,36.109770,-86.744590,NOLENSVILLE PKE,,,,0.00,,,COLLIER AV,,,,0.00,Y,T-Intersection,N,Non-Junction,None,,,         ,Honorio,Canchola,Clear,Other,no,no,no,no,no,False
102140066,METROPOLITAN NASHVILLE POLICE DEPT,20180773662,Davidson,Antioch,9/10/2018 7:05:00 AM,2,0,0,36.016210,-86.622320,I 24,,,,0.00,,,,,,,62.40,N,Not at Intersection, ,Non-Junction,None,,,         ,Jessie,Meadows,Clear,Front to Rear,no,no,no,no,no,False
102140067,METROPOLITAN NASHVILLE POLICE DEPT,20180774136,Davidson,Nashville,9/10/2018 10:26:00 AM,2,0,0,36.173220,-86.601470,CENTRAL PKE,,,,242.00,Feet,East,OLD HICKORY BLVD,,,,0.00,N,Not at Intersection, ,Non-Junction,None,,,         ,Michael,Dance,Cloudy,Front to Rear,no,no,no,no,no,False
102140089,METROPOLITAN NASHVILLE POLICE DEPT,20180774327,Davidson,Nashville,9/10/2018 12:00:00 PM,2,0,0,36.114050,-86.812310,VALLEY BROOK RD,,,,0.00,,,WOODMONT BLVD,,,,0.00,Y,T-Intersection, ,Intersection-Related,None,,,         ,Curtis,Rich,Cloudy,Angle,no,no,no,no,no,False
102140093,Nashville Airport Police,18-03616,Davidson,Nashville,9/10/2018 11:48:00 AM,2,0,0,36.139570,-86.724920,I40 E ENT RAMP,,,,0.00,,,I 40,,,,0.00,Y,OTHER, ,Non-Junction,None,,,         ,George,Youssef,Clear,Front to Rear,no,no,no,no,no,False
102140101,METROPOLITAN NASHVILLE POLICE DEPT,20180774333,Davidson,Nashville,9/10/2018 12:00:00 PM,2,0,0,36.062900,-86.637590,BELL RD,,,,164.00,Feet,South,RICE RD,,,,0.00,N,Not at Intersection, ,Non-Junction,None,,,         ,Jason,Hees,Clear,"Sideswipe, Same Direction",no,no,no,no,no,False
102140102,METROPOLITAN NASHVILLE POLICE DEPT,20180774210,Davidson,Nashville,9/10/2018 11:08:00 AM,2,0,0,36.037400,-86.786570,FRANKLIN PKE,,,,0.00,,,OLD HICKORY BLVD,,,,0.00,Y,Four-Way,Y,Intersection,None,,,         ,Raymond,Flaherty,Cloudy,"Sideswipe, Same Direction",no,no,no,no,yes,False
102140124,METROPOLITAN NASHVILLE POLICE DEPT,20180774495,Davidson,Nashville,9/10/2018 12:15:00 PM,2,0,0,36.105770,-86.817220,ABBOTT MARTIN RD,,,,0.00,,,,,,,0.00,,, ,Non-Junction,None,,,         ,Curtis,Rich,Cloudy,Angle,no,no,no,yes,yes,False
102140130,METROPOLITAN NASHVILLE POLICE DEPT,20180774486,Davidson,Nashville,9/10/2018 1:06:00 PM,2,1,0,36.046860,-86.647900,MT VIEW RD,,,,81.00,Feet,South,BELL FORGE LNE,,,,0.00,N,Not at Intersection,N,Non-Junction,None,,,         ,Jessie,Meadows,Clear,Front to Rear,no,no,no,no,yes,False
102140151,METROPOLITAN NASHVILLE POLICE DEPT,2018774221,Davidson,Nashville,9/10/2018 9:03:00 AM,2,0,0,36.178870,-86.770780,MERIDIAN ST,,,,109.00,Feet,West,LISCHEY PL,,,,0.00,N,Not at Intersection, ,Non-Junction,None,,,         ,Russell,Freeman,Cloudy,"Sideswipe, Same Direction",no,no,no,no,no,False
102140163,METROPOLITAN NASHVILLE POLICE DEPT,20180774219,Davidson,Nashville,9/10/2018 11:00:00 AM,5,0,0,36.157260,-86.789440,GRUNDY ST,,,,76.00,Feet,East,GEORGE L DAVIS BLVD,,,,0.00,N,Not at Intersection,N,Non-Junction,None,,,         ,Michael,Evans,Cloudy,"Sideswipe, Opposite Direction",no,no,no,no,yes,False
102140172,METROPOLITAN NASHVILLE POLICE DEPT,20180773773,Davidson,Not in City Limit,9/10/2018 7:49:00 AM,2,0,0,36.268540,-86.736910,I 65,,,,0.00,,,,,,,92.55,N,Not at Intersection, ,Non-Junction,None,,,         ,Brandon,Wood,Clear,"Sideswipe, Same Direction",no,no,no,no,no,False
102140197,METROPOLITAN NASHVILLE POLICE DEPT,20180773674,Davidson,Nashville,9/10/2018 7:12:00 AM,1,1,0,36.045200,-86.715200,OLD HICKORY BLVD,,,,146.00,Feet,West,BRENTWOOD EAST DR,,,,0.00,N,Not at Intersection,N,OtherLocation,None,,,         ,Raymond,Flaherty,Cloudy,Not Collision with Motor Vehicle in Transport,yes,no,no,yes,no,False
102140319,METROPOLITAN NASHVILLE POLICE DEPT,20180774743,Davidson,Not in City Limit,9/10/2018 3:00:00 PM,2,0,0,36.077980,-86.948920,HIGHWAY 70S,,,,55.00,Feet,East,BELLEVUE CTR PVTDR,,,,0.00,N,Not at Intersection, ,,None,,,         ,Gardiner,Bradley,,,no,no,no,no,no,False
102140328,METROPOLITAN NASHVILLE POLICE DEPT,20180774698,Davidson,Nashville,9/10/2018 12:00:00 AM,2,0,0,36.178820,-86.800660,I 65,,,,0.00,,,,,,,84.90,N,Not at Intersection, ,,None,,,         ,Melvin,Taylor,,,no,no,no,no,no,False
102140331,Nashville Airport Police,18-03611,Davidson,Nashville,9/10/2018 9:15:00 AM,2,0,0,36.137170,-86.664870,SATELLITE WAY,,,,0.00,,,SATELLITE WAY ENT RAMP,,,,0.00,Y,T-Intersection,Y,Intersection,None,,,         ,Mark,Lawrence,Cloudy,Other,no,no,no,no,no,False
102140339,METROPOLITAN NASHVILLE POLICE DEPT,20180774862,Davidson,Nashville,9/10/2018 3:59:00 PM,2,3,0,36.151990,-86.690800,ELM HILL PKE,,,,138.00,Feet,East,ELM HILL PKE WB EXT RAMP,,,,0.00,N,Not at Intersection,N,Non-Junction,None,,,         ,Thomas,Odom,Clear,Front to Rear,no,no,no,no,no,False
102140345,METROPOLITAN NASHVILLE POLICE DEPT,20180768298,Davidson,Nashville,9/7/2018 9:06:00 PM,2,0,0,36.150070,-86.761350,CLAIBORNE ST,,,,325.00,Feet,South,CANNON ST,,,,0.00,N,Not at Intersection,N,Non-Junction,None,,,         ,Christopher,Augustin,Cloudy,Angle,no,no,no,yes,yes,False
102140404,METROPOLITAN NASHVILLE POLICE DEPT,20180774968,Davidson,Nashville,9/10/2018 3:26:00 PM,2,0,0,36.060420,-86.640210,BELL RD,,,,87.00,Feet,South,HICKORY HIGHLANDS DR,,,,0.00,N,Not at Intersection, ,Non-Junction,None,,,         ,Devonte,Coleman,Cloudy,Front to Rear,no,no,no,no,no,False
102140406,METROPOLITAN NASHVILLE POLICE DEPT,20180775004,Davidson,Nashville,9/10/2018 4:51:00 PM,2,1,0,36.070290,-86.684540,ANTIOCH PKE,,,,0.00,,,HAYWOOD LN,,,,0.00,Y,Y-Intersection,N,Intersection,None,,,         ,Taylor,Hurley,Cloudy,Angle,no,no,no,no,yes,False
102140412,METROPOLITAN NASHVILLE POLICE DEPT,20180775033,Davidson,Nashville,9/10/2018 4:42:00 PM,2,0,0,36.045800,-86.855760,OLD HICKORY BLVD,,,,100.00,Feet,West,WILDWOOD VALLEY DR,,,,0.00,N,Not at Intersection, ,Non-Junction,None,,,         ,Richard,Luellen,Cloudy,Front to Rear,no,no,no,no,no,False
102140414,METROPOLITAN NASHVILLE POLICE DEPT,20180775071,Davidson,Nashville,9/10/2018 4:50:00 PM,2,0,0,36.155780,-86.789370,BROADWAY,,,,0.00,Feet,West,I40 E ENT RAMP,,,,0.00,N,Not at Intersection, ,Non-Junction,None,,,         ,Darryl,Williams,Clear,"Sideswipe, Same Direction",no,no,no,no,no,False