master_record_number,agency,agency_tracking_number,county,city,collision_date,vehicles_involved,number_injured,number_dead,latitude,longitude,roadway_name,roadway_suffix,roadway_number,roadway_local_id,distance_from_reference,miles-feet_indicator,direction_from_reference,intersection_road_name,intersection_road_name_suffix,intersection_road_number,intersection_local_id,mile_marker,intersection_indicator,intersect_type,interchange_related_indicator,relation_to_junction,work_zone_type,construction_maintenance_zone,construction_maintenance_zone_location,fatal_case_number,officer_first_name,officer_last_name,weather_condition(s),manner_of_crash,pedestrian,bicycle,scooter,parking,hitrun,mou
102142623,METROPOLITAN NASHVILLE POLICE DEPT,20180781110,Davidson,Nashville,9/12/2018 5:24:00 PM,2,0,0,36.040840,-86.773470,OAKES DR,,,,0.00,,,HEALTH PARK DR,,,,0.00,Y,Four-Way, ,Intersection,None,,,         ,Brandon,Hughes,Clear,Angle,no,no,no,no,no,False
102142624,METROPOLITAN NASHVILLE POLICE DEPT,20180781414,Davidson,Nashville,9/12/2018 6:10:00 PM,2,0,0,36.066430,-86.737950,EDMONDSON PKE,,,,141.00,Feet,North,WHITFIELD PARK PVTDR,,,,0.00,N,Not at Intersection,N,Non-Junction,None,,,         ,Brandon,Hughes,Clear,Angle,no,no,no,no,yes,False
102142625,METROPOLITAN NASHVILLE POLICE DEPT,20180781178,Davidson,Nashville,9/12/2018 4:18:00 PM,2,1,0,36.080510,-86.685890,ANTIOCH PKE,,,,75.00,Feet,West,FRANKLIN LIMESTONE RD,,,,0.00,N,Not at Intersection,N,Non-Junction,None,,,         ,Marcus,Darden,Clear,"Sideswipe, Same Direction",no,no,no,no,no,False
102142643,METROPOLITAN NASHVILLE POLICE DEPT,20180781563,Davidson,Nashville,9/12/2018 8:17:00 PM,2,0,0,36.122510,-86.727640,I 24,,,,0.00,,,,,,,52.75,N,Not at Intersection,N,Non-Junction,None,,,         ,YUNUS,ADAK,Clear,Angle,no,no,no,no,no,False
102142656,METROPOLITAN NASHVILLE POLICE DEPT,20180781026,Davidson,Not in City Limit,9/12/2018 4:50:00 PM,1,1,0,36.081960,-86.958520,HIGHWAY 70S,,,,0.00,,,,,,,0.00,,,N,Non-Junction,None,,,         ,Gardiner,Bradley,Clear,Not Collision with Motor Vehicle in Transport,no,no,no,no,no,False
102142657,METROPOLITAN NASHVILLE POLICE DEPT,20180781364,Davidson,Antioch,9/12/2018 7:09:00 PM,2,1,0,36.045250,-86.609100,MURFREESBORO PKE,,,,0.00,Feet,,MOUNTAIN SPRINGS RD,,,,0.00,Y,Four-Way,N,Intersection,None,,,         ,Nathaniel,Myers,Clear,Angle,no,no,no,no,no,False
102142658,METROPOLITAN NASHVILLE POLICE DEPT,20180781110,Davidson,Nashville,9/12/2018 5:24:00 PM,2,2,0,36.038180,-86.786360,FRANKLIN PKE,,,,290.00,Feet,North,FRANKLIN PIKE CIR,,,,0.00,N,Not at Intersection,N,Non-Junction,None,,,         ,Nicholas,Carroll,Clear,Other,no,no,no,no,no,False
102142659,THP District 3 - Nashville,318061636,Davidson,Nashville,9/12/2018 4:35:00 PM,4,2,0,36.141870,-86.712450,I 40,,,,0.00,,,,,,,214.05,N,Not at Intersection,N,Non-Junction,None,,,         ,William,Miller,Clear,Front to Rear,no,no,no,no,no,False
102142662,METROPOLITAN NASHVILLE POLICE DEPT,20180781633,Davidson,Nashville,9/12/2018 6:14:00 PM,2,0,0,36.041610,-86.749250,OLD HICKORY BLVD,,,,0.00,,,HILL RD,,,,0.00,Y,T-Intersection, ,Intersection,None,,,         ,Akira,McSwain,Clear,Front to Rear,no,no,no,no,yes,False
102142713,METROPOLITAN NASHVILLE POLICE DEPT,20180781737,Davidson,Nashville,9/12/2018 12:00:00 AM,2,0,0,36.178350,-86.820010,DELK AV,,,,220.00,Feet,West,26TH AVN,,,,0.00,N,Not at Intersection, ,Non-Junction,None,,,         ,Melvin,Taylor,Clear,Unknown,no,no,no,no,yes,False
102142716,METROPOLITAN NASHVILLE POLICE DEPT,20180781601,Davidson,Nashville,9/12/2018 6:30:00 PM,2,0,0,36.231250,-86.724930,HAYSBORO AV,,,,0.00,,,GALLATIN PKE,,,,0.00,Y,T-Intersection, ,Intersection-Related,None,,,         ,Alexander,Georgeson,Clear,Front to Rear,no,no,no,no,yes,False
102142725,METROPOLITAN NASHVILLE POLICE DEPT,20180781539,Davidson,Nashville,9/12/2018 8:00:00 PM,2,1,0,36.105890,-86.922200,BELLE VALLEY DR,,,,0.00,,,OLD HICKORY BLVD,,,,0.00,Y,T-Intersection,N,Non-Junction,None,,,         ,Alan,Digruttolo,Clear,Front to Rear,no,no,no,no,no,False
102142726,METROPOLITAN NASHVILLE POLICE DEPT,20180781615,Davidson,Nashville,9/12/2018 8:36:00 PM,2,0,0,36.107180,-86.629800,NED SHELTON RD,,,,0.00,,,BELL RD,,,,0.00,Y,T-Intersection,N,Intersection-Related,None,,,         ,Kimberly,Annson,Clear,Other,no,no,no,no,no,False
102142727,METROPOLITAN NASHVILLE POLICE DEPT,20180781491,Davidson,Nashville,9/12/2018 6:00:00 PM,2,0,0,36.152680,-86.787120,I40 W EXT RAMP,,,,0.00,Feet,East,I 40,,,,0.00,N,Not at Intersection, ,Non-Junction,None,,,         ,Brandon,O'Guin,Clear,"Sideswipe, Same Direction",no,no,no,no,no,False
102142738,METROPOLITAN NASHVILLE POLICE DEPT,20180781410,Davidson,Nashville,9/12/2018 7:05:00 PM,4,0,0,36.041140,-86.776210,OLD HICKORY BLVD,,,,0.00,,,BRENTWOOD TRC,,,,0.00,Y,Four-Way,N,Intersection,None,,,         ,Richard,Luellen,Clear,Angle,no,no,no,no,no,False
102142739,METROPOLITAN NASHVILLE POLICE DEPT,20180781225,Davidson,Nashville,9/12/2018 5:40:00 PM,2,1,0,36.117850,-86.703270,WINTHORNE DR,,,,0.00,Feet,West,MCDONALD DR,,,,0.00,N,Not at Intersection,N,Non-Junction,None,,,         ,Aimee,Ortiz,Clear,"Sideswipe, Same Direction",no,no,no,no,no,False
102142833,METROPOLITAN NASHVILLE POLICE DEPT,20180782135,Davidson,Nashville,9/13/2018 12:15:00 AM,2,0,0,36.183650,-86.610660,OLD HICKORY BLVD,,,,0.00,,,ANDREW JACKSON PKWY,,,,0.00,Y,Four-Way,N,Intersection,None,,,         ,Leonard,Spadavecchia,Clear,Angle,no,no,no,no,no,False
102142868,METROPOLITAN NASHVILLE POLICE DEPT,20180782560,Davidson,Nashville,9/13/2018 12:00:00 AM,1,0,0,36.068920,-86.703180,LOCUSTWOOD DR,,,,0.00,,,HAYWOOD LN,,,,0.00,Y,T-Intersection,N,Non-Junction,None,,,         ,David,Simmonds,Clear,Not Collision with Motor Vehicle in Transport,no,no,no,no,yes,False
102142873,METROPOLITAN NASHVILLE POLICE DEPT,20180782659,Davidson,Nashville,9/13/2018 4:25:00 AM,1,1,0,36.130670,-86.817220,I 440,,,,0.00,,,,,,,2.00,N,Not at Intersection,N,Non-Junction,None,,,         ,Eric,Westbrook,Clear,Not Collision with Motor Vehicle in Transport,no,no,no,no,no,False
102142893,METROPOLITAN NASHVILLE POLICE DEPT,20180782665,Davidson,Nashville,9/13/2018 4:18:00 AM,2,0,0,36.256110,-86.714420,GALLATIN PKES,,,,31.00,Feet,South,NEELYS BEND RD,,,,0.00,N,Not at Intersection,N,Non-Junction,None,,,         ,Chad,Mahoney,Clear,"Sideswipe, Opposite Direction",no,no,no,no,no,False
102142938,METROPOLITAN NASHVILLE POLICE DEPT,20180762687,Davidson,Nashville,9/6/2018 6:00:00 AM,2,0,0,36.164230,-86.777730,CHURCH ST,,,,0.00,,,3RD AVN,,,,0.00,Y,Four-Way, ,Intersection,None,,,         ,Damon,Hutcheson,Clear,Angle,no,no,no,no,no,False
102142977,METROPOLITAN NASHVILLE POLICE DEPT,20180780376,Davidson,Nashville,9/12/2018 12:15:00 PM,2,0,0,36.154710,-86.773120,LEA AV,,,,0.00,,,4TH AVS,,,,0.00,Y,Four-Way, ,Intersection,None,,,         ,Wesley,Henderson,Clear,Angle,no,no,no,no,no,False
102142992,METROPOLITAN NASHVILLE POLICE DEPT,20180782983,Davidson,Nashville,9/13/2018 12:00:00 AM,2,0,0,36.158260,-86.854430,MORROW RD,,,,150.00,Feet,East,MICHIGAN AV,,,,0.00,N,Not at Intersection, ,Non-Junction,None,,,         ,Curtis,Rich,Unknown,Angle,no,no,no,no,yes,False
102143012,METROPOLITAN NASHVILLE POLICE DEPT,20180782932,Davidson,Nashville,9/13/2018 7:35:00 AM,2,0,0,36.082780,-86.628700,MOSSDALE DR,,,,0.00,,,BELL RD,,,,0.00,Y,Four-Way,N,Intersection,None,,,         ,William,Mckay,Clear,Angle,no,no,no,no,no,False
102143029,METROPOLITAN NASHVILLE POLICE DEPT,20180782867,Davidson,Nashville,9/13/2018 7:10:00 AM,2,0,0,36.153640,-86.756600,I 40,,,,0.00,,,,,,,211.20,N,Not at Intersection,N,Non-Junction,None,,,         ,Tien,Nguyen,Clear,"Sideswipe, Same Direction",no,no,no,no,yes,False
102143030,METROPOLITAN NASHVILLE POLICE DEPT,20180783014,Davidson,Nashville,9/13/2018 8:10:00 AM,2,0,0,36.142060,-86.674120,I40 W ENT RAMP,,,,0.00,Feet,East,I 40,,,,0.00,N,Not at Intersection,N,Non-Junction,None,,,         ,Tien,Nguyen,Clear,Front to Rear,no,no,no,no,no,False
102143042,METROPOLITAN NASHVILLE POLICE DEPT,20180776973,Davidson,Nashville,9/11/2018 9:50:00 AM,2,1,0,36.170270,-86.772860,N 1ST ST,,,,0.00,,,MAIN ST,,,,0.00,Y,OTHER,N,Intersection,None,,,         ,Cody,O'Quinn,Cloudy,Angle,no,no,no,no,no,False
102143044,METROPOLITAN NASHVILLE POLICE DEPT,20180782899,Davidson,Nashville,9/13/2018 7:13:00 AM,2,1,0,36.138170,-86.699970,BRILEY PKWYN,,,,350.00,Feet,North,GLASTONBURY RD,,,,0.00,N,Not at Intersection,N,Non-Junction,None,,,         ,Terry,Denton,Clear,Front to Rear,no,no,no,no,no,False
102143058,METROPOLITAN NASHVILLE POLICE DEPT,20180780413,Davidson,Nashville,9/12/2018 12:45:00 PM,2,0,0,36.157720,-86.772470,2ND AVS,,,,105.00,Feet,South,KOREAN VETERANS BLVD,,,,0.00,N,Not at Intersection, ,Non-Junction,None,,,         ,Cody,O'Quinn,Clear,"Sideswipe, Same Direction",no,no,no,no,no,False
102143061,METROPOLITAN NASHVILLE POLICE DEPT,20180782961,Davidson,Nashville,9/13/2018 7:43:00 AM,2,0,0,36.096240,-86.655750,MURFREESBORO PKE,,,,46.00,Feet,West,SMITH SPRINGS RD,,,,0.00,N,Not at Intersection,N,Non-Junction,None,,,         ,Jessie,Meadows,Clear,Angle,no,no,no,no,no,False
102143062,METROPOLITAN NASHVILLE POLICE DEPT,20180783105,Davidson,Nashville,9/13/2018 8:50:00 AM,2,0,0,36.147040,-86.757150,LAFAYETTE ST,,,,247.00,Feet,East,FAIRFIELD AV,,,,0.00,N,Not at Intersection,N,Non-Junction,None,,,         ,Tien,Nguyen,Clear,Front to Rear,no,no,no,no,no,False
102143065,METROPOLITAN NASHVILLE POLICE DEPT,20180783146,Davidson,Nashville,9/13/2018 9:08:00 AM,2,1,0,36.155510,-86.765920,HERMITAGE AV,,,,0.00,,,ACADEMY PL,,,,0.00,Y,Four-Way, ,Non-Junction,None,,,         ,Michael,Schlegel,Clear,Front to Rear,no,no,no,no,no,False
102143066,METROPOLITAN NASHVILLE POLICE DEPT,20180782963,Davidson,Nashville,9/13/2018 7:55:00 AM,2,0,0,36.159680,-86.788010,CHURCH ST,,,,676.00,Feet,West,10TH AVN,,,,0.00,N,Not at Intersection, ,Non-Junction,None,,,         ,Cody,O'Quinn,Clear,Front to Rear,no,no,no,no,no,False
102143074,METROPOLITAN NASHVILLE POLICE DEPT,20180783253,Davidson,Nashville,9/13/2018 9:53:00 AM,2,0,0,36.148010,-86.744840,I 40,,,,0.00,,,,,,,212.00,N,Not at Intersection, ,Non-Junction,None,,,         ,Thomas,Odom,Clear,Front to Rear,no,no,no,no,no,False
102143092,METROPOLITAN NASHVILLE POLICE DEPT,20180783166,Davidson,Nashville,9/13/2018 9:19:00 AM,2,1,0,36.199490,-86.620590,LEBANON PKE WB EXT RAMP,,,,0.00,,,OLD HICKORY BLVD,,,,0.00,Y,Four-Way,N,Intersection-Related,None,,,         ,William,Mckay,Clear,"Sideswipe, Same Direction",no,no,no,no,no,False
102143101,METROPOLITAN NASHVILLE POLICE DEPT,20180783264,Davidson,Nashville,9/13/2018 9:28:00 AM,2,0,0,36.156180,-86.805480,21ST AVN,,,,185.00,Feet,South,CHARLOTTE AV,,,,0.00,N,Not at Intersection,N,Non-Junction,None,,,         ,Brandon,Harbaugh,Clear,Unknown,no,no,no,no,yes,False
102143103,METROPOLITAN NASHVILLE POLICE DEPT,20180783128,Davidson,Nashville,9/13/2018 9:02:00 AM,2,0,0,36.154450,-86.842330,46TH AVN,,,,0.00,,,DELAWARE AV,,,,0.00,Y,Four-Way, ,Intersection,None,,,         ,Ty,Cummings,Clear,"Sideswipe, Same Direction",no,no,no,no,no,False
102143126,METROPOLITAN NASHVILLE POLICE DEPT,20180783306,Davidson,Not in City Limit,9/13/2018 10:20:00 AM,2,0,0,36.079300,-86.949850,BELLEVUE CTR PVTDR,,,,0.00,Feet,East,HIGHWAY 70S,,,,0.00,N,Not at Intersection, ,Non-Junction,None,,,         ,Wesley,Tilley,Clear,"Sideswipe, Opposite Direction",no,no,no,no,no,False
102143139,METROPOLITAN NASHVILLE POLICE DEPT,20180782865,Davidson,Nashville,9/13/2018 7:02:00 AM,3,1,0,36.244110,-86.747610,I 65,,,,0.00,,,,,,,90.65,N,Not at Intersection,N,Non-Junction,None,,,         ,Blake,McKay,Clear,Front to Rear,no,no,no,no,no,False
102143141,METROPOLITAN NASHVILLE POLICE DEPT,20180783247,Davidson,Nashville,9/13/2018 9:57:00 AM,3,1,0,36.136040,-86.775580,I 65,,,,0.00,,,,,,,81.50,N,Not at Intersection,N,Non-Junction,None,,,         ,Randy,Puckett,Clear,Front to Rear,no,no,no,no,no,False
102143145,METROPOLITAN NASHVILLE POLICE DEPT,20180783344,Davidson,Nashville,9/13/2018 10:33:00 AM,1,0,0,36.123900,-86.848890,ROYAL OAKS CONDOS PVTDR,,,,58.00,Feet,South,HARDING PKE,,,,0.00,N,Not at Intersection,N,Non-Junction,None,,,         ,Curtis,Rich,Clear,Not Collision with Motor Vehicle in Transport,no,no,no,yes,no,False
102143171,METROPOLITAN NASHVILLE POLICE DEPT,20180783265,Davidson,Nashville,9/13/2018 8:12:00 AM,2,0,0,36.194490,-86.752780,ELLINGTON PKWYS,,,,293.00,Feet,South,ELLINGTON PKWY S EXT RAMP,,,,0.00,N,Not at Intersection, ,Non-Junction,None,,,         ,William,Clemons,Clear,Front to Rear,no,no,no,no,no,False
102143172,METROPOLITAN NASHVILLE POLICE DEPT,20180782854,Davidson,Nashville,9/13/2018 6:55:00 AM,2,0,0,36.080240,-86.758460,TROUSDALE DR,,,,232.00,Feet,North,RICHMAR DR,,,,0.00,N,Not at Intersection,N,Non-Junction,None,,,         ,Jon,Mcvey,Clear,Front to Rear,no,no,no,no,no,False
102143173,METROPOLITAN NASHVILLE POLICE DEPT,20180782976,Davidson,Nashville,9/13/2018 7:37:00 AM,2,0,0,36.067700,-86.770460,I 65,,,,0.00,,,,,,,76.80,N,Not at Intersection, ,Non-Junction,None,,,         ,Jon,Mcvey,Clear,Front to Rear,no,no,no,no,no,False
102143174,METROPOLITAN NASHVILLE POLICE DEPT,20180783174,Davidson,Nashville,9/13/2018 9:14:00 AM,2,0,0,36.119580,-86.808750,HILLSBORO PKE,,,,0.00,,,STOKES LN,,,,0.00,Y,T-Intersection,N,Intersection,Work Zone,Other,Activity Area,         ,Jon,Mcvey,Clear,Angle,no,no,no,no,no,False
102143175,METROPOLITAN NASHVILLE POLICE DEPT,20180783216,Davidson,Nashville,9/13/2018 9:30:00 AM,2,1,0,36.119400,-86.766920,I 440,,,,0.00,,,,,,,5.35,N,Not at Intersection, ,Non-Junction,None,,,         ,Jon,Mcvey,Clear,Front to Rear,no,no,no,no,no,False
102143180,METROPOLITAN NASHVILLE POLICE DEPT,20180783409,Davidson,Nashville,9/13/2018 11:00:00 AM,2,0,0,36.043720,-86.712540,NOLENSVILLE PKE,,,,0.00,,,,,,,0.00,,, ,Non-Junction,None,,,         ,Jason,Hees,Clear,Angle,no,no,no,yes,yes,False
102143181,METROPOLITAN NASHVILLE POLICE DEPT,20180783326,Davidson,Nashville,9/13/2018 10:10:00 AM,2,0,0,36.086930,-86.777870,BATTERY LN,,,,0.00,,,CHURCHWOOD DR,,,,0.00,Y,T-Intersection,N,Intersection,None,,,         ,Earl,Davis,Clear,Front to Rear,no,no,no,no,no,False
102143184,METROPOLITAN NASHVILLE POLICE DEPT,20180783379,Davidson,Nashville,9/13/2018 10:59:00 AM,2,2,0,36.176410,-86.596090,ROCKWOOD DR,,,,421.00,Feet,East,SADDLESTONE DR,,,,0.00,N,Not at Intersection,N,Non-Junction,None,,,         ,Joshua,Hausman,Clear,HeadOn,no,no,no,no,no,False
102143189,METROPOLITAN NASHVILLE POLICE DEPT,20180783517,Davidson,Nashville,9/13/2018 11:19:00 AM,1,0,0,36.118680,-86.913490,I 40,,,,0.00,,,,,,,199.95,N,Not at Intersection, ,,None,,,         ,Curtis,Rich,,,no,no,no,no,no,False
102143192,METROPOLITAN NASHVILLE POLICE DEPT,20180783392,Davidson,Nashville,9/13/2018 11:02:00 AM,1,1,0,36.222180,-86.693900,BRILEY PKWYS,,,,868.00,Feet,North,MUSIC CITY CIR,,,,0.00,N,Not at Intersection,N,Non-Junction,None,,,         ,Thomas,Odom,Clear,Not Collision with Motor Vehicle in Transport,no,no,no,no,no,False
102143193,METROPOLITAN NASHVILLE POLICE DEPT,20180783432,Davidson,Nashville,9/13/2018 11:01:00 AM,2,0,0,36.141280,-86.731850,I 40,,,,0.00,,,,,,,213.00,N,Not at Intersection,N,Non-Junction,None,,,         ,Thomas,Odom,Clear,Front to Rear,no,no,no,no,no,False
102143248,METROPOLITAN NASHVILLE POLICE DEPT,20180783399,Davidson,Nashville,9/13/2018 10:31:00 AM,1,0,0,36.152440,-86.857660,I 40,,,,0.00,,,,,,,204.00,N,Not at Intersection, ,Non-Junction,None,,,         ,Ty,Cummings,Clear,Not Collision with Motor Vehicle in Transport,no,no,no,no,no,False
102143259,METROPOLITAN NASHVILLE POLICE DEPT,20180783410,Davidson,Nashville,9/13/2018 10:52:00 AM,2,1,0,36.086580,-86.771970,FRANKLIN PKE,,,,0.00,,,HARDING PL,,,,0.00,Y,Four-Way,Y,Intersection-Related,None,,,         ,Samuel,Miller,Clear,Front to Rear,no,no,no,no,yes,False
102143260,METROPOLITAN NASHVILLE POLICE DEPT,20180783438,Davidson,Nashville,9/13/2018 11:30:00 AM,2,1,0,36.183650,-86.610660,OLD HICKORY BLVD,,,,0.00,,,ANDREW JACKSON PKWY,,,,0.00,Y,Four-Way,N,Intersection-Related,None,,,         ,William,Mckay,Clear,Front to Rear,no,no,no,no,no,False
102143263,METROPOLITAN NASHVILLE POLICE DEPT,20180783625,Davidson,Not in City Limit,9/13/2018 12:19:00 PM,1,0,0,36.001840,-87.030380,OLD HARDING PKE,,,,276.00,Feet,West,BIG EAST FORK RD,,,,0.00,N,Not at Intersection,N,Non-Junction,None,,,         ,Curtis,Rich,Clear,Not Collision with Motor Vehicle in Transport,no,no,no,no,no,False
102143277,METROPOLITAN NASHVILLE POLICE DEPT,20180783008,Davidson,Nashville,9/13/2018 8:10:00 AM,2,0,0,36.244950,-86.746870,I65 S EXT RAMP,,,,0.00,Feet,East,I 65,,,,0.00,N,Not at Intersection, ,Non-Junction,None,,,         ,Derek,Sibley,Clear,Front to Rear,no,no,no,no,no,False
102143325,METROPOLITAN NASHVILLE POLICE DEPT,20180783462,Davidson,Nashville,9/13/2018 10:31:00 AM,1,0,0,36.152440,-86.857670,I 40,,,,0.00,,,,,,,204.00,N,Not at Intersection,N,Non-Junction,None,,,         ,Ty,Cummings,Clear,Not Collision with Motor Vehicle in Transport,no,no,no,no,no,False
102143371,METROPOLITAN NASHVILLE POLICE DEPT,20180783651,Davidson,Nashville,9/13/2018 12:45:00 PM,2,1,0,36.180980,-86.800040,I 65,,,,0.00,,,,,,,85.10,N,Not at Intersection,N,Non-Junction,None,,,         ,Kevin,Reynolds,Clear,Front to Rear,no,no,no,no,no,False
102143375,METROPOLITAN NASHVILLE POLICE DEPT,20180783706,Davidson,Nashville,9/13/2018 1:15:00 PM,2,0,0,36.143840,-86.738080,I 40,,,,0.00,,,,,,,212.60,N,Not at Intersection,N,Non-Junction,None,,,         ,Thomas,Odom,Clear,"Sideswipe, Same Direction",no,no,no,no,yes,False
102143377,METROPOLITAN NASHVILLE POLICE DEPT,2018783271,Davidson,Nashville,9/13/2018 10:05:00 AM,1,0,0,36.154600,-86.786200,DEMONBREUN ST,,,,0.00,,,12TH AVS,,,,0.00,Y,Four-Way, ,Intersection,None,,,         ,Cory,West,Clear,Not Collision with Motor Vehicle in Transport,no,no,no,no,no,False
102143387,Metro Park Police,20180783027,Davidson,Nashville,9/13/2018 8:00:00 AM,2,0,0,36.276220,-86.746850,NESBITT CT,,,,352.00,Feet,South,CURTIS DR,,,,0.00,N,Not at Intersection,Y,Non-Junction,None,,,         ,Paul,Brown,Clear,"Sideswipe, Opposite Direction",no,no,no,no,no,False
102143418,METROPOLITAN NASHVILLE POLICE DEPT,20180783761,Davidson,Nashville,9/13/2018 1:56:00 PM,2,0,0,36.110960,-86.745720,THOMPSON LN,,,,53.00,Feet,East,ELIZABETH ST,,,,0.00,N,Not at Intersection, ,Non-Junction,None,,,         ,Jessie,Meadows,Clear,Front to Rear,no,no,no,no,no,False
102143431,METROPOLITAN NASHVILLE POLICE DEPT,20180783412,Davidson,Nashville,9/13/2018 11:05:00 AM,2,0,0,36.079600,-86.726320,NOLENSVILLE PKE,,,,0.00,,,HARDING PL,,,,0.00,Y,Four-Way, ,Non-Junction,None,,,         ,Eric,Keller,Clear,Front to Rear,no,no,no,no,no,False
102143432,METROPOLITAN NASHVILLE POLICE DEPT,20180783149,Davidson,Nashville,9/13/2018 9:05:00 AM,2,0,0,36.068780,-86.678730,RICHARDS RD,,,,175.00,Feet,West,LORI DR,,,,0.00,N,Not at Intersection, ,Non-Junction,None,,,         ,Eric,Keller,Clear,Front to Rear,no,no,no,no,no,False
102143475,METROPOLITAN NASHVILLE POLICE DEPT,20180783745,Davidson,Nashville,9/13/2018 1:24:00 PM,2,0,0,36.140920,-86.738600,MURFREESBORO PKE,,,,127.00,Feet,West,TRANSIT AV,,,,0.00,N,Not at Intersection,N,Non-Junction,None,,,         ,Larry,Benz,Clear,Angle,no,no,no,no,no,False
102143500,METROPOLITAN NASHVILLE POLICE DEPT,20180783827,Davidson,Nashville,9/13/2018 2:12:00 PM,2,0,0,36.184212,-86.798063,,,I8,,0.00,,North,,,,,85.00,N,Not at Intersection,N,Non-Junction,None,,,         ,Paxton,Montgomery,Clear,Front to Rear,no,no,no,no,no,False
102143504,METROPOLITAN NASHVILLE POLICE DEPT,20180783816,Davidson,Nashville,9/13/2018 2:04:00 PM,2,3,0,36.080840,-86.726730,NOLENSVILLE PKE,,,,464.00,Feet,North,HARDING PL,,,,0.00,N,Not at Intersection,N,Non-Junction,None,,,         ,Samuel,Miller,Cloudy,Angle,no,no,no,no,no,False
102143514,METROPOLITAN NASHVILLE POLICE DEPT,20180783920,Davidson,Nashville,9/13/2018 12:00:00 AM,2,0,0,36.185300,-86.834880,HYDES FERRY RD,,,,284.00,Feet,North,HORNBUCKLE LN,,,,0.00,N,Not at Intersection,N,Non-Junction,None,,,         ,Melvin,Taylor,Clear,"Sideswipe, Opposite Direction",no,no,no,no,yes,False
102143516,METROPOLITAN NASHVILLE POLICE DEPT,20180784013,Davidson,Nashville,9/13/2018 3:38:00 PM,2,0,0,36.240740,-86.757370,DICKERSON PKE,,,,0.00,,,BRILEY PKWY E EXT RAMP,,,,0.00,Y,T-Intersection, ,Entrance/Exit Ramp Related,None,,,         ,Christopher,Littles,Cloudy,Angle,no,no,no,no,no,False
102143546,METROPOLITAN NASHVILLE POLICE DEPT,20180783917,Davidson,Nashville,9/13/2018 3:03:00 PM,2,0,0,36.165300,-86.763760,I 24,,,,0.00,,,I24 W ENT RAMP,,,,0.00,Y,OTHER, ,,None,,,         ,Barrett,Teague,,,no,no,no,no,no,False
102143560,METROPOLITAN NASHVILLE POLICE DEPT,20180784131,Davidson,Nashville,9/13/2018 4:10:00 PM,2,0,0,36.229710,-86.732500,BROADMOOR DR,,,,0.00,,,SAUNDERS AV,,,,0.00,Y,Four-Way, ,Intersection,None,,,         ,Riley,Brewer,Clear,Angle,no,no,no,no,no,False
102143561,METROPOLITAN NASHVILLE POLICE DEPT,20180784070,Davidson,Nashville,9/13/2018 3:58:00 PM,2,1,0,36.106030,-86.672700,MURFREESBORO PKE,,,,124.00,Feet,East,DONELSON PKE,,,,0.00,N,Not at Intersection,N,Non-Junction,None,,,         ,Dontaveous,Eubanks,Cloudy,Front to Rear,no,no,no,no,no,False
102143583,METROPOLITAN NASHVILLE POLICE DEPT,20180784107,Davidson,Nashville,9/13/2018 4:15:00 PM,2,0,0,36.087270,-86.730620,NOLENSVILLE PKE,,,,184.00,Feet,North,ELYSIAN FIELDS CT,,,,0.00,N,Not at Intersection, ,Non-Junction,None,,,         ,Akira,McSwain,Clear,Angle,no,no,no,no,yes,False
102143585,METROPOLITAN NASHVILLE POLICE DEPT,20180783975,Davidson,Nashville,9/13/2018 3:21:00 PM,2,0,0,36.089620,-86.622140,RURAL HILL RD,,,,0.00,,,SMITH SPRINGS RD,,,,0.00,Y,T-Intersection,N,Intersection,None,,,         ,Thomas,Odom,Clear,Angle,no,no,no,no,no,False
102143606,METROPOLITAN NASHVILLE POLICE DEPT,20180784116,Davidson,Nashville,9/13/2018 4:19:00 PM,2,0,0,36.154030,-86.787570,DEMONBREUN ST,,,,0.00,,,13TH AVS,,,,0.00,Y,Four-Way, ,Intersection,None,,,         ,Joshua,Reece,Cloudy,Angle,no,no,no,no,no,False
102143607,METROPOLITAN NASHVILLE POLICE DEPT,20180784088,Davidson,Nashville,9/13/2018 4:00:00 PM,2,3,0,36.065740,-86.629470,MURFREESBORO PKE,,,,0.00,,,HAMILTON CROSSINGS,,,,0.00,Y,T-Intersection,N,Intersection,None,,,         ,Eric,Keller,Clear,Angle,no,no,no,no,no,False
102143618,METROPOLITAN NASHVILLE POLICE DEPT,20180784076,Davidson,Nashville,9/13/2018 3:57:00 PM,3,3,0,36.169700,-86.797310,I 40,,,,0.00,,,,,,,207.95,N,Not at Intersection,N,Non-Junction,None,,,         ,Katelin,Ehrhardt,Clear,Front to Rear,no,no,no,no,no,False
102143621,METROPOLITAN NASHVILLE POLICE DEPT,20180784188,Davidson,Not in City Limit,9/13/2018 4:41:00 PM,1,1,0,36.299970,-86.764490,CAMPBELL RD,,,,1058.00,Feet,South,CAMPBELL RD PVTDR,,,,0.00,N,Not at Intersection,N,Non-Junction,None,,,         ,Christopher,Littles,Cloudy,Not Collision with Motor Vehicle in Transport,no,no,no,no,no,False
102143624,METROPOLITAN NASHVILLE POLICE DEPT,20180783903,Davidson,Nashville,9/13/2018 2:54:00 PM,2,0,0,36.159070,-86.760460,I 24,,,,0.00,,,,,,,49.50,N,Not at Intersection,N,Non-Junction,None,,,         ,Michael,Douglas,Cloudy,Front to Rear,no,no,no,no,no,False