master_record_number,agency,agency_tracking_number,county,city,collision_date,vehicles_involved,number_injured,number_dead,latitude,longitude,roadway_name,roadway_suffix,roadway_number,roadway_local_id,distance_from_reference,miles-feet_indicator,direction_from_reference,intersection_road_name,intersection_road_name_suffix,intersection_road_number,intersection_local_id,mile_marker,intersection_indicator,intersect_type,interchange_related_indicator,relation_to_junction,work_zone_type,construction_maintenance_zone,construction_maintenance_zone_location,fatal_case_number,officer_first_name,officer_last_name,weather_condition(s),manner_of_crash,pedestrian,bicycle,scooter,parking,hitrun,mou
102144371,METROPOLITAN NASHVILLE POLICE DEPT,20180786472,Davidson,Not in City Limit,9/14/2018 11:16:00 AM,1,0,0,36.015050,-86.705450,NOLENSVILLE PKE,,,,136.00,Feet,South,SUGAR VALLEY DR,,,,0.00,N,Not at Intersection,N,Non-Junction,None,,,         ,Jessie,Meadows,Clear,Not Collision with Motor Vehicle in Transport,no,no,no,yes,no,False
102144379,METROPOLITAN NASHVILLE POLICE DEPT,20180786450,Davidson,Nashville,9/14/2018 11:10:00 AM,1,0,0,36.145120,-86.871920,CHARLOTTE PKE,,,,342.00,Feet,North,AMERICAN RD,,,,0.00,N,Not at Intersection, ,Non-Junction,None,,,         ,George,Spencer,Clear,Not Collision with Motor Vehicle in Transport,no,no,no,no,no,False
102144384,METROPOLITAN NASHVILLE POLICE DEPT,20180786048,Davidson,Nashville,9/14/2018 8:20:00 AM,3,1,0,36.176340,-86.756220,MAIN ST,,,,229.00,Feet,West,MCFERRIN AV,,,,0.00,N,Not at Intersection,N,Non-Junction,None,,,         ,Russell,Freeman,Clear,Front to Rear,no,no,no,no,no,False
102144397,METROPOLITAN NASHVILLE POLICE DEPT,20180786541,Davidson,Nashville,9/14/2018 11:52:00 AM,2,0,0,36.145950,-86.666600,ROYAL PKWY,,,,0.00,,,DONELSON PKE,,,,0.00,Y,Four-Way,N,Intersection,None,,,         ,Thomas,Odom,Clear,Angle,no,no,no,no,no,False
102144409,METROPOLITAN NASHVILLE POLICE DEPT,20180786160,Davidson,Nashville,9/14/2018 9:15:00 AM,2,0,0,36.196210,-86.743280,CAHAL AV,,,,213.00,Feet,West,GALLATIN AV,,,,0.00,N,Not at Intersection, ,"Driveway, Alley Access, etc",None,,,         ,Russell,Freeman,Clear,"Sideswipe, Same Direction",no,no,no,no,no,False
102144444,METROPOLITAN NASHVILLE POLICE DEPT,20180752431,Davidson,Nashville,9/2/2018 5:52:00 PM,2,2,0,36.225100,-86.694660,BRILEY PKWYN,,,,0.61,Miles,North,MCGAVOCK PKE,,,,0.00,N,Not at Intersection,N,Non-Junction,None,,,         ,William,Waters,Clear,Front to Rear,no,no,no,no,no,False
102144445,METROPOLITAN NASHVILLE POLICE DEPT,20180786475,Davidson,Nashville,9/14/2018 11:20:00 AM,2,2,0,36.185160,-86.752850,CHICAMAUGA AV,,,,0.00,,,LAURENT ST,,,,0.00,Y,Four-Way,N,Intersection,None,,,         ,Russell,Freeman,Clear,Angle,no,no,no,no,no,False
102144473,METROPOLITAN NASHVILLE POLICE DEPT,20180786476,Davidson,Nashville,9/14/2018 11:53:00 AM,2,0,0,36.133860,-86.775450,I 65,,,,0.00,,,,,,,81.35,N,Not at Intersection,N,Non-Junction,None,,,         ,Samuel,Miller,Clear,Not Collision with Motor Vehicle in Transport,no,no,no,no,yes,False
102144475,METROPOLITAN NASHVILLE POLICE DEPT,20180786666,Davidson,Nashville,9/14/2018 12:30:00 PM,2,0,0,36.048800,-86.713670,NOLENSVILLE PKE,,,,0.00,,,HICKORYVIEW DR,,,,0.00,Y,T-Intersection,Y,Intersection,None,,,         ,Samuel,Miller,Clear,Angle,no,no,no,no,yes,False
102144476,THP District 9 - Administrative,318061806,Davidson,Nashville,9/13/2018 1:09:00 PM,2,0,0,36.152400,-86.836250,CHARLOTTE AV,,,,238.00,Feet,East,42ND AVN,,,,0.00,N,Not at Intersection, ,Non-Junction,None,,,         ,Steve,Sakarapanee,Clear,"Sideswipe, Same Direction",no,no,no,yes,no,False
102144487,METROPOLITAN NASHVILLE POLICE DEPT,20180786487,Davidson,Nashville,9/14/2018 11:20:00 AM,2,0,0,36.106540,-86.764560,POWELL PL,,,,0.00,Feet,,POWELL AV,,,,0.00,Y,Four-Way, ,Non-Junction,None,,,         ,Jon,Mcvey,Cloudy,Angle,no,no,no,no,no,False
102144488,METROPOLITAN NASHVILLE POLICE DEPT,20180786622,Davidson,Nashville,9/14/2018 12:30:00 PM,2,0,0,36.121680,-86.790320,12TH AVS,,,,0.00,,,PARIS AV,,,,0.00,Y,Four-Way, ,Intersection,None,,,         ,Jon,Mcvey,Cloudy,Angle,no,no,no,no,no,False
102144489,METROPOLITAN NASHVILLE POLICE DEPT,20180786704,Davidson,Nashville,9/14/2018 12:53:00 PM,2,0,0,36.157500,-86.760420,I 24,,,,0.00,,,,,,,49.60,N,Not at Intersection,N,Non-Junction,None,,,         ,Thomas,Odom,Clear,"Sideswipe, Same Direction",no,no,no,no,yes,False
102144532,METROPOLITAN NASHVILLE POLICE DEPT,20180786406,Davidson,Nashville,9/14/2018 10:40:00 AM,2,0,0,36.187690,-86.821820,ED TEMPLE BLVD,,,,135.00,Feet,South,ROSA L PARKS BLVD,,,,0.00,N,Not at Intersection,N,Non-Junction,None,,,         ,Zachary,Goodall,Clear,Angle,no,no,no,no,no,False
102144535,METROPOLITAN NASHVILLE POLICE DEPT,20180786323,Davidson,Nashville,9/14/2018 10:18:00 AM,1,1,0,36.159380,-86.780990,7TH AVS,,,,0.00,,,BROADWAY,,,,0.00,Y,Four-Way,N,Intersection,None,,,         ,Cody,O'Quinn,Clear,Not Collision with Motor Vehicle in Transport,yes,no,no,no,no,False
102144568,METROPOLITAN NASHVILLE POLICE DEPT,20180786743,Davidson,Nashville,9/14/2018 1:30:00 PM,2,1,0,36.131880,-86.895530,CHARLOTTE PKE,,,,0.00,Feet,,I40 E ENT RAMP,,,,0.00,Y,Four-Way,N,Intersection,None,,,         ,Curtis,Rich,Clear,Angle,no,no,no,no,no,False
102144604,METROPOLITAN NASHVILLE POLICE DEPT,20180786760,Davidson,Goodlettsville,9/14/2018 12:31:00 PM,2,0,0,36.301400,-86.693810,GALLATIN PKEN,,,,141.00,Feet,West,THE GALLERY AT RIVERGATE PVTDR,,,,0.00,N,Not at Intersection,N,Non-Junction,None,,,         ,Cyretha,Frazier,Cloudy,Front to Rear,no,no,no,no,no,False
102144608,METROPOLITAN NASHVILLE POLICE DEPT,20180786697,Davidson,Nashville,9/14/2018 1:00:00 PM,2,0,0,36.031430,-86.712640,NOLENSVILLE PKE,,,,148.00,Feet,North,KINHAWK DR,,,,0.00,N,Not at Intersection,N,Non-Junction,None,,,         ,Rickie,Corman,Clear,Front to Rear,no,no,no,no,yes,False
102144610,METROPOLITAN NASHVILLE POLICE DEPT,20180786521,Davidson,Nashville,9/14/2018 9:30:00 AM,2,0,0,36.131870,-86.795370,BERNARD AV,,,,37.00,Feet,East,BELMONT BLVD,,,,0.00,N,Not at Intersection, ,Non-Junction,None,,,         ,Chase,Harriman,Clear,Front to Rear,no,no,no,no,no,False
102144611,METROPOLITAN NASHVILLE POLICE DEPT,20180786752,Davidson,Nashville,9/14/2018 1:31:00 PM,2,3,0,36.180480,-86.802420,BUCHANAN ST,,,,185.00,Feet,East,10TH AVN,,,,0.00,N,Not at Intersection,N,Non-Junction,None,,,         ,Adam,Warren,Clear,HeadOn,no,no,no,no,no,False
102144618,METROPOLITAN NASHVILLE POLICE DEPT,20180786662,Davidson,Nashville,9/14/2018 12:45:00 PM,2,0,0,36.098530,-86.728270,MCCALL ST,,,,0.00,,,COLBY DR,,,,0.00,Y,Four-Way,N,Intersection,None,,,         ,Eric,Keller,Clear,Not Collision with Motor Vehicle in Transport,no,no,no,no,no,False
102144621,METROPOLITAN NASHVILLE POLICE DEPT,20180786811,Davidson,Nashville,9/14/2018 2:15:00 PM,2,0,0,36.152310,-86.851160,53RD AVN,,,,163.00,Feet,North,CHARLOTTE AV,,,,0.00,N,Not at Intersection, ,Non-Junction,None,,,         ,Wesley,Tilley,Clear,Front to Rear,no,no,no,no,yes,False
102144680,METROPOLITAN NASHVILLE POLICE DEPT,20180786853,Davidson,Nashville,9/14/2018 2:31:00 PM,2,1,0,36.081650,-86.760390,HARDING PL,,,,421.00,Feet,East,TROUSDALE DR,,,,0.00,N,Not at Intersection,N,Non-Junction,None,,,         ,Akira,McSwain,Clear,Front to Rear,no,no,no,no,no,False
102144699,METROPOLITAN NASHVILLE POLICE DEPT,20180786911,Davidson,Nashville,9/14/2018 12:55:00 PM,2,0,0,36.047220,-86.656360,BELL RD,,,,172.00,Feet,West,HICKORY HOLLOW PKWY,,,,0.00,N,Not at Intersection, ,Non-Junction,None,,,         ,Eric,Keller,Clear,"Sideswipe, Same Direction",no,no,no,no,yes,False
102144700,METROPOLITAN NASHVILLE POLICE DEPT,20180786831,Davidson,Nashville,9/14/2018 2:10:00 PM,2,1,0,36.176700,-86.770500,DICKERSON PKE,,,,68.00,Feet,West,SPRING ST,,,,0.00,N,Not at Intersection,N,Non-Junction,None,,,         ,Erik,Nash,Clear,Front to Rear,no,no,no,no,no,False
102144724,METROPOLITAN NASHVILLE POLICE DEPT,20180786900,Davidson,Nashville,9/14/2018 1:05:00 PM,2,1,0,36.153560,-86.820080,CHARLOTTE AV,,,,567.00,Feet,West,28TH AVN,,,,0.00,N,Not at Intersection,N,Non-Junction,None,,,         ,Eric,Burford,Clear,Front to Rear,no,no,no,no,no,False
102144746,METROPOLITAN NASHVILLE POLICE DEPT,20180786903,Davidson,Nashville,9/14/2018 2:53:00 PM,2,4,0,36.127970,-86.753730,NOLENSVILLE PKE,,,,0.00,,,COLEMAN ST,,,,0.00,Y,T-Intersection,N,Intersection-Related,None,,,         ,FELIKS,ABRAHAMYAN,Clear,Angle,no,no,no,no,no,False
102144758,METROPOLITAN NASHVILLE POLICE DEPT,20180786894,Davidson,Nashville,9/14/2018 2:52:00 PM,2,0,0,36.242600,-86.756910,DICKERSON PKE,,,,400.00,Feet,South,SKYLINE MEMORIAL CT,,,,0.00,N,Not at Intersection,N,Non-Junction,None,,,         ,Christopher,Littles,Clear,Front to Rear,no,no,no,no,no,False
102144782,METROPOLITAN NASHVILLE POLICE DEPT,20180786624,Davidson,Nashville,9/14/2018 12:33:00 PM,2,0,0,36.073510,-86.637730,MURFREESBORO PKE,,,,444.00,Feet,South,RURAL HILL RD,,,,0.00,N,Not at Intersection, ,Non-Junction,None,,,         ,Jessie,Meadows,Clear,"Sideswipe, Same Direction",no,no,no,no,no,False
102144784,METROPOLITAN NASHVILLE POLICE DEPT,20180786688,Davidson,Nashville,9/14/2018 1:00:00 PM,2,2,0,36.139680,-86.746520,FESSLERS LN,,,,52.00,Feet,North,ENOS REED DR,,,,0.00,N,Not at Intersection,N,Non-Junction,None,,,         ,Jessie,Meadows,Clear,Angle,no,no,no,no,no,False
102144787,METROPOLITAN NASHVILLE POLICE DEPT,20180786976,Davidson,Not in City Limit,9/14/2018 3:07:00 PM,2,0,0,36.044390,-86.956600,HIGHWAY 100,,,,112.00,Feet,West,OLD HARDING PKE,,,,0.00,N,Not at Intersection, ,Non-Junction,None,,,         ,Brandon,Pedigo,Clear,Front to Rear,no,no,no,no,no,False
102144847,GOODLETTSVILLE POLICE DEPT,18-32701,Davidson,Goodlettsville,9/14/2018 2:50:00 PM,2,0,0,36.298280,-86.713100,I 65,,,,0.00,,,,,,,95.00,N,Not at Intersection,N,Non-Junction,None,,,         ,Marcus,Zugelder,Clear,Front to Rear,no,no,no,no,no,False
102144850,METROPOLITAN NASHVILLE POLICE DEPT,20180786917,Davidson,Nashville,9/14/2018 2:21:00 PM,4,0,0,36.114380,-86.810820,HILLSBORO PKE,,,,156.00,Feet,North,WOODMONT BLVD,,,,0.00,N,Not at Intersection,N,Non-Junction,None,,,         ,Randall,Ward,Clear,Front to Rear,no,no,no,no,no,False
102144861,METROPOLITAN NASHVILLE POLICE DEPT,20180786638,Davidson,Nashville,9/14/2018 12:45:00 PM,2,0,0,36.137750,-86.800730,21ST AVS,,,,66.00,Feet,North,WEDGEWOOD AV,,,,0.00,N,Not at Intersection, ,Non-Junction,None,,,         ,Jon,Mcvey,Clear,Angle,no,no,no,no,no,Campus
102144862,METROPOLITAN NASHVILLE POLICE DEPT,20180786859,Davidson,Nashville,9/14/2018 2:35:00 PM,3,2,0,36.116070,-86.791550,I 440,,,,0.00,,,,,,,3.90,N,Not at Intersection,N,Non-Junction,None,,,         ,Jon,Mcvey,Clear,Front to Rear,no,no,no,no,no,False
102144874,METROPOLITAN NASHVILLE POLICE DEPT,20180786944,Davidson,Nashville,9/14/2018 3:06:00 PM,2,0,0,36.194770,-86.779640,BAPTIST WORLD CENTER DR,,,,54.00,Feet,East,VASHTI ST,,,,0.00,N,Not at Intersection,N,Non-Junction,None,,,         ,Justin,Vaughn,Clear,Angle,no,no,no,no,no,False
102144886,METROPOLITAN NASHVILLE POLICE DEPT,20180787013,Davidson,Nashville,9/14/2018 2:08:00 PM,2,0,0,36.149790,-86.859500,CHARLOTTE PKE,,,,29.00,Feet,West,MIDLAND AV,,,,0.00,N,Not at Intersection, ,,None,,,         ,John,Hoesli,,,no,no,no,no,no,False
102144919,METROPOLITAN NASHVILLE POLICE DEPT,20180787117,Davidson,Nashville,9/14/2018 4:29:00 PM,2,0,0,36.234350,-86.774690,VAILVIEW DR,,,,0.00,,,RICHMOND HILL DR,,,,0.00,Y,Four-Way, ,Intersection,None,,,         ,Christopher,Littles,Clear,Angle,no,no,no,no,no,False
102144923,METROPOLITAN NASHVILLE POLICE DEPT,20180787061,Davidson,Nashville,9/14/2018 3:45:00 PM,2,1,0,36.147500,-86.768370,4TH AVS,,,,65.00,Feet,South,CAMERON ST,,,,0.00,N,Not at Intersection,N,Non-Junction,None,,,         ,Eric,Keller,Clear,"Sideswipe, Same Direction",no,no,no,no,no,False
102144938,METROPOLITAN NASHVILLE POLICE DEPT,20180787099,Davidson,Not in City Limit,9/14/2018 2:40:00 PM,2,0,0,36.073910,-86.926270,HICKS RD,,,,0.00,,,HIGHWAY 70S,,,,0.00,Y,Four-Way, ,Intersection-Related,None,,,         ,Brandon,Pedigo,Clear,Angle,no,no,no,no,no,False
102144953,METROPOLITAN NASHVILLE POLICE DEPT,20180784592,Davidson,Nashville,9/13/2018 7:04:00 PM,2,2,0,36.154630,-86.779160,8TH AVS,,,,0.00,Feet,,LAFAYETTE ST,,,,0.00,Y,Roundabout,N,Non-Junction,None,,,         ,Jonathan,Nicholson,Clear,Angle,no,no,no,no,yes,False
102144954,METROPOLITAN NASHVILLE POLICE DEPT,20180787083,Davidson,Nashville,9/14/2018 3:11:00 PM,2,0,0,36.149690,-86.779180,DIVISION ST,,,,0.00,Feet,,8TH AVS,,,,0.00,Y,Four-Way, ,Intersection-Related,None,,,         ,Jonathan,Nicholson,Clear,"Sideswipe, Same Direction",no,no,no,no,no,False
102144972,METROPOLITAN NASHVILLE POLICE DEPT,20180786878,Davidson,Nashville,9/14/2018 1:55:00 PM,3,0,0,36.214960,-86.775420,I 65,,,,0.00,,,,,,,87.95,N,Not at Intersection,N,Non-Junction,None,,,         ,Brian,Woodard,Clear,Angle,no,no,no,no,yes,False
102144980,METROPOLITAN NASHVILLE POLICE DEPT,20180787077,Davidson,Nashville,9/14/2018 12:00:00 AM,2,0,0,36.197740,-86.838410,ASHLAND CITY HWY,,,,266.00,Feet,West,NORTH GATE SHOPPING CTR PVTDR,,,,0.00,N,Not at Intersection,N,Non-Junction,None,,,         ,John,Petriello,Clear,Angle,no,no,no,no,no,False
102144984,METROPOLITAN NASHVILLE POLICE DEPT,20180787098,Davidson,Nashville,9/14/2018 4:15:00 PM,2,0,0,36.163050,-86.761530,I 24,,,,0.00,,,,,,,49.25,N,Not at Intersection, ,Non-Junction,None,,,         ,Gregory,Cenicola,Clear,Angle,no,no,no,no,yes,False
102144995,METROPOLITAN NASHVILLE POLICE DEPT,20180787130,Davidson,Nashville,9/14/2018 4:24:00 PM,2,0,0,36.142490,-86.682070,I 40,,,,0.00,,,,,,,215.75,N,Not at Intersection, ,Non-Junction,None,,,         ,Seth,Vaughn,Clear,Angle,no,no,no,no,no,False
102145003,METROPOLITAN NASHVILLE POLICE DEPT,20180787165,Davidson,Nashville,9/14/2018 4:50:00 PM,3,0,0,36.134840,-86.779040,8TH AVS,,,,202.00,Feet,North,EAST ARGYLE AV,,,,0.00,N,Not at Intersection,N,Non-Junction,None,,,         ,Randall,Ward,Clear,Front to Rear,no,no,no,yes,yes,False
102145010,METROPOLITAN NASHVILLE POLICE DEPT,20180787040,Davidson,Nashville,9/14/2018 3:50:00 PM,2,0,0,36.161160,-86.783590,ROSA L PARKS BLVD,,,,178.00,Feet,South,ROSA L PARKS AV,,,,0.00,N,Not at Intersection,N,Non-Junction,None,,,         ,Steven,Fisher,Clear,"Sideswipe, Same Direction",no,no,no,no,yes,False
102145020,METROPOLITAN NASHVILLE POLICE DEPT,20180787197,Davidson,Nashville,9/14/2018 4:58:00 PM,3,0,0,36.109700,-86.732160,SELENA DR,,,,0.00,Feet,South,THOMPSON LN,,,,0.00,N,Not at Intersection,N,Non-Junction,None,,,         ,Jarret,Sonnenberg,Clear,Front to Rear,no,no,no,no,yes,False
102145024,METROPOLITAN NASHVILLE POLICE DEPT,20180787166,Davidson,Nashville,9/14/2018 4:46:00 PM,2,0,0,36.112240,-86.745910,NOLENSVILLE PKE,,,,186.00,Feet,South,MCCLAIN AV,,,,0.00,N,Not at Intersection, ,Non-Junction,None,,,         ,Jesse,Cox,Clear,Angle,no,no,no,no,no,False
102145057,METROPOLITAN NASHVILLE POLICE DEPT,20180787239,Davidson,Not in City Limit,9/14/2018 4:15:00 PM,2,0,0,36.263070,-86.711920,STATE RT 45,,,,0.00,,,GALLATIN PKEN,,,,0.00,Y,Four-Way,N,Intersection,None,,,         ,Brandon,Bilbrey,Clear,Front to Rear,no,no,no,no,yes,False
102145068,METROPOLITAN NASHVILLE POLICE DEPT,20180787187,Davidson,Nashville,9/14/2018 3:23:00 PM,1,0,0,36.206590,-86.595230,FRANKFORT DR,,,,450.00,Feet,West,ALBANY DR,,,,0.00,N,Not at Intersection, ,Non-Junction,None,,,         ,Deandera,Payne,Clear,Not Collision with Motor Vehicle in Transport,no,no,no,no,no,False
102145071,METROPOLITAN NASHVILLE POLICE DEPT,20180786957,Davidson,Nashville,9/14/2018 2:09:00 PM,2,2,0,36.148470,-86.780890,I 40,,,,0.00,,,,,,,209.80,N,Not at Intersection,N,Non-Junction,None,,,         ,Gary,Peters,Clear,"Sideswipe, Same Direction",no,no,no,no,no,False
102145093,METROPOLITAN NASHVILLE POLICE DEPT,20180787264,Davidson,Nashville,9/14/2018 5:23:00 PM,2,0,0,36.093880,-86.624860,HARBOR LIGHTS DR,,,,0.00,Feet,,BELL RD,,,,0.00,Y,T-Intersection, ,Intersection-Related,None,,,         ,Teresah,Pinho,Clear,HeadOn,no,no,no,no,no,False
102145099,METROPOLITAN NASHVILLE POLICE DEPT,20180787303,Davidson,Nashville,9/14/2018 5:45:00 PM,1,1,0,36.161300,-86.784520,9TH AVN,,,,0.00,,,CHURCH ST,,,,0.00,Y,Four-Way,N,Intersection,None,,,         ,Steven,Fisher,Clear,Not Collision with Motor Vehicle in Transport,yes,no,no,no,no,False
102145102,METROPOLITAN NASHVILLE POLICE DEPT,20180787290,Davidson,Nashville,9/14/2018 5:38:00 PM,2,2,0,36.084560,-86.704630,HARDING PL,,,,374.00,Feet,West,TRAVELERS INN DR,,,,0.00,N,Not at Intersection,N,Non-Junction,None,,,         ,Johnathon,Birdwell,Clear,Front to Rear,no,no,no,no,no,False
102145104,VANDERBILT UNIVERSITY POLICE,20180787046,Davidson,Nashville,9/14/2018 3:35:00 PM,2,0,0,36.142820,-86.800040,US HWY 431,,,,0.00,,,,,,,0.00,,, ,Non-Junction,None,,,         ,Lakosha,Goodloe,Clear,Rear to Side,no,no,no,yes,no,Campus
102145105,METROPOLITAN NASHVILLE POLICE DEPT,20180787300,Davidson,Nashville,9/14/2018 5:35:00 PM,2,0,0,36.124580,-86.751960,NOLENSVILLE PKE,,,,163.00,Feet,South,ROSEDALE AV,,,,0.00,N,Not at Intersection,N,Non-Junction,None,,,         ,Jesse,Cox,Clear,"Sideswipe, Same Direction",no,no,no,no,no,False
102145106,METROPOLITAN NASHVILLE POLICE DEPT,20180787158,Davidson,Nashville,9/14/2018 4:42:00 PM,1,0,0,36.183450,-86.744890,N 14TH ST,,,,1.00,Feet,North,EASTLAND AV,,,,0.00,N,Not at Intersection,N,OtherLocation,None,,,         ,Marc,Kozen,Clear,Not Collision with Motor Vehicle in Transport,yes,no,no,no,no,False
102145107,METROPOLITAN NASHVILLE POLICE DEPT,20180787341,Davidson,Nashville,9/14/2018 5:33:00 PM,2,0,0,36.215110,-86.596880,LEBANON PKE,,,,232.00,Feet,East,ANDREW JACKSON PKWY,,,,0.00,N,Not at Intersection, ,,None,,,         ,Tyler,Hall,,,no,no,no,no,no,False
102145109,METROPOLITAN NASHVILLE POLICE DEPT,20180787288,Davidson,Nashville,9/14/2018 5:37:00 PM,3,1,0,36.239930,-86.769940,BRILEY PKWYE,,,,921.00,Feet,East,MOOREWOOD DR,,,,0.00,N,Not at Intersection,N,Non-Junction,None,,,         ,Christopher,Littles,Clear,Front to Rear,no,no,no,no,no,False
102145114,METROPOLITAN NASHVILLE POLICE DEPT,20180787374,Davidson,Not in City Limit,9/14/2018 3:30:00 PM,2,0,0,36.281910,-86.875710,CLARKSVILLE PKE,,,,0.00,,,,,,,0.00,,Not at Intersection, ,Non-Junction,None,,,         ,Brian,Woodard,Clear,Angle,no,no,no,yes,yes,False
102145138,METROPOLITAN NASHVILLE POLICE DEPT,20180787422,Davidson,Nashville,9/14/2018 6:30:00 PM,2,0,0,36.044990,-86.658700,I 24,,,,0.00,,,,,,,59.45,N,Not at Intersection, ,Non-Junction,None,,,         ,Eric,Wegener,Clear,Front to Rear,no,no,no,no,no,False
102145139,METROPOLITAN NASHVILLE POLICE DEPT,20180787111,Davidson,Nashville,9/14/2018 4:26:00 PM,1,1,0,36.087960,-86.731370,NOLENSVILLE PKE,,,,520.00,Feet,North,ELYSIAN FIELDS CT,,,,0.00,N,Not at Intersection,N,Non-Junction,None,,,         ,Richard,Luellen,Clear,Not Collision with Motor Vehicle in Transport,no,yes,no,no,no,False
102145141,METROPOLITAN NASHVILLE POLICE DEPT,20180787448,Davidson,Nashville,9/14/2018 5:02:00 PM,2,0,0,36.171810,-86.601770,OLD HICKORY BLVD,,,,309.00,Feet,South,PRINCETON PL,,,,0.00,N,Not at Intersection, ,Non-Junction,None,,,         ,Deandera,Payne,Clear,"Sideswipe, Opposite Direction",no,no,no,no,no,False
102145144,METROPOLITAN NASHVILLE POLICE DEPT,20180787427,Davidson,Nashville,9/14/2018 6:37:00 PM,2,0,0,36.111040,-86.747100,THOMPSON LN,,,,75.00,Feet,East,LOUISE DR,,,,0.00,N,Not at Intersection,N,Non-Junction,None,,,         ,Randall,Ward,Clear,Front to Rear,no,no,no,no,no,False
102145159,METROPOLITAN NASHVILLE POLICE DEPT,20180787059,Davidson,Nashville,9/14/2018 4:02:00 PM,2,2,0,36.167770,-86.663660,LEBANON PKE,,,,108.00,Feet,West,DONELSON PKE,,,,0.00,N,Not at Intersection,N,Non-Junction,None,,,         ,Allyson,Reis,Clear,Angle,no,no,no,no,no,False
102145171,METROPOLITAN NASHVILLE POLICE DEPT,20180787216,Davidson,Nashville,9/14/2018 5:11:00 PM,2,4,0,36.062860,-86.697140,KEELEY DR,,,,0.00,,,PACKARD DR,,,,0.00,Y,Four-Way,N,Intersection-Related,None,,,         ,Alberta,Auguste,Clear,Angle,no,no,no,no,no,False
102145174,METROPOLITAN NASHVILLE POLICE DEPT,20180787482,Davidson,Nashville,9/14/2018 6:46:00 PM,2,0,0,36.206150,-86.771910,W TRINITY LN,,,,239.00,Feet,West,LUCAS LN,,,,0.00,N,Not at Intersection,N,Non-Junction,None,,,         ,Kevin,Clausius,Clear,Front to Rear,no,no,no,no,no,False
102145190,METROPOLITAN NASHVILLE POLICE DEPT,20180787455,Davidson,Nashville,9/14/2018 6:37:00 PM,2,0,0,36.142590,-86.815500,31ST AVS,,,,0.00,,,31ST AVN,,,,0.00,Y,Four-Way, ,Intersection,None,,,         ,Gary,Peters,Clear,Angle,no,no,no,no,no,Campus
102145191,METROPOLITAN NASHVILLE POLICE DEPT,20180787244,Davidson,Nashville,9/14/2018 5:15:00 PM,3,0,0,36.061070,-86.913400,HIGHWAY 100,,,,655.00,Feet,West,WARNER NATURE CTR PVTDR,,,,0.00,N,Not at Intersection, ,Non-Junction,None,,,         ,Kelby,Dumond,Clear,Front to Rear,no,no,no,no,no,False
102145194,METROPOLITAN NASHVILLE POLICE DEPT,20180787403,Davidson,Nashville,9/14/2018 6:28:00 PM,2,4,0,36.150430,-86.696760,ELM HILL PKE,,,,0.00,,,WANDA DR,,,,0.00,Y,Four-Way,Y,Intersection,None,,,         ,Samuel,Sundra,Clear,Angle,no,no,no,no,no,False
102145200,METROPOLITAN NASHVILLE POLICE DEPT,20180787532,Davidson,Nashville,9/14/2018 5:10:00 PM,2,0,0,36.054180,-86.673790,I 24,,,,0.00,,,,,,,58.40,N,Not at Intersection, ,Non-Junction,None,,,         ,Ryan,Sherry,Clear,Front to Rear,no,no,no,no,no,False
102145222,METROPOLITAN NASHVILLE POLICE DEPT,20180787444,Davidson,Nashville,9/14/2018 5:20:00 PM,2,0,0,36.229200,-86.726150,BROADMOOR DR,,,,303.00,Feet,West,GALLATIN PKE,,,,0.00,N,Not at Intersection, ,Non-Junction,None,,,         ,Wade,Johnson,Clear,Front to Rear,no,no,no,no,yes,False
102145229,METROPOLITAN NASHVILLE POLICE DEPT,20180787342,Davidson,Not in City Limit,9/14/2018 6:01:00 PM,1,0,0,36.266760,-86.703640,DELAWARE AV,,,,158.00,Feet,South,CUMBERLAND AV,,,,0.00,N,Not at Intersection,N,Non-Junction,None,,,         ,DuJuan,Kendrick,Clear,Not Collision with Motor Vehicle in Transport,no,no,no,no,yes,False
102145237,METROPOLITAN NASHVILLE POLICE DEPT,20180787522,Davidson,Nashville,9/14/2018 12:00:00 AM,1,0,0,36.233580,-86.618160,MONTCHANIN RD,,,,480.00,Feet,West,MONTCHANIN TER,,,,0.00,N,Not at Intersection,N,Non-Junction,None,,,         ,Alexander,Spradling,Clear,Not Collision with Motor Vehicle in Transport,no,no,no,no,no,False
102145238,METROPOLITAN NASHVILLE POLICE DEPT,20180787242,Davidson,Nashville,9/14/2018 6:04:00 PM,2,0,0,36.119090,-86.749320,NOLENSVILLE PKE,,,,0.00,,,NEWSOME ST,,,,0.00,Y,T-Intersection, ,Intersection,None,,,         ,Aimee,Ortiz,Clear,Other,no,no,no,no,no,False
102145240,METROPOLITAN NASHVILLE POLICE DEPT,20180787391,Davidson,Nashville,9/14/2018 5:55:00 PM,2,0,0,36.153920,-86.787760,I40 W EXT RAMP,,,,0.00,,,DEMONBREUN ST,,,,0.00,Y,Four-Way, ,Intersection,None,,,         ,Michael,Douglas,Clear,Angle,no,no,no,no,no,False