master_record_number,agency,agency_tracking_number,county,city,collision_date,vehicles_involved,number_injured,number_dead,latitude,longitude,roadway_name,roadway_suffix,roadway_number,roadway_local_id,distance_from_reference,miles-feet_indicator,direction_from_reference,intersection_road_name,intersection_road_name_suffix,intersection_road_number,intersection_local_id,mile_marker,intersection_indicator,intersect_type,interchange_related_indicator,relation_to_junction,work_zone_type,construction_maintenance_zone,construction_maintenance_zone_location,fatal_case_number,officer_first_name,officer_last_name,weather_condition(s),manner_of_crash,pedestrian,bicycle,scooter,parking,hitrun,mou
102145241,METROPOLITAN NASHVILLE POLICE DEPT,20180787437,Davidson,Nashville,9/14/2018 6:54:00 PM,2,0,0,36.152330,-86.858190,I 40,,,,0.00,,,,,,,203.95,N,Not at Intersection, ,Non-Junction,None,,,         ,Kelby,Dumond,Clear,"Sideswipe, Same Direction",no,no,no,no,no,False
102145243,METROPOLITAN NASHVILLE POLICE DEPT,20180787533,Davidson,Nashville,9/14/2018 6:12:00 PM,2,0,0,36.180450,-86.748000,ORDWAY PL,,,,0.00,,,N 12TH ST,,,,0.00,Y,Four-Way,N,Intersection,None,,,         ,Alexander,Georgeson,Clear,Angle,no,no,no,no,no,False
102145253,METROPOLITAN NASHVILLE POLICE DEPT,20180787004,Davidson,Nashville,9/14/2018 3:33:00 PM,2,0,0,36.111020,-86.753410,THOMPSON LN,,,,26.00,Feet,East,FOSTER CREIGHTON DR,,,,0.00,N,Not at Intersection, ,Non-Junction,None,,,         ,Akira,McSwain,Clear,"Sideswipe, Same Direction",no,no,no,no,no,False
102145255,METROPOLITAN NASHVILLE POLICE DEPT,20180787416,Davidson,Nashville,9/14/2018 6:26:00 PM,4,0,0,36.116030,-86.792990,I 440,,,,0.00,,,,,,,3.80,N,Not at Intersection,N,Non-Junction,None,,,         ,Akira,McSwain,Clear,Front to Rear,no,no,no,no,no,False
102145256,METROPOLITAN NASHVILLE POLICE DEPT,20180787644,Davidson,Nashville,9/14/2018 8:15:00 PM,2,0,0,36.229250,-86.759300,DICKERSON PKE,,,,47.00,Feet,South,BROADMOOR DR,,,,0.00,N,Not at Intersection, ,Non-Junction,None,,,         ,Wade,Johnson,Clear,HeadOn,no,no,no,no,yes,False
102145279,METROPOLITAN NASHVILLE POLICE DEPT,20180787503,Davidson,Nashville,9/14/2018 6:55:00 PM,3,1,0,36.151020,-86.822800,I 440,,,,0.00,,,,,,,0.50,N,Not at Intersection,N,Non-Junction,None,,,         ,Andrew,McCarron,Clear,"Sideswipe, Same Direction",no,no,no,no,no,False
102145294,GOODLETTSVILLE POLICE DEPT,18-32726,Davidson,Goodlettsville,9/14/2018 7:00:00 PM,1,0,0,36.325850,-86.717820,OLD BRICK CHURCH PKE,,,,29.00,Feet,North,CAFE RD,,,,0.00,N,Not at Intersection,N,Non-Junction,None,,,         ,Marcus,Zugelder,Clear,Not Collision with Motor Vehicle in Transport,no,no,no,no,no,False
102145295,METROPOLITAN NASHVILLE POLICE DEPT,20180787168,Davidson,Nashville,9/14/2018 4:30:00 PM,2,1,0,36.041140,-86.776210,OLD HICKORY BLVD,,,,0.00,,,BRENTWOOD COMMONS WAY,,,,0.00,Y,Four-Way,N,Intersection,None,,,         ,John,Roberson,Clear,Angle,no,no,no,no,no,False
102145296,METROPOLITAN NASHVILLE POLICE DEPT,20180787357,Davidson,Nashville,9/14/2018 5:20:00 PM,2,0,0,36.044760,-86.781100,FRANKLIN PKE,,,,0.00,,,FRANKLIN PIKE CIR,,,,0.00,Y,Four-Way, ,Intersection-Related,None,,,         ,John,Roberson,Clear,Front to Rear,no,no,no,no,no,False
102145326,METROPOLITAN NASHVILLE POLICE DEPT,20180787770,Davidson,Not in City Limit,9/14/2018 9:12:00 PM,1,0,0,36.283200,-86.730480,I 65,,,,0.00,,,,,,,93.60,N,Not at Intersection,N,Non-Junction,None,,,         ,Christopher,Littles,Clear,Not Collision with Motor Vehicle in Transport,no,no,no,no,no,False
102145353,METROPOLITAN NASHVILLE POLICE DEPT,20180787768,Davidson,Not in City Limit,9/14/2018 7:41:00 PM,1,1,0,36.003930,-86.697060,AUTUMN OAKS DR,,,,315.00,Feet,East,SCARLET RIDGE DR,,,,0.00,N,Not at Intersection,N,Non-Junction,None,,,         ,Andrew,Brazee,Clear,Not Collision with Motor Vehicle in Transport,no,no,no,no,no,False
102145406,METROPOLITAN NASHVILLE POLICE DEPT,20180787901,Davidson,Nashville,9/14/2018 10:05:00 PM,2,1,0,36.151310,-86.799290,20TH AVS,,,,0.00,,,20TH AVN,,,,0.00,Y,Four-Way, ,Non-Junction,None,,,         ,Eric,Burford,Clear,Front to Rear,no,no,no,no,no,Campus
102145476,METROPOLITAN NASHVILLE POLICE DEPT,20180787934,Davidson,Nashville,9/14/2018 10:20:00 PM,2,1,0,36.138750,-86.665600,DONELSON PKE,,,,108.00,Feet,South,I40 E ENT RAMP,,,,0.00,N,Not at Intersection,N,Non-Junction,None,,,         ,Darci,Stechman,Clear,Other,no,no,no,no,no,False
102145534,METROPOLITAN NASHVILLE POLICE DEPT,20180788122,Davidson,Nashville,9/14/2018 11:40:00 PM,2,0,0,36.231600,-86.781520,EWING DR,,,,0.00,,,BRICK CHURCH PKE,,,,0.00,Y,Four-Way,N,Intersection-Related,None,,,         ,Goran,Manojlovic,Clear,Angle,no,no,no,no,no,False
102145542,METROPOLITAN NASHVILLE POLICE DEPT,20180788173,Davidson,Nashville,9/15/2018 12:45:00 AM,2,0,0,36.244410,-86.747690,I65 S EXT RAMP,,,,0.00,Feet,East,I 65,,,,0.00,N,Not at Intersection,Y,Entrance/Exit Ramp Related,None,,,         ,Thomas,Burns,Clear,"Sideswipe, Same Direction",no,no,no,no,yes,False
102145543,METROPOLITAN NASHVILLE POLICE DEPT,20180787980,Davidson,Nashville,9/14/2018 11:00:00 PM,1,1,0,36.142650,-86.787050,12TH AVS,,,,32.00,Feet,South,EDGEHILL AV,,,,0.00,N,Not at Intersection,N,Non-Junction,None,,,         ,Eugene,Martino,Clear,Not Collision with Motor Vehicle in Transport,yes,no,no,no,no,False
102145568,METROPOLITAN NASHVILLE POLICE DEPT,20180787986,Davidson,Nashville,9/14/2018 9:04:00 PM,2,0,0,36.150490,-86.749520,I 40,,,,0.00,,,,,,,211.65,N,Not at Intersection,N,Non-Junction,None,,,         ,Bridget,Griepentrog,Clear,Front to Rear,no,no,no,no,yes,False
102145573,METROPOLITAN NASHVILLE POLICE DEPT,20180787959,Davidson,Not in City Limit,9/14/2018 10:45:00 PM,2,0,0,36.268820,-86.736940,I65 S EXT RAMP,,,,0.00,,,,,,,0.00,,, ,Entrance/Exit Ramp Related,None,,,         ,Patrick,McGinnis,Clear,"Sideswipe, Same Direction",no,no,no,no,no,False
102145598,METROPOLITAN NASHVILLE POLICE DEPT,20180788019,Davidson,Nashville,9/14/2018 11:20:00 PM,3,1,0,36.151070,-86.784340,DIVISION ST,,,,0.00,,,12TH AVS,,,,0.00,Y,Four-Way,N,Intersection,None,,,         ,Jeremy,Arrington,Clear,Angle,no,no,no,no,yes,False
102145614,METROPOLITAN NASHVILLE POLICE DEPT,20180788383,Davidson,Nashville,9/15/2018 2:30:00 AM,1,0,0,36.185860,-86.795880,5TH AVN,,,,129.00,Feet,North,COFFEE ST,,,,0.00,N,Not at Intersection,N,Non-Junction,None,,,         ,Christopher,Royer,Clear,Not Collision with Motor Vehicle in Transport,no,no,no,no,no,False
102145616,METROPOLITAN NASHVILLE POLICE DEPT,20180787951,Davidson,Nashville,9/14/2018 10:48:00 PM,2,1,0,36.171430,-86.769040,INTERSTATE DR,,,,0.00,Feet,,JAMES ROBERTSON PKWY,,,,0.00,Y,Four-Way,N,Intersection,None,,,         ,Douglas,Smith,Clear,Angle,no,no,no,no,yes,False
102145620,METROPOLITAN NASHVILLE POLICE DEPT,20180788449,Davidson,Nashville,9/15/2018 3:42:00 AM,1,0,0,36.127360,-86.711950,MURFREESBORO PKE,,,,347.00,Feet,West,EAST THOMPSON LN,,,,0.00,N,Not at Intersection,N,Non-Junction,None,,,         ,Joseph,Patricio,Clear,Not Collision with Motor Vehicle in Transport,no,no,no,yes,yes,False
102145621,METROPOLITAN NASHVILLE POLICE DEPT,20180788386,Davidson,Nashville,9/15/2018 12:00:00 AM,1,0,0,36.110940,-86.745190,THOMPSON LN,,,,0.00,,,NOLENSVILLE PKE,,,,0.00,Y,Four-Way,N,Intersection,None,,,         ,Zachary,Lang,Clear,Not Collision with Motor Vehicle in Transport,no,no,no,no,yes,False
102145644,METROPOLITAN NASHVILLE POLICE DEPT,20180788445,Davidson,Nashville,9/15/2018 12:00:00 AM,1,1,0,36.037430,-86.786350,OLD HICKORY BLVD,,,,65.00,Feet,East,FRANKLIN PKE,,,,0.00,N,Not at Intersection,Y,Non-Junction,None,,,         ,Courtney,Hester,Clear,Not Collision with Motor Vehicle in Transport,no,no,no,no,no,False
102145645,METROPOLITAN NASHVILLE POLICE DEPT,20180788216,Davidson,Nashville,9/15/2018 1:08:00 AM,2,0,0,36.157360,-86.792760,CHURCH ST,,,,0.00,,,15TH AVN,,,,0.00,Y,Four-Way, ,,None,,,         ,Jonathan,Hadley,,,no,no,no,no,no,False
102145668,METROPOLITAN NASHVILLE POLICE DEPT,20180788487,Davidson,Not in City Limit,9/15/2018 4:10:00 AM,1,0,0,36.282280,-86.691990,MYATT DR,,,,146.00,Feet,North,MYATT BLVD,,,,0.00,N,Not at Intersection,N,Non-Junction,None,,,         ,Bryant,Presley,Clear,Not Collision with Motor Vehicle in Transport,no,no,no,no,no,False
102145673,GOODLETTSVILLE POLICE DEPT,18-32722,Davidson,Goodlettsville,9/14/2018 5:32:00 PM,2,0,0,36.325490,-86.702090,E CEDAR ST,,,,169.00,Feet,North,LONG HOLLOW PKE,,,,0.00,N,Not at Intersection, ,Non-Junction,None,,,         ,Brian,Hajdu,Cloudy,Angle,no,no,no,no,no,False
102145686,METROPOLITAN NASHVILLE POLICE DEPT,20180788649,Davidson,Nashville,9/15/2018 3:11:00 AM,2,0,0,36.161220,-86.776720,BROADWAY,,,,158.00,Feet,East,4TH AVN,,,,0.00,N,Not at Intersection,N,Non-Junction,None,,,         ,Daniel,Caruth,Clear,"Sideswipe, Same Direction",no,no,no,no,yes,False
102145700,METROPOLITAN NASHVILLE POLICE DEPT,20180788554,Davidson,Nashville,9/15/2018 3:26:00 AM,2,0,0,36.061520,-86.699370,COLEMONT CT,,,,796.00,Feet,North,COLEMONT DR,,,,0.00,N,Not at Intersection,N,Non-Junction,None,,,         ,Kaleb,Stella,Clear,"Sideswipe, Same Direction",no,no,no,no,yes,False
102145717,METROPOLITAN NASHVILLE POLICE DEPT,20180788416,Davidson,Nashville,9/15/2018 3:12:00 AM,2,1,0,36.170400,-86.768450,INTERSTATE DR,,,,0.00,,,WOODLAND ST,,,,0.00,Y,OTHER,N,Non-Junction,None,,,         ,Kelcey,Bell,Clear,Angle,no,no,no,no,no,False
102145732,METROPOLITAN NASHVILLE POLICE DEPT,20180788685,Davidson,Not in City Limit,9/15/2018 4:20:00 AM,1,0,0,36.336330,-86.910490,I 24,,,,0.00,,,,,,,32.35,N,Not at Intersection,N,Non-Junction,None,,,         ,Nicholas,MacDougall,Clear,Not Collision with Motor Vehicle in Transport,no,no,no,no,no,False
102145740,Nashville Airport Police,18-3690,Davidson,Nashville,9/15/2018 6:05:00 AM,2,1,0,36.129140,-86.665380,DONELSON PKE,,,,0.00,,,DONELSON PKE S ENT RAMP,,,,0.00,Y,OTHER,N,Non-Junction,None,,,         ,Jerry,Lovell,Clear,"Sideswipe, Same Direction",no,no,no,no,no,False
102145742,METROPOLITAN NASHVILLE POLICE DEPT,20180788731,Davidson,Nashville,9/15/2018 6:20:00 AM,2,0,0,36.150480,-86.770350,4TH AVS,,,,0.00,,,I40 E EXT RAMP,,,,0.00,Y,T-Intersection, ,Entrance/Exit Ramp Related,None,,,         ,Michael,Dudley,Clear,Angle,no,no,no,no,no,False
102145750,METROPOLITAN NASHVILLE POLICE DEPT,20180788790,Davidson,Nashville,9/14/2018 10:00:00 PM,1,0,0,36.214350,-86.827980,DOVE PL,,,,520.00,Feet,West,TUCKER RD,,,,0.00,N,Not at Intersection,N,Non-Junction,None,,,         ,James,Hill,Unknown,Not Collision with Motor Vehicle in Transport,no,no,no,no,yes,False
102145796,METROPOLITAN NASHVILLE POLICE DEPT,20180788875,Davidson,Nashville,9/15/2018 8:25:00 AM,2,1,0,36.110940,-86.745220,THOMPSON LN,,,,0.00,,,NOLENSVILLE PKE,,,,0.00,Y,Four-Way,N,Intersection,None,,,         ,Amy,Hirschmann,Clear,Front to Rear,no,no,no,no,no,False
102145808,METROPOLITAN NASHVILLE POLICE DEPT,20180788732,Davidson,Not in City Limit,9/15/2018 6:15:00 AM,1,0,0,36.277370,-86.698640,SNOW AV,,,,518.00,Feet,North,CEDARWOOD LN,,,,0.00,N,Not at Intersection,N,Non-Junction,None,,,         ,Joshua,Borum,Clear,Not Collision with Motor Vehicle in Transport,no,no,no,no,no,False
102145817,METROPOLITAN NASHVILLE POLICE DEPT,20180788951,Davidson,Nashville,9/15/2018 8:56:00 AM,2,0,0,36.169360,-86.679890,LEBANON PKE,,,,0.00,,,MCGAVOCK PKE,,,,0.00,Y,Four-Way,N,Intersection-Related,None,,,         ,Tien,Nguyen,Clear,Front to Rear,no,no,no,no,yes,False
102145833,METROPOLITAN NASHVILLE POLICE DEPT,20180788922,Davidson,Nashville,9/15/2018 9:05:00 AM,2,0,0,36.068590,-86.688520,I 24,,,,0.00,,,,,,,57.10,N,Not at Intersection,N,Non-Junction,None,,,         ,Jason,Hees,Cloudy,Front to Rear,no,no,no,no,no,False
102145834,METROPOLITAN NASHVILLE POLICE DEPT,20180788956,Davidson,Nashville,9/15/2018 9:30:00 AM,2,0,0,36.253580,-86.716520,GALLATIN PKES,,,,155.00,Feet,North,MADISON SQ,,,,0.00,N,Not at Intersection,N,Non-Junction,None,,,         ,Timothy,Kearney,Clear,Front to Rear,no,no,no,no,yes,False
102145843,METROPOLITAN NASHVILLE POLICE DEPT,20180788977,Davidson,Nashville,9/14/2018 7:20:00 PM,2,0,0,36.158230,-86.878660,ANNEX AV,,,,171.00,Feet,South,ROBERTSON AV,,,,0.00,N,Not at Intersection,N,"Driveway, Alley Access, etc",None,,,         ,Walter,Gray II,Clear,Angle,no,no,no,no,yes,False
102145849,GOODLETTSVILLE POLICE DEPT,18-32792,Davidson,Goodlettsville,9/15/2018 9:38:00 AM,2,1,0,36.303080,-86.694810,RIVERGATE MALL PVTDR,,,,0.00,,,MALL ACCESS,,,,0.00,Y,T-Intersection,N,Intersection,None,,,         ,Brian,Hajdu,Cloudy,Angle,no,no,no,yes,no,False
102145869,METROPOLITAN NASHVILLE POLICE DEPT,20180789037,Davidson,Nashville,9/15/2018 9:30:00 AM,2,0,0,36.183350,-86.715100,MITCHELL RD,,,,213.00,Feet,South,POTTER LN,,,,0.00,N,Not at Intersection, ,Non-Junction,None,,,         ,Trevor,Jones,Clear,Rear to Side,no,no,no,no,no,False
102145883,METROPOLITAN NASHVILLE POLICE DEPT,2018 789036,Davidson,Nashville,9/15/2018 10:00:00 AM,1,1,0,36.140340,-86.829430,MURPHY RD,,,,68.00,Feet,West,37TH AVN,,,,0.00,N,Not at Intersection,N,Non-Junction,None,,,         ,Paul,Junkmann,Cloudy,Not Collision with Motor Vehicle in Transport,no,yes,no,no,no,False
102145885,METROPOLITAN NASHVILLE POLICE DEPT,20180789012,Davidson,Nashville,9/15/2018 9:40:00 AM,2,0,0,36.094580,-86.678030,DONELSON PKE,,,,691.00,Feet,North,HARDING PL,,,,0.00,N,Not at Intersection, ,Non-Junction,None,,,         ,Troy,Loewen,Clear,Front to Rear,no,no,no,no,no,False
102145891,METROPOLITAN NASHVILLE POLICE DEPT,20180789126,Davidson,Lakewood,9/15/2018 10:15:00 AM,2,0,0,36.234520,-86.625900,MONTCHANIN RD,,,,0.00,,,OLD HICKORY BLVD,,,,0.00,Y,Four-Way, ,Intersection-Related,None,,,         ,William,Mckay,Clear,"Sideswipe, Same Direction",no,no,no,no,no,False
102145892,METROPOLITAN NASHVILLE POLICE DEPT,2018-0788837,Davidson,Nashville,9/15/2018 7:52:00 AM,2,0,0,36.071770,-86.732010,WHISPERING HILLS DR,,,,292.00,Feet,East,EDMONDSON PKE,,,,0.00,N,Not at Intersection, ,Non-Junction,None,,,         ,Sean,Williams,Clear,HeadOn,no,no,no,no,no,False
102145911,METROPOLITAN NASHVILLE POLICE DEPT,20180789160,Davidson,Nashville,9/15/2018 11:30:00 AM,2,0,0,36.164510,-86.777070,CHURCH ST,,,,53.00,Feet,West,2ND AVN,,,,0.00,N,Not at Intersection,N,Non-Junction,Construction Zone,Lane Shift-Crossover,Termination Area,         ,Kyle,Eicholtz,Clear,"Sideswipe, Same Direction",no,no,no,no,yes,False
102145912,METROPOLITAN NASHVILLE POLICE DEPT,20180789152,Davidson,Nashville,9/15/2018 11:20:00 AM,2,0,0,36.182000,-86.638000,LEBANON PK,,,,0.00,,,,,,,0.00,,Not at Intersection, ,Non-Junction,None,,,         ,William,Mckay,Clear,Unknown,no,no,no,yes,yes,False
102145914,METROPOLITAN NASHVILLE POLICE DEPT,20180789156,Davidson,Nashville,9/15/2018 11:23:00 AM,2,1,0,36.049980,-86.649500,BELL RD,,,,0.00,,,MT VIEW RD,,,,0.00,Y,Four-Way,N,Intersection,None,,,         ,Jason,Hees,Clear,Angle,no,no,no,no,yes,False
102145932,METROPOLITAN NASHVILLE POLICE DEPT,20180789201,Davidson,Nashville,9/15/2018 12:00:00 PM,3,0,0,36.086840,-86.695810,HARDING PL,,,,43.00,Feet,East,METROPLEX DR,,,,0.00,N,Not at Intersection, ,Non-Junction,None,,,         ,Charles,Wakefield,Clear,Front to Rear,no,no,no,no,no,False
102145937,METROPOLITAN NASHVILLE POLICE DEPT,20180789140,Davidson,Nashville,9/15/2018 10:25:00 AM,2,1,0,36.216970,-86.693460,MCGAVOCK PKE WB ENT RAMP,,,,0.00,Feet,East,MCGAVOCK PKE,,,,0.00,N,Not at Intersection,N,Entrance/Exit Ramp Related,None,,,         ,Lee,Davis,Clear,Front to Rear,no,no,no,no,no,False
102145941,METROPOLITAN NASHVILLE POLICE DEPT,20180789193,Davidson,Nashville,9/15/2018 11:47:00 AM,2,0,0,36.146610,-86.810000,CENTENNIAL PARK PVTDR,,,,141.00,Feet,North,WEST END AV,,,,0.00,N,Not at Intersection, ,Non-Junction,None,,,         ,Randy,Puckett,Clear,Rear to Rear,no,no,no,yes,yes,False
102145942,METROPOLITAN NASHVILLE POLICE DEPT,20180789071,Davidson,Nashville,9/15/2018 10:30:00 AM,2,0,0,36.141640,-86.714690,I 40,,,,0.00,,,,,,,213.95,N,Not at Intersection, ,,None,,,         ,Brandon,Evans,,,no,no,no,no,no,False
102145989,METROPOLITAN NASHVILLE POLICE DEPT,2018-0789231,Davidson,Not in City Limit,9/15/2018 11:54:00 AM,2,0,0,36.266000,-86.741390,OLD HICKORY BLVDW,,,,0.00,Feet,West,NESBITT LN,,,,0.00,N,Not at Intersection,N,Non-Junction,None,,,         ,Arthur,Hipp,Clear,Front to Rear,no,no,no,no,no,False
102145990,METROPOLITAN NASHVILLE POLICE DEPT,20180789203,Davidson,Nashville,9/15/2018 12:05:00 PM,2,1,0,36.045300,-86.701680,BELL RD,,,,0.00,,,OLD HICKORY BLVD,,,,0.00,Y,Four-Way,Y,Intersection,None,,,         ,James,Jarvis,Clear,Front to Rear,no,no,no,no,no,False
102146012,METROPOLITAN NASHVILLE POLICE DEPT,20180789274,Davidson,Nashville,9/15/2018 12:07:00 PM,2,0,0,36.045300,-86.701680,BELL RD,,,,0.00,,,OLD HICKORY BLVD,,,,0.00,Y,Four-Way, ,,None,,,         ,James,Jarvis,,,no,no,no,no,no,False
102146035,METROPOLITAN NASHVILLE POLICE DEPT,20180789336,Davidson,Nashville,9/15/2018 1:40:00 PM,2,0,0,36.040010,-86.743470,EDMONDSON PKE,,,,0.00,,,OLD HICKORY BLVD,,,,0.00,Y,Four-Way,N,Intersection,None,,,         ,Earl,Davis,Clear,"Sideswipe, Opposite Direction",no,no,no,no,yes,False
102146047,METROPOLITAN NASHVILLE POLICE DEPT,20180789284,Davidson,Nashville,9/15/2018 1:04:00 PM,2,0,0,36.067370,-86.692500,APACHE TRL,,,,903.00,Feet,South,HAYWOOD LN,,,,0.00,N,Not at Intersection, ,Non-Junction,None,,,         ,Troy,Loewen,Clear,Angle,no,no,no,no,no,False
102146048,METROPOLITAN NASHVILLE POLICE DEPT,2018-0789107,Davidson,Nashville,9/15/2018 10:48:00 AM,1,0,0,36.077050,-86.736270,HARDING PL,,,,107.00,Feet,East,SHADESCREST DR,,,,0.00,N,Not at Intersection,N,Non-Junction,None,,,         ,Sean,Williams,Clear,Not Collision with Motor Vehicle in Transport,no,no,no,no,no,False
102146057,METROPOLITAN NASHVILLE POLICE DEPT,20180789313,Davidson,Nashville,9/15/2018 1:28:00 PM,2,0,0,36.067410,-86.631250,MURFREESBORO PKE,,,,0.00,,,FOREST VIEW DR,,,,0.00,Y,Four-Way, ,,None,,,         ,Brandon,Evans,,,no,no,no,no,no,False
102146077,Nashville Airport Police,2018-03683,Davidson,Nashville,9/14/2018 7:08:00 PM,2,0,0,36.136170,-86.667540,I40 E EXT RAMP,,,,0.00,,,TERMINAL DR,,,,0.00,Y,OTHER, ,Non-Junction,None,,,         ,Daniel,Winter,Clear,"Sideswipe, Same Direction",no,no,no,no,no,False
102146078,METROPOLITAN NASHVILLE POLICE DEPT,20180789388,Davidson,Nashville,9/15/2018 12:00:00 AM,2,0,0,36.167660,-86.663320,LEBANON PKE,,,,0.00,,,DONELSON PKE,,,,0.00,Y,OTHER,N,OtherLocation,None,,,         ,Tien,Nguyen,Clear,Front to Rear,no,no,no,yes,yes,False
102146140,METROPOLITAN NASHVILLE POLICE DEPT,20180789169,Davidson,Not in City Limit,9/15/2018 11:41:00 AM,2,2,0,36.266730,-86.756690,DICKERSON PKE,,,,77.00,Feet,South,DARBYTOWN DR,,,,0.00,N,Not at Intersection,N,Non-Junction,None,,,         ,Cyretha,Frazier,Cloudy,Angle,no,no,no,no,no,False
102146142,METROPOLITAN NASHVILLE POLICE DEPT,20180789403,Davidson,Nashville,9/15/2018 2:20:00 PM,3,0,0,36.086430,-86.648370,MURFREESBORO PKE,,,,196.00,Feet,South,UNA ANTIOCH PKE,,,,0.00,N,Not at Intersection, ,Non-Junction,None,,,         ,Devonte,Coleman,Clear,Front to Rear,no,no,no,no,no,False
102146144,METROPOLITAN NASHVILLE POLICE DEPT,2018-0789376,Davidson,Nashville,9/15/2018 2:12:00 PM,2,1,0,36.079600,-86.726320,NOLENSVILLE PKE,,,,0.00,Feet,East,HARDING PL,,,,0.00,N,Not at Intersection,N,Non-Junction,None,,,         ,Sean,Williams,Clear,Front to Rear,no,no,no,no,yes,False
102146149,METROPOLITAN NASHVILLE POLICE DEPT,20180789488,Davidson,Nashville,9/15/2018 3:23:00 PM,2,0,0,36.102150,-86.808920,LONE OAK RD,,,,0.00,,,SHACKLEFORD RD,,,,0.00,Y,T-Intersection, ,Intersection,None,,,         ,Ryan,Storm,Clear,Angle,no,no,no,no,no,False
102146167,METROPOLITAN NASHVILLE POLICE DEPT,20180789497,Davidson,Nashville,9/15/2018 3:35:00 PM,2,0,0,36.088960,-86.727360,SAM BONEY DR,,,,860.00,Feet,North,ELYSIAN FIELDS RD,,,,0.00,N,Not at Intersection, ,Non-Junction,None,,,         ,YUNUS,ADAK,Clear,Angle,no,no,no,no,no,False
102146169,METROPOLITAN NASHVILLE POLICE DEPT,20180789413,Davidson,Nashville,9/15/2018 1:26:00 PM,2,0,0,36.127500,-86.794300,BELMONT BLVD,,,,0.00,,,LINDEN AV,,,,0.00,Y,T-Intersection,Y,Intersection-Related,None,,,         ,Gary,Peters,Clear,Front to Rear,no,no,no,no,yes,False
102146207,METROPOLITAN NASHVILLE POLICE DEPT,20180789464,Davidson,Nashville,9/15/2018 1:58:00 PM,2,1,0,36.091380,-86.651370,MURFREESBORO PKE,,,,54.00,Feet,North,BRITISH WOODS DR,,,,0.00,N,Not at Intersection,N,Non-Junction,None,,,         ,Jarret,Sonnenberg,Clear,Front to Rear,no,no,no,no,no,False
102146258,METROPOLITAN NASHVILLE POLICE DEPT,20180789412,Davidson,Not in City Limit,9/15/2018 2:50:00 PM,3,0,0,36.034510,-86.974170,HIGHWAY 100,,,,55.00,Feet,West,MCCRORY LN,,,,0.00,N,Not at Intersection,N,Non-Junction,None,,,         ,Gardiner,Bradley,Clear,Front to Rear,no,no,no,no,no,False
102146264,METROPOLITAN NASHVILLE POLICE DEPT,20180789535,Davidson,Nashville,9/15/2018 3:36:00 PM,2,0,0,36.148530,-86.781160,I 40,,,,0.00,,,,,,,209.75,N,Not at Intersection, ,Non-Junction,None,,,         ,FELIKS,ABRAHAMYAN,Clear,"Sideswipe, Same Direction",no,no,no,no,no,False
102146274,METROPOLITAN NASHVILLE POLICE DEPT,20180789512,Davidson,Nashville,9/15/2018 3:20:00 PM,2,1,0,36.045000,-86.659800,I24 E EXT RAMP,,,,0.00,,East,I 24,,,,0.00,N,Not at Intersection,N,Non-Junction,None,,,         ,Ian,Swander,Clear,Angle,no,no,no,no,no,False
102146279,METROPOLITAN NASHVILLE POLICE DEPT,20180789444,Davidson,Nashville,9/15/2018 3:03:00 PM,2,0,0,36.070580,-86.722570,NOLENSVILLE PKE,,,,182.00,Feet,West,COTTON LN,,,,0.00,N,Not at Intersection, ,Non-Junction,None,,,         ,Darryl,Williams,Clear,Front to Rear,no,no,no,no,no,False
102146282,METROPOLITAN NASHVILLE POLICE DEPT,20180789642,Davidson,Not in City Limit,9/15/2018 3:33:00 PM,2,0,0,36.044460,-86.956230,HIGHWAY 100,,,,0.00,,,OLD HARDING PKE,,,,0.00,Y,Four-Way,N,Intersection,None,,,         ,Gardiner,Bradley,Clear,Front to Rear,no,no,no,no,yes,False
102146284,METROPOLITAN NASHVILLE POLICE DEPT,20180789506,Davidson,Nashville,9/15/2018 3:35:00 PM,3,0,0,36.171840,-86.764770,S 5TH ST,,,,0.00,,,WOODLAND ST,,,,0.00,Y,Four-Way, ,Non-Junction,None,,,         ,Gregory,Cenicola,Clear,Front to Rear,no,no,no,no,no,False
102146307,METROPOLITAN NASHVILLE POLICE DEPT,20180789664,Davidson,Nashville,9/15/2018 4:54:00 PM,2,0,0,36.132380,-86.779200,8TH AVS,,,,48.00,Feet,South,BENTON AV,,,,0.00,N,Not at Intersection, ,,None,,,         ,FELIKS,ABRAHAMYAN,,,no,no,no,no,no,False
102146345,METROPOLITAN NASHVILLE POLICE DEPT,20180789452,Davidson,Nashville,9/15/2018 3:10:00 PM,2,5,0,36.163660,-86.793660,I 40,,,,0.00,,,,,,,208.55,N,Not at Intersection,N,Non-Junction,None,,,         ,Joseph,Bingham,Clear,"Sideswipe, Same Direction",no,no,no,no,no,False
102146346,METROPOLITAN NASHVILLE POLICE DEPT,20180789492,Davidson,Not in City Limit,9/15/2018 3:30:00 PM,2,0,0,36.264020,-86.735970,I65 N EXT RAMP,,,,0.00,Feet,East,OLD HICKORY BLVDW,,,,0.00,N,Not at Intersection, ,Entrance/Exit Ramp Related,None,,,         ,Kevin,Crawford,Clear,Front to Rear,no,no,no,no,no,False
102146350,METROPOLITAN NASHVILLE POLICE DEPT,20180789654,Davidson,Nashville,9/15/2018 5:01:00 PM,2,1,0,36.087300,-86.602860,SMITH SPRINGS RD,,,,315.00,Feet,East,OLD ANDERSON RD,,,,0.00,N,Not at Intersection,N,Non-Junction,None,,,         ,Seth,Vaughn,Clear,HeadOn,no,no,no,no,no,False