master_record_number,agency,agency_tracking_number,county,city,collision_date,vehicles_involved,number_injured,number_dead,latitude,longitude,roadway_name,roadway_suffix,roadway_number,roadway_local_id,distance_from_reference,miles-feet_indicator,direction_from_reference,intersection_road_name,intersection_road_name_suffix,intersection_road_number,intersection_local_id,mile_marker,intersection_indicator,intersect_type,interchange_related_indicator,relation_to_junction,work_zone_type,construction_maintenance_zone,construction_maintenance_zone_location,fatal_case_number,officer_first_name,officer_last_name,weather_condition(s),manner_of_crash,pedestrian,bicycle,scooter,parking,hitrun,mou
102147502,METROPOLITAN NASHVILLE POLICE DEPT,20180791996,Davidson,Nashville,9/16/2018 12:00:00 AM,2,0,0,36.130420,-86.899980,I40 W EXT RAMP,,,,0.00,Feet,East,I 40,,,,0.00,N,Not at Intersection,N,Non-Junction,None,,,         ,Kelby,Dumond,Clear,Front to Rear,no,no,no,no,yes,False
102147505,METROPOLITAN NASHVILLE POLICE DEPT,20180792115,Davidson,Nashville,9/16/2018 8:19:00 PM,2,0,0,36.153330,-86.787920,I 40,,,,0.00,,,,,,,209.35,N,Not at Intersection, ,Non-Junction,None,,,         ,Seth,Quiles,Clear,"Sideswipe, Same Direction",no,no,no,no,yes,False
102147517,METROPOLITAN NASHVILLE POLICE DEPT,20180791932,Davidson,Nashville,9/16/2018 6:38:00 PM,2,0,0,36.203550,-86.738530,GALLATIN PKE,,,,0.00,,,E TRINITY LN,,,,0.00,Y,T-Intersection,N,Intersection-Related,None,,,         ,Alexander,Georgeson,Cloudy,Front to Rear,no,no,no,no,no,False
102147518,METROPOLITAN NASHVILLE POLICE DEPT,20180792148,Davidson,Nashville,9/16/2018 8:49:00 PM,2,0,0,36.149480,-86.747620,I 40,,,,0.00,,,,,,,211.75,N,Not at Intersection, ,,None,,,         ,Trenton,Searcy,,,no,no,no,no,no,False
102147531,METROPOLITAN NASHVILLE POLICE DEPT,20180791668,Davidson,Nashville,9/16/2018 3:49:00 PM,2,0,0,36.174710,-86.757230,WOODLAND ST,,,,193.00,Feet,West,S 9TH ST,,,,0.00,N,Not at Intersection,N,Non-Junction,None,,,         ,Joshua,Lackey,Cloudy,Front to Rear,no,no,no,no,no,False
102147560,METROPOLITAN NASHVILLE POLICE DEPT,20180792098,Davidson,Nashville,9/16/2018 8:17:00 PM,4,5,0,36.053030,-86.676800,TUSCULUM RD,,,,636.00,Feet,West,SAXONY LAKE DR,,,,0.00,N,Not at Intersection,N,Non-Junction,None,,,         ,Taylor,Hurley,Cloudy,Angle,no,no,no,no,no,False
102147583,METROPOLITAN NASHVILLE POLICE DEPT,20180792130,Davidson,Nashville,9/16/2018 7:58:00 PM,2,1,0,36.069320,-86.690830,I24 E EXT RAMP,,,,0.00,,,I 24,,,,0.00,Y,T-Intersection,Y,Entrance/Exit Ramp Related,None,,,         ,Shelby,Hughes,Clear,Front to Rear,no,no,no,no,no,False
102147594,METROPOLITAN NASHVILLE POLICE DEPT,20180792083,Davidson,Nashville,9/16/2018 8:03:00 PM,2,0,0,36.044770,-86.661530,BELL RD,,,,0.00,,,CANE RIDGE RD,,,,0.00,Y,OTHER,N,Non-Junction,None,,,         ,Jedidayah,Merriweather,Cloudy,Front to Rear,no,no,no,no,yes,False
102147624,METROPOLITAN NASHVILLE POLICE DEPT,20180792297,Davidson,Nashville,9/16/2018 9:00:00 PM,2,0,0,36.045370,-86.713260,NOLENSVILLE PKE,,,,0.00,,,OLD HICKORY BLVD,,,,0.00,Y,Four-Way, ,Intersection,None,,,         ,Brandon,Rardin,Clear,Angle,no,no,no,no,no,False
102147634,METROPOLITAN NASHVILLE POLICE DEPT,20180792486,Davidson,Nashville,9/16/2018 10:51:00 PM,2,2,0,36.072190,-86.689090,BAKERTOWN RD,,,,644.00,Feet,South,I24 W ENT RAMP,,,,0.00,N,Not at Intersection,N,Non-Junction,None,,,         ,Autumn,Manning,Clear,Front to Rear,no,no,no,no,no,False
102147674,METROPOLITAN NASHVILLE POLICE DEPT,20180792766,Davidson,Nashville,9/17/2018 3:20:00 AM,2,0,0,36.040970,-86.721300,LAUSANNE DR,,,,79.00,Feet,West,ZERMATT AV,,,,0.00,N,Not at Intersection, ,Non-Junction,None,,,         ,Brandon,Rardin,Clear,Rear to Side,no,no,no,no,yes,False
102147679,METROPOLITAN NASHVILLE POLICE DEPT,20180792744,Davidson,Nashville,9/17/2018 3:00:00 AM,2,0,0,36.071870,-86.636180,BELL RD,,,,0.00,,,MURFREESBORO PKE,,,,0.00,Y,Four-Way,N,Intersection,None,,,         ,David,Simmonds,Clear,Front to Rear,no,no,no,no,yes,False
102147683,METROPOLITAN NASHVILLE POLICE DEPT,20180792782,Davidson,Nashville,9/17/2018 12:00:00 AM,1,1,0,36.150470,-86.867490,I 40,,,,0.00,,,,,,,203.40,N,Not at Intersection,N,Non-Junction,None,,,         ,Sekou,Samassi,Clear,Not Collision with Motor Vehicle in Transport,no,no,no,no,no,False
102147733,METROPOLITAN NASHVILLE POLICE DEPT,20180793029,Davidson,Not in City Limit,9/17/2018 6:01:00 AM,2,0,0,36.076890,-86.945220,HIGHWAY 70S,,,,0.00,,,SAWYER BROWN RD,,,,0.00,Y,Four-Way, ,Intersection,None,,,         ,Kevin,McGinniss,Cloudy,Angle,no,no,no,no,yes,False
102147741,METROPOLITAN NASHVILLE POLICE DEPT,20180793091,Davidson,Nashville,9/17/2018 7:00:00 AM,2,0,0,36.121680,-86.910310,I 40,,,,0.00,,,,,,,200.20,N,Not at Intersection, ,Non-Junction,None,,,         ,Curtis,Rich,Rain,Front to Rear,no,no,no,no,no,False
102147748,METROPOLITAN NASHVILLE POLICE DEPT,20180792999,Davidson,Nashville,9/17/2018 5:59:00 AM,2,1,0,36.047230,-86.590040,PIN HOOK RD,,,,0.00,,,PIN OAK DR,,,,0.00,Y,Four-Way,N,Intersection-Related,None,,,         ,Daryn,Yentes,Cloudy,HeadOn,no,no,no,no,no,False
102147749,METROPOLITAN NASHVILLE POLICE DEPT,20180791352,Davidson,Nashville,9/16/2018 11:50:00 AM,2,0,0,36.151640,-86.784260,12TH AVS,,,,92.00,Feet,South,11TH AVS,,,,0.00,N,Not at Intersection, ,Non-Junction,None,,,         ,Cody,O'Quinn,Cloudy,"Sideswipe, Same Direction",no,no,no,no,no,False
102147750,METROPOLITAN NASHVILLE POLICE DEPT,20180791480,Davidson,Nashville,9/16/2018 1:30:00 PM,2,0,0,36.168700,-86.788430,ROSA L PARKS BLVD,,,,70.00,Feet,North,HARRISON ST,,,,0.00,N,Not at Intersection, ,Non-Junction,None,,,         ,Cody,O'Quinn,Cloudy,Front to Rear,no,no,no,no,no,False
102147751,METROPOLITAN NASHVILLE POLICE DEPT,20180793112,Davidson,Nashville,9/17/2018 7:05:00 AM,2,0,0,36.039580,-86.768420,CLOVERLAND DR,,,,236.00,Feet,North,BRENTON PARK CT,,,,0.00,N,Not at Intersection, ,Non-Junction,None,,,         ,Jon,Mcvey,Cloudy,Front to Rear,no,no,no,no,no,False
102147757,METROPOLITAN NASHVILLE POLICE DEPT,20180793110,Davidson,Not in City Limit,9/17/2018 7:10:00 AM,2,1,0,36.322490,-86.868860,I24 E ENT RAMP,,,,0.00,Feet,East,I 24,,,,0.00,N,Not at Intersection,Y,Entrance/Exit Ramp Related,None,,,         ,William,Coy,Cloudy,Front to Rear,no,no,no,no,no,False
102147761,METROPOLITAN NASHVILLE POLICE DEPT,20180793104,Davidson,Nashville,9/17/2018 6:20:00 AM,1,0,0,36.170700,-86.773090,N 1ST ST,,,,170.00,Feet,North,MAIN ST,,,,0.00,N,Not at Intersection,N,"Driveway, Alley Access, etc",None,,,         ,Kyle,Eicholtz,Cloudy,Not Collision with Motor Vehicle in Transport,no,no,no,yes,no,False
102147764,METROPOLITAN NASHVILLE POLICE DEPT,20180793083,Davidson,Antioch,9/17/2018 6:00:00 AM,2,0,0,36.016300,-86.615990,FIRESTONE PKWY,,,,0.00,,,GOULD BLVD,,,,0.00,Y,T-Intersection,N,Intersection,None,,,         ,Brandon,Evans,Clear,Angle,no,no,no,no,yes,False
102147765,METROPOLITAN NASHVILLE POLICE DEPT,20180793166,Davidson,Nashville,9/17/2018 7:44:00 AM,2,0,0,36.134220,-86.894940,I40 E ENT RAMP,,,,0.00,Feet,East,I 40,,,,0.00,N,Not at Intersection, ,Entrance/Exit Ramp Related,None,,,         ,Curtis,Rich,Cloudy,Front to Rear,no,no,no,no,no,False
102147794,METROPOLITAN NASHVILLE POLICE DEPT,20180793141,Davidson,Antioch,9/17/2018 6:40:00 AM,2,0,0,36.047840,-86.612050,MURFREESBORO PKE,,,,1284.00,Feet,North,MOUNTAIN SPRINGS RD,,,,0.00,N,Not at Intersection,N,Non-Junction,None,,,         ,Brandon,Vance,Clear,Front to Rear,no,no,no,no,no,False
102147796,METROPOLITAN NASHVILLE POLICE DEPT,20180793072,Davidson,Nashville,9/17/2018 6:26:00 AM,2,0,0,36.215790,-86.775320,I 65,,,,0.00,,,,,,,88.00,N,Not at Intersection, ,,None,,,         ,James,Wray,,,no,no,no,no,no,False
102147811,METROPOLITAN NASHVILLE POLICE DEPT,20180793325,Davidson,Not in City Limit,9/17/2018 7:45:00 AM,2,0,0,36.021600,-86.628350,I 24,,,,0.00,,,,,,,61.90,N,Not at Intersection, ,Non-Junction,None,,,         ,Brandon,Evans,Cloudy,Front to Rear,no,no,no,no,no,False
102147822,METROPOLITAN NASHVILLE POLICE DEPT,20180793313,Davidson,Nashville,9/17/2018 8:47:00 AM,2,0,0,36.152190,-86.842560,CHARLOTTE AV,,,,100.00,Feet,West,46TH AVN,,,,0.00,N,Not at Intersection, ,Non-Junction,None,,,         ,Walter,Gray II,Cloudy,"Sideswipe, Same Direction",no,no,no,no,no,False
102147825,METROPOLITAN NASHVILLE POLICE DEPT,20180793228,Davidson,Nashville,9/17/2018 8:09:00 AM,2,0,0,36.147350,-86.785730,SOUTH ST,,,,0.00,Feet,,12TH AVS,,,,0.00,Y,Four-Way,N,Intersection,None,,,         ,Jon,Mcvey,Cloudy,Angle,no,no,no,no,no,False
102147828,METROPOLITAN NASHVILLE POLICE DEPT,20180793343,Davidson,Nashville,9/17/2018 8:50:00 AM,1,0,0,36.165670,-86.778650,3RD AVN,,,,11.00,Feet,North,UNION ST,,,,0.00,N,Not at Intersection, ,,None,,,         ,Kyle,Eicholtz,,,no,no,no,no,no,False
102147830,METROPOLITAN NASHVILLE POLICE DEPT,20180793339,Davidson,Nashville,9/17/2018 8:41:00 AM,2,0,0,36.206530,-86.776480,I 65,,,,0.00,,,,,,,87.30,N,Not at Intersection, ,,None,,,         ,James,Wray,,,no,no,no,no,no,False
102147831,METROPOLITAN NASHVILLE POLICE DEPT,20180793158,Davidson,Nashville,9/17/2018 7:40:00 AM,1,0,0,36.160510,-86.801870,JO JOHNSTON AV,,,,0.00,,,DR D B TODD JR BLVD,,,,0.00,Y,Four-Way, ,Intersection,None,,,         ,Wesley,Young,Cloudy,Not Collision with Motor Vehicle in Transport,no,no,no,no,no,False
102147835,METROPOLITAN NASHVILLE POLICE DEPT,20180793421,Davidson,Nashville,9/17/2018 9:30:00 AM,2,0,0,36.111020,-86.753620,THOMPSON LN,,,,35.00,Feet,West,FOSTER CREIGHTON DR,,,,0.00,N,Not at Intersection, ,Non-Junction,None,,,         ,Justin,Pinkelton,Clear,Angle,no,no,no,no,no,False
102147861,METROPOLITAN NASHVILLE POLICE DEPT,20180793431,Davidson,Nashville,9/17/2018 7:50:00 AM,2,0,0,36.231630,-86.616800,MONTCHANIN TER,,,,58.00,Feet,North,SHUTE LN,,,,0.00,N,Not at Intersection,N,Non-Junction,None,,,         ,Thomas,Odom,Rain,Front to Rear,no,no,no,no,yes,False
102147862,METROPOLITAN NASHVILLE POLICE DEPT,20180793465,Davidson,Nashville,9/17/2018 9:43:00 AM,2,0,0,36.161100,-86.760650,I 24,,,,0.00,,,,,,,49.40,N,Not at Intersection, ,Non-Junction,None,,,         ,Thomas,Odom,Clear,Front to Rear,no,no,no,no,no,False
102147864,METROPOLITAN NASHVILLE POLICE DEPT,20180793329,Davidson,Nashville,9/17/2018 8:45:00 AM,2,0,0,36.233300,-86.758630,DICKERSON PKE,,,,57.00,Feet,North,MAPLEWOOD TRC,,,,0.00,N,Not at Intersection,N,Non-Junction,None,,,         ,Steven,Spillers,Clear,Front to Rear,no,no,no,no,yes,False
102147877,METROPOLITAN NASHVILLE POLICE DEPT,20180793474,Davidson,Nashville,9/17/2018 9:54:00 AM,2,0,0,36.166350,-86.765850,INTERSTATE DR,,,,51.00,Feet,North,SHELBY AV,,,,0.00,N,Not at Intersection, ,,None,,,         ,Robert,Schohn,,,no,no,no,no,no,False
102147878,METROPOLITAN NASHVILLE POLICE DEPT,20180793317,Davidson,Nashville,9/17/2018 12:00:00 AM,2,0,0,36.122220,-86.726920,I440 W ENT RAMP,,,,0.00,,,I 24,,,,0.00,Y,OTHER, ,Entrance/Exit Ramp Related,None,,,         ,Honorio,Canchola,Cloudy,Front to Rear,no,no,no,no,no,False
102147895,METROPOLITAN NASHVILLE POLICE DEPT,20180793402,Davidson,Nashville,9/17/2018 8:20:00 AM,2,0,0,36.164120,-86.760920,S 5TH ST,,,,0.00,,,,,,,0.00,,, ,OtherLocation,None,,,         ,Russell,Freeman,Cloudy,"Sideswipe, Opposite Direction",no,no,no,yes,no,False
102147922,Nashville Airport Police,2018-03661,Davidson,Nashville,9/13/2018 7:53:00 AM,2,0,0,36.111050,-86.672680,KNAPP BLVD,,,,0.00,,,TN AIR NATIONAL GUARD PVTDR,,,,0.00,Y,OTHER, ,Non-Junction,None,,,         ,William,Green,Clear,HeadOn,no,no,no,yes,no,False
102147923,METROPOLITAN NASHVILLE POLICE DEPT,20180793153,Davidson,Nashville,9/17/2018 7:01:00 AM,2,0,0,36.202470,-86.598480,BELGIUM DR,,,,280.00,Feet,East,BELGIUM CT,,,,0.00,N,Not at Intersection, ,Non-Junction,None,,,         ,Zachary,Plese,Rain,"Sideswipe, Same Direction",no,no,no,no,no,False
102147948,METROPOLITAN NASHVILLE POLICE DEPT,20180793569,Davidson,Not in City Limit,9/17/2018 10:05:00 AM,2,0,0,36.339810,-86.871550,WHITES CREEK PKE,,,,1268.00,Feet,North,MORGAN RD,,,,0.00,N,Not at Intersection, ,Non-Junction,None,,,         ,Zachary,Goodall,Cloudy,Front to Rear,no,no,no,no,no,False
102147958,METROPOLITAN NASHVILLE POLICE DEPT,20180793651,Davidson,Nashville,9/17/2018 11:06:00 AM,2,0,0,36.171670,-86.768380,I 24,,,,0.00,,,,,,,48.35,N,Not at Intersection, ,Non-Junction,None,,,         ,Robert,Schohn,Cloudy,"Sideswipe, Same Direction",no,no,no,no,no,False
102147974,METROPOLITAN NASHVILLE POLICE DEPT,20180793701,Davidson,Nashville,9/17/2018 11:24:00 AM,2,0,0,36.170080,-86.789350,ROSA L PARKS BLVD,,,,298.00,Feet,East,HARRISON ST,,,,0.00,N,Not at Intersection,N,Non-Junction,None,,,         ,Kyle,Eicholtz,Cloudy,Front to Rear,no,no,no,no,no,False
102148015,METROPOLITAN NASHVILLE POLICE DEPT,20180793852,Davidson,Nashville,9/17/2018 11:55:00 AM,2,0,0,36.112330,-86.767020,THOMPSON LN,,,,0.00,,,BRANSFORD AV,,,,0.00,Y,Four-Way, ,Intersection,None,,,         ,Justin,Pinkelton,Cloudy,Front to Rear,no,no,no,no,no,False
102148019,METROPOLITAN NASHVILLE POLICE DEPT,20180793853,Davidson,Nashville,9/17/2018 12:29:00 PM,3,0,0,36.128050,-86.842970,HARDING PKE,,,,320.00,Feet,East,WOODLAWN DR,,,,0.00,N,Not at Intersection,N,Non-Junction,None,,,         ,Curtis,Rich,Cloudy,Front to Rear,no,no,no,no,no,False
102148029,METROPOLITAN NASHVILLE POLICE DEPT,20180793237,Davidson,Nashville,9/17/2018 8:17:00 AM,2,1,0,36.059660,-86.772560,I 65,,,,0.00,,,,,,,75.20,N,Not at Intersection,N,Non-Junction,None,,,         ,Sean,Williams,Clear,Front to Rear,no,no,no,no,no,False
102148030,METROPOLITAN NASHVILLE POLICE DEPT,20180793337,Davidson,Nashville,9/17/2018 8:42:00 AM,2,0,0,36.039700,-86.781230,I65 N EXT RAMP,,,,0.00,,,I 65,,,,0.00,Y,OTHER, ,Entrance/Exit Ramp Related,None,,,         ,Samuel,Miller,Cloudy,Front to Rear,no,no,no,no,no,False
102148039,METROPOLITAN NASHVILLE POLICE DEPT,20180773288,Davidson,Nashville,9/10/2018 3:10:00 AM,1,1,0,36.172720,-86.800000,I 40,,,,0.00,,,,,,,207.80,N,Not at Intersection,N,Entrance/Exit Ramp Related,None,,,         ,William,Waters,Clear,Not Collision with Motor Vehicle in Transport,no,no,no,no,no,False
102148062,METROPOLITAN NASHVILLE POLICE DEPT,20180793889,Davidson,Not in City Limit,9/17/2018 12:40:00 PM,2,0,0,36.051840,-86.952230,OLD HARDING PKE,,,,3.00,Feet,South,SOUTH COLONY DR,,,,0.00,N,Not at Intersection,N,Non-Junction,None,,,         ,Douglas,Atwood,Clear,Front to Rear,no,no,no,no,no,False
102148111,METROPOLITAN NASHVILLE POLICE DEPT,20180793948,Davidson,Nashville,9/17/2018 1:09:00 PM,2,0,0,36.045910,-86.713330,NOLENSVILLE PKE,,,,199.00,Feet,North,OLD HICKORY BLVD,,,,0.00,N,Not at Intersection, ,Non-Junction,None,,,         ,Raymond,Flaherty,Clear,Angle,no,no,no,no,no,False
102148115,METROPOLITAN NASHVILLE POLICE DEPT,20180793774,Davidson,Nashville,9/17/2018 11:48:00 AM,2,1,0,36.148640,-86.799080,BROADWAY,,,,0.00,,,DIVISION ST,,,,0.00,Y,T-Intersection,N,Intersection,None,,,         ,Jon,Mcvey,Cloudy,Angle,no,no,no,no,no,Campus
102148117,METROPOLITAN NASHVILLE POLICE DEPT,20180794031,Davidson,Nashville,9/17/2018 1:52:00 PM,2,0,0,36.153840,-86.788110,I 40,,,,0.00,,,,,,,209.30,N,Not at Intersection, ,Non-Junction,None,,,         ,John,Chambers,Cloudy,Front to Rear,no,no,no,no,no,False
102148148,METROPOLITAN NASHVILLE POLICE DEPT,20180794091,Davidson,Nashville,9/17/2018 2:07:00 PM,3,2,0,36.133020,-86.726870,I24E,,,,80.00,Feet,East,I24 W EXT RAMP,,,,0.00,N,Not at Intersection,N,Non-Junction,None,,,         ,Eric,Keller,Clear,Front to Rear,no,no,no,no,no,False
102148149,METROPOLITAN NASHVILLE POLICE DEPT,20180793899,Davidson,Not in City Limit,9/17/2018 12:35:00 PM,1,1,0,35.990870,-86.642960,BURKITT RD,,,,0.67,Miles,East,WHITTEMORE LN,,,,0.00,N,Not at Intersection,N,Non-Junction,None,,,         ,Eric,Keller,Clear,Not Collision with Motor Vehicle in Transport,no,no,no,no,no,False
102148150,METROPOLITAN NASHVILLE POLICE DEPT,20180793833,Davidson,Nashville,9/17/2018 11:55:00 AM,2,0,0,36.079860,-86.726410,NOLENSVILLE PKE,,,,95.00,Feet,North,HARDING PL,,,,0.00,N,Not at Intersection, ,Non-Junction,None,,,         ,Eric,Keller,Clear,Front to Rear,no,no,no,no,no,False
102148153,METROPOLITAN NASHVILLE POLICE DEPT,20180794173,Davidson,Not in City Limit,9/17/2018 3:02:00 PM,2,0,0,36.268360,-86.756310,BELL GRIMES LN,,,,50.00,Feet,West,DICKERSON PKE,,,,0.00,N,Not at Intersection, ,Non-Junction,None,,,         ,Christopher,Littles,Clear,Angle,no,no,no,no,no,False
102148157,METROPOLITAN NASHVILLE POLICE DEPT,20180793993,Davidson,Nashville,9/17/2018 1:27:00 PM,2,0,0,36.038740,-86.783980,I65 S EXT RAMP,,,,0.00,Feet,East,OLD HICKORY BLVD,,,,0.00,N,Not at Intersection, ,Non-Junction,None,,,         ,Samuel,Miller,Cloudy,Front to Rear,no,no,no,no,no,False
102148162,METROPOLITAN NASHVILLE POLICE DEPT,20180794132,Davidson,Nashville,9/17/2018 1:55:00 PM,2,0,0,36.151000,-86.784350,12TH AVS,,,,0.00,,,DIVISION ST,,,,0.00,Y,Four-Way, ,Non-Junction,None,,,         ,Akira,McSwain,Clear,Front to Rear,no,no,no,no,yes,False
102148201,METROPOLITAN NASHVILLE POLICE DEPT,20180794162,Davidson,Nashville,9/17/2018 3:00:00 PM,2,0,0,36.152950,-86.765510,I 40,,,,0.00,,,,,,,210.65,N,Not at Intersection, ,Non-Junction,None,,,         ,Thomas,Odom,Clear,Front to Rear,no,no,no,no,no,False
102148202,METROPOLITAN NASHVILLE POLICE DEPT,20180794239,Davidson,Nashville,9/17/2018 3:21:00 PM,3,0,0,36.143300,-86.703780,I 40,,,,0.00,,,,,,,214.50,N,Not at Intersection,N,Non-Junction,None,,,         ,Thomas,Odom,Clear,Front to Rear,no,no,no,no,no,False
102148212,METROPOLITAN NASHVILLE POLICE DEPT,20180794234,Davidson,Not in City Limit,9/17/2018 3:05:00 PM,1,0,0,36.257770,-86.707990,HARRIS ST,,,,272.00,Feet,West,IDLEWILD AV,,,,0.00,N,Not at Intersection,N,Non-Junction,None,,,         ,Cecilia,Gomez,Cloudy,Not Collision with Motor Vehicle in Transport,no,no,no,no,no,False
102148218,METROPOLITAN NASHVILLE POLICE DEPT,20180794177,Davidson,Nashville,9/17/2018 3:00:00 PM,2,1,0,36.150130,-86.858050,CHARLOTTE PKE,,,,0.00,,,WHITE BRIDGE PKE,,,,0.00,Y,Four-Way,N,Intersection,None,,,         ,Andrew,McCarron,Clear,Front to Rear,no,no,no,no,yes,False
102148221,METROPOLITAN NASHVILLE POLICE DEPT,20180794232,Davidson,Nashville,9/17/2018 3:15:00 PM,2,0,0,36.148790,-86.865180,CHARLOTTE PKE,,,,0.00,,,LELLYETT ST,,,,0.00,Y,Four-Way,N,Intersection,None,,,         ,Robert,Crow,Clear,Angle,no,no,no,no,no,False
102148225,METROPOLITAN NASHVILLE POLICE DEPT,20180794394,Davidson,Nashville,9/17/2018 4:09:00 PM,2,0,0,36.142150,-86.730800,POPLAR AV,,,,63.00,Feet,East,ARLINGTON AV,,,,0.00,N,Not at Intersection, ,Non-Junction,None,,,         ,Thomas,Odom,Clear,Rear to Side,no,no,no,no,no,False
102148234,METROPOLITAN NASHVILLE POLICE DEPT,20180794352,Davidson,Nashville,9/17/2018 3:59:00 PM,2,1,0,36.143750,-86.730630,ELM HILL PKE,,,,53.00,Feet,West,ARLINGTON AV,,,,0.00,N,Not at Intersection,N,Non-Junction,None,,,         ,Samuel,Sundra,Clear,Front to Rear,no,no,no,no,yes,False
102148242,METROPOLITAN NASHVILLE POLICE DEPT,20180794285,Davidson,Nashville,9/17/2018 3:35:00 PM,2,0,0,36.138970,-86.880180,HILLWOOD BLVD,,,,0.00,,,CHARLOTTE PK,,,,0.00,Y,Four-Way, ,Intersection-Related,None,,,         ,Jeremy,Huffine,Clear,Front to Rear,no,no,no,no,no,False
102148244,METROPOLITAN NASHVILLE POLICE DEPT,20180794164,Davidson,Nashville,9/17/2018 12:00:00 AM,2,0,0,36.143020,-86.745030,MURFREESBORO PKE,,,,212.00,Feet,West,FESSLERS LN,,,,0.00,N,Not at Intersection, ,Non-Junction,None,,,         ,Alexander,Spradling,Clear,"Sideswipe, Same Direction",no,no,no,no,no,False
102148245,METROPOLITAN NASHVILLE POLICE DEPT,20180794309,Davidson,Nashville,9/17/2018 2:10:00 PM,2,0,0,36.129810,-86.727100,I 24,,,,0.00,,,,,,,51.20,N,Not at Intersection, ,Non-Junction,None,,,         ,Andrew,Brazee,Clear,"Sideswipe, Same Direction",no,no,no,no,no,False
102148246,GOODLETTSVILLE POLICE DEPT,18-33094,Davidson,Goodlettsville,9/17/2018 3:54:00 PM,2,0,0,36.326230,-86.700580,NORTHCREEK BLVD,,,,0.00,,,LONG HOLLOW PKE,,,,0.00,Y,T-Intersection,N,Non-Junction,None,,,         ,George,Forbes,Clear,Front to Rear,no,no,no,no,no,False
102148249,METROPOLITAN NASHVILLE POLICE DEPT,2018-0783959,Davidson,Nashville,9/12/2018 9:08:00 PM,2,0,0,36.041460,-86.780290,FRANKLIN PIKE CIR,,,,339.00,Feet,West,OLD HICKORY BLVD,,,,0.00,N,Not at Intersection,N,Non-Junction,None,,,         ,Jonathan,Seidl,Clear,"Sideswipe, Opposite Direction",no,no,no,yes,yes,False
102148255,METROPOLITAN NASHVILLE POLICE DEPT,20180794382,Davidson,Nashville,9/17/2018 4:00:00 PM,3,0,0,36.205890,-86.768610,E TRINITY LN,,,,0.00,,,W TRINITY LN,,,,0.00,Y,Four-Way, ,Intersection,None,,,         ,Joseph,Maeser,Clear,Front to Rear,no,no,no,no,no,False
102148260,METROPOLITAN NASHVILLE POLICE DEPT,20180794133,Davidson,Nashville,9/17/2018 2:46:00 PM,2,0,0,36.145000,-86.857970,BURGESS AV,,,,0.00,Feet,,WHITE BRIDGE PKE,,,,0.00,Y,OTHER,N,OtherLocation,None,,,         ,Torian,Cox,Clear,Front to Rear,no,no,no,no,no,False
102148271,METROPOLITAN NASHVILLE POLICE DEPT,20180794359,Davidson,Nashville,9/17/2018 3:40:00 PM,2,0,0,36.189200,-86.726390,CARTER AV,,,,0.00,,,RIVERSIDE DR,,,,0.00,Y,Four-Way,N,Intersection,None,,,         ,Marc,Kozen,Clear,HeadOn,no,no,no,no,yes,False
102148296,METROPOLITAN NASHVILLE POLICE DEPT,20180794438,Davidson,Nashville,9/17/2018 4:30:00 PM,2,0,0,36.123620,-86.789260,MONTROSE AV,,,,164.00,Feet,East,12TH AVS,,,,0.00,N,Not at Intersection, ,Non-Junction,None,,,         ,Ryan,Storm,Clear,Angle,no,no,no,no,no,False
102148303,METROPOLITAN NASHVILLE POLICE DEPT,20180794572,Davidson,Nashville,9/17/2018 4:54:00 PM,2,0,0,36.250070,-86.718940,GALLATIN PKES,,,,283.00,Feet,North,E PALESTINE AV,,,,0.00,N,Not at Intersection, ,Non-Junction,None,,,         ,William,Monaghan,Clear,Front to Rear,no,no,no,no,no,False
102148313,METROPOLITAN NASHVILLE POLICE DEPT,20180794504,Davidson,Nashville,9/17/2018 4:53:00 PM,3,0,0,36.145380,-86.776970,I 65,,,,0.00,,,,,,,82.20,N,Not at Intersection, ,Non-Junction,None,,,         ,Akira,McSwain,Clear,Front to Rear,no,no,no,no,no,False
102148314,METROPOLITAN NASHVILLE POLICE DEPT,20180794246,Davidson,Nashville,9/17/2018 3:25:00 PM,1,0,0,36.182280,-86.775070,I 24,,,,0.00,,,,,,,47.45,N,Not at Intersection, ,Non-Junction,None,,,         ,Joseph,Simon,Clear,Not Collision with Motor Vehicle in Transport,no,no,no,no,no,False
102148336,METROPOLITAN NASHVILLE POLICE DEPT,20180794544,Davidson,Nashville,9/17/2018 5:07:00 PM,2,0,0,36.145950,-86.776990,I40 E ENT RAMP,,,,0.00,Feet,East,I 65,,,,0.00,N,Not at Intersection, ,Entrance/Exit Ramp Related,None,,,         ,Douglas,Sykes,Clear,Front to Rear,no,no,no,no,no,False
102148341,METROPOLITAN NASHVILLE POLICE DEPT,20180794734,Davidson,Goodlettsville,9/17/2018 6:17:00 PM,2,0,0,36.302750,-86.691850,RIVERGATE MARKETPLACE PVTDR,,,,0.00,,,GALLATIN PKEN,,,,0.00,Y,Four-Way, ,Intersection-Related,None,,,         ,Christopher,Littles,Clear,"Sideswipe, Same Direction",no,no,no,no,no,False
102148352,METROPOLITAN NASHVILLE POLICE DEPT,20180794735,Davidson,Nashville,9/17/2018 6:28:00 PM,2,1,0,36.148500,-86.761500,LAFAYETTE ST,,,,99.00,Feet,West,CLAIBORNE ST,,,,0.00,N,Not at Intersection,N,Non-Junction,None,,,         ,YUNUS,ADAK,Clear,Angle,no,no,no,no,no,False