master_record_number,agency,agency_tracking_number,county,city,collision_date,vehicles_involved,number_injured,number_dead,latitude,longitude,roadway_name,roadway_suffix,roadway_number,roadway_local_id,distance_from_reference,miles-feet_indicator,direction_from_reference,intersection_road_name,intersection_road_name_suffix,intersection_road_number,intersection_local_id,mile_marker,intersection_indicator,intersect_type,interchange_related_indicator,relation_to_junction,work_zone_type,construction_maintenance_zone,construction_maintenance_zone_location,fatal_case_number,officer_first_name,officer_last_name,weather_condition(s),manner_of_crash,pedestrian,bicycle,scooter,parking,hitrun,mou
102148355,METROPOLITAN NASHVILLE POLICE DEPT,20180794496,Davidson,Nashville,9/17/2018 4:48:00 PM,2,1,0,36.123320,-86.819470,WOODLAWN DR,,,,0.00,,,COMPTON RD,,,,0.00,Y,T-Intersection,N,Intersection,None,,,         ,Andrew,McCarron,Clear,Angle,no,no,no,no,no,False
102148364,METROPOLITAN NASHVILLE POLICE DEPT,20180794566,Davidson,Nashville,9/17/2018 3:20:00 PM,2,0,0,36.102090,-86.830660,HOBBS RD,,,,0.00,,,VAILWOOD DR,,,,0.00,Y,T-Intersection, ,,None,,,         ,Robert,Crow,,,no,no,no,no,no,False
102148411,METROPOLITAN NASHVILLE POLICE DEPT,20180794940,Davidson,Nashville,9/17/2018 7:06:00 PM,2,0,0,36.149670,-86.859930,OCEOLA AV,,,,0.00,,,CHARLOTTE PKE,,,,0.00,Y,OTHER,N,OtherLocation,None,,,         ,Torian,Cox,Clear,Angle,no,no,no,no,no,False
102148412,METROPOLITAN NASHVILLE POLICE DEPT,20180794972,Davidson,Nashville,9/17/2018 8:07:00 PM,2,0,0,36.154500,-86.779310,8TH AVS,,,,72.00,Feet,South,LAFAYETTE ST,,,,0.00,N,Not at Intersection, ,OtherLocation,None,,,         ,Joshua,Reece,Clear,Angle,no,no,no,no,no,False
102148442,METROPOLITAN NASHVILLE POLICE DEPT,20180794219,Davidson,Nashville,9/17/2018 3:15:00 PM,2,0,0,36.166000,-86.777770,UNION ST EXT RAMP,,,,0.00,,,UNION ST,,,,0.00,Y,T-Intersection,N,Intersection,None,,,         ,Timothy,Mead,Clear,Front to Rear,no,no,no,no,no,False
102148443,METROPOLITAN NASHVILLE POLICE DEPT,2018079409,Davidson,Nashville,9/17/2018 6:16:00 PM,2,0,0,36.151900,-86.784230,12TH AVS,,,,0.00,,,11TH AVS,,,,0.00,Y,T-Intersection, ,Intersection,None,,,         ,Timothy,Mead,Clear,Front to Rear,no,no,no,no,no,False
102148450,METROPOLITAN NASHVILLE POLICE DEPT,20180794545,Davidson,Nashville,9/17/2018 4:55:00 PM,2,0,0,36.119380,-86.730080,WHITSETT RD,,,,12.00,Feet,South,GLENROSE AV,,,,0.00,N,Not at Intersection,Y,Non-Junction,None,,,         ,Andrew,Brazee,Clear,Angle,no,no,no,no,no,False
102148457,METROPOLITAN NASHVILLE POLICE DEPT,20180795103,Davidson,Not in City Limit,9/17/2018 9:00:00 PM,1,1,0,36.316350,-86.755090,DRY CREEK RD,,,,1047.00,Feet,South,DRY CREEK RD PVTDR,,,,0.00,N,Not at Intersection,N,Non-Junction,None,,,         ,Christopher,Littles,Clear,Not Collision with Motor Vehicle in Transport,no,no,no,no,no,False
102148497,METROPOLITAN NASHVILLE POLICE DEPT,20180795104,Davidson,Nashville,9/17/2018 9:00:00 PM,2,0,0,36.130490,-86.778550,8TH AVS,,,,0.00,,,PRENTICE AV,,,,0.00,Y,T-Intersection, ,Non-Junction,None,,,         ,Akira,McSwain,Clear,Front to Rear,no,no,no,no,no,False
102148517,METROPOLITAN NASHVILLE POLICE DEPT,20180795182,Davidson,Nashville,9/17/2018 12:00:00 AM,2,0,0,36.149280,-86.747270,I 40,,,,0.00,,,,,,,211.80,N,Not at Intersection, ,Non-Junction,None,,,         ,Alexander,Spradling,Clear,"Sideswipe, Same Direction",no,no,no,no,no,False
102148518,METROPOLITAN NASHVILLE POLICE DEPT,20180794573,Davidson,Nashville,9/17/2018 12:00:00 AM,3,2,0,36.160010,-86.818850,28TH AVN,,,,67.00,Feet,South,BOOKER ST,,,,0.00,N,Not at Intersection,N,Non-Junction,None,,,         ,John,Petriello,Clear,Front to Rear,no,no,no,no,no,False
102148558,METROPOLITAN NASHVILLE POLICE DEPT,20180794501,Davidson,Nashville,9/17/2018 4:40:00 PM,2,0,0,36.081100,-86.758360,HARDING PL,,,,0.00,Feet,,TROUSDALE DR,,,,0.00,Y,Four-Way, ,Intersection-Related,None,,,         ,John,Roberson,Clear,Front to Rear,no,no,no,no,no,False
102148593,METROPOLITAN NASHVILLE POLICE DEPT,20180795463,Davidson,Nashville,9/17/2018 9:25:00 PM,2,0,0,36.215710,-86.814460,MOORMANS ARM RD,,,,400.00,Feet,West,CROUCH DR,,,,0.00,N,Not at Intersection, ,,None,,,         ,Sean,Weaver,,,no,no,no,no,no,False
102148614,METROPOLITAN NASHVILLE POLICE DEPT,20180795481,Davidson,Nashville,9/18/2018 12:35:00 AM,2,0,0,36.216890,-86.775010,I 65,,,,0.00,,,,,,,88.10,N,Not at Intersection,N,Non-Junction,None,,,         ,David,Williford,Clear,"Sideswipe, Same Direction",no,no,no,no,yes,False
102148616,METROPOLITAN NASHVILLE POLICE DEPT,20180795565,Davidson,Nashville,9/18/2018 1:50:00 AM,2,1,0,36.085900,-86.701450,I24 E EXT RAMP,,,,0.00,Feet,East,I 24,,,,0.00,N,Not at Intersection,Y,Entrance/Exit Ramp Related,None,,,         ,Kaleb,Stella,Clear,Angle,no,no,no,no,no,False
102148643,METROPOLITAN NASHVILLE POLICE DEPT,20180795775,Davidson,Nashville,9/18/2018 3:54:00 AM,1,0,0,36.071540,-86.666160,BARCLAY SQUARE DR,,,,13.00,Feet,North,BARCLAY SQUARE CT,,,,0.00,N,Not at Intersection,N,Non-Junction,None,,,         ,William,Williams,Clear,Not Collision with Motor Vehicle in Transport,no,no,no,no,yes,False
102148653,METROPOLITAN NASHVILLE POLICE DEPT,20180795884,Davidson,Nashville,9/18/2018 4:42:00 AM,2,0,0,36.249680,-86.719210,GALLATIN PKES,,,,121.00,Feet,North,E PALESTINE AV,,,,0.00,N,Not at Intersection,N,Non-Junction,None,,,         ,David,Williford,Clear,Front to Rear,no,no,no,no,no,False
102148678,METROPOLITAN NASHVILLE POLICE DEPT,20180793880,Davidson,Nashville,9/15/2018 12:00:00 AM,2,0,0,36.167120,-86.801370,16TH AVN,,,,81.00,Feet,South,JACKSON ST,,,,0.00,N,Not at Intersection, ,Non-Junction,None,,,         ,Adam,Warren,Unknown,Unknown,no,no,no,no,yes,False
102148689,METROPOLITAN NASHVILLE POLICE DEPT,20180793929,Davidson,Nashville,9/17/2018 12:58:00 PM,2,2,0,36.159950,-86.760100,I 24,,,,0.00,,,,,,,49.50,N,Not at Intersection,Y,Non-Junction,None,,,         ,Michael,Agee,Cloudy,"Sideswipe, Same Direction",no,no,no,no,yes,False
102148713,METROPOLITAN NASHVILLE POLICE DEPT,2018-0796043,Davidson,Nashville,9/18/2018 6:10:00 AM,2,0,0,36.246770,-86.744560,I65 S EXT RAMP,,,,0.00,,,I 65,,,,0.00,Y,OTHER, ,Entrance/Exit Ramp Related,None,,,         ,Travis,Baxter,Clear,"Sideswipe, Same Direction",no,no,no,no,no,False
102148722,METROPOLITAN NASHVILLE POLICE DEPT,20180796047,Davidson,Not in City Limit,9/18/2018 7:00:00 AM,2,0,0,36.118560,-86.969760,OLD CHARLOTTE PKE,,,,1249.00,Feet,East,OLD CHARLOTTE PKE PVTDR,,,,0.00,N,Not at Intersection, ,Non-Junction,None,,,         ,Curtis,Rich,Clear,"Sideswipe, Opposite Direction",no,no,no,no,yes,False
102148753,METROPOLITAN NASHVILLE POLICE DEPT,20180796118,Davidson,Not in City Limit,9/18/2018 7:20:00 AM,2,0,0,36.024250,-86.631340,I 24,,,,0.00,,,,,,,61.65,N,Not at Intersection,N,Non-Junction,None,,,         ,Brandon,Evans,Clear,Front to Rear,no,no,no,no,no,False
102148794,METROPOLITAN NASHVILLE POLICE DEPT,20180796224,Davidson,Nashville,9/18/2018 8:10:00 AM,2,1,0,36.046330,-86.660340,I24 W ENT RAMP,,,,0.00,Feet,East,I 24,,,,0.00,N,Not at Intersection,N,Non-Junction,None,,,         ,Charles,Wakefield,Clear,Front to Rear,no,no,no,no,no,False
102148797,METROPOLITAN NASHVILLE POLICE DEPT,20180796160,Davidson,Nashville,9/18/2018 7:45:00 AM,2,0,0,36.158070,-86.790320,GEORGE L DAVIS BLVD,,,,24.00,Feet,North,I40 W EXT RAMP,,,,0.00,N,Not at Intersection, ,,None,,,         ,Samuel,Fredericks,,,no,no,no,no,no,False
102148798,METROPOLITAN NASHVILLE POLICE DEPT,20180796168,Davidson,Nashville,9/18/2018 7:50:00 AM,2,0,0,36.198720,-86.776430,I 65,,,,0.00,,,,,,,86.80,N,Not at Intersection, ,Non-Junction,None,,,         ,Zachary,Goodall,Clear,Front to Rear,no,no,no,no,no,False
102148808,METROPOLITAN NASHVILLE POLICE DEPT,20180796150,Davidson,Nashville,9/18/2018 7:42:00 AM,2,0,0,36.103690,-86.666690,OLD MURFREESBORO PKE,,,,66.00,Feet,West,FAIRCLOTH LN,,,,0.00,N,Not at Intersection, ,Non-Junction,None,,,         ,John,Frazier,Clear,Other,no,no,no,no,no,False
102148824,METROPOLITAN NASHVILLE POLICE DEPT,20180796067,Davidson,Nashville,9/18/2018 6:57:00 AM,3,0,0,36.140290,-86.725610,I24E,,,,728.00,Feet,North,I40 E ENT RAMP,,,,0.00,N,Not at Intersection,Y,Entrance/Exit Ramp Related,None,,,         ,Michael,Brooks,Clear,Front to Rear,no,no,no,no,yes,False
102148825,METROPOLITAN NASHVILLE POLICE DEPT,20180796304,Davidson,Nashville,9/18/2018 8:26:00 AM,2,0,0,36.139510,-86.700310,KAREN DR,,,,0.00,,,BRILEY PKWY,,,,0.00,Y,Four-Way, ,Intersection,None,,,         ,Michael,Brooks,Clear,Angle,no,no,no,no,no,False
102148829,METROPOLITAN NASHVILLE POLICE DEPT,20180796296,Davidson,Nashville,9/18/2018 8:21:00 AM,2,0,0,36.141740,-86.671320,I 40,,,,0.00,,,,,,,215.00,N,Not at Intersection, ,,None,,,         ,Alex,DiBernardo,,,no,no,no,no,no,False
102148830,METROPOLITAN NASHVILLE POLICE DEPT,20180796229,Davidson,Nashville,9/18/2018 8:00:00 AM,2,0,0,36.176560,-86.801150,I40 E ENT RAMP,,,,0.00,Feet,East,I 65,,,,0.00,N,Not at Intersection, ,Entrance/Exit Ramp Related,None,,,         ,Kenneth,Oneal,Clear,Front to Rear,no,no,no,no,no,False
102148832,METROPOLITAN NASHVILLE POLICE DEPT,2018-0796271,Davidson,Nashville,9/18/2018 8:08:00 AM,3,0,0,36.091360,-86.762390,I 65,,,,0.00,,,,,,,78.45,N,Not at Intersection,N,Non-Junction,None,,,         ,Timothy,Edwards,Clear,Front to Rear,no,no,no,no,no,False
102148855,METROPOLITAN NASHVILLE POLICE DEPT,20180796301,Davidson,Nashville,9/18/2018 8:40:00 AM,3,2,0,36.044470,-86.650970,HICKORY HOLLOW PKWY,,,,0.00,Feet,,CROSSINGS BLVD,,,,0.00,Y,T-Intersection,N,Intersection-Related,None,,,         ,Brandon,Evans,Clear,Front to Rear,no,no,no,no,no,False
102148870,METROPOLITAN NASHVILLE POLICE DEPT,20180796454,Davidson,Nashville,9/18/2018 8:45:00 AM,2,0,0,36.108470,-86.811310,GLEN ECHO RD,,,,254.00,Feet,East,HILLSBORO PKE,,,,0.00,N,Not at Intersection, ,Non-Junction,None,,,         ,Justin,Pinkelton,Clear,"Sideswipe, Same Direction",no,no,no,no,no,False
102148877,METROPOLITAN NASHVILLE POLICE DEPT,20180796408,Davidson,Nashville,9/18/2018 9:25:00 AM,2,0,0,36.153550,-86.783960,11TH AVS,,,,235.00,Feet,South,LAUREL ST,,,,0.00,N,Not at Intersection,N,Non-Junction,None,,,         ,Samuel,Fredericks,Clear,Front to Rear,no,no,no,no,yes,False
102148881,METROPOLITAN NASHVILLE POLICE DEPT,20180796392,Davidson,Nashville,9/18/2018 8:30:00 AM,2,0,0,36.205770,-86.776560,I 65,,,,0.00,,,,,,,87.25,N,Not at Intersection,N,Non-Junction,None,,,         ,Ryan,Caulfield,Clear,Front to Rear,no,no,no,no,yes,False
102148886,METROPOLITAN NASHVILLE POLICE DEPT,20180796554,Davidson,Nashville,9/18/2018 10:24:00 AM,2,0,0,36.142200,-86.666600,I40 W EXT RAMP,,,,0.00,Feet,,I 40,,,,0.00,Y,T-Intersection, ,Non-Junction,None,,,         ,Thomas,Odom,Clear,Front to Rear,no,no,no,no,no,False
102148891,METROPOLITAN NASHVILLE POLICE DEPT,20180796176,Davidson,Nashville,9/18/2018 7:50:00 AM,2,0,0,36.180160,-86.745310,N 14TH ST,,,,0.00,,,ORDWAY PL,,,,0.00,Y,Four-Way, ,Intersection,None,,,         ,Russell,Freeman,Clear,Front to Rear,no,no,no,no,no,False
102148907,METROPOLITAN NASHVILLE POLICE DEPT,20180796427,Davidson,Nashville,9/18/2018 9:45:00 AM,2,2,0,36.073140,-86.920660,OLD HICKORY BLVD,,,,0.00,,,BELLEVUE VALLEY PLAZA PVTDR,,,,0.00,Y,T-Intersection,N,Intersection-Related,None,,,         ,Curtis,Rich,Clear,Angle,no,no,no,no,no,False
102148909,METROPOLITAN NASHVILLE POLICE DEPT,20180796332,Davidson,Nashville,9/18/2018 8:55:00 AM,2,1,0,36.154340,-86.798960,19TH AVN,,,,0.00,,,CHURCH ST,,,,0.00,Y,Four-Way,N,Intersection,None,,,         ,Brian,Murphy,Clear,Angle,no,no,no,no,no,False
102148914,METROPOLITAN NASHVILLE POLICE DEPT,20180796147,Davidson,Nashville,9/18/2018 7:40:00 AM,2,2,0,36.142620,-86.708690,I 40,,,,0.00,,,,,,,214.30,N,Not at Intersection,N,Non-Junction,None,,,         ,Michael,Dance,Clear,Front to Rear,no,no,no,no,no,False
102148919,VANDERBILT UNIVERSITY POLICE,20180796501,Davidson,Nashville,9/18/2018 10:00:00 AM,2,0,0,36.140290,-86.804310,PIERCE AV,,,,0.00,,,,,,,0.00,,, ,Non-Junction,None,,,         ,Gregory,Blocker,Clear,"Sideswipe, Same Direction",no,no,no,yes,no,Campus
102148921,METROPOLITAN NASHVILLE POLICE DEPT,20180796577,Davidson,Nashville,9/18/2018 10:35:00 AM,2,1,0,36.150510,-86.856440,CHARLOTTE PKE,,,,286.00,Feet,East,ORLANDO AV,,,,0.00,N,Not at Intersection, ,Non-Junction,None,,,         ,Paul,Junkmann,Cloudy,"Sideswipe, Same Direction",no,no,no,no,no,False
102148922,METROPOLITAN NASHVILLE POLICE DEPT,20180796552,Davidson,Nashville,9/18/2018 10:22:00 AM,2,0,0,36.119240,-86.754770,MELROSE AV,,,,0.00,,,WINFORD AV,,,,0.00,Y,Four-Way,N,Intersection,None,,,         ,Jon,Mcvey,Cloudy,Angle,no,no,no,no,no,False
102148936,METROPOLITAN NASHVILLE POLICE DEPT,20180796691,Davidson,Not in City Limit,9/18/2018 11:00:00 AM,1,0,0,36.120670,-86.936480,OLD CHARLOTTE PKE,,,,1121.00,Feet,West,GOWER RD,,,,0.00,N,Not at Intersection, ,Non-Junction,None,,,         ,Curtis,Rich,Clear,Not Collision with Motor Vehicle in Transport,no,no,no,no,no,False
102148941,METROPOLITAN NASHVILLE POLICE DEPT,20180796639,Davidson,Nashville,9/18/2018 11:03:00 AM,2,2,0,36.193670,-86.807030,ROSA L PARKS BLVD,,,,0.00,Feet,,GREAT CIRCLE RD,,,,0.00,Y,Four-Way,Y,Intersection-Related,None,,,         ,Ryan,Caulfield,Clear,"Sideswipe, Opposite Direction",no,no,no,no,no,False
102148950,METROPOLITAN NASHVILLE POLICE DEPT,20180796688,Davidson,Nashville,9/18/2018 11:15:00 AM,2,0,0,36.253590,-86.717290,MADISON SQ,,,,195.00,Feet,West,GALLATIN PKES,,,,0.00,N,Not at Intersection,N,OtherLocation,None,,,         ,Brian,Otto,Clear,Angle,no,no,no,yes,yes,False
102148959,METROPOLITAN NASHVILLE POLICE DEPT,20180796562,Davidson,Nashville,9/18/2018 10:35:00 AM,2,1,0,36.168420,-86.687960,LEBANON PKE,,,,0.00,,,BRILEY PKWY N ENT RAMP,,,,0.00,Y,OTHER,N,Entrance/Exit Ramp Related,None,,,         ,Ralph,Harvey,Clear,Angle,no,no,no,no,no,False
102148960,METROPOLITAN NASHVILLE POLICE DEPT,20180796163,Davidson,Nashville,9/18/2018 7:40:00 AM,2,1,0,36.054100,-86.715160,NOLENSVILLE PKE,,,,167.00,Feet,North,BREWER DR,,,,0.00,N,Not at Intersection,N,Non-Junction,None,,,         ,Brandon,Epps,Clear,Front to Rear,no,no,no,no,no,False
102148986,METROPOLITAN NASHVILLE POLICE DEPT,20180796794,Davidson,Nashville,9/18/2018 12:15:00 PM,2,0,0,36.200550,-86.620930,OLD HICKORY BLVD,,,,0.00,,,PLANTATION DR,,,,0.00,Y,T-Intersection, ,Intersection,None,,,         ,Michael,Dance,Clear,Front to Rear,no,no,no,no,no,False
102148987,METROPOLITAN NASHVILLE POLICE DEPT,20180796210,Davidson,Nashville,9/18/2018 8:10:00 AM,2,0,0,36.116350,-86.725180,I 24,,,,0.00,,,,,,,53.20,N,Not at Intersection, ,Non-Junction,None,,,         ,James,Thomas,Clear,Angle,no,no,no,no,no,False
102148995,METROPOLITAN NASHVILLE POLICE DEPT,20180796746,Davidson,Nashville,9/18/2018 11:58:00 AM,2,0,0,36.263340,-86.662030,ROBINSON RD,,,,0.00,,,INDUSTRIAL DR,,,,0.00,Y,OTHER, ,Non-Junction,None,,,         ,Michael,Dance,Clear,Front to Rear,no,no,no,no,no,False
102148996,METROPOLITAN NASHVILLE POLICE DEPT,20180796828,Davidson,Nashville,9/18/2018 11:10:00 AM,2,0,0,36.173540,-86.792790,9TH AVN,,,,0.00,Feet,,REV DR ENOCH JONES BLVD,,,,0.00,Y,T-Intersection, ,Non-Junction,None,,,         ,Brian,Mclarty,Clear,"Sideswipe, Same Direction",no,no,no,no,no,False
102148997,METROPOLITAN NASHVILLE POLICE DEPT,20180796702,Davidson,Nashville,9/18/2018 12:00:00 AM,1,0,0,36.098960,-86.717510,MCCALL ST,,,,0.00,,,ANTIOCH PKE,,,,0.00,Y,T-Intersection,N,Non-Junction,None,,,         ,Charles,Wakefield,Clear,Not Collision with Motor Vehicle in Transport,no,no,no,yes,no,False
102149017,METROPOLITAN NASHVILLE POLICE DEPT,20180796322,Davidson,Nashville,9/18/2018 8:50:00 AM,2,0,0,36.179540,-86.749470,GARTLAND AV,,,,120.00,Feet,East,N 11TH ST,,,,0.00,N,Not at Intersection, ,Non-Junction,None,,,         ,Russell,Freeman,Clear,"Sideswipe, Same Direction",no,no,no,no,no,False
102149018,METROPOLITAN NASHVILLE POLICE DEPT,20180796808,Davidson,Nashville,9/18/2018 12:00:00 AM,1,0,0,36.251660,-86.842360,CLARKSVILLE PKE,,,,1.00,Feet,West,LLOYD RD,,,,0.00,N,Not at Intersection, ,Non-Junction,None,,,         ,Terrance,Stuckey,Clear,Not Collision with Motor Vehicle in Transport,no,no,no,no,no,False
102149031,METROPOLITAN NASHVILLE POLICE DEPT,20180796880,Davidson,Nashville,9/18/2018 12:49:00 PM,2,0,0,36.161490,-86.792010,CHARLOTTE AV,,,,85.00,Feet,West,12TH AVN,,,,0.00,N,Not at Intersection, ,,None,,,         ,Samuel,Fredericks,,,no,no,no,no,no,False
102149032,METROPOLITAN NASHVILLE POLICE DEPT,20180796402,Davidson,Nashville,9/18/2018 9:29:00 AM,2,0,0,36.047760,-86.864350,OLD HICKORY BLVD,,,,505.00,Feet,West,HILLSBORO PKE,,,,0.00,N,Not at Intersection, ,Non-Junction,None,,,         ,Phillip,Murphy,Clear,Front to Rear,no,no,no,no,no,False
102149093,METROPOLITAN NASHVILLE POLICE DEPT,20180796931,Davidson,Nashville,9/14/2018 9:00:00 PM,2,0,0,36.204730,-86.740040,ZOPHI ST,,,,190.00,Feet,South,CASPER AV,,,,0.00,N,Not at Intersection,N,Non-Junction,None,,,         ,Nicholas,Smith,Clear,"Sideswipe, Same Direction",no,no,no,no,yes,False
102149095,METROPOLITAN NASHVILLE POLICE DEPT,20180796850,Davidson,Nashville,9/18/2018 12:35:00 PM,2,0,0,36.150430,-86.798590,20TH AVS,,,,0.00,,,TERRACE PL,,,,0.00,Y,T-Intersection, ,Intersection-Related,None,,,         ,Brian,Murphy,Clear,"Sideswipe, Same Direction",no,no,no,no,no,Campus
102149104,METROPOLITAN NASHVILLE POLICE DEPT,20180796969,Davidson,Nashville,9/18/2018 1:00:00 PM,2,0,0,36.104890,-86.812010,RICHARD JONES RD,,,,781.00,Feet,East,HILLSBORO PKE,,,,0.00,,Not at Intersection,N,Non-Junction,None,,,         ,Justin,Pinkelton,Clear,"Sideswipe, Opposite Direction",no,no,no,yes,yes,False
102149127,METROPOLITAN NASHVILLE POLICE DEPT,20180797002,Davidson,Nashville,9/18/2018 1:22:00 PM,2,0,0,36.149480,-86.860730,CHARLOTTE PKE,,,,245.00,Feet,West,OCEOLA AV,,,,0.00,N,Not at Intersection, ,Non-Junction,None,,,         ,Curtis,Rich,Clear,Angle,no,no,no,no,no,False
102149128,METROPOLITAN NASHVILLE POLICE DEPT,20180796750,Davidson,Nashville,9/18/2018 10:35:00 AM,2,0,0,36.041080,-86.768240,SEVEN SPRINGS WAY,,,,360.00,Feet,North,OLD HICKORY BLVD,,,,0.00,N,Not at Intersection,N,OtherLocation,None,,,         ,Earl,Davis,Clear,Front to Rear,no,no,no,yes,yes,False
102149143,METROPOLITAN NASHVILLE POLICE DEPT,20180796698,Davidson,Nashville,9/18/2018 11:30:00 AM,3,1,0,36.196360,-86.776120,I 65,,,,0.00,,,,,,,86.60,N,Not at Intersection,Y,Non-Junction,None,,,         ,William,Coy,Clear,"Sideswipe, Same Direction",no,no,no,no,no,False
102149155,METROPOLITAN NASHVILLE POLICE DEPT,20180796141,Davidson,Nashville,9/18/2018 8:00:00 AM,2,0,0,36.158780,-86.774150,3RD AVS,,,,0.00,,,MOLLOY ST,,,,0.00,Y,Four-Way, ,,None,,,         ,Gregory,Julia,,,no,no,no,no,no,False
102149157,METROPOLITAN NASHVILLE POLICE DEPT,20180797021,Davidson,Nashville,9/18/2018 1:40:00 PM,2,1,0,36.111130,-86.792650,GRANNY WHITE PKE,,,,180.00,Feet,South,WOODMONT BLVD,,,,0.00,N,Not at Intersection, ,Non-Junction,None,,,         ,Jon,Mcvey,Cloudy,Front to Rear,no,no,no,no,no,False
102149201,METROPOLITAN NASHVILLE POLICE DEPT,20180767213,Davidson,Nashville,9/7/2018 2:43:00 PM,2,0,0,36.163400,-86.785040,ROSA L PARKS AV,,,,198.00,Feet,North,UNION ST,,,,0.00,N,Not at Intersection, ,Non-Junction,None,,,         ,Brandon,O'Guin,Clear,"Sideswipe, Same Direction",no,no,no,no,no,False
102149209,METROPOLITAN NASHVILLE POLICE DEPT,20180796959,Davidson,Nashville,9/18/2018 1:10:00 PM,2,0,0,36.122990,-86.751160,NOLENSVILLE PKE,,,,63.00,Feet,North,I440 E ENT RAMP,,,,0.00,N,Not at Intersection, ,Non-Junction,None,,,         ,Eric,Keller,Clear,"Sideswipe, Same Direction",no,no,no,no,no,False
102149210,METROPOLITAN NASHVILLE POLICE DEPT,20180796679,Davidson,Nashville,9/18/2018 11:15:00 AM,2,0,0,36.044530,-86.650880,CROSSINGS BLVD,,,,36.00,Feet,East,HICKORY HOLLOW PKWY,,,,0.00,N,Not at Intersection, ,Non-Junction,None,,,         ,Eric,Keller,Clear,"Sideswipe, Same Direction",no,no,no,no,yes,False
102149212,METROPOLITAN NASHVILLE POLICE DEPT,20180796480,Davidson,Nashville,9/18/2018 9:50:00 AM,2,1,0,36.096760,-86.656550,MURFREESBORO PKE,,,,184.00,Feet,West,SMITH SPRINGS RD,,,,0.00,N,Not at Intersection,N,Non-Junction,None,,,         ,Eric,Keller,Clear,Front to Rear,no,no,no,no,no,False
102149213,METROPOLITAN NASHVILLE POLICE DEPT,20180796359,Davidson,OTHER,9/18/2018 9:00:00 AM,2,1,0,36.042850,-86.606550,MURFREESBORO PKE,,,,0.00,,,HOBSON PKE,,,,0.00,Y,Four-Way,N,Non-Junction,None,,,         ,Eric,Keller,Clear,Front to Rear,no,no,no,no,no,False
102149226,METROPOLITAN NASHVILLE POLICE DEPT,20180797211,Davidson,Nashville,9/18/2018 2:50:00 PM,2,0,0,36.206270,-86.773480,W TRINITY LN,,,,0.00,,,I65 N ENT RAMP,,,,0.00,Y,T-Intersection, ,Intersection,None,,,         ,Joseph,Maeser,Clear,Front to Rear,no,no,no,no,no,False
102149233,METROPOLITAN NASHVILLE POLICE DEPT,20180797117,Davidson,Nashville,9/18/2018 1:58:00 PM,2,1,0,36.108620,-86.922450,OLD HICKORY BLVD,,,,283.00,Feet,North,ROCKY LN,,,,0.00,N,Not at Intersection, ,Non-Junction,None,,,         ,Je-Marc,Sears,Clear,Front to Rear,no,no,no,no,no,False
102149236,METROPOLITAN NASHVILLE POLICE DEPT,20180797168,Davidson,Nashville,9/18/2018 12:00:00 AM,2,0,0,36.169390,-86.807270,JEFFERSON ST,,,,194.00,Feet,West,DR D B TODD JR BLVD,,,,0.00,N,Not at Intersection, ,Non-Junction,None,,,         ,Melvin,Taylor,Clear,Front to Rear,no,no,no,no,no,False
102149237,METROPOLITAN NASHVILLE POLICE DEPT,20180797149,Davidson,Nashville,9/18/2018 2:30:00 PM,2,0,0,36.226310,-86.603190,SAUNDERSVILLE RD,,,,0.00,,,SHUTE LN,,,,0.00,Y,T-Intersection,N,Intersection,None,,,         ,Thomas,Odom,Clear,Angle,no,no,no,no,no,False
102149258,VANDERBILT UNIVERSITY POLICE,20180789735,Davidson,Nashville,9/15/2018 5:57:00 PM,2,0,0,36.147430,-86.799390,21ST AVS,,,,0.00,,,GRAND AV,,,,0.00,Y,T-Intersection, ,Non-Junction,None,,,         ,Mark,Clear,Clear,Rear to Side,no,no,no,no,no,Campus
102149265,METROPOLITAN NASHVILLE POLICE DEPT,20180797296,Davidson,Nashville,9/18/2018 12:00:00 AM,2,0,0,36.166680,-86.798530,14TH AVN,,,,39.00,Feet,South,ANDREW JACKSON COURTS PVTDR,,,,0.00,N,Not at Intersection,N,Non-Junction,None,,,         ,Christopher,Dickerson,Unknown,Unknown,no,no,no,no,yes,False
102149299,METROPOLITAN NASHVILLE POLICE DEPT,20180796978,Davidson,Nashville,9/18/2018 12:00:00 AM,2,0,0,36.106600,-86.814200,HILLSBORO PKE,,,,288.00,Feet,North,ABBOTT MARTIN RD,,,,0.00,N,Not at Intersection,N,Non-Junction,None,,,         ,Joshua,Asbell,Clear,Unknown,no,no,no,yes,yes,False
102149326,METROPOLITAN NASHVILLE POLICE DEPT,20180797448,Davidson,Nashville,9/18/2018 1:55:00 PM,2,1,0,36.134740,-86.746900,POLK AV,,,,18.00,Feet,West,FESSLERS LN,,,,0.00,N,Not at Intersection, ,Non-Junction,None,,,         ,Eric,Keller,Clear,Front to Rear,no,no,no,no,no,False
102149337,METROPOLITAN NASHVILLE POLICE DEPT,20180797205,Davidson,Nashville,9/18/2018 2:45:00 PM,2,1,0,36.129450,-86.854570,WHITE BRIDGE PKE,,,,0.00,,,BROOKWOOD TER,,,,0.00,Y,T-Intersection, ,Intersection-Related,None,,,         ,Robert,Crow,Clear,Front to Rear,no,no,no,no,no,False
102149339,METROPOLITAN NASHVILLE POLICE DEPT,20180797179,Davidson,Nashville,9/18/2018 2:27:00 PM,3,0,0,36.116480,-86.836100,WOODMONT BLVD,,,,125.00,Feet,East,ESTES RD,,,,0.00,N,Not at Intersection,N,Non-Junction,None,,,         ,Andrew,McCarron,Clear,Front to Rear,no,no,no,no,yes,False