master_record_number,agency,agency_tracking_number,county,city,collision_date,vehicles_involved,number_injured,number_dead,latitude,longitude,roadway_name,roadway_suffix,roadway_number,roadway_local_id,distance_from_reference,miles-feet_indicator,direction_from_reference,intersection_road_name,intersection_road_name_suffix,intersection_road_number,intersection_local_id,mile_marker,intersection_indicator,intersect_type,interchange_related_indicator,relation_to_junction,work_zone_type,construction_maintenance_zone,construction_maintenance_zone_location,fatal_case_number,officer_first_name,officer_last_name,weather_condition(s),manner_of_crash,pedestrian,bicycle,scooter,parking,hitrun,mou
102149349,METROPOLITAN NASHVILLE POLICE DEPT,20180797213,Davidson,Nashville,9/18/2018 3:01:00 PM,2,0,0,36.028350,-86.590470,MURFREESBORO PKE,,,,0.00,,,LAVERGNE COUCHVILLE PKE,,,,0.00,Y,T-Intersection,N,Intersection,None,,,         ,Matthew,Turppa,Clear,HeadOn,no,no,no,no,no,False
102149355,METROPOLITAN NASHVILLE POLICE DEPT,20180797273,Davidson,Nashville,9/18/2018 3:17:00 PM,3,1,0,36.153960,-86.818220,28TH AVN,,,,0.00,,,CHARLOTTE AV,,,,0.00,Y,Four-Way,N,Intersection,None,,,         ,Stephen,Johnston,Clear,Angle,no,no,no,no,no,False
102149407,METROPOLITAN NASHVILLE POLICE DEPT,20180797431,Davidson,Nashville,9/18/2018 4:18:00 PM,2,0,0,36.200320,-86.618600,LEBANON PKE,,,,0.00,,,HERMITAGE RD,,,,0.00,Y,T-Intersection, ,Intersection-Related,None,,,         ,Teresah,Pinho,Clear,Angle,no,no,no,no,no,False
102149414,METROPOLITAN NASHVILLE POLICE DEPT,20180797563,Davidson,Nashville,9/18/2018 4:55:00 PM,2,0,0,36.252020,-86.739920,I 65,,,,0.00,,,,,,,91.35,N,Not at Intersection,N,Non-Junction,None,,,         ,Christopher,Littles,Clear,Front to Rear,no,no,no,no,no,False
102149416,METROPOLITAN NASHVILLE POLICE DEPT,20180797356,Davidson,Nashville,9/18/2018 3:45:00 PM,2,0,0,36.168730,-86.667100,LEBANON PKE,,,,61.00,Feet,West,J B ESTILLE DR,,,,0.00,N,Not at Intersection, ,,None,,,         ,Allyson,Reis,,,no,no,no,no,no,False
102149417,METROPOLITAN NASHVILLE POLICE DEPT,20180797519,Davidson,Not in City Limit,9/18/2018 4:45:00 PM,2,0,0,36.081510,-86.956790,HIGHWAY 70S,,,,117.00,Feet,East,I40 W EXT RAMP,,,,0.00,N,Not at Intersection, ,,None,,,         ,Gardiner,Bradley,,,no,no,no,no,no,False
102149432,METROPOLITAN NASHVILLE POLICE DEPT,20180797459,Davidson,Nashville,9/18/2018 4:15:00 PM,2,0,0,36.175060,-86.759580,MAIN ST,,,,246.00,Feet,West,N 8TH ST,,,,0.00,N,Not at Intersection,N,Non-Junction,None,,,         ,Gregory,Cenicola,Clear,Front to Rear,no,no,no,no,no,False
102149438,METROPOLITAN NASHVILLE POLICE DEPT,20180797225,Davidson,Nashville,9/18/2018 3:00:00 PM,2,0,0,36.152540,-86.766000,I 40,,,,0.00,,,,,,,210.60,N,Not at Intersection, ,,None,,,         ,Darci,Stechman,,,no,no,no,no,no,False
102149439,METROPOLITAN NASHVILLE POLICE DEPT,20180797441,Davidson,Nashville,9/18/2018 12:00:00 AM,2,0,0,36.158990,-86.821310,CLIFTON AV,,,,129.00,Feet,East,I440 W EXT RAMP,,,,0.00,N,Not at Intersection,N,Non-Junction,None,,,         ,Melvin,Taylor,Clear,"Sideswipe, Same Direction",no,no,no,no,no,False
102149454,METROPOLITAN NASHVILLE POLICE DEPT,20180797507,Davidson,Nashville,9/18/2018 4:42:00 PM,2,0,0,36.237430,-86.734230,BRILEY PKWYE,,,,393.00,Feet,East,BRILEY PKWYW,,,,0.00,N,Not at Intersection, ,Non-Junction,None,,,         ,Gordon,Stovall,Clear,Front to Rear,no,no,no,no,no,False
102149486,METROPOLITAN NASHVILLE POLICE DEPT,20180797509,Davidson,Nashville,9/18/2018 3:58:00 PM,2,0,0,36.046340,-86.743840,EDMONDSON PKE,,,,145.00,Feet,North,EDMONDSON PKE PVTDR,,,,0.00,N,Not at Intersection, ,Non-Junction,None,,,         ,Richard,Luellen,Clear,Angle,no,no,no,no,no,False
102149487,METROPOLITAN NASHVILLE POLICE DEPT,20180797547,Davidson,Nashville,9/18/2018 4:50:00 PM,2,0,0,36.158060,-86.877010,JAMES AV,,,,0.00,,,ROBERTSON AV,,,,0.00,Y,Four-Way, ,,None,,,         ,Robert,Crow,,,no,no,no,no,no,False
102149491,METROPOLITAN NASHVILLE POLICE DEPT,20180797623,Davidson,Nashville,9/18/2018 5:27:00 PM,2,0,0,36.176910,-86.774510,SPRING ST,,,,22.00,Feet,East,N 1ST ST,,,,0.00,N,Not at Intersection,N,Non-Junction,None,,,         ,Joseph,Simon,Clear,Front to Rear,no,no,no,no,yes,False
102149493,METROPOLITAN NASHVILLE POLICE DEPT,20180797738,Davidson,Nashville,9/18/2018 5:38:00 PM,2,0,0,36.143430,-86.702940,I 40,,,,0.00,,,,,,,214.55,N,Not at Intersection, ,Non-Junction,None,,,         ,Christopher,Augustin,Clear,Front to Rear,no,no,no,no,no,False
102149503,METROPOLITAN NASHVILLE POLICE DEPT,20180797639,Davidson,Nashville,9/18/2018 5:36:00 PM,2,0,0,36.254430,-86.715790,GALLATIN PKES,,,,266.00,Feet,South,MADISON BLVD,,,,0.00,N,Not at Intersection,N,OtherLocation,None,,,         ,Christopher,Littles,Clear,Front to Rear,no,no,no,yes,yes,False
102149504,METROPOLITAN NASHVILLE POLICE DEPT,20180797763,Davidson,Nashville,9/18/2018 6:17:00 PM,2,0,0,36.241970,-86.763600,DOVERSIDE DR,,,,1036.00,Feet,West,SKYLINE COMMONS PVTDR,,,,0.00,N,Not at Intersection, ,Non-Junction,None,,,         ,Christopher,Littles,Clear,Angle,no,no,no,no,no,False
102149506,METROPOLITAN NASHVILLE POLICE DEPT,20180797542,Davidson,Nashville,9/18/2018 3:58:00 PM,2,0,0,36.047270,-86.862610,OLD HICKORY BLVD,,,,39.00,Feet,East,HILLSBORO PKE,,,,0.00,N,Not at Intersection, ,Non-Junction,None,,,         ,Joshua,Asbell,Clear,Front to Rear,no,no,no,no,no,False
102149508,GOODLETTSVILLE POLICE DEPT,18-33208,Davidson,Goodlettsville,9/18/2018 5:34:00 PM,3,0,0,36.306220,-86.700390,VIETNAM VETERANS BLVDN,,,,0.00,,,VIETNAM VETERANS BLVD NB EXT R,,,,0.00,Y,Y-Intersection, ,Non-Junction,None,,,         ,Nicholas,Given,Clear,Front to Rear,no,no,no,no,no,False
102149511,METROPOLITAN NASHVILLE POLICE DEPT,20180797707,Davidson,Not in City Limit,9/18/2018 6:05:00 PM,2,0,0,36.263260,-86.736600,I65 N EXT RAMP,,,,494.00,Feet,West,I 65,,,,0.00,N,Not at Intersection,N,Non-Junction,None,,,         ,Peter,Vaught,Clear,Front to Rear,no,no,no,no,yes,False
102149513,METROPOLITAN NASHVILLE POLICE DEPT,20180797714,Davidson,Nashville,9/18/2018 5:23:00 PM,2,1,0,36.162050,-86.793490,I 40,,,,0.00,,,,,,,208.65,N,Not at Intersection,Y,Non-Junction,None,,,         ,Jonathan,Nicholson,Cloudy,Front to Rear,no,no,no,no,yes,False
102149526,METROPOLITAN NASHVILLE POLICE DEPT,20180797601,Davidson,Nashville,9/18/2018 5:21:00 PM,2,0,0,36.149170,-86.773840,I 40,,,,0.00,,,,,,,210.20,N,Not at Intersection, ,Non-Junction,None,,,         ,Zachariah,Bush,Clear,"Sideswipe, Same Direction",no,no,no,no,no,False
102149537,METROPOLITAN NASHVILLE POLICE DEPT,20180797917,Davidson,Nashville,9/18/2018 7:22:00 PM,2,0,0,36.120190,-86.808320,HILLSBORO PKE,,,,213.00,Feet,South,LOMBARDY AV,,,,0.00,N,Not at Intersection, ,Non-Junction,None,,,         ,Douglas,Sykes,Clear,Front to Rear,no,no,no,no,no,False
102149538,METROPOLITAN NASHVILLE POLICE DEPT,20180797804,Davidson,Nashville,9/18/2018 5:10:00 PM,2,0,0,36.096300,-86.655850,MURFREESBORO PKE,,,,85.00,Feet,West,SMITH SPRINGS RD,,,,0.00,N,Not at Intersection, ,Non-Junction,None,,,         ,Marcus,Darden,Clear,Front to Rear,no,no,no,no,no,False
102149539,METROPOLITAN NASHVILLE POLICE DEPT,20180797474,Davidson,Nashville,9/18/2018 4:19:00 PM,2,1,0,36.088610,-86.751690,TROUSDALE DR,,,,505.00,Feet,South,GRASSMERE PK,,,,0.00,N,Not at Intersection,N,Non-Junction,None,,,         ,Nicholas,Carroll,Clear,Other,no,no,no,no,no,False
102149540,METROPOLITAN NASHVILLE POLICE DEPT,20180797663,Davidson,Nashville,9/18/2018 5:23:00 PM,1,0,0,36.099370,-86.763830,I 65,,,,0.00,,,,,,,79.00,N,Not at Intersection, ,Non-Junction,None,,,         ,Gabriel,Vasquez,Clear,Not Collision with Motor Vehicle in Transport,no,no,no,no,no,False
102149544,METROPOLITAN NASHVILLE POLICE DEPT,20180797802,Davidson,Nashville,9/18/2018 6:13:00 PM,2,0,0,36.157500,-86.760420,I 24,,,,0.00,,,,,,,49.60,N,Not at Intersection,Y,Non-Junction,None,,,         ,Jonathan,Nicholson,Cloudy,Front to Rear,no,no,no,no,yes,False
102149545,METROPOLITAN NASHVILLE POLICE DEPT,20180797700,Davidson,Nashville,9/18/2018 5:48:00 PM,2,0,0,36.151240,-86.857780,WHITE BRIDGE PKE,,,,198.00,Feet,North,OBRIEN AV,,,,0.00,N,Not at Intersection,N,Non-Junction,None,,,         ,Robert,Crow,Clear,Front to Rear,no,no,no,no,yes,False
102149582,METROPOLITAN NASHVILLE POLICE DEPT,20180797711,Davidson,Nashville,9/18/2018 4:20:00 PM,2,0,0,36.082380,-86.721790,WELCH RD,,,,285.00,Feet,West,KERN DR,,,,0.00,N,Not at Intersection,N,Non-Junction,None,,,         ,Richard,Luellen,Clear,Front to Rear,no,no,no,no,yes,False
102149588,METROPOLITAN NASHVILLE POLICE DEPT,20180797530,Davidson,Nashville,9/18/2018 4:17:00 PM,2,0,0,36.149220,-86.773700,I 40,,,,0.00,,,,,,,210.20,N,Not at Intersection, ,Non-Junction,None,,,         ,Zachariah,Bush,Clear,"Sideswipe, Same Direction",no,no,no,no,yes,False
102149594,METROPOLITAN NASHVILLE POLICE DEPT,20180797464,Davidson,Nashville,9/18/2018 4:24:00 PM,2,2,0,36.175100,-86.784360,JEFFERSON ST,,,,50.00,Feet,East,3RD AVN,,,,0.00,N,Not at Intersection,N,Non-Junction,None,,,         ,Joshua,Reece,Clear,Front to Rear,no,no,no,no,no,False
102149596,METROPOLITAN NASHVILLE POLICE DEPT,20180798070,Davidson,Nashville,9/18/2018 7:30:00 PM,2,0,0,36.152420,-86.835800,CHARLOTTE AV,,,,277.00,Feet,West,42ND AVN,,,,0.00,N,Not at Intersection, ,Non-Junction,None,,,         ,Joshua,Asbell,Clear,Front to Rear,no,no,no,no,no,False
102149606,TENNESSEE STATE UNIVERSITY ,18-TSU-55053,Davidson,Nashville,9/18/2018 3:20:00 PM,2,0,0,36.164530,-86.827920,ALAMEDA ST,,,,601.00,Feet,West,33RD AVN,,,,0.00,N,Not at Intersection, ,,None,,,         ,Melanie,Washington,,,no,no,no,yes,no,False
102149621,METROPOLITAN NASHVILLE POLICE DEPT,20180797931,Davidson,Nashville,9/18/2018 4:46:00 PM,2,0,0,36.104170,-86.741770,NOLENSVILLE PKE,,,,19.00,Feet,North,MCIVER ST,,,,0.00,N,Not at Intersection,N,Non-Junction,None,,,         ,Je-Marc,Sears,Clear,Angle,no,no,no,no,yes,False
102149630,VANDERBILT UNIVERSITY POLICE,2018-0798047,Davidson,Nashville,9/18/2018 1:00:00 PM,2,0,0,36.139400,-86.805700,CHILDRENS WAY,,,,0.00,,,,,,,0.00,,,N,Non-Junction,None,,,         ,Joseph,Musick,Clear,Other,no,no,no,yes,yes,Campus
102149643,METROPOLITAN NASHVILLE POLICE DEPT,20180798126,Davidson,Nashville,9/18/2018 8:05:00 PM,2,0,0,36.154160,-86.770150,2ND AVS,,,,0.00,Feet,,ELM ST,,,,0.00,Y,T-Intersection,N,Intersection-Related,None,,,         ,Jonathan,Nicholson,Clear,"Sideswipe, Same Direction",no,no,no,no,no,False
102149644,METROPOLITAN NASHVILLE POLICE DEPT,20180798275,Davidson,Nashville,9/18/2018 8:48:00 PM,2,0,0,36.109410,-86.727880,BRILEY PKWYN,,,,51.00,Feet,East,BRILEY PKWYS,,,,0.00,N,Not at Intersection,N,Non-Junction,None,,,         ,YUNUS,ADAK,Clear,Front to Rear,no,no,no,no,yes,False
102149652,METROPOLITAN NASHVILLE POLICE DEPT,20180797259,Davidson,Nashville,9/18/2018 3:12:00 PM,2,0,0,36.153200,-86.789210,DEMONBREUN ST,,,,271.00,Feet,West,14TH AVS,,,,0.00,N,Not at Intersection,N,Non-Junction,None,,,         ,Akira,McSwain,Clear,Angle,no,no,no,no,no,False
102149653,METROPOLITAN NASHVILLE POLICE DEPT,20180797553,Davidson,Nashville,9/18/2018 4:48:00 PM,2,0,0,36.141240,-86.814470,31ST AVS,,,,0.00,,,VANDERBILT PL,,,,0.00,Y,T-Intersection, ,Non-Junction,None,,,         ,Akira,McSwain,Clear,Angle,no,no,no,no,no,Campus
102149654,METROPOLITAN NASHVILLE POLICE DEPT,20180798146,Davidson,Nashville,9/18/2018 8:37:00 PM,2,0,0,36.040040,-86.780830,OLD HICKORY BLVD,,,,0.00,,,OLD HICKORY BLVD,,,,0.00,Y,OTHER, ,Intersection,None,,,         ,Akira,McSwain,Clear,"Sideswipe, Same Direction",no,no,no,no,no,False
102149674,METROPOLITAN NASHVILLE POLICE DEPT,20180798227,Davidson,Nashville,9/18/2018 12:00:00 AM,2,0,0,36.159520,-86.774730,DEMONBREUN ST,,,,34.00,Feet,West,3RD AVS,,,,0.00,N,Not at Intersection,N,Non-Junction,None,,,         ,Trevor,Taylor,Clear,"Sideswipe, Same Direction",no,no,no,no,no,False
102149678,METROPOLITAN NASHVILLE POLICE DEPT,20180798222,Davidson,Nashville,9/18/2018 8:23:00 PM,2,1,0,36.090020,-86.733660,NOLENSVILLE PKE,,,,0.00,,,ZOO RD,,,,0.00,Y,OTHER,N,Non-Junction,None,,,         ,Johnathon,Birdwell,Clear,Front to Rear,no,no,no,no,yes,False
102149687,METROPOLITAN NASHVILLE POLICE DEPT,20180797710,Davidson,Nashville,9/18/2018 5:10:00 PM,2,0,0,36.039640,-86.743440,EDMONDSON PKE,,,,137.00,Feet,South,OLD HICKORY BLVD,,,,0.00,N,Not at Intersection, ,Non-Junction,None,,,         ,Brandon,Hughes,Clear,Front to Rear,no,no,no,no,no,False
102149691,METROPOLITAN NASHVILLE POLICE DEPT,20180798225,Davidson,Not in City Limit,9/18/2018 9:00:00 PM,2,0,0,36.089670,-86.930810,HOLT VALLEY RD,,,,1161.00,Feet,East,SAWYER BROWN RD,,,,0.00,N,Not at Intersection, ,Non-Junction,None,,,         ,Gardiner,Bradley,Clear,Rear to Side,no,no,no,no,no,False
102149707,METROPOLITAN NASHVILLE POLICE DEPT,20180798383,Davidson,Nashville,9/18/2018 8:51:00 PM,2,0,0,36.148840,-86.762450,LAFAYETTE ST,,,,5.00,Feet,East,CHARLES E DAVIS BLVD,,,,0.00,N,Not at Intersection, ,Non-Junction,None,,,         ,Zachariah,Bush,Clear,"Sideswipe, Opposite Direction",no,no,no,no,yes,False
102149708,METROPOLITAN NASHVILLE POLICE DEPT,20180798182,Davidson,Nashville,9/18/2018 8:44:00 PM,2,0,0,36.081100,-86.758360,HARDING PL,,,,0.00,Feet,,TROUSDALE DR,,,,0.00,Y,Four-Way,Y,Intersection-Related,None,,,         ,Gabriel,Vasquez,Clear,Front to Rear,no,no,no,no,yes,False
102149723,METROPOLITAN NASHVILLE POLICE DEPT,20180797932,Davidson,Nashville,9/18/2018 7:25:00 PM,1,0,0,36.173250,-86.802160,HEIMAN ST,,,,0.00,,,14TH AVN,,,,0.00,Y,OTHER,N,Intersection-Related,None,,,         ,Cameron,Brown,Clear,Not Collision with Motor Vehicle in Transport,no,no,no,no,yes,False
102149747,METROPOLITAN NASHVILLE POLICE DEPT,20180798109,Davidson,Nashville,9/18/2018 8:25:00 PM,1,0,0,36.180350,-86.817900,BUCHANAN ST,,,,2.00,Feet,East,25TH AVN,,,,0.00,N,Not at Intersection,N,Non-Junction,None,,,         ,Christopher,Lawson,Clear,Not Collision with Motor Vehicle in Transport,no,no,no,no,yes,False
102149760,METROPOLITAN NASHVILLE POLICE DEPT,20180798644,Davidson,Not in City Limit,9/18/2018 11:40:00 PM,1,0,0,36.273570,-86.895250,EATONS CREEK RD,,,,0.00,,,LITTLE MARROWBONE RD,,,,0.00,Y,T-Intersection, ,Intersection,None,,,         ,Joseph,Gawlowski,Clear,Not Collision with Motor Vehicle in Transport,no,no,no,no,no,False
102149768,METROPOLITAN NASHVILLE POLICE DEPT,20180798690,Davidson,Nashville,9/19/2018 12:12:00 AM,1,0,0,36.074580,-86.750770,BLACKMAN RD,,,,82.00,Feet,West,BRIARWOOD DR,,,,0.00,N,Not at Intersection,N,Non-Junction,None,,,         ,Bryce,Hatten,Clear,Not Collision with Motor Vehicle in Transport,no,no,no,no,no,False
102149775,VANDERBILT UNIVERSITY POLICE,2018-0798630,Davidson,Nashville,9/17/2018 12:00:00 AM,2,0,0,36.140050,-86.813550,31ST AVS,,,,429.00,Feet,North,WELLINGTON AV,,,,0.00,N,Not at Intersection,N,Non-Junction,None,,,         ,Michael,Walker,Unknown,Unknown,no,no,no,yes,yes,Campus
102149782,METROPOLITAN NASHVILLE POLICE DEPT,20180798728,Davidson,Nashville,9/19/2018 12:12:00 AM,2,0,0,36.163680,-86.778980,CHURCH ST,,,,0.00,,,4TH AVN,,,,0.00,Y,Four-Way,N,Intersection,None,,,         ,Brenna,Hosey,Clear,HeadOn,no,no,no,no,no,False
102149808,METROPOLITAN NASHVILLE POLICE DEPT,20180798877,Davidson,Nashville,9/19/2018 12:22:00 AM,2,0,0,36.071580,-86.691270,I 24,,,,0.00,,,,,,,56.80,N,Not at Intersection, ,Non-Junction,None,,,         ,Autumn,Manning,Clear,"Sideswipe, Opposite Direction",no,no,no,no,no,False
102149848,METROPOLITAN NASHVILLE POLICE DEPT,20180799280,Davidson,Nashville,9/19/2018 5:21:00 AM,2,2,0,36.069100,-86.690680,HAYWOOD LN,,,,0.00,,,I24 E ENT RAMP,,,,0.00,Y,Four-Way,N,Intersection,None,,,         ,Autumn,Manning,Clear,HeadOn,no,no,no,no,no,False
102149868,METROPOLITAN NASHVILLE POLICE DEPT,20180791167,Davidson,Nashville,9/16/2018 9:50:00 AM,2,2,0,36.152810,-86.765880,I40 W EXT RAMP,,,,80.00,Feet,West,I 40,,,,0.00,N,Not at Intersection,N,Entrance/Exit Ramp Related,None,,,         ,Cody,O'Quinn,Cloudy,Front to Rear,no,no,no,no,yes,False
102149871,METROPOLITAN NASHVILLE POLICE DEPT,20180799323,Davidson,Nashville,9/19/2018 5:52:00 AM,2,0,0,36.150920,-86.750480,I 40,,,,0.00,,,,,,,211.60,N,Not at Intersection, ,Non-Junction,None,,,         ,Kyle,Berkheiser,Clear,"Sideswipe, Same Direction",no,no,no,no,no,False
102149900,METROPOLITAN NASHVILLE POLICE DEPT,20180799430,Davidson,Nashville,9/19/2018 6:40:00 AM,2,0,0,36.139260,-86.819190,WEST END AV,,,,41.00,Feet,South,ORLEANS DR,,,,0.00,N,Not at Intersection,N,Non-Junction,None,,,         ,Jon,Mcvey,Clear,Front to Rear,no,no,no,no,yes,False
102149907,METROPOLITAN NASHVILLE POLICE DEPT,20180799479,Davidson,Not in City Limit,9/19/2018 7:33:00 AM,1,0,0,36.061810,-86.937870,HARPETH PKWYW,,,,169.00,Feet,West,MCPHERSON DR,,,,0.00,N,Not at Intersection, ,,None,,,         ,Curtis,Rich,,,no,no,no,no,no,False
102149911,METROPOLITAN NASHVILLE POLICE DEPT,20180799460,Davidson,Antioch,9/19/2018 7:09:00 AM,1,0,0,36.072330,-86.598340,DOVE CREEK RD,,,,219.00,Feet,North,QUAISE MOORE,,,,0.00,N,Not at Intersection,N,Non-Junction,None,,,         ,Nopel,Stella,Clear,Not Collision with Motor Vehicle in Transport,no,no,no,no,no,False
102149913,METROPOLITAN NASHVILLE POLICE DEPT,20180799453,Davidson,Nashville,9/19/2018 6:58:00 AM,2,0,0,36.237670,-86.827580,BUENA VISTA PKE,,,,0.00,,,STEVENS LN,,,,0.00,Y,T-Intersection,Y,Intersection,None,,,         ,William,Coy,Clear,Angle,no,no,no,no,no,False
102149929,METROPOLITAN NASHVILLE POLICE DEPT,20180799532,Davidson,Nashville,9/19/2018 7:30:00 AM,2,1,0,36.252560,-86.715410,EMMITT AV,,,,0.00,Feet,East,E MEADE AV,,,,0.00,N,Not at Intersection,N,Non-Junction,None,,,         ,Brian,Otto,Clear,Front to Rear,no,no,no,no,no,False
102149937,METROPOLITAN NASHVILLE POLICE DEPT,20180799600,Davidson,Nashville,9/19/2018 7:55:00 AM,2,0,0,36.133040,-86.829550,WEST END AV,,,,40.00,Feet,West,LEONARD AV,,,,0.00,N,Not at Intersection, ,Non-Junction,None,,,         ,Paul,Junkmann,Clear,Front to Rear,no,no,no,no,no,False
102149938,METROPOLITAN NASHVILLE POLICE DEPT,20180799585,Davidson,Nashville,9/19/2018 7:46:00 AM,2,1,0,36.154730,-86.712360,LEBANON PKE,,,,0.00,,,CLOVERNOOK DR,,,,0.00,Y,T-Intersection,N,Non-Junction,None,,,         ,Alex,DiBernardo,Clear,Angle,no,no,no,no,no,False
102149941,METROPOLITAN NASHVILLE POLICE DEPT,20180799500,Davidson,Not in City Limit,9/19/2018 7:08:00 AM,2,0,0,36.323370,-86.864100,I 24,,,,0.00,,,,,,,35.20,N,Not at Intersection, ,Non-Junction,None,,,         ,Royce,McLester,Clear,Front to Rear,no,no,no,no,no,False
102149951,METROPOLITAN NASHVILLE POLICE DEPT,20180799444,Davidson,Nashville,9/19/2018 6:43:00 AM,2,0,0,36.170130,-86.602260,I 40,,,,0.00,,,,,,,220.75,N,Not at Intersection,N,Non-Junction,None,,,         ,Michael,Dance,Clear,Front to Rear,no,no,no,no,yes,False
102149952,VANDERBILT UNIVERSITY POLICE,20180799545,Davidson,Nashville,9/19/2018 7:20:00 AM,2,0,0,36.142280,-86.806180,HIGHLAND AV,,,,0.00,,,,,,,0.00,,, ,Non-Junction,None,,,         ,Olivia,Oliver,Clear,Front to Rear,no,no,no,yes,no,Campus
102149959,METROPOLITAN NASHVILLE POLICE DEPT,20180799463,Davidson,Nashville,9/19/2018 12:00:00 AM,2,0,0,36.229020,-86.773530,RICHMOND HILL DR,,,,480.00,Feet,South,EWING DR,,,,0.00,N,Not at Intersection,N,Non-Junction,None,,,         ,Cyretha,Frazier,Cloudy,Front to Rear,no,no,no,no,yes,False
102149963,METROPOLITAN NASHVILLE POLICE DEPT,2018-0799561,Davidson,Nashville,9/19/2018 7:46:00 AM,2,0,0,36.112960,-86.798950,WOODMONT BLVD,,,,319.00,Feet,East,BELMONT BLVD,,,,0.00,N,Not at Intersection,N,Non-Junction,None,,,         ,Timothy,Edwards,Clear,Angle,no,no,no,no,no,False
102149964,METROPOLITAN NASHVILLE POLICE DEPT,20180799698,Davidson,Nashville,9/19/2018 8:35:00 AM,2,0,0,36.140140,-86.879230,RUSSLEO DR,,,,0.00,,,CHARLOTTE PKE,,,,0.00,Y,T-Intersection,N,Non-Junction,None,,,         ,Ronald,Bright,Clear,Angle,no,no,no,no,no,False
102149965,METROPOLITAN NASHVILLE POLICE DEPT,20180799596,Davidson,Nashville,9/19/2018 7:45:00 AM,2,0,0,36.142720,-86.650950,I 40,,,,0.00,,,,,,,217.50,N,Not at Intersection, ,Non-Junction,None,,,         ,Garrett,Reingardt,Clear,Front to Rear,no,no,no,no,no,False
102149969,METROPOLITAN NASHVILLE POLICE DEPT,20180796932,Davidson,Nashville,9/18/2018 12:53:00 PM,2,0,0,36.151040,-86.784050,DIVISION ST,,,,87.00,Feet,East,12TH AVS,,,,0.00,N,Not at Intersection, ,Non-Junction,None,,,         ,Cody,O'Quinn,Clear,"Sideswipe, Same Direction",no,no,no,no,no,False
102149974,METROPOLITAN NASHVILLE POLICE DEPT,20180799583,Davidson,Nashville,9/19/2018 7:52:00 AM,2,0,0,36.153810,-86.841440,I 40,,,,0.00,,,,,,,204.85,N,Not at Intersection,N,Non-Junction,None,,,         ,Ty,Cummings,Clear,Front to Rear,no,no,no,no,no,False
102149975,METROPOLITAN NASHVILLE POLICE DEPT,20180799638,Davidson,Antioch,9/19/2018 7:38:00 AM,2,0,0,36.026550,-86.615510,OLD HICKORY BLVD,,,,1595.00,Feet,South,LOGISTICS WAY,,,,0.00,N,Not at Intersection, ,Non-Junction,None,,,         ,Fabjan,Llukaj,Clear,Front to Rear,no,no,no,no,no,False
102149976,METROPOLITAN NASHVILLE POLICE DEPT,20180799474,Davidson,Nashville,9/19/2018 6:55:00 AM,2,0,0,36.142590,-86.681510,I 40,,,,0.00,,,,,,,215.80,N,Not at Intersection, ,Non-Junction,None,,,         ,Michael,Dance,Clear,"Sideswipe, Same Direction",no,no,no,no,no,False
102149979,METROPOLITAN NASHVILLE POLICE DEPT,20180799411,Davidson,Antioch,9/19/2018 6:35:00 AM,2,2,0,36.015140,-86.620270,I24 W EXT RAMP,,,,0.00,,,I 24,,,,0.00,Y,Four-Way,Y,Intersection,None,,,         ,Christopher,Upchurch,Clear,Angle,no,no,no,no,no,False
102149991,METROPOLITAN NASHVILLE POLICE DEPT,20180799704,Davidson,Nashville,9/19/2018 8:37:00 AM,2,0,0,36.170190,-86.595540,I 40,,,,0.00,,,,,,,221.15,N,Not at Intersection,N,Non-Junction,None,,,         ,Ralph,Harvey,Clear,Front to Rear,no,no,no,no,no,False
102149992,METROPOLITAN NASHVILLE POLICE DEPT,20180799753,Davidson,Nashville,9/19/2018 8:50:00 AM,3,0,0,36.084640,-86.763350,I 65,,,,0.00,,,,,,,78.00,N,Not at Intersection, ,Non-Junction,None,,,         ,Earl,Davis,Clear,Front to Rear,no,no,no,no,no,False
102150000,METROPOLITAN NASHVILLE POLICE DEPT,20180799575,Davidson,Nashville,9/19/2018 7:51:00 AM,2,0,0,36.143090,-86.705860,I 40,,,,0.00,,,,,,,214.45,N,Not at Intersection, ,,None,,,         ,Michael,Dance,,,no,no,no,no,no,False
102150010,METROPOLITAN NASHVILLE POLICE DEPT,20180799607,Davidson,Nashville,9/19/2018 8:02:00 AM,2,1,0,36.178060,-86.755460,MYRTLE ST,,,,24.00,Feet,West,SILVERDENE PL,,,,0.00,N,Not at Intersection,N,Non-Junction,None,,,         ,Joseph,Progar,Clear,Angle,no,no,no,no,no,False
102150017,METROPOLITAN NASHVILLE POLICE DEPT,20180799552,Davidson,Nashville,9/19/2018 7:41:00 AM,2,0,0,36.140570,-86.723470,I 40,,,,0.00,,,,,,,213.50,N,Not at Intersection, ,Non-Junction,None,,,         ,Michael,Dance,Clear,Front to Rear,no,no,no,no,no,False
102150018,METROPOLITAN NASHVILLE POLICE DEPT,20180799654,Davidson,Nashville,9/19/2018 8:07:00 AM,2,0,0,36.155750,-86.809740,23RD AVN,,,,0.00,,,CHARLOTTE AV,,,,0.00,Y,Four-Way, ,Intersection-Related,None,,,         ,Phillip,Murphy,Clear,Front to Rear,no,no,no,no,no,False