master_record_number,agency,agency_tracking_number,county,city,collision_date,vehicles_involved,number_injured,number_dead,latitude,longitude,roadway_name,roadway_suffix,roadway_number,roadway_local_id,distance_from_reference,miles-feet_indicator,direction_from_reference,intersection_road_name,intersection_road_name_suffix,intersection_road_number,intersection_local_id,mile_marker,intersection_indicator,intersect_type,interchange_related_indicator,relation_to_junction,work_zone_type,construction_maintenance_zone,construction_maintenance_zone_location,fatal_case_number,officer_first_name,officer_last_name,weather_condition(s),manner_of_crash,pedestrian,bicycle,scooter,parking,hitrun,mou
102150031,METROPOLITAN NASHVILLE POLICE DEPT,20180799778,Davidson,Nashville,9/19/2018 8:20:00 AM,2,0,0,36.124650,-86.752000,NOLENSVILLE PKE,,,,135.00,Feet,South,ROSEDALE AV,,,,0.00,N,Not at Intersection,N,Non-Junction,None,,,         ,Jon,Mcvey,Clear,Angle,no,no,no,no,no,False
102150034,METROPOLITAN NASHVILLE POLICE DEPT,20180799553,Davidson,Nashville,9/19/2018 7:05:00 AM,2,0,0,36.146240,-86.743860,FESSLERS LN,,,,180.00,Feet,South,RUNDLE AV,,,,0.00,N,Not at Intersection, ,Non-Junction,None,,,         ,Michael,Dance,Clear,"Sideswipe, Same Direction",no,no,no,no,yes,False
102150036,METROPOLITAN NASHVILLE POLICE DEPT,20180799729,Davidson,Nashville,9/19/2018 8:28:00 AM,2,0,0,36.105460,-86.772790,FRANKLIN PKE,,,,0.00,,,CALDWELL LN,,,,0.00,Y,T-Intersection, ,Intersection,None,,,         ,Phillip,Murphy,Clear,Angle,no,no,no,no,no,False
102150050,METROPOLITAN NASHVILLE POLICE DEPT,2018-0799801,Davidson,Nashville,9/19/2018 9:10:00 AM,2,1,0,36.071210,-86.635450,MURFREESBORO PKE,,,,321.00,Feet,South,BELL RD,,,,0.00,N,Not at Intersection,N,Non-Junction,None,,,         ,Stanley,Collins,Clear,Angle,no,no,no,no,no,False
102150053,METROPOLITAN NASHVILLE POLICE DEPT,20180799889,Davidson,Nashville,9/19/2018 9:30:00 AM,2,0,0,36.099370,-86.763830,I 65,,,,0.00,,,,,,,79.00,N,Not at Intersection,N,Non-Junction,None,,,         ,Todd,Watson,Clear,Angle,no,no,no,no,yes,False
102150054,METROPOLITAN NASHVILLE POLICE DEPT,20180799916,Davidson,Nashville,9/19/2018 10:00:00 AM,2,0,0,36.145230,-86.740450,I 40,,,,0.00,,,,,,,212.25,N,Not at Intersection, ,Non-Junction,None,,,         ,Zachary,Scott,Clear,"Sideswipe, Same Direction",no,no,no,no,no,False
102150055,METROPOLITAN NASHVILLE POLICE DEPT,20180799971,Davidson,Nashville,9/19/2018 10:31:00 AM,2,0,0,36.147990,-86.744800,I 40,,,,0.00,,,,,,,212.00,N,Not at Intersection, ,Non-Junction,None,,,         ,Ralph,Harvey,Clear,Angle,no,no,no,no,no,False
102150058,METROPOLITAN NASHVILLE POLICE DEPT,20180799542,Davidson,Nashville,9/19/2018 7:06:00 AM,2,0,0,36.133710,-86.726760,I 24,,,,0.00,,,,,,,52.10,N,Not at Intersection, ,Non-Junction,None,,,         ,Michael,Dance,Clear,"Sideswipe, Same Direction",no,no,no,no,no,False
102150062,METROPOLITAN NASHVILLE POLICE DEPT,20180799890,Davidson,Nashville,9/19/2018 9:40:00 AM,2,0,0,36.089260,-86.702420,I 24,,,,0.00,,,,,,,55.45,N,Not at Intersection,N,Non-Junction,None,,,         ,James,Thomas,Clear,"Sideswipe, Opposite Direction",no,no,no,no,no,False
102150066,METROPOLITAN NASHVILLE POLICE DEPT,20180799905,Davidson,Nashville,9/19/2018 10:00:00 AM,2,0,0,36.159390,-86.792270,I 40,,,,0.00,,,,,,,208.85,N,Not at Intersection,N,Non-Junction,None,,,         ,Justin,Pinkelton,Clear,"Sideswipe, Same Direction",no,no,no,no,yes,False
102150068,METROPOLITAN NASHVILLE POLICE DEPT,20180799969,Davidson,Nashville,9/19/2018 10:30:00 AM,2,0,0,36.151970,-86.848570,51ST AVN,,,,0.00,,,CHARLOTTE AV,,,,0.00,Y,Four-Way,N,Intersection,None,,,         ,Curtis,Rich,Clear,Front to Rear,no,no,no,no,no,False
102150070,METROPOLITAN NASHVILLE POLICE DEPT,20180799953,Davidson,Nashville,9/19/2018 10:10:00 AM,2,0,0,36.158200,-86.790430,GEORGE L DAVIS BLVD,,,,90.00,Feet,South,CHURCH ST,,,,0.00,N,Not at Intersection,N,Non-Junction,None,,,         ,Chase,Harriman,Clear,Front to Rear,no,no,no,no,yes,False
102150072,METROPOLITAN NASHVILLE POLICE DEPT,20180799880,Davidson,Nashville,9/19/2018 6:48:00 AM,2,0,0,36.187560,-86.608100,ANDREW JACKSON PKWY,,,,198.00,Feet,South,OLD LEBANON DIRT RD,,,,0.00,N,Not at Intersection, ,Non-Junction,None,,,         ,Michael,Dance,Clear,Front to Rear,no,no,no,no,no,False
102150073,METROPOLITAN NASHVILLE POLICE DEPT,20180800019,Davidson,Nashville,9/19/2018 10:45:00 AM,2,0,0,36.151380,-86.794130,DIVISION ST,,,,74.00,Feet,East,18TH AVS,,,,0.00,N,Not at Intersection,N,Non-Junction,None,,,         ,Jon,Mcvey,Clear,Front to Rear,no,no,no,no,yes,False
102150075,METROPOLITAN NASHVILLE POLICE DEPT,20180799564,Davidson,Nashville,9/19/2018 7:45:00 AM,3,1,0,36.167470,-86.659580,LEBANON PKE,,,,771.00,Feet,East,DONELSONWOOD DR,,,,0.00,N,Not at Intersection,N,Non-Junction,None,,,         ,Lee,Davis,Clear,Front to Rear,no,no,no,no,no,False
102150093,METROPOLITAN NASHVILLE POLICE DEPT,20180799883,Davidson,Nashville,9/19/2018 9:01:00 AM,2,0,0,36.154080,-86.784420,11TH AVS,,,,0.00,,,LAUREL ST,,,,0.00,Y,T-Intersection,N,Intersection-Related,None,,,         ,Frank,Campbell,Clear,Angle,no,no,no,no,no,False
102150101,METROPOLITAN NASHVILLE POLICE DEPT,20180799849,Davidson,Nashville,9/19/2018 9:33:00 AM,2,0,0,36.238100,-86.766060,OAKVIEW DR,,,,0.00,,,STARLIGHT DR,,,,0.00,Y,T-Intersection, ,Intersection-Related,None,,,         ,Derek,Sibley,Clear,Angle,no,no,no,no,no,False
102150134,METROPOLITAN NASHVILLE POLICE DEPT,20180800172,Davidson,Nashville,9/19/2018 12:00:00 PM,3,0,0,36.123460,-86.849760,HARDING PKE,,,,313.00,Feet,West,ROYAL OAKS CONDOS PVTDR,,,,0.00,N,Not at Intersection,N,Non-Junction,None,,,         ,Curtis,Rich,Clear,Front to Rear,no,no,no,no,yes,False
102150135,METROPOLITAN NASHVILLE POLICE DEPT,20180799997,Davidson,Nashville,9/19/2018 10:30:00 AM,2,0,0,36.105620,-86.671800,MURFREESBORO PKE,,,,0.00,,,EZELL PKE,,,,0.00,Y,T-Intersection,N,Intersection-Related,None,,,         ,Michael,Griggs,Clear,Angle,no,no,no,no,no,False
102150138,METROPOLITAN NASHVILLE POLICE DEPT,20180800158,Davidson,Nashville,9/19/2018 11:25:00 AM,2,0,0,36.142190,-86.666570,I40 W EXT RAMP,,,,0.00,,,I 40,,,,0.00,Y,OTHER, ,Intersection,None,,,         ,Michael,Dance,Clear,Angle,no,no,no,no,no,False
102150145,METROPOLITAN NASHVILLE POLICE DEPT,20180800205,Davidson,Nashville,9/19/2018 12:09:00 PM,2,0,0,36.117460,-86.754340,NEWSOME ST,,,,127.00,Feet,West,WINFORD AV,,,,0.00,N,Not at Intersection,N,Non-Junction,None,,,         ,Jon,Mcvey,Clear,Angle,no,no,no,no,yes,False
102150171,METROPOLITAN NASHVILLE POLICE DEPT,20180800227,Davidson,Nashville,9/19/2018 11:58:00 AM,2,0,0,36.199040,-86.692500,OPRY MILLS DR,,,,967.00,Feet,North,GAYLORD DR,,,,0.00,N,Not at Intersection, ,Non-Junction,None,,,         ,Thomas,Odom,Clear,Front to Rear,no,no,no,no,no,False
102150175,METROPOLITAN NASHVILLE POLICE DEPT,2018-0800269,Davidson,Nashville,9/19/2018 12:33:00 PM,2,0,0,36.110940,-86.773350,FRANKLIN PKE,,,,127.00,Feet,North,WOODMONT BLVD WB ENT RAMP,,,,0.00,N,Not at Intersection, ,Non-Junction,None,,,         ,Timothy,Edwards,Clear,Front to Rear,no,no,no,no,no,False
102150210,METROPOLITAN NASHVILLE POLICE DEPT,20180800326,Davidson,Nashville,9/19/2018 1:00:00 PM,1,0,0,36.158630,-86.822370,I40 W EXT RAMP,,,,0.00,,,I 40,,,,0.00,Y,OTHER, ,Non-Junction,None,,,         ,Curtis,Rich,Clear,Not Collision with Motor Vehicle in Transport,no,no,no,no,no,False
102150214,METROPOLITAN NASHVILLE POLICE DEPT,20180800159,Davidson,Nashville,9/19/2018 10:34:00 AM,2,0,0,36.150430,-86.743320,FESSLERS LN,,,,195.00,Feet,North,FESSLERS LN PVTDR,,,,0.00,N,Not at Intersection,N,"Driveway, Alley Access, etc",None,,,         ,Michael,Dance,Clear,"Sideswipe, Opposite Direction",no,no,no,yes,no,False
102150215,METROPOLITAN NASHVILLE POLICE DEPT,20180800364,Davidson,Nashville,9/19/2018 11:22:00 AM,2,0,0,36.082050,-86.761740,I65 N EXT RAMP,,,,0.00,Feet,,SIDCO DR,,,,0.00,Y,T-Intersection, ,Non-Junction,None,,,         ,Jon,Mcvey,Clear,Front to Rear,no,no,no,no,no,False
102150225,METROPOLITAN NASHVILLE POLICE DEPT,20180800315,Davidson,Nashville,9/19/2018 12:30:00 PM,1,0,0,36.153790,-86.794410,17TH AVS,,,,0.00,,,WEST END AV,,,,0.00,Y,Four-Way,Y,Intersection,None,,,         ,Chase,Harriman,Clear,Not Collision with Motor Vehicle in Transport,no,no,no,no,yes,False
102150230,METROPOLITAN NASHVILLE POLICE DEPT,20180800125,Davidson,Nashville,9/19/2018 9:10:00 AM,2,2,0,36.209800,-86.776060,I 65,,,,0.00,,,,,,,87.60,N,Not at Intersection, ,Non-Junction,None,,,         ,Royce,McLester,Clear,Not Collision with Motor Vehicle in Transport,no,no,no,no,no,False
102150236,METROPOLITAN NASHVILLE POLICE DEPT,2018-0800074,Davidson,Nashville,9/19/2018 10:58:00 AM,2,0,0,36.144210,-86.766200,4TH AVS,,,,295.00,Feet,South,CHESTNUT ST,,,,0.00,N,Not at Intersection, ,Non-Junction,None,,,         ,Carlos,angulo,Clear,Not Collision with Motor Vehicle in Transport,no,no,no,no,no,False
102150255,METROPOLITAN NASHVILLE POLICE DEPT,20180800059,Davidson,Nashville,9/19/2018 11:20:00 AM,2,3,0,36.063770,-86.902270,HIGHWAY 100,,,,875.00,Feet,East,OLD HICKORY BLVD,,,,0.00,N,Not at Intersection,N,Non-Junction,None,,,         ,George,Spencer,Clear,Front to Rear,no,no,no,no,no,False
102150363,METROPOLITAN NASHVILLE POLICE DEPT,20180800480,Davidson,Nashville,9/19/2018 1:45:00 PM,2,1,0,36.153400,-86.800840,20TH AVN,,,,0.00,,,CHURCH ST,,,,0.00,Y,Four-Way, ,Intersection,None,,,         ,Jon,Mcvey,Clear,"Sideswipe, Same Direction",no,no,no,no,no,Campus
102150365,METROPOLITAN NASHVILLE POLICE DEPT,20180800397,Davidson,Nashville,9/19/2018 1:20:00 PM,2,0,0,36.087220,-86.692710,HARDING PL,,,,165.00,Feet,West,ANTIOCH PKE,,,,0.00,N,Not at Intersection, ,Non-Junction,None,,,         ,Eric,Keller,Clear,Angle,no,no,no,no,no,False
102150366,METROPOLITAN NASHVILLE POLICE DEPT,20180800044,Davidson,Nashville,9/19/2018 10:55:00 AM,2,0,0,36.079430,-86.644660,EDGE O LAKE DR,,,,29.00,Feet,South,MURFREESBORO PKE,,,,0.00,N,Not at Intersection, ,,None,,,         ,Eric,Keller,,,no,no,no,no,no,False
102150367,METROPOLITAN NASHVILLE POLICE DEPT,20180799928,Davidson,Nashville,9/19/2018 8:35:00 AM,2,0,0,36.083650,-86.647220,MURFREESBORO PKE,,,,0.00,,,BROOKSBORO PL,,,,0.00,Y,Four-Way, ,Non-Junction,None,,,         ,Eric,Keller,Clear,Front to Rear,no,no,no,no,no,False
102150368,METROPOLITAN NASHVILLE POLICE DEPT,20180799770,Davidson,Nashville,9/19/2018 8:57:00 AM,2,1,0,36.053660,-86.715020,NOLENSVILLE PKE,,,,0.00,,,BREWER DR,,,,0.00,Y,Four-Way,N,Non-Junction,None,,,         ,Eric,Keller,Clear,Front to Rear,no,no,no,no,no,False
102150369,METROPOLITAN NASHVILLE POLICE DEPT,20180800442,Davidson,Nashville,9/19/2018 1:40:00 PM,2,0,0,36.088250,-86.701480,I24 W ENT RAMP,,,,0.00,Feet,East,I 24,,,,0.00,N,Not at Intersection,N,Non-Junction,None,,,         ,Michael,Griggs,Clear,Angle,no,no,no,no,no,False
102150449,METROPOLITAN NASHVILLE POLICE DEPT,20180800546,Davidson,Not in City Limit,9/19/2018 2:20:00 PM,2,0,0,36.262350,-86.710700,E OLD HICKORY BLVD,,,,365.00,Feet,North,GALLATIN PKES,,,,0.00,N,Not at Intersection, ,Non-Junction,None,,,         ,Byron,Dewalt,Clear,"Sideswipe, Same Direction",no,no,no,no,no,False
102150450,METROPOLITAN NASHVILLE POLICE DEPT,20180800589,Davidson,Nashville,9/19/2018 2:13:00 PM,2,0,0,36.121080,-86.807670,HILLSBORO PKE,,,,163.00,Feet,North,LOMBARDY AV,,,,0.00,N,Not at Intersection, ,Non-Junction,None,,,         ,Ryan,Storm,Clear,Front to Rear,no,no,no,no,no,False
102150462,METROPOLITAN NASHVILLE POLICE DEPT,20180800598,Davidson,Nashville,9/19/2018 12:00:00 AM,2,0,0,36.188570,-86.798520,ROSA L PARKS BLVD,,,,237.00,Feet,North,DOMINICAN DR,,,,0.00,N,Not at Intersection, ,Non-Junction,None,,,         ,Melvin,Taylor,Clear,Front to Rear,no,no,no,no,yes,False
102150466,METROPOLITAN NASHVILLE POLICE DEPT,20180800539,Davidson,Nashville,9/19/2018 2:33:00 PM,2,1,0,36.149680,-86.857930,WHITE BRIDGE PKE,,,,173.00,Feet,South,CHARLOTTE PKE,,,,0.00,N,Not at Intersection,N,Non-Junction,None,,,         ,Albert,Wilson,Clear,Angle,no,no,no,no,no,False
102150471,METROPOLITAN NASHVILLE POLICE DEPT,20180800586,Davidson,Nashville,9/19/2018 2:42:00 PM,2,0,0,36.138630,-86.881110,CHARLOTTE PKE,,,,225.00,Feet,West,HILLWOOD BLVD,,,,0.00,N,Not at Intersection, ,Non-Junction,None,,,         ,Jeremy,Huffine,Clear,Front to Rear,no,no,no,no,no,False
102150472,METROPOLITAN NASHVILLE POLICE DEPT,20180800584,Davidson,Nashville,9/19/2018 2:40:00 PM,2,1,0,36.129480,-86.854620,WHITE BRIDGE PKE,,,,19.00,Feet,West,TARGET PVTDR,,,,0.00,N,Not at Intersection, ,Non-Junction,None,,,         ,Ryan,Ludvigson,Clear,Front to Rear,no,no,no,no,no,False
102150478,METROPOLITAN NASHVILLE POLICE DEPT,20180800558,Davidson,Nashville,9/19/2018 2:16:00 PM,2,1,0,36.177140,-86.875930,CENTENNIAL BLVD,,,,604.00,Feet,North,CENTENNIAL PL,,,,0.00,N,Not at Intersection,N,Non-Junction,None,,,         ,Jason,Kedzierski,Clear,Front to Rear,no,no,no,no,no,False
102150480,METROPOLITAN NASHVILLE POLICE DEPT,20180800587,Davidson,Nashville,9/19/2018 2:30:00 PM,2,0,0,36.172170,-86.764950,S 5TH ST,,,,130.00,Feet,North,WOODLAND ST,,,,0.00,N,Not at Intersection, ,Non-Junction,None,,,         ,Alexander,Georgeson,Clear,Angle,no,no,no,no,no,False
102150486,METROPOLITAN NASHVILLE POLICE DEPT,20180800515,Davidson,Nashville,9/19/2018 2:15:00 PM,2,0,0,36.151460,-86.857740,WHITE BRIDGE PKE,,,,0.00,,,I40 E ENT RAMP,,,,0.00,Y,Four-Way, ,Intersection,None,,,         ,Jason,King,Clear,"Sideswipe, Same Direction",no,no,no,no,no,False
102150505,METROPOLITAN NASHVILLE POLICE DEPT,20180800728,Davidson,Nashville,9/19/2018 12:00:00 AM,2,0,0,36.189530,-86.824250,CLARKSVILLE PKE,,,,417.00,Feet,West,ROSA L PARKS BLVD,,,,0.00,N,Not at Intersection, ,Non-Junction,None,,,         ,Melvin,Taylor,Clear,"Sideswipe, Same Direction",no,no,no,no,no,False
102150511,METROPOLITAN NASHVILLE POLICE DEPT,20180800647,Davidson,Nashville,9/19/2018 3:11:00 PM,2,0,0,36.171720,-86.803400,I 40,,,,0.00,,,,,,,207.70,N,Not at Intersection, ,Non-Junction,None,,,         ,Brian,Woodard,Clear,Front to Rear,no,no,no,no,no,False
102150519,GOODLETTSVILLE POLICE DEPT,18-33323,Davidson,Goodlettsville,9/19/2018 3:32:00 PM,2,0,0,36.294210,-86.717940,I 65,,,,0.00,,,,,,,94.60,N,Not at Intersection,N,Non-Junction,None,,,         ,Hannah,Poole,Clear,Front to Rear,no,no,no,no,no,False
102150535,METROPOLITAN NASHVILLE POLICE DEPT,20180800758,Davidson,Nashville,9/19/2018 4:06:00 PM,1,2,0,36.108100,-86.629960,BELL RD,,,,552.00,Feet,North,NED SHELTON RD,,,,0.00,N,Not at Intersection,N,Non-Junction,None,,,         ,Thomas,Odom,Clear,Not Collision with Motor Vehicle in Transport,no,no,no,no,no,False
102150536,METROPOLITAN NASHVILLE POLICE DEPT,20180800853,Davidson,Nashville,9/19/2018 4:43:00 PM,1,1,0,36.143710,-86.731920,ELM HILL PKE,,,,434.00,Feet,West,ARLINGTON AV,,,,0.00,N,Not at Intersection,N,Non-Junction,None,,,         ,Samuel,Sundra,Clear,Not Collision with Motor Vehicle in Transport,no,no,no,no,no,False
102150538,METROPOLITAN NASHVILLE POLICE DEPT,20180800754,Davidson,Nashville,9/19/2018 3:00:00 PM,2,0,0,36.115200,-86.724910,I 24,,,,0.00,,,,,,,53.25,N,Not at Intersection,Y,Entrance/Exit Ramp Related,None,,,         ,Shelby,Hughes,Clear,Front to Rear,no,no,no,no,yes,False
102150542,METROPOLITAN NASHVILLE POLICE DEPT,20180800863,Davidson,Nashville,9/19/2018 4:48:00 PM,2,0,0,36.149840,-86.779190,8TH AVS,,,,53.00,Feet,North,DIVISION ST,,,,0.00,N,Not at Intersection, ,Non-Junction,None,,,         ,Jonathan,Nicholson,Clear,"Sideswipe, Same Direction",no,no,no,no,no,False
102150560,THP District 3 - Nashville,318063406,Davidson,Hermitage,9/19/2018 7:54:00 AM,2,0,0,36.168910,-86.569950,I 40,,,,0.00,,,,,,,222.55,N,Not at Intersection, ,Non-Junction,None,,,         ,Christopher,Conner,Clear,Front to Rear,no,no,no,no,no,False
102150565,METROPOLITAN NASHVILLE POLICE DEPT,20180800874,Davidson,Nashville,9/19/2018 4:17:00 PM,2,0,0,36.154080,-86.837590,I 40,,,,0.00,,,,,,,205.10,N,Not at Intersection,N,Non-Junction,None,,,         ,Jason,Kedzierski,Clear,Front to Rear,no,no,no,no,yes,False
102150570,METROPOLITAN NASHVILLE POLICE DEPT,20180800578,Davidson,Nashville,9/19/2018 2:41:00 PM,2,0,0,36.155230,-86.829410,I 40,,,,0.00,,,,,,,205.55,N,Not at Intersection, ,Non-Junction,None,,,         ,Joshua,Asbell,Clear,"Sideswipe, Same Direction",no,no,no,no,no,False
102150577,GOODLETTSVILLE POLICE DEPT,18-33309,Davidson,Goodlettsville,9/19/2018 2:25:00 PM,2,0,0,36.325000,-86.701980,LONG HOLLOW PKE,,,,74.00,Feet,West,CONFERENCE DR,,,,0.00,N,Not at Intersection, ,Non-Junction,None,,,         ,Marcus,Zugelder,Clear,Front to Rear,no,no,no,no,yes,False
102150578,METROPOLITAN NASHVILLE POLICE DEPT,20180800919,Davidson,Nashville,9/19/2018 12:00:00 AM,2,0,0,36.181610,-86.792150,5TH AVN,,,,251.00,Feet,South,GARFIELD ST,,,,0.00,N,Not at Intersection, ,Non-Junction,None,,,         ,Melvin,Taylor,Clear,Angle,no,no,no,no,yes,False
102150579,METROPOLITAN NASHVILLE POLICE DEPT,20180800768,Davidson,Nashville,9/19/2018 4:00:00 PM,2,0,0,36.234400,-86.702970,BRILEY PKWYE,,,,976.00,Feet,West,BRILEY PKWYW,,,,0.00,N,Not at Intersection, ,Non-Junction,None,,,         ,Corey,Ethridge,Clear,Front to Rear,no,no,no,no,no,False
102150594,METROPOLITAN NASHVILLE POLICE DEPT,20180800781,Davidson,Nashville,9/19/2018 1:59:00 PM,2,0,0,36.156350,-86.825410,I 40,,,,0.00,,,,,,,205.75,N,Not at Intersection, ,Non-Junction,None,,,         ,Torian,Cox,Clear,"Sideswipe, Same Direction",no,no,no,no,no,False
102150597,METROPOLITAN NASHVILLE POLICE DEPT,20180800967,Davidson,Nashville,9/19/2018 5:23:00 PM,2,2,0,36.140740,-86.793640,HORTON AV,,,,0.00,,,16TH AVS,,,,0.00,Y,Four-Way,N,Intersection,None,,,         ,FELIKS,ABRAHAMYAN,Clear,Angle,no,no,no,no,no,False
102150606,METROPOLITAN NASHVILLE POLICE DEPT,20180800973,Davidson,Nashville,9/19/2018 5:25:00 PM,2,1,0,36.183950,-86.768460,MERIDIAN ST,,,,47.00,Feet,North,HANCOCK ST,,,,0.00,N,Not at Intersection,N,Non-Junction,None,,,         ,Cody,Jaworski,Clear,Angle,no,no,no,no,no,False
102150607,METROPOLITAN NASHVILLE POLICE DEPT,20180801000,Davidson,Nashville,9/19/2018 5:20:00 PM,2,0,0,36.175850,-86.746050,HOLLY ST,,,,0.00,,,S 14TH ST,,,,0.00,Y,Four-Way,N,Non-Junction,None,,,         ,Gregory,Cenicola,Clear,Angle,no,no,no,no,no,False
102150611,METROPOLITAN NASHVILLE POLICE DEPT,20180800840,Davidson,Nashville,9/19/2018 4:30:00 PM,2,0,0,36.151730,-86.752520,I 40,,,,0.00,,,,,,,211.45,N,Not at Intersection,N,Non-Junction,None,,,         ,Darci,Stechman,Clear,"Sideswipe, Same Direction",no,no,no,no,no,False
102150613,METROPOLITAN NASHVILLE POLICE DEPT,20180801002,Davidson,Nashville,9/19/2018 4:57:00 PM,2,0,0,36.168550,-86.796500,I 40,,,,0.00,,,,,,,208.15,N,Not at Intersection, ,Non-Junction,None,,,         ,Roy,Sain Jr.,Clear,"Sideswipe, Same Direction",no,no,no,no,no,False
102150615,METROPOLITAN NASHVILLE POLICE DEPT,20180800911,Davidson,Nashville,9/19/2018 5:02:00 PM,2,0,0,36.161270,-86.793320,I 40,,,,0.00,,,,,,,208.70,N,Not at Intersection,N,Non-Junction,None,,,         ,Stephen,Johnston,Clear,Angle,no,no,no,no,no,False
102150616,METROPOLITAN NASHVILLE POLICE DEPT,20180800706,Davidson,Nashville,9/19/2018 3:44:00 PM,2,0,0,36.153970,-86.836450,I 40,,,,0.00,,,,,,,205.15,N,Not at Intersection,N,Non-Junction,None,,,         ,Joshua,Asbell,Clear,Angle,no,no,no,no,no,False
102150617,METROPOLITAN NASHVILLE POLICE DEPT,20180801005,Davidson,Not in City Limit,9/19/2018 5:14:00 PM,2,1,0,36.208970,-86.953910,ASHLAND CITY HWY,,,,200.00,Feet,North,RIVER TRC,,,,0.00,N,Not at Intersection,N,Non-Junction,None,,,         ,Brian,Woodard,Clear,Angle,no,no,no,no,no,False
102150619,METROPOLITAN NASHVILLE POLICE DEPT,20180800965,Davidson,Nashville,9/19/2018 5:13:00 PM,2,0,0,36.150670,-86.762200,CHARLES E DAVIS BLVD,,,,110.00,Feet,South,CANNON ST,,,,0.00,N,Not at Intersection,N,Non-Junction,None,,,         ,Trenton,Searcy,Clear,Angle,no,no,no,no,no,False
102150638,METROPOLITAN NASHVILLE POLICE DEPT,20180800555,Davidson,Nashville,9/19/2018 2:45:00 PM,2,0,0,36.049980,-86.775180,I 65,,,,0.00,,,,,,,74.55,N,Not at Intersection,N,Non-Junction,None,,,         ,Akira,McSwain,Clear,Angle,no,no,no,no,no,False
102150639,METROPOLITAN NASHVILLE POLICE DEPT,20180800820,Davidson,Nashville,9/19/2018 4:25:00 PM,3,0,0,36.142900,-86.778810,8TH AVS,,,,192.00,Feet,North,CENTRAL ST,,,,0.00,N,Not at Intersection, ,Non-Junction,None,,,         ,Akira,McSwain,Clear,Front to Rear,no,no,no,no,no,False
102150640,METROPOLITAN NASHVILLE POLICE DEPT,20180801176,Davidson,Nashville,9/19/2018 5:57:00 PM,2,0,0,36.109800,-86.770140,I 65,,,,0.00,,,,,,,79.70,N,Not at Intersection, ,Non-Junction,None,,,         ,Akira,McSwain,Clear,"Sideswipe, Same Direction",no,no,no,no,no,False
102150643,METROPOLITAN NASHVILLE POLICE DEPT,20180801021,Davidson,Nashville,9/19/2018 4:50:00 PM,2,0,0,36.075140,-86.919080,BELLE FOREST SHOPPING CENTER P,,,,18.00,Feet,North,HIGHWAY 70S,,,,0.00,N,Not at Intersection, ,Non-Junction,None,,,         ,Ryan,Ludvigson,Clear,Angle,no,no,no,no,no,False
102150655,METROPOLITAN NASHVILLE POLICE DEPT,20180801123,Davidson,Nashville,9/19/2018 6:00:00 PM,1,1,0,36.162110,-86.790610,11TH AVN,,,,0.00,Feet,,CHARLOTTE AV,,,,0.00,Y,Four-Way,N,Intersection,None,,,         ,Brent,Morris,Clear,Not Collision with Motor Vehicle in Transport,yes,no,no,no,no,False
102150667,METROPOLITAN NASHVILLE POLICE DEPT,20180801217,Davidson,Nashville,9/19/2018 5:29:00 PM,2,0,0,36.140880,-86.718430,I 40,,,,0.00,,,,,,,213.70,N,Not at Intersection,N,Non-Junction,None,,,         ,Zachariah,Bush,Clear,Front to Rear,no,no,no,no,no,False
102150670,METROPOLITAN NASHVILLE POLICE DEPT,20180801171,Davidson,Nashville,9/19/2018 5:26:00 PM,2,0,0,36.053430,-86.897200,OLD HICKORY BLVD,,,,472.00,Feet,East,GAUCHO ROAD PVTDR,,,,0.00,N,Not at Intersection, ,Non-Junction,None,,,         ,Charles,Taylor,Clear,Front to Rear,no,no,no,no,no,False
102150686,METROPOLITAN NASHVILLE POLICE DEPT,20180800860,Davidson,Nashville,9/19/2018 4:47:00 PM,2,1,0,36.158890,-86.782110,BROADWAY,,,,0.00,,,8TH AVS,,,,0.00,Y,Four-Way,N,Intersection,None,,,         ,Joshua,Reece,Clear,Angle,no,no,no,no,no,False
102150695,METROPOLITAN NASHVILLE POLICE DEPT,20180801224,Davidson,Nashville,9/19/2018 5:58:00 PM,3,0,0,36.153970,-86.836450,I 40,,,,0.00,,,,,,,205.15,N,Not at Intersection,N,Non-Junction,None,,,         ,Joshua,Asbell,Clear,Front to Rear,no,no,no,no,yes,False
102150701,METROPOLITAN NASHVILLE POLICE DEPT,20180801134,Davidson,Not in City Limit,9/19/2018 6:25:00 PM,2,1,0,36.078000,-86.995200,I 40,,,,0.00,,,,,,,193.90,N,Not at Intersection,N,Non-Junction,None,,,         ,John,Hoesli,Clear,Front to Rear,no,no,no,no,no,False
102150720,METROPOLITAN NASHVILLE POLICE DEPT,20180800900,Davidson,Not in City Limit,9/19/2018 5:01:00 PM,2,0,0,36.260750,-86.712710,GALLATIN PKES,,,,183.00,Feet,South,MAPLE ST,,,,0.00,N,Not at Intersection,N,Non-Junction,None,,,         ,Christopher,Littles,Clear,Angle,no,no,no,no,no,False
102150721,METROPOLITAN NASHVILLE POLICE DEPT,20180801219,Davidson,Goodlettsville,9/19/2018 5:46:00 PM,2,0,0,36.298560,-86.712850,I 65,,,,0.00,,,,,,,95.00,N,Not at Intersection,N,Non-Junction,None,,,         ,Christopher,Littles,Clear,"Sideswipe, Same Direction",no,no,no,no,yes,False