master_record_number,agency,agency_tracking_number,county,city,collision_date,vehicles_involved,number_injured,number_dead,latitude,longitude,roadway_name,roadway_suffix,roadway_number,roadway_local_id,distance_from_reference,miles-feet_indicator,direction_from_reference,intersection_road_name,intersection_road_name_suffix,intersection_road_number,intersection_local_id,mile_marker,intersection_indicator,intersect_type,interchange_related_indicator,relation_to_junction,work_zone_type,construction_maintenance_zone,construction_maintenance_zone_location,fatal_case_number,officer_first_name,officer_last_name,weather_condition(s),manner_of_crash,pedestrian,bicycle,scooter,parking,hitrun,mou
102150722,METROPOLITAN NASHVILLE POLICE DEPT,20180801036,Davidson,Goodlettsville,9/19/2018 5:44:00 PM,4,5,0,36.291760,-86.721030,I 65,,,,0.00,,,,,,,94.40,N,Not at Intersection,N,Non-Junction,None,,,         ,Christopher,Littles,Clear,Front to Rear,no,no,no,no,no,False
102150723,METROPOLITAN NASHVILLE POLICE DEPT,20180800921,Davidson,Nashville,9/19/2018 5:05:00 PM,2,2,0,36.087840,-86.649260,MURFREESBORO PKE,,,,377.00,Feet,North,NASHBORO BLVD,,,,0.00,N,Not at Intersection,N,Non-Junction,None,,,         ,Cheri,Cox,Clear,Angle,no,no,no,no,no,False
102150724,METROPOLITAN NASHVILLE POLICE DEPT,20180801298,Davidson,Nashville,9/19/2018 7:40:00 PM,2,0,0,36.200740,-86.776470,I 65,,,,0.00,,,,,,,86.90,N,Not at Intersection,N,Non-Junction,None,,,         ,Joseph,Maeser,Clear,"Sideswipe, Same Direction",no,no,no,no,no,False
102150729,METROPOLITAN NASHVILLE POLICE DEPT,20180800854,Davidson,Nashville,9/19/2018 3:19:00 PM,2,0,0,36.112360,-86.767590,THOMPSON LN,,,,127.00,Feet,East,W IRIS DR,,,,0.00,N,Not at Intersection, ,Non-Junction,None,,,         ,Austin,Kendrick,Clear,Angle,no,no,no,no,no,False
102150745,METROPOLITAN NASHVILLE POLICE DEPT,20180801148,Davidson,Nashville,9/19/2018 5:50:00 PM,2,0,0,36.127990,-86.838180,MONTGOMERY BELL AV,,,,549.00,Feet,East,HARDING PKE,,,,0.00,N,Not at Intersection, ,Non-Junction,None,,,         ,Torian,Cox,Clear,Angle,no,no,no,no,no,False
102150748,METROPOLITAN NASHVILLE POLICE DEPT,20180801232,Davidson,Nashville,9/19/2018 6:55:00 PM,2,1,0,36.056620,-86.636260,HAMILTON CHURCH RD,,,,623.00,Feet,North,ZELIDA AV,,,,0.00,N,Not at Intersection,N,Non-Junction,None,,,         ,Hillary,Sherman,Clear,HeadOn,no,no,no,no,no,False
102150751,METROPOLITAN NASHVILLE POLICE DEPT,20180801394,Davidson,Nashville,9/19/2018 8:07:00 PM,2,0,0,36.135590,-86.799450,ACKLEN AV,,,,55.00,Feet,East,20TH AVS,,,,0.00,N,Not at Intersection, ,Non-Junction,None,,,         ,Akira,McSwain,Clear,Front to Rear,no,no,no,no,no,False
102150752,METROPOLITAN NASHVILLE POLICE DEPT,20180801437,Davidson,Nashville,9/19/2018 7:00:00 PM,1,0,0,36.210060,-86.686280,MCGAVOCK PKE,,,,422.00,Feet,South,BROWNWOOD DR,,,,0.00,N,Not at Intersection, ,Non-Junction,None,,,         ,Corey,Ethridge,Clear,Not Collision with Motor Vehicle in Transport,no,no,no,no,no,False
102150753,METROPOLITAN NASHVILLE POLICE DEPT,20180800897,Davidson,Nashville,9/19/2018 4:34:00 PM,3,1,0,36.162520,-86.872790,JAMES AV,,,,79.00,Feet,East,FRISCO AV,,,,0.00,N,Not at Intersection,N,Non-Junction,None,,,         ,Jeremy,Huffine,Clear,Front to Rear,no,no,no,no,no,False
102150766,TENNESSEE STATE UNIVERSITY ,18-TSU-55275,Davidson,Nashville,9/19/2018 7:35:00 PM,2,0,0,36.164620,-86.827290,ALAMEDA ST,,,,354.00,Feet,West,33RD AVN,,,,0.00,N,Not at Intersection, ,,None,,,         ,Melanie,Washington,,,no,no,no,yes,no,False
102150783,METROPOLITAN NASHVILLE POLICE DEPT,20180801488,Davidson,Nashville,9/19/2018 8:38:00 PM,1,0,0,36.042480,-86.830390,OLD HICKORY BLVD,,,,394.00,Feet,East,BRIDLEWOOD LN,,,,0.00,N,Not at Intersection,N,Non-Junction,None,,,         ,Richard,Luellen,Clear,Not Collision with Motor Vehicle in Transport,no,no,no,no,no,False
102150809,METROPOLITAN NASHVILLE POLICE DEPT,20180801254,Davidson,Nashville,9/19/2018 6:45:00 PM,3,4,0,36.106210,-86.673060,MURFREESBORO PKE,,,,0.00,,,DONELSON PKE,,,,0.00,Y,Four-Way,N,Intersection,None,,,         ,Matthew,Turppa,Clear,Angle,no,no,no,no,no,False
102150813,METROPOLITAN NASHVILLE POLICE DEPT,20180801172,Davidson,Nashville,9/19/2018 4:57:00 PM,2,1,0,36.084110,-86.706050,HARDING PL,,,,51.00,Feet,West,LINBAR DR,,,,0.00,N,Not at Intersection, ,Non-Junction,None,,,         ,Je-Marc,Sears,Clear,Front to Rear,no,no,no,no,no,False
102150814,METROPOLITAN NASHVILLE POLICE DEPT,20180801122,Davidson,Not in City Limit,9/19/2018 6:23:00 PM,2,0,0,36.149030,-86.950890,RIVER ROAD PKE PVTDR,,,,9.00,Feet,West,RIVER ROAD PKE,,,,0.00,N,Not at Intersection, ,Non-Junction,None,,,         ,Jeremy,Huffine,Clear,Front to Rear,no,no,no,no,no,False
102150841,METROPOLITAN NASHVILLE POLICE DEPT,20180801222,Davidson,Nashville,9/19/2018 6:49:00 PM,2,0,0,36.248600,-86.728630,DUE WEST AVW,,,,0.00,,,SAUNDERS AV,,,,0.00,Y,Four-Way,Y,Intersection,None,,,         ,Michael,Thompson,Clear,Front to Rear,no,no,no,no,yes,False
102150843,METROPOLITAN NASHVILLE POLICE DEPT,20180801451,Davidson,Nashville,9/19/2018 8:26:00 PM,2,1,0,36.045480,-86.647290,CROSSINGS BLVD,,,,0.00,,,MT VIEW RD,,,,0.00,Y,Four-Way,N,Intersection,None,,,         ,Nathaniel,Myers,Clear,Angle,no,no,no,no,yes,False
102150862,METROPOLITAN NASHVILLE POLICE DEPT,20180801530,Davidson,Goodlettsville,9/19/2018 8:47:00 PM,2,0,0,36.296910,-86.699160,GALLATIN PKEN,,,,0.00,,,RIVERGATE PKWY,,,,0.00,Y,Four-Way,N,Intersection,None,,,         ,Christopher,Littles,Clear,"Sideswipe, Same Direction",no,no,no,no,yes,False
102150863,METROPOLITAN NASHVILLE POLICE DEPT,20180801571,Davidson,Goodlettsville,9/19/2018 9:01:00 PM,2,3,0,36.302750,-86.691850,RIVERGATE MARKETPLACE PVTDR,,,,0.00,,,GALLATIN PKEN,,,,0.00,Y,Four-Way,N,Intersection,None,,,         ,Christopher,Littles,Clear,Angle,no,no,no,no,no,False
102150894,METROPOLITAN NASHVILLE POLICE DEPT,20180801471,Davidson,Nashville,9/19/2018 8:25:00 PM,1,0,0,36.154400,-86.759900,I 40,,,,0.00,,,,,,,211.00,N,Not at Intersection,Y,Non-Junction,None,,,         ,Darci,Stechman,Clear,Not Collision with Motor Vehicle in Transport,no,no,no,no,no,False
102150905,METROPOLITAN NASHVILLE POLICE DEPT,20180801690,Davidson,Nashville,9/19/2018 9:42:00 PM,2,0,0,36.039930,-86.780960,OLD HICKORY BLVD,,,,0.00,,,I65 N EXT RAMP,,,,0.00,Y,OTHER,N,Entrance/Exit Ramp Related,None,,,         ,Brandon,Hughes,Clear,Front to Rear,no,no,no,no,no,False
102150934,METROPOLITAN NASHVILLE POLICE DEPT,20180801659,Davidson,Nashville,9/19/2018 9:45:00 PM,2,1,0,36.167810,-86.765520,I 24,,,,0.00,,,,,,,48.85,N,Not at Intersection,N,Non-Junction,None,,,         ,Gregory,Cenicola,Clear,Angle,no,no,no,no,no,False
102150953,METROPOLITAN NASHVILLE POLICE DEPT,20180801772,Davidson,Nashville,9/19/2018 10:27:00 PM,2,1,0,36.109450,-86.728050,BRILEY PKWYN,,,,0.00,,,EAST THOMPSON LN,,,,0.00,Y,Four-Way,N,Intersection,None,,,         ,Robert,Erickson,Clear,Angle,no,no,no,no,no,False
102150958,METROPOLITAN NASHVILLE POLICE DEPT,20180801874,Davidson,Nashville,9/19/2018 10:59:00 PM,2,0,0,36.130490,-86.778550,8TH AVS,,,,0.00,,,PRENTICE AV,,,,0.00,Y,Four-Way, ,Intersection-Related,None,,,         ,Dakota,Vermillion,Clear,Front to Rear,no,no,no,no,no,False
102150962,METROPOLITAN NASHVILLE POLICE DEPT,20180800751,Davidson,Nashville,9/19/2018 3:58:00 PM,2,0,0,36.059960,-86.672110,ANTIOCH PKE,,,,0.00,,,BLUE HOLE RD,,,,0.00,Y,T-Intersection, ,Intersection,None,,,         ,Jedidayah,Merriweather,Clear,Front to Rear,no,no,no,no,no,False
102150981,METROPOLITAN NASHVILLE POLICE DEPT,20180802108,Davidson,Nashville,9/20/2018 1:20:00 AM,2,1,0,36.187990,-86.821560,CLARKSVILLE PKE,,,,0.00,Feet,,ROSA L PARKS BLVD,,,,0.00,Y,Four-Way,Y,Intersection,None,,,         ,Christopher,Royer,Clear,Angle,no,no,no,no,no,False
102150986,METROPOLITAN NASHVILLE POLICE DEPT,20180801795,Davidson,Nashville,9/19/2018 10:29:00 PM,2,0,0,36.149770,-86.772990,I40 W ENT RAMP,,,,0.00,Feet,East,I 40,,,,0.00,N,Not at Intersection, ,,None,,,         ,Kelcey,Bell,,,no,no,no,no,no,False
102151008,METROPOLITAN NASHVILLE POLICE DEPT,20180801864,Davidson,Nashville,9/19/2018 11:20:00 PM,1,1,0,36.211600,-86.732600,GALLATIN PKE,,,,0.00,Feet,East,HART LN,,,,0.00,N,Not at Intersection,N,Non-Junction,None,,,         ,Juan,Gonzalez,Clear,Not Collision with Motor Vehicle in Transport,yes,no,no,no,no,False
102151034,METROPOLITAN NASHVILLE POLICE DEPT,20180801758,Davidson,Nashville,9/19/2018 10:15:00 PM,1,1,0,36.059400,-86.645250,RURAL HILL RD,,,,845.00,Feet,South,HICKORY HIGHLANDS DR,,,,0.00,N,Not at Intersection,N,Non-Junction,None,,,         ,David,Moser,Clear,Not Collision with Motor Vehicle in Transport,no,no,no,no,yes,False
102151050,METROPOLITAN NASHVILLE POLICE DEPT,20180802497,Davidson,Nashville,9/20/2018 5:40:00 AM,2,0,0,36.153570,-86.753200,HERMITAGE AV,,,,0.00,,,DECATUR AV,,,,0.00,Y,T-Intersection,N,Non-Junction,None,,,         ,Joseph,Patricio,Clear,Angle,no,no,no,no,no,False
102151054,METROPOLITAN NASHVILLE POLICE DEPT,20180802529,Davidson,Nashville,9/20/2018 6:00:00 AM,1,0,0,36.229410,-86.772220,I 65,,,,0.00,,,,,,,88.90,N,Not at Intersection,N,Non-Junction,None,,,         ,Patrick,McGinnis,Clear,Not Collision with Motor Vehicle in Transport,no,no,no,no,no,False
102151055,METROPOLITAN NASHVILLE POLICE DEPT,20180802533,Davidson,Nashville,9/20/2018 6:08:00 AM,3,0,0,36.225560,-86.774360,I 65,,,,0.00,,,,,,,88.65,N,Not at Intersection, ,Non-Junction,None,,,         ,Jacob,Dick,Clear,Front to Rear,no,no,no,no,no,False
102151065,METROPOLITAN NASHVILLE POLICE DEPT,20180802530,Davidson,Nashville,9/20/2018 6:06:00 AM,1,0,0,36.229440,-86.772060,I 65,,,,0.00,,,,,,,88.95,N,Not at Intersection,N,Non-Junction,None,,,         ,Ronald,Bright,Clear,Not Collision with Motor Vehicle in Transport,no,no,no,no,no,False
102151066,METROPOLITAN NASHVILLE POLICE DEPT,20180802559,Davidson,Nashville,9/20/2018 6:06:00 AM,1,0,0,36.229630,-86.771910,I 65,,,,0.00,,,,,,,89.00,N,Not at Intersection, ,Non-Junction,None,,,         ,Ronald,Bright,Clear,Not Collision with Motor Vehicle in Transport,no,no,no,no,no,False
102151067,METROPOLITAN NASHVILLE POLICE DEPT,20180790788,Davidson,Nashville,9/16/2018 5:30:00 AM,2,1,0,36.256190,-86.714390,NEELYS BEND RD,,,,0.00,,,GALLATIN PKES,,,,0.00,Y,T-Intersection,Y,Intersection,None,,,         ,Reuben,Hewit,Cloudy,Angle,no,no,no,no,no,False
102151068,METROPOLITAN NASHVILLE POLICE DEPT,20180802556,Davidson,Nashville,9/20/2018 5:27:00 AM,1,0,0,36.234690,-86.766110,I 65,,,,0.00,,,,,,,89.40,N,Not at Intersection, ,Non-Junction,None,,,         ,Reuben,Hewit,Clear,Not Collision with Motor Vehicle in Transport,no,no,no,no,no,False
102151070,METROPOLITAN NASHVILLE POLICE DEPT,20180802563,Davidson,Nashville,9/20/2018 6:31:00 AM,2,1,0,36.153530,-86.787710,I 40,,,,0.00,,,,,,,209.30,N,Not at Intersection,N,Non-Junction,None,,,         ,Brenton,Adcox,Clear,Front to Rear,no,no,no,no,no,False
102151110,METROPOLITAN NASHVILLE POLICE DEPT,20180802693,Davidson,Nashville,9/20/2018 7:29:00 AM,2,0,0,36.124510,-86.848310,HARDING PKE,,,,258.00,Feet,East,ROYAL OAKS CONDOS PVTDR,,,,0.00,N,Not at Intersection, ,,None,,,         ,Curtis,Rich,,,no,no,no,no,no,False
102151133,METROPOLITAN NASHVILLE POLICE DEPT,20180802653,Davidson,Nashville,9/20/2018 7:12:00 AM,2,0,0,36.143910,-86.684920,MCGAVOCK PKE,,,,0.00,,,MARRIOTT DR,,,,0.00,Y,T-Intersection, ,Intersection,None,,,         ,Tien,Nguyen,Clear,Angle,no,no,no,no,no,False
102151143,METROPOLITAN NASHVILLE POLICE DEPT,20180802709,Davidson,Nashville,9/20/2018 7:40:00 AM,2,0,0,36.082000,-86.761760,I65 N EXT RAMP,,,,0.00,,,SIDCO DR,,,,0.00,Y,Four-Way, ,Non-Junction,None,,,         ,Jon,Mcvey,Clear,Front to Rear,no,no,no,no,no,False
102151174,GOODLETTSVILLE POLICE DEPT,18-33399,Davidson,Goodlettsville,9/20/2018 7:55:00 AM,2,0,0,36.325020,-86.701950,LONG HOLLOW PKE,,,,64.00,Feet,West,CONFERENCE DR,,,,0.00,N,Not at Intersection, ,Non-Junction,None,,,         ,Brian,Hajdu,Clear,Front to Rear,no,no,no,no,no,False
102151175,METROPOLITAN NASHVILLE POLICE DEPT,20180802783,Davidson,Nashville,9/20/2018 8:00:00 AM,3,0,0,36.148090,-86.806130,WEST END AV,,,,113.00,Feet,East,24TH AVN,,,,0.00,N,Not at Intersection, ,Non-Junction,None,,,         ,Chase,Harriman,Clear,Front to Rear,no,no,no,no,no,Campus
102151181,METROPOLITAN NASHVILLE POLICE DEPT,20180802768,Davidson,Nashville,9/20/2018 8:00:00 AM,2,0,0,36.168460,-86.600280,OLD HICKORY BLVD,,,,0.00,Feet,,SELLS DR,,,,0.00,Y,T-Intersection, ,Intersection,None,,,         ,Kelsey,Hemminger,Clear,Front to Rear,no,no,no,no,no,False
102151189,METROPOLITAN NASHVILLE POLICE DEPT,20180802831,Davidson,Nashville,9/20/2018 8:22:00 AM,1,0,0,36.116240,-86.793280,I 440,,,,0.00,,,,,,,3.80,N,Not at Intersection,N,Non-Junction,None,,,         ,John,Chambers,Clear,Not Collision with Motor Vehicle in Transport,no,no,no,no,no,False
102151197,METROPOLITAN NASHVILLE POLICE DEPT,20180802751,Davidson,Not in City Limit,9/20/2018 8:00:00 AM,2,2,0,36.272650,-86.832130,WHITES CREEK PKE,,,,2560.00,Feet,North,OLD HICKORY BLVD,,,,0.00,N,Not at Intersection,N,Non-Junction,None,,,         ,Royce,McLester,Clear,"Sideswipe, Opposite Direction",no,no,no,no,no,False
102151201,METROPOLITAN NASHVILLE POLICE DEPT,20180802626,Davidson,Nashville,9/20/2018 7:00:00 AM,2,1,0,36.032220,-86.618420,OLD HICKORY,BLVD,SR171,,0.20,Miles,West,OLD HICKORY,BLVD,SR171,,0.00,N,Not at Intersection,N,Non-Junction,None,,,         ,Joseph,Smith,Clear,Angle,no,no,no,yes,no,False
102151220,METROPOLITAN NASHVILLE POLICE DEPT,20180802914,Davidson,Nashville,9/20/2018 8:45:00 AM,2,0,0,36.109420,-86.705630,GLENN CT,,,,502.00,Feet,South,FINLEY DR,,,,0.00,N,Not at Intersection,N,Non-Junction,None,,,         ,Michael,Dudley,Clear,Front to Rear,no,no,no,no,no,False
102151224,METROPOLITAN NASHVILLE POLICE DEPT,20180802823,Davidson,Nashville,9/20/2018 8:15:00 AM,3,0,0,36.151120,-86.769690,I 40,,,,0.00,,,,,,,210.45,N,Not at Intersection, ,Non-Junction,None,,,         ,Catherine,Poole,Clear,Front to Rear,no,no,no,no,no,False
102151235,METROPOLITAN NASHVILLE POLICE DEPT,20180802893,Davidson,Nashville,9/20/2018 8:25:00 AM,2,0,0,36.114510,-86.724360,I 24,,,,0.00,,,,,,,53.30,N,Not at Intersection, ,Non-Junction,None,,,         ,Amy,Hirschmann,Clear,Angle,no,no,no,no,no,False
102151252,METROPOLITAN NASHVILLE POLICE DEPT,20180803006,Davidson,Nashville,9/20/2018 10:10:00 AM,2,0,0,36.207400,-86.748060,AMBROSE AV,,,,131.00,Feet,North,NORTH HILL DR,,,,0.00,N,Not at Intersection, ,Non-Junction,None,,,         ,Russell,Freeman,Clear,Front to Rear,no,no,no,no,no,False
102151270,METROPOLITAN NASHVILLE POLICE DEPT,20180802941,Davidson,Nashville,9/20/2018 9:00:00 AM,2,0,0,36.027080,-86.634540,I 24,,,,0.00,,,,,,,61.30,N,Not at Intersection, ,Non-Junction,None,,,         ,Jason,Hees,Clear,Front to Rear,no,no,no,no,no,False
102151274,METROPOLITAN NASHVILLE POLICE DEPT,20180802621,Davidson,Antioch,9/20/2018 7:01:00 AM,2,1,0,36.016430,-86.619980,OLD HICKORY BLVD,,,,156.00,Feet,South,FIRESTONE PKWY,,,,0.00,N,Not at Intersection,N,Non-Junction,None,,,         ,Fabjan,Llukaj,Clear,Angle,no,no,no,no,no,False
102151292,METROPOLITAN NASHVILLE POLICE DEPT,20180803202,Davidson,Nashville,9/20/2018 10:30:00 AM,2,0,0,36.153060,-86.848800,ALABAMA AV,,,,58.00,Feet,West,51ST AVN,,,,0.00,N,Not at Intersection, ,Non-Junction,None,,,         ,Curtis,Rich,Clear,Angle,no,no,no,no,no,False
102151293,VANDERBILT UNIVERSITY POLICE,20180800512,Davidson,Nashville,9/19/2018 1:50:00 PM,2,0,0,36.141330,-86.801420,MEDICAL CENTER DR,,,,200.00,Feet,North,DIXIE PL,,,,0.00,N,Not at Intersection, ,OtherLocation,None,,,         ,Anthony,Jones,Clear,Rear to Rear,no,no,no,yes,no,Campus
102151295,METROPOLITAN NASHVILLE POLICE DEPT,20180803296,Davidson,Nashville,9/20/2018 11:10:00 AM,2,1,0,36.187920,-86.798480,DOMINICAN DR,,,,0.00,,,ROSA L PARKS BLVD,,,,0.00,Y,Four-Way,N,Intersection,None,,,         ,Wesley,Young,Clear,Angle,no,no,no,no,no,False
102151314,METROPOLITAN NASHVILLE POLICE DEPT,20180803301,Davidson,Nashville,9/20/2018 11:12:00 AM,2,0,0,36.197220,-86.634940,BONNABROOK DR,,,,0.00,,,PLANTATION DR,,,,0.00,Y,Four-Way,N,Intersection,None,,,         ,Michael,Dance,Clear,Angle,no,no,no,no,no,False
102151330,METROPOLITAN NASHVILLE POLICE DEPT,20180803437,Davidson,Nashville,9/20/2018 12:00:00 PM,2,0,0,36.101430,-86.818200,HILLSBORO PKE,,,,201.00,Feet,South,HILLSBORO DR,,,,0.00,N,Not at Intersection, ,Non-Junction,None,,,         ,Curtis,Rich,Clear,Front to Rear,no,no,no,no,no,False
102151345,METROPOLITAN NASHVILLE POLICE DEPT,20180803363,Davidson,Nashville,9/20/2018 11:45:00 AM,2,1,0,36.156010,-86.788860,GEORGE L DAVIS BLVD,,,,4.00,Feet,West,I40 W ENT RAMP,,,,0.00,N,Not at Intersection,Y,Non-Junction,None,,,         ,Kyle,Eicholtz,Clear,Other,no,no,no,no,no,False
102151391,METROPOLITAN NASHVILLE POLICE DEPT,20180803548,Davidson,Nashville,9/20/2018 11:55:00 AM,2,0,0,36.103610,-86.831970,SKYLINE DR,,,,434.00,Feet,West,VAILWOOD DR,,,,0.00,N,Not at Intersection, ,,None,,,         ,Curtis,Rich,,,no,no,no,no,no,False
102151432,METROPOLITAN NASHVILLE POLICE DEPT,20180803486,Davidson,Nashville,9/20/2018 12:20:00 PM,2,0,0,36.307130,-86.684730,NORTHSIDE MARKETPLACE PVTDR,,,,66.00,Feet,South,GALLATIN PKEN,,,,0.00,N,Not at Intersection, ,Non-Junction,None,,,         ,Blake,McKay,Clear,Front to Rear,no,no,no,no,no,False
102151485,METROPOLITAN NASHVILLE POLICE DEPT,20180803641,Davidson,Nashville,9/20/2018 1:23:00 PM,2,0,0,36.163970,-86.786900,ROSA L PARKS BLVD,,,,89.00,Feet,West,CHARLOTTE AV,,,,0.00,N,Not at Intersection, ,Non-Junction,None,,,         ,Kyle,Eicholtz,Clear,Front to Rear,no,no,no,no,no,False
102151490,METROPOLITAN NASHVILLE POLICE DEPT,20180803633,Davidson,Nashville,9/20/2018 1:23:00 PM,2,0,0,36.147220,-86.807880,WEST END AV,,,,166.00,Feet,East,25TH AVS,,,,0.00,N,Not at Intersection, ,Non-Junction,None,,,         ,Chase,Harriman,Clear,Angle,no,no,no,no,no,Campus
102151492,METROPOLITAN NASHVILLE POLICE DEPT,20180803610,Davidson,Nashville,9/20/2018 1:00:00 PM,1,1,0,36.073230,-86.808650,GRANNY WHITE PKE,,,,356.00,Feet,West,TRAVELERS RIDGE DR,,,,0.00,N,Not at Intersection,N,Non-Junction,None,,,         ,Jon,Mcvey,Cloudy,Not Collision with Motor Vehicle in Transport,no,no,no,no,no,False
102151503,METROPOLITAN NASHVILLE POLICE DEPT,20180803658,Davidson,Nashville,9/20/2018 1:34:00 PM,2,0,0,36.169010,-86.574580,I 40,,,,0.00,,,,,,,222.30,N,Not at Intersection,N,Non-Junction,None,,,         ,Michael,Dance,Clear,Front to Rear,no,no,no,no,no,False
102151506,METROPOLITAN NASHVILLE POLICE DEPT,20180803712,Davidson,Nashville,9/20/2018 1:58:00 PM,2,0,0,36.110740,-86.745120,NOLENSVILLE PKE,,,,77.00,Feet,South,THOMPSON LN,,,,0.00,N,Not at Intersection, ,Entrance/Exit Ramp Related,None,,,         ,Brandon,Epps,Clear,Front to Rear,no,no,no,no,no,False
102151533,METROPOLITAN NASHVILLE POLICE DEPT,20180803608,Davidson,Nashville,9/20/2018 12:30:00 PM,2,0,0,36.115850,-86.783860,I 440,,,,0.00,,,,,,,4.30,N,Not at Intersection, ,Non-Junction,None,,,         ,Eric,Keller,Clear,"Sideswipe, Same Direction",no,no,no,no,yes,False
102151563,METROPOLITAN NASHVILLE POLICE DEPT,20180802983,Davidson,Not in City Limit,9/20/2018 8:50:00 AM,2,0,0,36.022520,-86.629380,I 24,,,,0.00,,,,,,,61.80,N,Not at Intersection, ,Non-Junction,None,,,         ,Eric,Keller,Clear,Front to Rear,no,no,no,no,no,False
102151564,METROPOLITAN NASHVILLE POLICE DEPT,20180803447,Davidson,Nashville,9/20/2018 12:15:00 PM,3,1,0,36.205760,-86.763320,SULTANA AV,,,,87.00,Feet,North,E TRINITY LN,,,,0.00,N,Not at Intersection,N,Non-Junction,None,,,         ,Steven,Spillers,Clear,Not Collision with Motor Vehicle in Transport,no,no,no,no,no,False
102151567,TENNESSEE STATE UNIVERSITY ,18-TSU-55378,Davidson,Nashville,9/20/2018 9:45:00 AM,2,0,0,36.162960,-86.828520,35TH AVN,,,,26.00,Feet,North,ALBION ST,,,,0.00,N,Not at Intersection, ,Non-Junction,Unknown,,,         ,Aerin,Washington,Clear,Other,no,no,no,yes,no,False
102151581,METROPOLITAN NASHVILLE POLICE DEPT,20180803665,Davidson,Nashville,9/20/2018 1:30:00 PM,2,0,0,36.135840,-86.741210,FOSTER AV,,,,0.00,,,TPS COMPLEX PVTDR,,,,0.00,Y,T-Intersection,N,"Driveway, Alley Access, etc",None,,,         ,Todd,Watson,Clear,Front to Rear,no,no,no,no,no,False
102151582,METROPOLITAN NASHVILLE POLICE DEPT,20180803738,Davidson,Nashville,9/20/2018 2:11:00 PM,1,0,0,36.117700,-86.773690,I 65,,,,0.00,,,,,,,80.30,N,Not at Intersection,N,Non-Junction,None,,,         ,John,Chambers,Clear,Not Collision with Motor Vehicle in Transport,no,no,no,no,no,False
102151596,METROPOLITAN NASHVILLE POLICE DEPT,20180803439,Davidson,Nashville,9/20/2018 12:15:00 PM,1,1,0,36.309970,-86.687590,VIETNAM VETERANS BLVDN,,,,824.00,Feet,East,VIETNAM VETERANS BLVD SB EXT R,,,,0.00,N,Not at Intersection, ,Non-Junction,None,,,         ,Cyretha,Frazier,Cloudy,Not Collision with Motor Vehicle in Transport,yes,no,no,no,no,False
102151610,TENNESSEE STATE UNIVERSITY ,18-TSU-55387,Davidson,Nashville,9/20/2018 11:13:00 AM,2,0,0,36.164750,-86.826390,33RD AVN,,,,0.00,,,ALAMEDA ST,,,,0.00,Y,Four-Way, ,Intersection,None,,,         ,Harold,Taylor,Clear,Front to Rear,no,no,no,no,no,False
102151613,METROPOLITAN NASHVILLE POLICE DEPT,20180803571,Davidson,Nashville,9/20/2018 1:01:00 PM,2,0,0,36.180720,-86.774530,I 24,,,,0.00,,,,,,,47.65,N,Not at Intersection, ,Non-Junction,None,,,         ,Frank,Campbell,Clear,"Sideswipe, Same Direction",no,no,no,no,no,False
102151635,METROPOLITAN NASHVILLE POLICE DEPT,20180803850,Davidson,Nashville,9/20/2018 2:10:00 PM,2,0,0,36.143680,-86.697710,BRILEY PKWYN,,,,11.00,Feet,North,I40 E EXT RAMP,,,,0.00,N,Not at Intersection,N,Non-Junction,None,,,         ,Darci,Stechman,Clear,"Sideswipe, Same Direction",no,no,no,no,yes,False
102151639,METROPOLITAN NASHVILLE POLICE DEPT,20180803716,Davidson,Not in City Limit,9/20/2018 2:03:00 PM,1,1,0,36.346480,-86.794410,IVEY POINT RD,,,,1031.00,Feet,West,GREER RD,,,,0.00,N,Not at Intersection,N,Non-Junction,None,,,         ,Cyretha,Frazier,Cloudy,Not Collision with Motor Vehicle in Transport,no,no,no,no,no,False
102151640,METROPOLITAN NASHVILLE POLICE DEPT,20180803814,Davidson,Nashville,9/20/2018 2:23:00 PM,2,0,0,36.116460,-86.771250,I 440,,,,0.00,,,,,,,5.00,N,Not at Intersection, ,,None,,,         ,FELIKS,ABRAHAMYAN,,,no,no,no,no,no,False
102151661,Bicentennial Capitol Mall State Park,72091718MB01,Davidson,Nashville,9/17/2018 4:30:00 PM,1,0,0,36.168980,-86.787080,HARRISON ST,,,,0.00,,,7TH AVE N,,,,0.00,Y,Traffic Circle, ,Intersection-Related,None,,,         ,Michael,Bunting,Clear,Not Collision with Motor Vehicle in Transport,no,no,no,no,no,False
102151665,METROPOLITAN NASHVILLE POLICE DEPT,20180803894,Davidson,Nashville,9/20/2018 12:00:00 AM,2,0,0,36.209460,-86.870040,ASHLAND CITY HWY EB ENT RAMP,,,,0.00,Feet,East,ASHLAND CITY HWY,,,,0.00,N,Not at Intersection, ,Non-Junction,None,,,         ,Melvin,Taylor,Clear,Front to Rear,no,no,no,no,no,False
102151670,METROPOLITAN NASHVILLE POLICE DEPT,20180803768,Davidson,Nashville,9/20/2018 2:23:00 PM,2,3,0,36.071110,-86.635340,MURFREESBORO PKE,,,,373.00,Feet,South,BELL RD,,,,0.00,N,Not at Intersection,N,Non-Junction,None,,,         ,Eric,Keller,Clear,Front to Rear,no,no,no,no,no,False