master_record_number,agency,agency_tracking_number,county,city,collision_date,vehicles_involved,number_injured,number_dead,latitude,longitude,roadway_name,roadway_suffix,roadway_number,roadway_local_id,distance_from_reference,miles-feet_indicator,direction_from_reference,intersection_road_name,intersection_road_name_suffix,intersection_road_number,intersection_local_id,mile_marker,intersection_indicator,intersect_type,interchange_related_indicator,relation_to_junction,work_zone_type,construction_maintenance_zone,construction_maintenance_zone_location,fatal_case_number,officer_first_name,officer_last_name,weather_condition(s),manner_of_crash,pedestrian,bicycle,scooter,parking,hitrun,mou
102151673,METROPOLITAN NASHVILLE POLICE DEPT,20180803787,Davidson,Nashville,9/20/2018 2:31:00 PM,3,0,0,36.147440,-86.743960,I 40,,,,0.00,,,,,,,212.00,N,Not at Intersection, ,Non-Junction,None,,,         ,Thomas,Odom,Clear,Front to Rear,no,no,no,no,no,False
102151677,METROPOLITAN NASHVILLE POLICE DEPT,20180804015,Davidson,Nashville,9/20/2018 3:36:00 PM,2,0,0,36.173370,-86.763930,MAIN ST,,,,0.00,,,YEAMAN PL,,,,0.00,Y,T-Intersection, ,Non-Junction,None,,,         ,Richard,Conger,Clear,Angle,no,no,no,no,no,False
102151683,METROPOLITAN NASHVILLE POLICE DEPT,20180803838,Davidson,Nashville,9/20/2018 2:40:00 PM,2,0,0,36.188570,-86.776130,I 24,,,,0.00,,,,,,,47.00,N,Not at Intersection, ,,None,,,         ,Riley,Brewer,,,no,no,no,no,no,False
102151684,METROPOLITAN NASHVILLE POLICE DEPT,20180803927,Davidson,Nashville,9/20/2018 3:21:00 PM,2,0,0,36.127180,-86.850560,WHITE BRIDGE PKE,,,,43.00,Feet,East,NES PVTDR,,,,0.00,N,Not at Intersection,N,Non-Junction,None,,,         ,Joshua,Asbell,Clear,Front to Rear,no,no,no,no,no,False
102151693,METROPOLITAN NASHVILLE POLICE DEPT,20180803906,Davidson,Nashville,9/20/2018 3:12:00 PM,2,0,0,36.042760,-86.751480,HILL RD,,,,50.00,Feet,West,RAUSCH DR,,,,0.00,N,Not at Intersection,N,Non-Junction,None,,,         ,Richard,Luellen,Clear,Front to Rear,no,no,no,no,no,False
102151705,METROPOLITAN NASHVILLE POLICE DEPT,20180804014,Davidson,Nashville,9/20/2018 2:53:00 PM,2,0,0,36.071020,-86.635240,MURFREESBORO PKE,,,,415.00,Feet,South,BELL RD,,,,0.00,N,Not at Intersection, ,Non-Junction,None,,,         ,Nathaniel,Myers,Clear,"Sideswipe, Same Direction",no,no,no,no,no,False
102151707,METROPOLITAN NASHVILLE POLICE DEPT,20180803810,Davidson,Nashville,9/20/2018 2:37:00 PM,2,0,0,36.081860,-86.765910,I65 S ENT RAMP,,,,0.00,,,I 65,,,,0.00,Y,Y-Intersection, ,Entrance/Exit Ramp Related,None,,,         ,Gabriel,Vasquez,Clear,Angle,no,no,no,no,no,False
102151715,METROPOLITAN NASHVILLE POLICE DEPT,20180803938,Davidson,Not in City Limit,9/20/2018 3:20:00 PM,2,0,0,36.268000,-86.756270,DICKERSON PKE,,,,128.00,Feet,South,BELL GRIMES LN,,,,0.00,N,Not at Intersection, ,Non-Junction,None,,,         ,Jacob,Krispin,Clear,Front to Rear,no,no,no,no,no,False
102151725,METROPOLITAN NASHVILLE POLICE DEPT,20180804009,Davidson,Nashville,9/20/2018 3:39:00 PM,2,0,0,36.134370,-86.759190,NOLENSVILLE PKE,,,,147.00,Feet,North,CRAIGHEAD ST,,,,0.00,N,Not at Intersection,N,Non-Junction,None,,,         ,William,Durham,Clear,"Sideswipe, Same Direction",no,no,no,no,yes,False
102151728,METROPOLITAN NASHVILLE POLICE DEPT,20180804116,Davidson,Nashville,9/20/2018 4:19:00 PM,2,2,0,36.150570,-86.694580,ELM HILL PKE,,,,591.00,Feet,West,SANBORN DR,,,,0.00,N,Not at Intersection,N,Non-Junction,None,,,         ,Samuel,Sundra,Clear,Angle,no,no,no,no,no,False
102151738,METROPOLITAN NASHVILLE POLICE DEPT,20180803898,Davidson,Nashville,9/20/2018 2:30:00 PM,2,0,0,36.161570,-86.779150,OPRY PL,,,,123.00,Feet,South,5TH AVN,,,,0.00,N,Not at Intersection, ,,Construction Zone,,,         ,Brandon,O'Guin,,,no,no,no,no,no,False
102151747,METROPOLITAN NASHVILLE POLICE DEPT,20180804106,Davidson,Nashville,9/20/2018 4:13:00 PM,2,0,0,36.152090,-86.806120,STATE ST,,,,188.00,Feet,West,LOUISE AV,,,,0.00,N,Not at Intersection,N,Non-Junction,None,,,         ,Gary,Peters,Clear,Angle,no,no,no,yes,yes,False
102151753,METROPOLITAN NASHVILLE POLICE DEPT,20180804210,Davidson,Nashville,9/20/2018 12:00:00 AM,2,0,0,36.164810,-86.794780,12TH AVN,,,,39.00,Feet,South,CLINTON ST,,,,0.00,N,Not at Intersection, ,Non-Junction,None,,,         ,Melvin,Taylor,Clear,"Sideswipe, Same Direction",no,no,no,no,no,False
102151754,METROPOLITAN NASHVILLE POLICE DEPT,20180804070,Davidson,Nashville,9/20/2018 3:37:00 PM,2,0,0,36.155010,-86.809190,23RD AVN,,,,154.00,Feet,North,LESLIE AV,,,,0.00,N,Not at Intersection, ,Non-Junction,None,,,         ,Akira,McSwain,Clear,Front to Rear,no,no,no,no,no,False
102151768,METROPOLITAN NASHVILLE POLICE DEPT,20180804251,Davidson,Goodlettsville,9/20/2018 5:05:00 PM,2,0,0,36.293640,-86.718660,I 65,,,,0.00,,,,,,,94.55,N,Not at Intersection,N,Non-Junction,None,,,         ,William,Monaghan,Clear,Front to Rear,no,no,no,no,no,False
102151770,METROPOLITAN NASHVILLE POLICE DEPT,20180804260,Davidson,Nashville,9/20/2018 5:10:00 PM,2,0,0,36.169770,-86.809200,I 40,,,,0.00,,,,,,,207.15,N,Not at Intersection, ,Non-Junction,None,,,         ,Kayla,Castro,Clear,Front to Rear,no,no,no,no,no,False
102151780,METROPOLITAN NASHVILLE POLICE DEPT,20180804289,Davidson,Nashville,9/20/2018 5:20:00 PM,2,0,0,36.124750,-86.794250,BELMONT BLVD,,,,0.00,Feet,East,SWEETBRIAR AV,,,,0.00,N,Not at Intersection,N,Non-Junction,None,,,         ,Conor,Cronin,Clear,Front to Rear,no,no,no,no,no,False
102151781,METROPOLITAN NASHVILLE POLICE DEPT,20180804295,Davidson,Nashville,9/20/2018 5:22:00 PM,2,0,0,36.047470,-86.863310,OLD HICKORY BLVD,,,,179.00,Feet,West,HILLSBORO PKE,,,,0.00,N,Not at Intersection, ,Non-Junction,None,,,         ,Joshua,Asbell,Clear,"Sideswipe, Same Direction",no,no,no,no,yes,False
102151783,METROPOLITAN NASHVILLE POLICE DEPT,20180804334,Davidson,Nashville,9/20/2018 5:35:00 PM,2,1,0,36.163060,-86.664000,COLONIAL CIR,,,,0.00,,,DONELSON PKE,,,,0.00,Y,T-Intersection,Y,Intersection,None,,,         ,John,Kelley,Clear,Angle,no,no,no,no,no,False
102151784,METROPOLITAN NASHVILLE POLICE DEPT,20180804233,Davidson,Nashville,9/20/2018 4:52:00 PM,2,1,0,36.138110,-86.810950,NATCHEZ TRC,,,,0.00,,,BLAKEMORE AV,,,,0.00,Y,T-Intersection, ,Intersection-Related,None,,,         ,Gary,Peters,Clear,Front to Rear,no,no,no,no,no,Campus
102151786,METROPOLITAN NASHVILLE POLICE DEPT,20180804375,Davidson,Nashville,9/20/2018 5:49:00 PM,2,0,0,36.126820,-86.710600,THOMPSON PL,,,,149.00,Feet,East,MURFREESBORO PKE,,,,0.00,N,Not at Intersection,N,Non-Junction,None,,,         ,Tony,Mingsing,Clear,Angle,no,no,no,no,yes,False
102151801,METROPOLITAN NASHVILLE POLICE DEPT,20180804413,Davidson,Nashville,9/20/2018 5:52:00 PM,2,0,0,36.097300,-86.875950,OLD HARDING PKE,,,,41.00,Feet,North,HARDING PKE,,,,0.00,N,Not at Intersection, ,,None,,,         ,Ryan,Ludvigson,,,no,no,no,no,no,False
102151807,METROPOLITAN NASHVILLE POLICE DEPT,20180804268,Davidson,Nashville,9/20/2018 5:12:00 PM,2,0,0,36.169870,-86.808530,I 40,,,,0.00,,,,,,,207.20,N,Not at Intersection, ,Non-Junction,None,,,         ,Christopher,Dickerson,Clear,Front to Rear,no,no,no,no,no,False
102151823,METROPOLITAN NASHVILLE POLICE DEPT,20180804478,Davidson,Nashville,9/20/2018 5:40:00 PM,2,0,0,36.144310,-86.791700,TREMONT ST,,,,0.00,Feet,North,VILLA PL,,,,0.00,N,Not at Intersection,N,Non-Junction,None,,,         ,Conor,Cronin,Clear,Front to Rear,no,no,no,no,no,False
102151824,METROPOLITAN NASHVILLE POLICE DEPT,20180804114,Davidson,Nashville,9/20/2018 4:15:00 PM,2,1,0,36.125830,-86.751600,GLENROSE AV,,,,23.00,Feet,West,WHITNEY AV,,,,0.00,N,Not at Intersection,N,Non-Junction,None,,,         ,Ryan,Sherry,Clear,Angle,no,no,no,no,no,False
102151829,METROPOLITAN NASHVILLE POLICE DEPT,20180804430,Davidson,Nashville,9/20/2018 6:13:00 PM,2,1,0,36.130030,-86.727840,I 24,,,,0.00,,,,,,,51.20,N,Not at Intersection,N,Non-Junction,None,,,         ,Jarret,Sonnenberg,Clear,Front to Rear,no,no,no,no,no,False
102151831,METROPOLITAN NASHVILLE POLICE DEPT,20180804473,Davidson,Nashville,9/20/2018 6:29:00 PM,2,0,0,36.229380,-86.759280,BROADMOOR DR,,,,0.00,,,DICKERSON PKE,,,,0.00,Y,T-Intersection,Y,Intersection-Related,None,,,         ,Riley,Brewer,Clear,Angle,no,no,no,no,no,False
102151842,METROPOLITAN NASHVILLE POLICE DEPT,20180804400,Davidson,Nashville,9/20/2018 5:45:00 PM,2,0,0,36.150120,-86.858080,CHARLOTTE PKE,,,,0.00,,,WHITE BRIDGE PKE,,,,0.00,Y,Four-Way, ,,None,,,         ,Jason,Kedzierski,,,no,no,no,no,no,False
102151843,METROPOLITAN NASHVILLE POLICE DEPT,20180804434,Davidson,Nashville,9/20/2018 6:10:00 PM,2,2,0,36.144130,-86.698330,I 40,,,,0.00,,,,,,,214.80,N,Not at Intersection,N,Non-Junction,None,,,         ,Brady,Reynolds,Clear,Front to Rear,no,no,no,no,no,False
102151844,METROPOLITAN NASHVILLE POLICE DEPT,20180804498,Davidson,Nashville,9/20/2018 6:27:00 PM,2,0,0,36.146230,-86.742080,I 40,,,,0.00,,,,,,,212.15,N,Not at Intersection, ,,None,,,         ,Samuel,Sundra,,,no,no,no,no,no,False
102151845,METROPOLITAN NASHVILLE POLICE DEPT,20180804239,Davidson,Nashville,9/20/2018 5:03:00 PM,2,0,0,36.166890,-86.763660,S 4TH ST,,,,52.00,Feet,South,SHELBY AV,,,,0.00,N,Not at Intersection, ,Entrance/Exit Ramp Related,None,,,         ,Wade,Johnson,Clear,Front to Rear,no,no,no,no,yes,False
102151851,METROPOLITAN NASHVILLE POLICE DEPT,20180804560,Davidson,Nashville,9/20/2018 6:51:00 PM,2,0,0,36.185070,-86.798230,ROSA L PARKS BLVD,,,,43.00,Feet,South,I65 S EXT RAMP,,,,0.00,N,Not at Intersection, ,Entrance/Exit Ramp Related,None,,,         ,Kayla,Castro,Clear,Front to Rear,no,no,no,no,yes,False
102151852,METROPOLITAN NASHVILLE POLICE DEPT,20180804428,Davidson,Nashville,9/20/2018 5:50:00 PM,2,0,0,36.139650,-86.727500,I 24,,,,0.00,,,,,,,51.50,N,Not at Intersection, ,,None,,,         ,Jessica,Johann,,,no,no,no,no,no,False
102151853,METROPOLITAN NASHVILLE POLICE DEPT,20180804087,Davidson,Nashville,9/20/2018 4:14:00 PM,2,0,0,36.161140,-86.781010,COMMERCE ST,,,,140.00,Feet,West,6TH AVN,,,,0.00,N,Not at Intersection,N,Non-Junction,None,,,         ,Joshua,Reece,Clear,Angle,no,no,no,no,no,False
102151863,METROPOLITAN NASHVILLE POLICE DEPT,20180804516,Davidson,Nashville,9/20/2018 5:25:00 PM,2,1,0,36.108610,-86.720260,I24 W EXT RAMP,,,,0.00,,,I 24,,,,0.00,Y,OTHER, ,Intersection-Related,None,,,         ,Je-Marc,Sears,Clear,Front to Rear,no,no,no,no,no,False
102151890,METROPOLITAN NASHVILLE POLICE DEPT,20180804680,Davidson,Nashville,9/20/2018 7:40:00 PM,2,0,0,36.154700,-86.791900,BROADWAY,,,,330.00,Feet,East,16TH AVS,,,,0.00,N,Not at Intersection, ,Non-Junction,None,,,         ,Conor,Cronin,Clear,Rear to Side,no,no,no,no,no,False
102151901,METROPOLITAN NASHVILLE POLICE DEPT,20180804455,Davidson,Nashville,9/20/2018 6:24:00 PM,2,0,0,36.046290,-86.627120,MT VIEW RD,,,,528.00,Feet,East,ASHEFORD TRC,,,,0.00,N,Not at Intersection,N,Non-Junction,None,,,         ,Nathaniel,Myers,Clear,"Sideswipe, Same Direction",no,no,no,no,no,False
102151904,METROPOLITAN NASHVILLE POLICE DEPT,20180804617,Davidson,Nashville,9/20/2018 5:37:00 PM,2,0,0,36.102160,-86.740740,NOLENSVILLE PKE,,,,143.00,Feet,North,ANTIOCH PKE,,,,0.00,N,Not at Intersection, ,Non-Junction,None,,,         ,Je-Marc,Sears,Clear,Angle,no,no,no,no,no,False
102151911,METROPOLITAN NASHVILLE POLICE DEPT,20180804459,Davidson,Not in City Limit,9/20/2018 12:00:00 AM,2,0,0,36.324730,-86.870910,I 24,,,,0.00,,,,,,,34.80,N,Not at Intersection, ,Non-Junction,None,,,         ,Melvin,Taylor,Clear,"Sideswipe, Same Direction",no,no,no,no,no,False
102151951,METROPOLITAN NASHVILLE POLICE DEPT,20180804337,Davidson,Nashville,9/20/2018 5:30:00 PM,2,0,0,36.167670,-86.765450,I 24,,,,0.00,,,,,,,48.85,N,Not at Intersection,N,Non-Junction,None,,,         ,Wade,Johnson,Clear,Front to Rear,no,no,no,no,no,False
102151962,METROPOLITAN NASHVILLE POLICE DEPT,20180804825,Davidson,Nashville,9/20/2018 8:39:00 PM,2,1,0,36.131260,-86.897000,I40 E EXT RAMP,,,,0.00,,,I 40,,,,0.00,Y,OTHER,N,Entrance/Exit Ramp Related,None,,,         ,Ryan,Ludvigson,Clear,Front to Rear,no,no,no,no,no,False
102151996,METROPOLITAN NASHVILLE POLICE DEPT,20180804144,Davidson,Nashville,9/20/2018 4:29:00 PM,2,0,0,36.160870,-86.781620,COMMERCE ST,,,,58.00,Feet,East,7TH AVN,,,,0.00,N,Not at Intersection, ,Non-Junction,None,,,         ,Brandon,O'Guin,Clear,"Sideswipe, Same Direction",no,no,no,no,no,False
102151997,METROPOLITAN NASHVILLE POLICE DEPT,20180804234,Davidson,Nashville,9/20/2018 4:59:00 PM,2,1,0,36.040120,-86.780740,OLD HICKORY BLVD,,,,0.00,,,I65 N ENT RAMP,,,,0.00,Y,OTHER, ,Entrance/Exit Ramp Related,None,,,         ,Brandon,Hughes,Clear,"Sideswipe, Same Direction",no,no,no,no,no,False
102151999,METROPOLITAN NASHVILLE POLICE DEPT,20180804907,Davidson,Nashville,9/20/2018 9:30:00 PM,2,0,0,36.136160,-86.788670,WEDGEWOOD AV,,,,0.00,Feet,,12TH AVS,,,,0.00,Y,Four-Way, ,Intersection,None,,,         ,Conor,Cronin,Clear,Angle,no,no,no,no,no,False
102152000,METROPOLITAN NASHVILLE POLICE DEPT,20180804322,Davidson,Goodlettsville,9/20/2018 3:19:00 PM,2,0,0,36.292500,-86.733450,DICKERSON PKES,,,,108.00,Feet,East,W CAMPBELL RD,,,,0.00,N,Not at Intersection,N,Non-Junction,None,,,         ,Michael,Quinn,Clear,Angle,no,no,no,yes,yes,False
102152004,METROPOLITAN NASHVILLE POLICE DEPT,20180804867,Davidson,Nashville,9/20/2018 12:00:00 AM,2,0,0,36.164140,-86.814100,25TH AVN,,,,137.00,Feet,South,EDEN ST,,,,0.00,N,Not at Intersection, ,Non-Junction,None,,,         ,Melvin,Taylor,Clear,Front to Rear,no,no,no,no,yes,False
102152019,METROPOLITAN NASHVILLE POLICE DEPT,20180804842,Davidson,Nashville,9/20/2018 9:00:00 PM,2,0,0,36.173590,-86.602150,OLD HICKORY BLVD,,,,0.00,,,CENTRAL PKE,,,,0.00,Y,Four-Way, ,Intersection,None,,,         ,Craig,Gentry,Clear,Angle,no,no,no,no,no,False
102152025,METROPOLITAN NASHVILLE POLICE DEPT,20180804367,Davidson,Nashville,9/20/2018 5:48:00 PM,2,0,0,36.089650,-86.806020,HARDING PL,,,,0.00,,,BELMONT PARK TER,,,,0.00,Y,T-Intersection,N,Non-Junction,None,,,         ,Akira,McSwain,Clear,Angle,no,no,no,no,no,False
102152026,METROPOLITAN NASHVILLE POLICE DEPT,20180804599,Davidson,Nashville,9/20/2018 7:30:00 PM,1,1,0,36.089650,-86.806020,HARDING PL,,,,0.00,,,BELMONT PARK TER,,,,0.00,Y,T-Intersection,N,Non-Junction,None,,,         ,Akira,McSwain,Clear,Not Collision with Motor Vehicle in Transport,yes,no,no,no,no,False
102152028,METROPOLITAN NASHVILLE POLICE DEPT,20180804385,Davidson,Nashville,9/20/2018 5:53:00 PM,2,0,0,36.174400,-86.787010,JEFFERSON ST,,,,127.00,Feet,East,5TH AVN,,,,0.00,N,Not at Intersection, ,Non-Junction,None,,,         ,Timothy,Mead,Clear,Front to Rear,no,no,no,no,no,False
102152052,METROPOLITAN NASHVILLE POLICE DEPT,20180804882,Davidson,Nashville,9/20/2018 9:22:00 PM,2,1,0,36.203040,-86.776650,I 65,,,,0.00,,,,,,,87.10,N,Not at Intersection,N,Non-Junction,None,,,         ,Amanda,Fox,Clear,Front to Rear,no,no,no,no,no,False
102152054,METROPOLITAN NASHVILLE POLICE DEPT,20180804501,Davidson,Nashville,9/20/2018 6:32:00 PM,2,0,0,36.037990,-86.798120,OLD HICKORY BLVD,,,,101.00,Feet,West,WOODWARD HILLS PL,,,,0.00,N,Not at Intersection,N,Non-Junction,None,,,         ,Brandon,Hughes,Clear,"Sideswipe, Same Direction",no,no,no,no,no,False
102152064,METROPOLITAN NASHVILLE POLICE DEPT,20180804502,Davidson,Nashville,9/20/2018 5:55:00 PM,3,2,0,36.106340,-86.673360,MURFREESBORO PKE,,,,99.00,Feet,West,DONELSON PKE,,,,0.00,N,Not at Intersection,N,Non-Junction,None,,,         ,Marcus,Darden,Clear,Front to Rear,no,no,no,no,no,False
102152078,METROPOLITAN NASHVILLE POLICE DEPT,20180804901,Davidson,Nashville,9/20/2018 9:20:00 PM,2,0,0,36.096360,-86.655930,MURFREESBORO PKE,,,,49.00,Feet,East,SMITH SPRINGS RD,,,,0.00,N,Not at Intersection,N,Non-Junction,None,,,         ,Brady,Reynolds,Clear,Front to Rear,no,no,no,no,no,False
102152081,METROPOLITAN NASHVILLE POLICE DEPT,20180804915,Davidson,Nashville,9/20/2018 9:35:00 PM,2,0,0,36.069550,-86.693920,APACHE TRL,,,,15.00,Feet,South,HAYWOOD LN,,,,0.00,N,Not at Intersection, ,Non-Junction,None,,,         ,Je-Marc,Sears,Clear,Angle,no,no,no,no,no,False
102152082,METROPOLITAN NASHVILLE POLICE DEPT,20180804692,Davidson,Not in City Limit,9/20/2018 7:50:00 PM,2,0,0,36.260920,-86.712650,GALLATIN PKES,,,,119.00,Feet,South,MAPLE ST,,,,0.00,N,Not at Intersection,N,Non-Junction,None,,,         ,Harold,Willmore IV,Clear,Angle,no,no,no,no,no,False
102152150,METROPOLITAN NASHVILLE POLICE DEPT,20180805140,Davidson,Nashville,9/20/2018 11:20:00 PM,3,2,0,36.111620,-86.792580,WOODMONT BLVD,,,,0.00,,,GRANNY WHITE PKE,,,,0.00,Y,Four-Way,N,Intersection,None,,,         ,Eric,Burford,Clear,Angle,no,no,no,no,no,False
102152166,METROPOLITAN NASHVILLE POLICE DEPT,20180805148,Davidson,Nashville,9/20/2018 11:38:00 PM,1,1,0,36.045140,-86.653070,HICKORY HOLLOW PKWY,,,,669.00,Feet,West,CROSSINGS BLVD,,,,0.00,N,Not at Intersection,N,Non-Junction,None,,,         ,David,Moser,Clear,Not Collision with Motor Vehicle in Transport,no,no,no,no,yes,False
102152191,METROPOLITAN NASHVILLE POLICE DEPT,20180805214,Davidson,Nashville,9/20/2018 11:50:00 PM,1,1,0,36.122400,-86.717600,EAST THOMPSON LN,,,,31.00,Feet,West,LAWNDALE DR,,,,0.00,N,Not at Intersection,N,Non-Junction,None,,,         ,David,Smith,Clear,Not Collision with Motor Vehicle in Transport,no,no,no,no,no,False
102152225,METROPOLITAN NASHVILLE POLICE DEPT,20180805477,Davidson,Nashville,9/21/2018 12:00:00 AM,1,0,0,36.192010,-86.806560,10TH AVN,,,,0.00,Feet,East,PONDER PL,,,,0.00,N,Not at Intersection,N,Non-Junction,None,,,         ,Ian,Ward,Clear,Not Collision with Motor Vehicle in Transport,no,no,no,no,no,False
102152247,METROPOLITAN NASHVILLE POLICE DEPT,20180805237,Davidson,Nashville,9/21/2018 12:23:00 AM,2,0,0,36.164240,-86.776690,2ND AVN,,,,138.00,Feet,South,CHURCH ST,,,,0.00,N,Not at Intersection, ,Non-Junction,None,,,         ,Damon,Hutcheson,Clear,"Sideswipe, Same Direction",no,no,no,no,no,False
102152254,METROPOLITAN NASHVILLE POLICE DEPT,20180805837,Davidson,Nashville,9/21/2018 5:53:00 AM,2,0,0,36.072720,-86.691730,I 24,,,,0.00,,,,,,,56.75,N,Not at Intersection, ,Non-Junction,None,,,         ,William,Williams,Clear,"Sideswipe, Same Direction",no,no,no,no,no,False
102152270,METROPOLITAN NASHVILLE POLICE DEPT,20180797055,Davidson,Nashville,9/18/2018 1:50:00 PM,2,0,0,36.150610,-86.790860,MUSIC CIRN,,,,278.00,Feet,East,MUSIC SQE,,,,0.00,N,Not at Intersection, ,Non-Junction,None,,,         ,Raymond,Flaherty,Clear,"Sideswipe, Same Direction",no,no,no,no,no,False
102152273,METROPOLITAN NASHVILLE POLICE DEPT,20180805872,Davidson,Nashville,9/21/2018 6:15:00 AM,1,0,0,36.223870,-86.814930,REVELS DR,,,,21.00,Feet,West,DUNBAR DR,,,,0.00,N,Not at Intersection,N,Non-Junction,None,,,         ,Nicholas,MacDougall,Clear,Not Collision with Motor Vehicle in Transport,no,no,no,no,no,False
102152281,METROPOLITAN NASHVILLE POLICE DEPT,20180805907,Davidson,Nashville,9/21/2018 6:44:00 AM,2,0,0,36.151420,-86.636450,I 40,,,,0.00,,,,,,,218.50,N,Not at Intersection, ,Non-Junction,None,,,         ,Michael,Dance,Clear,Front to Rear,no,no,no,no,no,False
102152282,METROPOLITAN NASHVILLE POLICE DEPT,20180805855,Davidson,Nashville,9/21/2018 6:00:00 AM,2,0,0,36.051560,-86.669480,I 24,,,,0.00,,,,,,,58.70,N,Not at Intersection, ,Non-Junction,None,,,         ,Jefferson,Hughes,Clear,Front to Rear,no,no,no,no,no,False
102152332,METROPOLITAN NASHVILLE POLICE DEPT,20180805994,Davidson,Nashville,9/21/2018 7:30:00 AM,2,0,0,36.161130,-86.792840,CHARLOTTE AV,,,,53.00,Feet,West,GEORGE L DAVIS BLVD,,,,0.00,N,Not at Intersection, ,Non-Junction,None,,,         ,Kyle,Eicholtz,Clear,"Sideswipe, Same Direction",no,no,no,no,no,False
102152372,METROPOLITAN NASHVILLE POLICE DEPT,20180806071,Davidson,Nashville,9/21/2018 8:08:00 AM,2,0,0,36.074190,-86.737770,BLACKMAN RD,,,,0.00,,,SHADESCREST DR,,,,0.00,Y,T-Intersection, ,,None,,,         ,Raymond,Flaherty,,,no,no,no,no,no,False
102152379,METROPOLITAN NASHVILLE POLICE DEPT,20180805990,Davidson,Nashville,9/21/2018 7:30:00 AM,2,0,0,36.079100,-86.720540,WALLACE RD,,,,0.00,,,RECOVERY RD,,,,0.00,Y,Four-Way,N,Intersection,None,,,         ,Alex,Moore,Clear,Angle,no,no,no,no,no,False
102152397,METROPOLITAN NASHVILLE POLICE DEPT,20180806012,Davidson,Nashville,9/21/2018 7:37:00 AM,2,0,0,36.170290,-86.600550,I 40,,,,0.00,,,,,,,220.85,N,Not at Intersection,N,Non-Junction,None,,,         ,Michael,Dance,Clear,Front to Rear,no,no,no,no,no,False
102152400,METROPOLITAN NASHVILLE POLICE DEPT,20180806132,Davidson,Nashville,9/21/2018 8:30:00 AM,2,0,0,36.141350,-86.732090,I 40,,,,0.00,,,,,,,213.00,N,Not at Intersection, ,Non-Junction,None,,,         ,Ralph,Harvey,Clear,"Sideswipe, Same Direction",no,no,no,no,no,False
102152401,METROPOLITAN NASHVILLE POLICE DEPT,20180806159,Davidson,Nashville,9/21/2018 8:41:00 AM,2,0,0,36.163220,-86.780220,5TH AVN,,,,20.00,Feet,North,CHURCH ST,,,,0.00,N,Not at Intersection,N,Non-Junction,None,,,         ,Kyle,Eicholtz,Clear,Front to Rear,no,no,no,no,no,False
102152402,METROPOLITAN NASHVILLE POLICE DEPT,20180806133,Davidson,Antioch,9/21/2018 7:59:00 AM,2,0,0,36.015380,-86.705660,NOLENSVILLE PKE,,,,0.00,,,SUGAR VALLEY DR,,,,0.00,Y,T-Intersection, ,Intersection,None,,,         ,Fabjan,Llukaj,Clear,Front to Rear,no,no,no,no,no,False
102152409,METROPOLITAN NASHVILLE POLICE DEPT,20180806169,Davidson,Nashville,9/21/2018 8:42:00 AM,2,0,0,36.167150,-86.796370,12TH AVN,,,,1.00,Feet,East,HERMAN ST,,,,0.00,N,Not at Intersection, ,Unknown,None,,,         ,Eric,McCoy,Clear,Angle,no,no,no,no,yes,False
102152411,METROPOLITAN NASHVILLE POLICE DEPT,20180806175,Davidson,Nashville,9/21/2018 8:25:00 AM,1,1,0,36.238680,-86.637600,RINER DR,,,,0.00,,,RIFLE RANGE RD,,,,0.00,Y,T-Intersection,N,Intersection-Related,None,,,         ,Carey,Steel,Clear,Not Collision with Motor Vehicle in Transport,yes,no,no,no,yes,False
102152420,METROPOLITAN NASHVILLE POLICE DEPT,20180806211,Davidson,Nashville,9/21/2018 9:00:00 AM,2,1,0,36.112200,-86.922750,I40 W EXT RAMP,,,,0.00,,,I 40,,,,0.00,Y,Four-Way,N,Intersection,None,,,         ,Curtis,Rich,Clear,Angle,no,no,no,no,no,False
102152423,METROPOLITAN NASHVILLE POLICE DEPT,20180806103,Davidson,Nashville,9/21/2018 8:21:00 AM,2,0,0,36.116120,-86.719340,EAST THOMPSON LN,,,,0.00,Feet,East,GLENROSE AV,,,,0.00,N,Not at Intersection, ,Non-Junction,None,,,         ,Nopel,Stella,Clear,Front to Rear,no,no,no,no,no,False
102152427,METROPOLITAN NASHVILLE POLICE DEPT,20180806283,Davidson,Nashville,9/21/2018 9:35:00 AM,2,0,0,36.110130,-86.770380,I 65,,,,0.00,,,,,,,79.75,N,Not at Intersection, ,Non-Junction,None,,,         ,Justin,Pinkelton,Clear,Front to Rear,no,no,no,no,no,False
102152428,METROPOLITAN NASHVILLE POLICE DEPT,20180806244,Davidson,Not in City Limit,9/21/2018 8:50:00 AM,2,0,0,36.263180,-86.713060,OLD HICKORY BLVDW,,,,7.00,Feet,East,OLD TIME VILLAGE PVTDR,,,,0.00,N,Not at Intersection,N,Non-Junction,None,,,         ,Brian,Otto,Clear,Angle,no,no,no,no,yes,False
102152434,METROPOLITAN NASHVILLE POLICE DEPT,2018-0806252,Davidson,Nashville,9/21/2018 9:09:00 AM,1,0,0,36.272590,-86.762240,OLD HICKORY BLVD,,,,358.00,Feet,North,MARYDALE DR,,,,0.00,N,Not at Intersection, ,Non-Junction,None,,,         ,Arthur,Hipp,Clear,Not Collision with Motor Vehicle in Transport,no,no,no,no,no,False