master_record_number,agency,agency_tracking_number,county,city,collision_date,vehicles_involved,number_injured,number_dead,latitude,longitude,roadway_name,roadway_suffix,roadway_number,roadway_local_id,distance_from_reference,miles-feet_indicator,direction_from_reference,intersection_road_name,intersection_road_name_suffix,intersection_road_number,intersection_local_id,mile_marker,intersection_indicator,intersect_type,interchange_related_indicator,relation_to_junction,work_zone_type,construction_maintenance_zone,construction_maintenance_zone_location,fatal_case_number,officer_first_name,officer_last_name,weather_condition(s),manner_of_crash,pedestrian,bicycle,scooter,parking,hitrun,mou
102153066,METROPOLITAN NASHVILLE POLICE DEPT,20180807408,Davidson,Nashville,9/21/2018 5:57:00 PM,2,1,0,36.124400,-86.737330,I 440,,,,0.00,,,,,,,7.00,N,Not at Intersection,N,Non-Junction,None,,,         ,YUNUS,ADAK,Clear,Front to Rear,no,no,no,no,no,False
102153068,METROPOLITAN NASHVILLE POLICE DEPT,20180807468,Davidson,Nashville,9/21/2018 6:17:00 PM,2,0,0,36.204720,-86.737830,GALLATIN PKE,,,,128.00,Feet,South,MCGAVOCK PKE,,,,0.00,N,Not at Intersection,N,Non-Junction,None,,,         ,Kayla,Castro,Clear,Angle,no,no,no,no,yes,False
102153085,METROPOLITAN NASHVILLE POLICE DEPT,20180807420,Davidson,Nashville,9/21/2018 5:35:00 PM,2,0,0,36.125080,-86.733710,I 440,,,,0.00,,,,,,,7.20,N,Not at Intersection, ,Non-Junction,None,,,         ,YUNUS,ADAK,Clear,Front to Rear,no,no,no,no,no,False
102153110,METROPOLITAN NASHVILLE POLICE DEPT,20180807423,Davidson,Nashville,9/21/2018 5:11:00 PM,2,0,0,36.080390,-86.720990,HARDING PL,,,,483.00,Feet,North,RECOVERY RD,,,,0.00,N,Not at Intersection, ,Non-Junction,None,,,         ,Andrew,Brazee,Clear,Front to Rear,no,no,no,no,no,False
102153111,METROPOLITAN NASHVILLE POLICE DEPT,20180807349,Davidson,Nashville,9/21/2018 5:20:00 PM,2,4,0,36.169590,-86.677970,LEBANON PKE,,,,574.00,Feet,East,MCGAVOCK PKE,,,,0.00,N,Not at Intersection,N,Non-Junction,None,,,         ,Darci,Stechman,Clear,Front to Rear,no,no,no,no,no,False
102153113,BERRY HILL POLICE DEPT,18-3377,Davidson,Berry Hill,9/21/2018 5:11:00 PM,2,0,0,36.112390,-86.768000,THOMPSON LN,,,,5.00,Feet,South,W IRIS DR,,,,0.00,N,Not at Intersection, ,,None,,,         ,Stephen,Reece,,,no,no,no,no,no,False
102153137,METROPOLITAN NASHVILLE POLICE DEPT,20180807449,Davidson,Nashville,9/21/2018 12:00:00 AM,2,0,0,36.079690,-86.726010,HARDING PL,,,,94.00,Feet,East,NOLENSVILLE PKE,,,,0.00,N,Not at Intersection, ,Non-Junction,None,,,         ,Ryan,Sherry,Clear,Front to Rear,no,no,no,no,no,False
102153157,METROPOLITAN NASHVILLE POLICE DEPT,20180807455,Davidson,Nashville,9/21/2018 6:10:00 PM,2,1,0,36.187880,-86.755380,ELLINGTON PKWYN,,,,96.00,Feet,North,ELLINGTON PKWYS,,,,0.00,N,Not at Intersection,N,Non-Junction,None,,,         ,Marc,Kozen,Clear,Front to Rear,no,no,no,no,yes,False
102153159,METROPOLITAN NASHVILLE POLICE DEPT,20180807471,Davidson,Nashville,9/21/2018 6:22:00 PM,2,2,0,36.153000,-86.857610,BRILEY PKWY,,,,0.00,,,I40 W EXT RAMP,,,,0.00,Y,OTHER,Y,Intersection,None,,,         ,Joshua,Asbell,Clear,Angle,no,no,no,no,no,False
102153162,METROPOLITAN NASHVILLE POLICE DEPT,20180807365,Davidson,Nashville,9/21/2018 5:35:00 PM,2,1,0,36.131300,-86.769690,VINE HILL RD,,,,294.00,Feet,North,HONEYSUCKLE RD,,,,0.00,N,Not at Intersection, ,Non-Junction,None,,,         ,John,Roberson,Clear,Angle,no,no,no,no,no,False
102153163,METROPOLITAN NASHVILLE POLICE DEPT,20180807591,Davidson,Nashville,9/21/2018 7:06:00 PM,2,0,0,36.069190,-86.690970,I24 E EXT RAMP,,,,0.00,Feet,East,I 24,,,,0.00,N,Not at Intersection, ,Entrance/Exit Ramp Related,None,,,         ,Marcus,Darden,Clear,Front to Rear,no,no,no,no,no,False
102153194,METROPOLITAN NASHVILLE POLICE DEPT,20180807470,Davidson,Nashville,9/21/2018 6:15:00 PM,2,3,0,36.080700,-86.726690,NOLENSVILLE PKE,,,,413.00,Feet,North,HARDING PL,,,,0.00,N,Not at Intersection,N,Non-Junction,None,,,         ,Ryan,Sherry,Clear,Angle,no,no,no,no,no,False
102153204,METROPOLITAN NASHVILLE POLICE DEPT,20180807348,Davidson,Nashville,9/21/2018 5:27:00 PM,2,0,0,36.048160,-86.775710,I 65,,,,0.00,,,,,,,75.35,N,Not at Intersection, ,Non-Junction,None,,,         ,Richard,Luellen,Clear,Front to Rear,no,no,no,no,no,False
102153205,METROPOLITAN NASHVILLE POLICE DEPT,2018-0807680,Davidson,Nashville,9/21/2018 7:31:00 PM,3,0,0,36.070870,-86.723040,NOLENSVILLE PKE,,,,251.00,Feet,South,BASS AV,,,,0.00,N,Not at Intersection,N,OtherLocation,None,,,         ,Richard,Luellen,Cloudy,Front to Rear,no,no,no,no,no,False
102153208,METROPOLITAN NASHVILLE POLICE DEPT,20180807193,Davidson,Nashville,9/21/2018 4:25:00 PM,2,0,0,36.154620,-86.770460,2ND AVS,,,,61.00,Feet,North,MIDDLETON ST,,,,0.00,N,Not at Intersection, ,Non-Junction,None,,,         ,Brandon,O'Guin,Clear,"Sideswipe, Same Direction",no,no,no,no,no,False
102153211,METROPOLITAN NASHVILLE POLICE DEPT,20180807714,Davidson,Nashville,9/21/2018 7:43:00 PM,2,0,0,36.172000,-86.768680,I 24,,,,0.00,,,,,,,48.30,N,Not at Intersection, ,Non-Junction,None,,,         ,Roy,Sain Jr.,Clear,"Sideswipe, Same Direction",no,no,no,no,yes,False
102153269,METROPOLITAN NASHVILLE POLICE DEPT,20180807501,Davidson,Nashville,9/21/2018 6:31:00 PM,2,0,0,36.154620,-86.770460,2ND AVS,,,,61.00,Feet,North,MIDDLETON ST,,,,0.00,N,Not at Intersection, ,Non-Junction,None,,,         ,Brandon,O'Guin,Clear,"Sideswipe, Same Direction",no,no,no,no,no,False
102153270,METROPOLITAN NASHVILLE POLICE DEPT,20180807719,Davidson,Nashville,9/21/2018 7:50:00 PM,2,2,0,36.136000,-86.791940,WEDGEWOOD AV,,,,0.00,,,15TH AVS,,,,0.00,Y,Four-Way,N,Intersection,None,,,         ,Stephen,Johnston,Clear,Angle,no,no,no,no,no,False
102153279,METROPOLITAN NASHVILLE POLICE DEPT,20180807285,Davidson,Nashville,9/21/2018 5:03:00 PM,2,0,0,36.159560,-86.774640,DEMONBREUN ST,,,,0.00,,,3RD AVS,,,,0.00,Y,Four-Way, ,Intersection,None,,,         ,Joshua,Reece,Clear,Angle,no,no,no,no,no,False
102153280,METROPOLITAN NASHVILLE POLICE DEPT,20180807309,Davidson,Nashville,9/21/2018 5:00:00 PM,2,0,0,36.187910,-86.607280,CHANDLER RD,,,,6.00,Feet,North,OLD LEBANON DIRT RD,,,,0.00,N,Not at Intersection, ,Non-Junction,None,,,         ,Marvis,Malone,Clear,Angle,no,no,no,no,no,False
102153288,METROPOLITAN NASHVILLE POLICE DEPT,20180807746,Davidson,Nashville,9/21/2018 8:01:00 PM,1,0,0,36.076640,-86.640800,MURFREESBORO PKE,,,,265.00,Feet,East,LAKEVILLA DR,,,,0.00,N,Not at Intersection, ,Non-Junction,None,,,         ,Teresah,Pinho,Clear,Not Collision with Motor Vehicle in Transport,no,no,no,no,no,False
102153294,METROPOLITAN NASHVILLE POLICE DEPT,20180807716,Davidson,Nashville,9/21/2018 7:09:00 PM,2,0,0,36.167890,-86.658540,LEBANON PKE,,,,523.00,Feet,West,DONELSONWOOD DR,,,,0.00,N,Not at Intersection, ,Non-Junction,None,,,         ,Trenton,Searcy,Clear,Angle,no,no,no,no,no,False
102153298,METROPOLITAN NASHVILLE POLICE DEPT,20180807656,Davidson,Nashville,9/21/2018 7:20:00 PM,1,0,0,36.148310,-86.779800,I 40,,,,0.00,,,,,,,209.85,N,Not at Intersection,Y,Entrance/Exit Ramp Related,None,,,         ,Brent,Morris,Clear,Not Collision with Motor Vehicle in Transport,no,no,no,no,no,False
102153303,METROPOLITAN NASHVILLE POLICE DEPT,20180807779,Davidson,Nashville,9/21/2018 8:17:00 PM,2,0,0,36.032650,-86.769800,CHURCH STE,,,,308.00,Feet,South,CHANTILLY PL,,,,0.00,N,Not at Intersection, ,,None,,,         ,FELIKS,ABRAHAMYAN,,,no,no,no,no,no,False
102153321,METROPOLITAN NASHVILLE POLICE DEPT,20180807492,Davidson,Nashville,9/21/2018 3:20:00 PM,2,0,0,36.144980,-86.666740,DONELSON PKE,,,,93.00,Feet,South,SHACKLETT DR,,,,0.00,N,Not at Intersection, ,,None,,,         ,Allyson,Reis,,,no,no,no,no,no,False
102153324,METROPOLITAN NASHVILLE POLICE DEPT,2018080390,Davidson,Nashville,9/21/2018 5:45:00 PM,2,0,0,36.167140,-86.787130,JAMES ROBERTSON PKWY,,,,0.00,,,ROSA L PARKS BLVD,,,,0.00,Y,T-Intersection, ,,None,,,         ,Timothy,Mead,,,no,no,no,no,no,False
102153333,METROPOLITAN NASHVILLE POLICE DEPT,20180807456,Davidson,Nashville,9/21/2018 12:00:00 AM,2,0,0,36.168200,-86.690170,BRILEY PKWY S EXT RAMP,,,,0.00,,,LEBANON PKE,,,,0.00,Y,T-Intersection,N,Entrance/Exit Ramp Related,None,,,         ,Jessica,Johann,Clear,Front to Rear,no,no,no,no,yes,False
102153367,METROPOLITAN NASHVILLE POLICE DEPT,20180807768,Davidson,Not in City Limit,9/21/2018 8:12:00 PM,3,0,0,36.324390,-86.868360,I 24,,,,0.00,,,,,,,34.95,N,Not at Intersection,N,Non-Junction,None,,,         ,Katelin,Ehrhardt,Clear,"Sideswipe, Same Direction",no,no,no,no,no,False
102153376,METROPOLITAN NASHVILLE POLICE DEPT,20180807715,Davidson,Nashville,9/21/2018 7:50:00 PM,2,0,0,36.078610,-86.726040,NOLENSVILLE PKE,,,,371.00,Feet,South,HARDING PL,,,,0.00,N,Not at Intersection,N,Non-Junction,None,,,         ,Andrew,Brazee,Clear,"Sideswipe, Same Direction",no,no,no,no,no,False
102153389,METROPOLITAN NASHVILLE POLICE DEPT,20180807979,Davidson,Nashville,9/21/2018 9:40:00 PM,2,0,0,36.193820,-86.831470,CLARKSVILLE PKE,,,,96.00,Feet,West,BUENA VISTA PKE,,,,0.00,N,Not at Intersection, ,,None,,,         ,Kayla,Castro,,,no,no,no,yes,no,False
102153392,METROPOLITAN NASHVILLE POLICE DEPT,20180807967,Davidson,Nashville,9/21/2018 9:30:00 PM,2,2,0,36.193380,-86.753290,MCFERRIN AV,,,,0.00,,,ELLINGTON PKWY S EXT RAMP,,,,0.00,Y,Four-Way,N,Intersection,None,,,         ,Marc,Kozen,Clear,Angle,no,no,no,no,no,False
102153395,METROPOLITAN NASHVILLE POLICE DEPT,20180807780,Davidson,Nashville,9/21/2018 8:17:00 PM,1,1,0,36.172080,-86.798020,11TH AVN,,,,49.00,Feet,South,REV DR ENOCH JONES BLVD,,,,0.00,N,Not at Intersection,N,Non-Junction,None,,,         ,Russell,Jones,Cloudy,Not Collision with Motor Vehicle in Transport,no,no,no,no,no,False
102153400,METROPOLITAN NASHVILLE POLICE DEPT,20180807957,Davidson,Nashville,9/21/2018 9:24:00 PM,2,1,0,36.044760,-86.657810,I 24,,,,0.00,,,,,,,59.50,N,Not at Intersection,N,Non-Junction,None,,,         ,Nathaniel,Myers,Rain,Front to Rear,no,no,no,no,no,False
102153401,METROPOLITAN NASHVILLE POLICE DEPT,20180808010,Davidson,Nashville,9/21/2018 9:26:00 PM,2,0,0,36.044500,-86.657350,I 24,,,,0.00,,,,,,,59.50,N,Not at Intersection, ,Non-Junction,None,,,         ,Nathaniel,Myers,Rain,Angle,no,no,no,no,no,False
102153459,METROPOLITAN NASHVILLE POLICE DEPT,20180808084,Davidson,Nashville,9/21/2018 10:35:00 PM,2,1,0,36.152710,-86.768230,LINDSLEY AV,,,,182.00,Feet,West,1ST AVS,,,,0.00,N,Not at Intersection,N,Entrance/Exit Ramp Related,None,,,         ,Meghan,Pope,Rain,"Sideswipe, Same Direction",no,no,no,no,no,False
102153460,METROPOLITAN NASHVILLE POLICE DEPT,20180808157,Davidson,Nashville,9/21/2018 11:23:00 PM,2,0,0,36.192230,-86.740610,DOUGLAS AV,,,,258.00,Feet,East,N 14TH ST,,,,0.00,N,Not at Intersection,N,Non-Junction,None,,,         ,Ryan,Worstall,Rain,HeadOn,no,no,no,no,no,False
102153462,METROPOLITAN NASHVILLE POLICE DEPT,20180808082,Davidson,Nashville,9/21/2018 10:50:00 PM,1,1,0,36.115490,-86.773000,I440 W ENT RAMP,,,,0.00,Feet,East,I 65,,,,0.00,N,Not at Intersection,Y,Entrance/Exit Ramp Related,None,,,         ,Randall,Atkinson,Rain,Not Collision with Motor Vehicle in Transport,no,no,no,no,no,False
102153488,METROPOLITAN NASHVILLE POLICE DEPT,20180808199,Davidson,Nashville,9/21/2018 9:45:00 PM,1,0,0,36.076660,-86.922400,BELLE FOREST CIR,,,,504.00,Feet,West,DEER LAKE DR,,,,0.00,N,Not at Intersection,N,Non-Junction,None,,,         ,Joanna,D'Agostino,Clear,Not Collision with Motor Vehicle in Transport,no,no,no,yes,yes,False
102153515,METROPOLITAN NASHVILLE POLICE DEPT,20180808364,Davidson,Nashville,9/22/2018 12:55:00 AM,1,1,0,36.236130,-86.762520,I 65,,,,0.00,,,,,,,89.65,N,Not at Intersection,N,Non-Junction,None,,,         ,Joshua,Whitworth,Cloudy,Not Collision with Motor Vehicle in Transport,no,no,no,no,no,False
102153520,METROPOLITAN NASHVILLE POLICE DEPT,20180808296,Davidson,Nashville,9/22/2018 12:20:00 AM,2,1,0,36.136690,-86.726540,MURFREESBORO PKE,,,,549.00,Feet,West,I40 E ENT RAMP,,,,0.00,N,Not at Intersection,N,Non-Junction,None,,,         ,Zachary,Lang,Rain,HeadOn,no,no,no,no,no,False
102153554,METROPOLITAN NASHVILLE POLICE DEPT,20180808310,Davidson,Nashville,9/22/2018 12:00:00 AM,1,0,0,36.032680,-86.770070,CHURCH STE,,,,303.00,Feet,South,ANNABEL LN,,,,0.00,N,Not at Intersection,N,Non-Junction,None,,,         ,Courtney,Hester,Rain,Not Collision with Motor Vehicle in Transport,no,no,no,no,no,False
102153569,METROPOLITAN NASHVILLE POLICE DEPT,20180808301,Davidson,Nashville,9/22/2018 12:20:00 AM,3,0,0,36.157060,-86.793410,CHURCH ST,,,,0.00,,,MCMILLIN ST,,,,0.00,Y,T-Intersection,N,Non-Junction,None,,,         ,Jonathan,Hadley,Clear,Front to Rear,no,no,no,no,yes,False
102153580,METROPOLITAN NASHVILLE POLICE DEPT,20180808588,Davidson,Nashville,9/22/2018 2:49:00 AM,2,0,0,36.074470,-86.920940,OLD HICKORY BLVD,,,,4.00,Feet,South,HIGHWAY 70S,,,,0.00,N,Not at Intersection,N,Non-Junction,None,,,         ,Cesar,Rocha,Cloudy,Front to Rear,no,no,no,no,no,False
102153586,Nashville Airport Police,2018-03783,Davidson,Nashville,9/22/2018 12:00:00 AM,2,0,0,36.129000,-86.688430,AIRWAYS BLVD,,,,0.00,,,,,,,0.00,,, ,Non-Junction,None,,,         ,Patrick,Nicholson,Clear,Rear to Side,no,no,no,yes,no,False
102153594,METROPOLITAN NASHVILLE POLICE DEPT,20180808163,Davidson,Nashville,9/21/2018 12:00:00 AM,2,0,0,36.225730,-86.744460,LEMONT DR,,,,100.00,Feet,North,WHITE OAK CT,,,,0.00,N,Not at Intersection,N,Non-Junction,None,,,         ,Amanda,Hane,,Angle,no,no,no,no,yes,False
102153633,METROPOLITAN NASHVILLE POLICE DEPT,20180808727,Davidson,Not in City Limit,9/22/2018 4:16:00 AM,1,1,0,36.276900,-86.734900,I 65,,,,0.00,,,,,,,93.10,N,Not at Intersection,N,Non-Junction,None,,,         ,Thomas,Burns,Cloudy,Not Collision with Motor Vehicle in Transport,no,no,no,no,no,False
102153718,GOODLETTSVILLE POLICE DEPT,18-33583,Davidson,Goodlettsville,9/21/2018 2:25:00 PM,2,0,0,36.307005,-86.694631,CONFERENCE,DR,,,0.00,Feet,,VIETNAM VETERANS,BLVD,SR386,,0.00,Y,T-Intersection, ,Intersection-Related,None,,,         ,Jeremy,Baker,Rain,Other,no,no,no,no,no,False
102153721,METROPOLITAN NASHVILLE POLICE DEPT,20180809014,Davidson,Nashville,9/22/2018 7:55:00 AM,1,2,0,36.209100,-86.865940,ASHLAND CITY HWY,,,,146.00,Feet,West,JORDONIA STATION RD,,,,0.00,N,Not at Intersection,N,Non-Junction,None,,,         ,Brent,Hedgcoth,Cloudy,Not Collision with Motor Vehicle in Transport,no,no,no,no,no,False
102153734,METROPOLITAN NASHVILLE POLICE DEPT,20180809201,Davidson,Madison,9/22/2018 9:42:00 AM,2,0,0,36.260370,-86.712860,GALLATIN PKES,,,,0.00,,,HICKORY ST,,,,0.00,Y,OTHER,N,Non-Junction,None,,,         ,Eric,Richardson,Cloudy,"Sideswipe, Opposite Direction",no,no,no,yes,yes,False
102153758,METROPOLITAN NASHVILLE POLICE DEPT,20180809253,Davidson,Nashville,9/22/2018 10:27:00 AM,2,0,0,36.199360,-86.688580,BRILEY PKWY S EXT RAMP,,,,0.00,,,BRILEY PKWYS,,,,0.00,Y,OTHER, ,Non-Junction,None,,,         ,Tien,Nguyen,Clear,Not Collision with Motor Vehicle in Transport,no,no,no,no,no,False
102153777,METROPOLITAN NASHVILLE POLICE DEPT,20180809283,Davidson,Nashville,9/22/2018 11:04:00 AM,2,0,0,36.046500,-86.713400,NOLENSVILLE PKE,,,,413.00,Feet,North,OLD HICKORY BLVD,,,,0.00,N,Not at Intersection, ,Non-Junction,None,,,         ,Samuel,Miller,Cloudy,Angle,no,no,no,no,no,False
102153816,METROPOLITAN NASHVILLE POLICE DEPT,2018-0806919,Davidson,Not in City Limit,9/21/2018 2:20:00 PM,3,1,0,36.269090,-86.754950,OLD HICKORY BLVDW,,,,238.00,Feet,East,DICKERSON PKE,,,,0.00,N,Not at Intersection,N,Non-Junction,None,,,         ,Arthur,Hipp,Clear,Front to Rear,no,no,no,no,no,False
102153839,METROPOLITAN NASHVILLE POLICE DEPT,20180809318,Davidson,Nashville,9/22/2018 11:33:00 AM,2,0,0,36.206300,-86.773540,I65 N EXT RAMP,,,,0.00,,,W TRINITY LN,,,,0.00,Y,T-Intersection, ,Entrance/Exit Ramp Related,None,,,         ,David,Collins,Cloudy,"Sideswipe, Same Direction",no,no,no,no,no,False
102153848,METROPOLITAN NASHVILLE POLICE DEPT,20180809327,Davidson,Nashville,9/22/2018 11:40:00 AM,2,0,0,36.180590,-86.749720,GALLATIN AV,,,,23.00,Feet,South,ORDWAY PL,,,,0.00,N,Not at Intersection, ,Non-Junction,None,,,         ,Joseph,Progar,Cloudy,Angle,no,no,no,no,no,False
102153849,METROPOLITAN NASHVILLE POLICE DEPT,20180809085,Davidson,Nashville,9/22/2018 8:30:00 AM,1,0,0,36.168990,-86.766230,I 24,,,,0.00,,,,,,,48.75,N,Not at Intersection,N,Non-Junction,None,,,         ,Faye,Denson,Clear,Not Collision with Motor Vehicle in Transport,no,no,no,no,no,False
102153884,METROPOLITAN NASHVILLE POLICE DEPT,20180809337,Davidson,Nashville,9/22/2018 11:40:00 AM,2,0,0,36.169680,-86.806710,DR D B TODD JR BLVD,,,,80.00,Feet,North,JEFFERSON ST,,,,0.00,N,Not at Intersection,N,"Driveway, Alley Access, etc",None,,,         ,Zachary,Goodall,Cloudy,Angle,no,no,no,no,yes,False
102153886,METROPOLITAN NASHVILLE POLICE DEPT,20180809379,Davidson,Nashville,9/22/2018 12:23:00 PM,2,0,0,36.065060,-86.636960,BELL RD,,,,526.00,Feet,East,RICE RD,,,,0.00,N,Not at Intersection, ,Non-Junction,None,,,         ,Nopel,Stella,Clear,Front to Rear,no,no,no,no,no,False
102153901,METROPOLITAN NASHVILLE POLICE DEPT,20180809439,Davidson,Nashville,9/22/2018 12:51:00 PM,2,0,0,36.081140,-86.758570,HARDING PL,,,,60.00,Feet,West,TROUSDALE DR,,,,0.00,N,Not at Intersection,N,Non-Junction,None,,,         ,Samuel,Miller,Cloudy,"Sideswipe, Same Direction",no,no,no,no,yes,False
102153912,METROPOLITAN NASHVILLE POLICE DEPT,20180799095,Davidson,Nashville,9/19/2018 12:00:00 AM,1,0,1,36.042670,-86.960110,HIGHWAY 100,,,,544.00,Feet,South,COLLINS RD,,,,0.00,N,Not at Intersection,N,Non-Junction,None,,,18-0693  ,Donald,Davidson,Clear,Not Collision with Motor Vehicle in Transport,no,no,no,no,no,False
102153926,METROPOLITAN NASHVILLE POLICE DEPT,20180809401,Davidson,Nashville,9/22/2018 3:00:00 AM,2,0,0,36.086400,-86.706830,LINBAR DR,,,,218.00,Feet,South,PARAGON MILLS RD,,,,0.00,N,Not at Intersection, ,Non-Junction,None,,,         ,Michael,Dudley,Cloudy,Front to Rear,no,no,no,no,yes,False
102153941,METROPOLITAN NASHVILLE POLICE DEPT,20180809397,Davidson,Nashville,9/22/2018 12:34:00 PM,1,0,0,36.145210,-86.857990,WHITE BRIDGE PKE,,,,75.00,Feet,North,BURGESS AV,,,,0.00,N,Not at Intersection,N,Non-Junction,None,,,         ,Walter,Gray II,Cloudy,Not Collision with Motor Vehicle in Transport,no,no,no,no,yes,False
102153942,GOODLETTSVILLE POLICE DEPT,18-33678,Davidson,Goodlettsville,9/22/2018 12:35:00 PM,2,0,0,36.325120,-86.701740,LONG HOLLOW PKE,,,,0.00,,,E CEDAR ST,,,,0.00,Y,Four-Way, ,Intersection,None,,,         ,Jeremy,Baker,Cloudy,"Sideswipe, Same Direction",no,no,no,no,yes,False
102153944,METROPOLITAN NASHVILLE POLICE DEPT,20180809467,Davidson,Nashville,9/22/2018 12:58:00 PM,2,0,0,36.183290,-86.748600,GALLATIN AV,,,,23.00,Feet,South,W EASTLAND AV,,,,0.00,N,Not at Intersection, ,Non-Junction,None,,,         ,Joseph,Progar,Cloudy,Front to Rear,no,no,no,no,no,False
102153945,METROPOLITAN NASHVILLE POLICE DEPT,20180809466,Davidson,Nashville,9/22/2018 1:00:00 PM,2,1,0,36.136890,-86.727280,I 24,,,,0.00,,,,,,,51.30,N,Not at Intersection,N,Non-Junction,None,,,         ,Zachary,Scott,Cloudy,"Sideswipe, Same Direction",no,no,no,no,no,False
102153961,METROPOLITAN NASHVILLE POLICE DEPT,20180809289,Davidson,Nashville,9/22/2018 9:32:00 AM,2,0,0,36.154710,-86.773120,LEA AV,,,,0.00,,,4TH AVS,,,,0.00,Y,T-Intersection, ,Intersection,None,,,         ,Tony,Folad,Cloudy,Angle,no,no,no,no,yes,False
102153962,METROPOLITAN NASHVILLE POLICE DEPT,20180809449,Davidson,Nashville,9/22/2018 12:20:00 PM,1,0,0,36.148380,-86.805530,WEST END AV,,,,321.00,Feet,East,24TH AVN,,,,0.00,N,Not at Intersection,N,Non-Junction,None,,,         ,Justan,Vance,Cloudy,Not Collision with Motor Vehicle in Transport,no,no,no,yes,no,Campus
102153966,METROPOLITAN NASHVILLE POLICE DEPT,20180809524,Davidson,Nashville,9/22/2018 1:20:00 PM,2,0,0,36.162960,-86.761760,I 24,,,,0.00,,,,,,,49.25,N,Not at Intersection,N,Non-Junction,None,,,         ,Samuel,Fredericks,Cloudy,Front to Rear,no,no,no,no,yes,False
102153970,METROPOLITAN NASHVILLE POLICE DEPT,20180809380,Davidson,Nashville,9/22/2018 11:50:00 AM,3,0,0,36.237720,-86.787420,BRILEY PKWYE,,,,94.00,Feet,West,BRILEY PKWYE,,,,0.00,N,Not at Intersection,N,Non-Junction,None,,,         ,James,Hill,Cloudy,Front to Rear,no,no,no,no,no,False
102153989,METROPOLITAN NASHVILLE POLICE DEPT,20180805025,Davidson,Nashville,9/20/2018 10:32:00 PM,3,0,1,36.135930,-86.776280,RIDLEY BLVD,,,,10.00,Feet,North,EAST ARGYLE AV,,,,0.00,N,Not at Intersection,N,Non-Junction,None,,,18-0701  ,Donald,Davidson,Clear,HeadOn,no,no,no,no,no,False
102153990,METROPOLITAN NASHVILLE POLICE DEPT,20180809539,Davidson,Nashville,9/22/2018 2:10:00 PM,2,1,0,36.179660,-86.798450,GARFIELD ST,,,,21.00,Feet,West,DELTA AV,,,,0.00,N,Not at Intersection,N,Non-Junction,None,,,         ,Jonathon,Sheppard,Clear,HeadOn,no,no,no,no,no,False
102153991,METROPOLITAN NASHVILLE POLICE DEPT,20180807011,Davidson,Nashville,9/21/2018 2:34:00 PM,2,0,0,36.182200,-86.748690,GALLATIN AV,,,,0.00,,,,,,,0.00,,,N,Non-Junction,None,,,         ,Christopher,Butner,Clear,Unknown,no,no,no,yes,yes,False
102154003,METROPOLITAN NASHVILLE POLICE DEPT,20180802793,Davidson,Nashville,9/22/2018 12:00:00 AM,1,0,0,36.238090,-86.802840,KNIGHT DR,,,,334.00,Feet,South,BROOK MANOR DR,,,,0.00,N,Not at Intersection,N,Non-Junction,None,,,         ,Terrance,Stuckey,Clear,Not Collision with Motor Vehicle in Transport,no,no,no,yes,no,False
102154014,METROPOLITAN NASHVILLE POLICE DEPT,20180809562,Davidson,Nashville,9/22/2018 2:48:00 PM,1,1,0,36.122940,-86.727000,I440 W ENT RAMP,,,,0.00,Feet,East,I 24,,,,0.00,N,Not at Intersection,N,Non-Junction,None,,,         ,YUNUS,ADAK,Cloudy,Not Collision with Motor Vehicle in Transport,no,no,no,no,no,False
102154015,METROPOLITAN NASHVILLE POLICE DEPT,20180809610,Davidson,Nashville,9/22/2018 3:11:00 PM,3,0,0,36.143360,-86.793130,EDGEHILL AV,,,,0.00,,,16TH AVS,,,,0.00,Y,Four-Way, ,Intersection-Related,None,,,         ,Ryan,Storm,Clear,Front to Rear,no,no,no,no,no,False
102154055,METROPOLITAN NASHVILLE POLICE DEPT,20180809636,Davidson,Nashville,9/22/2018 2:01:00 PM,2,0,0,36.055480,-86.652010,RURAL HILL RD,,,,889.00,Feet,West,WILLOW POINTE PVTDR,,,,0.00,N,Not at Intersection,N,Non-Junction,None,,,         ,Nathaniel,Myers,Cloudy,Angle,no,no,no,no,yes,False
102154057,METROPOLITAN NASHVILLE POLICE DEPT,20180809568,Davidson,Nashville,9/22/2018 2:45:00 PM,2,1,0,36.060590,-86.903640,OLD HICKORY BLVD,,,,693.00,Feet,South,HIGHWAY 100,,,,0.00,N,Not at Intersection, ,Non-Junction,None,,,         ,Douglas,Atwood,Clear,Front to Rear,no,no,no,no,no,False
102154075,METROPOLITAN NASHVILLE POLICE DEPT,20180809294,Davidson,Nashville,9/22/2018 11:15:00 AM,2,1,0,36.169250,-86.680830,LEBANON PKE,,,,281.00,Feet,West,MCGAVOCK PKE,,,,0.00,N,Not at Intersection,N,Non-Junction,None,,,         ,Gerry,Hutcheson,Cloudy,Angle,no,no,no,no,no,False
102154089,METROPOLITAN NASHVILLE POLICE DEPT,20180809666,Davidson,Antioch,9/22/2018 3:30:00 PM,2,0,0,36.042920,-86.606620,MURFREESBORO PKE,,,,40.00,Feet,West,HOBSON PKE,,,,0.00,N,Not at Intersection, ,Non-Junction,None,,,         ,Eric,Wegener,Cloudy,Front to Rear,no,no,no,no,no,False