master_record_number,agency,agency_tracking_number,county,city,collision_date,vehicles_involved,number_injured,number_dead,latitude,longitude,roadway_name,roadway_suffix,roadway_number,roadway_local_id,distance_from_reference,miles-feet_indicator,direction_from_reference,intersection_road_name,intersection_road_name_suffix,intersection_road_number,intersection_local_id,mile_marker,intersection_indicator,intersect_type,interchange_related_indicator,relation_to_junction,work_zone_type,construction_maintenance_zone,construction_maintenance_zone_location,fatal_case_number,officer_first_name,officer_last_name,weather_condition(s),manner_of_crash,pedestrian,bicycle,scooter,parking,hitrun,mou
102155257,METROPOLITAN NASHVILLE POLICE DEPT,20180812025,Davidson,Nashville,9/23/2018 6:20:00 PM,1,0,0,36.219330,-86.604250,SHUTE LN,,,,164.00,Feet,North,MEADOWGREEN DR,,,,0.00,N,Not at Intersection,N,Non-Junction,None,,,         ,Craig,Gentry,Rain,Not Collision with Motor Vehicle in Transport,no,no,no,no,no,False
102155278,METROPOLITAN NASHVILLE POLICE DEPT,20180811880,Davidson,Nashville,9/23/2018 4:22:00 PM,2,0,0,36.049280,-86.651730,BELL RD,,,,0.00,,,HICKORY HOLLOW LN,,,,0.00,Y,OTHER, ,Non-Junction,None,,,         ,Jedidayah,Merriweather,Rain,Front to Rear,no,no,no,no,no,False
102155283,METROPOLITAN NASHVILLE POLICE DEPT,20180812070,Davidson,Nashville,9/23/2018 6:51:00 PM,1,0,0,36.200580,-86.824510,BUENA VISTA PKE,,,,551.00,Feet,East,EAST LN,,,,0.00,N,Not at Intersection,N,Non-Junction,None,,,         ,Bryan,Musgrave,Rain,Not Collision with Motor Vehicle in Transport,no,no,no,no,no,False
102155288,METROPOLITAN NASHVILLE POLICE DEPT,20180812121,Davidson,Nashville,9/23/2018 7:24:00 PM,2,1,0,36.218230,-86.747260,HART LN,,,,0.00,Feet,East,ELLINGTON PKWYN,,,,0.00,N,Not at Intersection,N,Non-Junction,None,,,         ,Jessica,Scott,Rain,Front to Rear,no,no,no,no,no,False
102155295,METROPOLITAN NASHVILLE POLICE DEPT,20180812034,Davidson,Nashville,9/23/2018 6:23:00 PM,2,2,0,36.065730,-86.680370,ANTIOCH PKE,,,,99.00,Feet,West,REEVES RD,,,,0.00,N,Not at Intersection,N,Non-Junction,None,,,         ,Taylor,Hurley,Rain,HeadOn,no,no,no,no,no,False
102155298,METROPOLITAN NASHVILLE POLICE DEPT,20180812095,Davidson,Nashville,9/23/2018 7:10:00 PM,3,2,0,36.113300,-86.810990,HILLSBORO PKE,,,,238.00,Feet,South,WOODMONT BLVD,,,,0.00,N,Not at Intersection,N,Non-Junction,None,,,         ,Gabriel,Vasquez,Rain,Front to Rear,no,no,no,no,no,False
102155307,METROPOLITAN NASHVILLE POLICE DEPT,20180812180,Davidson,Nashville,9/23/2018 6:10:00 PM,2,0,0,36.143000,-86.666640,DONELSON PKE,,,,256.00,Feet,North,I40 W ENT RAMP,,,,0.00,N,Not at Intersection, ,Non-Junction,None,,,         ,Jessica,Johann,Rain,"Sideswipe, Same Direction",no,no,no,no,no,False
102155312,METROPOLITAN NASHVILLE POLICE DEPT,20180812110,Davidson,Nashville,9/23/2018 5:19:00 PM,2,0,0,36.160850,-86.586700,NEWCASTLE LN,,,,78.00,Feet,North,BELL RD,,,,0.00,N,Not at Intersection,N,Non-Junction,None,,,         ,Zachariah,Bush,Rain,Front to Rear,no,no,no,yes,no,False
102155316,METROPOLITAN NASHVILLE POLICE DEPT,20180812103,Davidson,Nashville,9/23/2018 7:30:00 PM,1,0,0,36.165320,-86.778440,3RD AVN,,,,130.00,Feet,South,UNION ST,,,,0.00,N,Not at Intersection,N,Non-Junction,None,,,         ,Joseph,Bingham,Rain,Not Collision with Motor Vehicle in Transport,no,no,no,no,no,False
102155317,METROPOLITAN NASHVILLE POLICE DEPT,20180812087,Davidson,Nashville,9/23/2018 7:04:00 PM,2,0,0,36.102600,-86.816940,HILLSBORO PKE,,,,372.00,Feet,South,WARFIELD DR,,,,0.00,N,Not at Intersection,N,Non-Junction,None,,,         ,Andrew,McCarron,Rain,Angle,no,no,no,no,no,False
102155333,METROPOLITAN NASHVILLE POLICE DEPT,20180811994,Davidson,Nashville,9/23/2018 5:48:00 PM,2,0,0,36.140160,-86.827650,MURPHY RD,,,,35.00,Feet,West,ACKLEN PARK DR,,,,0.00,N,Not at Intersection, ,Non-Junction,None,,,         ,Torian,Cox,Rain,"Sideswipe, Opposite Direction",no,no,no,no,no,False
102155336,METROPOLITAN NASHVILLE POLICE DEPT,20180812193,Davidson,Nashville,9/23/2018 7:59:00 PM,2,0,0,36.151460,-86.857740,WHITE BRIDGE PKE,,,,0.00,,,I40 E ENT RAMP,,,,0.00,Y,Four-Way, ,Intersection-Related,None,,,         ,Michael,Richardson,Rain,Front to Rear,no,no,no,no,no,False
102155341,METROPOLITAN NASHVILLE POLICE DEPT,20180812245,Davidson,Nashville,9/23/2018 7:28:00 PM,2,0,0,36.039000,-86.743420,EDMONDSON PKE,,,,343.00,Feet,North,BONNIE BRIDGE RD,,,,0.00,N,Not at Intersection,N,Non-Junction,None,,,         ,Ryan,Coll,Rain,Front to Rear,no,no,no,no,yes,False
102155353,METROPOLITAN NASHVILLE POLICE DEPT,20180812256,Davidson,Nashville,9/23/2018 12:00:00 AM,2,1,0,36.152090,-86.771420,4TH AVS,,,,104.00,Feet,South,ASH ST,,,,0.00,N,Not at Intersection,N,Non-Junction,None,,,         ,Trevor,Taylor,Rain,Front to Rear,no,no,no,no,no,False
102155375,METROPOLITAN NASHVILLE POLICE DEPT,20180812287,Davidson,Nashville,9/23/2018 8:32:00 PM,2,0,0,36.140870,-86.817430,WEST END AV,,,,0.00,,,ACKLEN PARK DR,,,,0.00,Y,Four-Way, ,Non-Junction,None,,,         ,Darryl,Williams,Rain,"Sideswipe, Same Direction",no,no,no,no,no,False
102155376,METROPOLITAN NASHVILLE POLICE DEPT,20180812297,Davidson,Nashville,9/23/2018 8:45:00 PM,2,0,0,36.196660,-86.742250,CAHAL AV,,,,0.00,,,GALLATIN AV,,,,0.00,Y,T-Intersection,N,Intersection,None,,,         ,Christopher,Butner,Rain,"Sideswipe, Opposite Direction",no,no,no,no,yes,False
102155385,METROPOLITAN NASHVILLE POLICE DEPT,201808122741,Davidson,Nashville,9/23/2018 7:36:00 PM,2,0,0,36.069190,-86.690960,I24 E EXT RAMP,,,,0.00,Feet,East,I 24,,,,0.00,N,Not at Intersection, ,Entrance/Exit Ramp Related,None,,,         ,Jedidayah,Merriweather,Rain,Front to Rear,no,no,no,no,no,False
102155386,METROPOLITAN NASHVILLE POLICE DEPT,20180812265,Davidson,Nashville,9/23/2018 7:23:00 PM,5,2,0,36.197610,-86.776260,I 65,,,,0.00,,,,,,,86.70,N,Not at Intersection,N,Non-Junction,None,,,         ,Kayla,Castro,Rain,Front to Rear,no,no,no,no,no,False
102155387,METROPOLITAN NASHVILLE POLICE DEPT,20180811940,Davidson,Nashville,9/23/2018 12:00:00 AM,2,0,0,36.196100,-86.776120,I 65,,,,0.00,,,,,,,86.60,N,Not at Intersection, ,Non-Junction,None,,,         ,John,Petriello,Rain,Front to Rear,no,no,no,no,no,False
102155388,METROPOLITAN NASHVILLE POLICE DEPT,20180811853,Davidson,Nashville,9/23/2018 12:00:00 AM,2,0,0,36.196100,-86.776120,I 65,,,,0.00,,,,,,,86.60,N,Not at Intersection, ,Non-Junction,None,,,         ,John,Petriello,Rain,"Sideswipe, Same Direction",no,no,no,no,no,False
102155396,METROPOLITAN NASHVILLE POLICE DEPT,20180812333,Davidson,Nashville,9/23/2018 9:11:00 PM,1,0,0,36.121970,-86.980950,OLD POND CREEK RD,,,,0.00,,,OLD CHARLOTTE PK,,,,0.00,Y,T-Intersection, ,Non-Junction,None,,,         ,Jeremy,Huffine,Rain,Not Collision with Motor Vehicle in Transport,no,no,no,no,no,False
102155397,METROPOLITAN NASHVILLE POLICE DEPT,20180812257,Davidson,Nashville,9/23/2018 9:15:00 PM,2,0,0,36.153900,-86.625640,STEWARTS FERRY PKE,,,,0.00,,,PERCY PRIEST DR,,,,0.00,Y,T-Intersection,Y,Intersection,None,,,         ,Seth,Vaughn,Rain,Angle,no,no,no,no,yes,False
102155420,METROPOLITAN NASHVILLE POLICE DEPT,20180812396,Davidson,Nashville,9/23/2018 10:05:00 PM,1,1,0,36.046900,-86.714470,NOLENSVILLE PKE,,,,0.00,,,,,,,0.00,,,N,Non-Junction,None,,,         ,Brandon,Hughes,Rain,Not Collision with Motor Vehicle in Transport,no,no,no,no,no,False
102155422,METROPOLITAN NASHVILLE POLICE DEPT,20180812219,Davidson,Nashville,9/23/2018 8:11:00 PM,2,4,0,36.045480,-86.647290,CROSSINGS BLVD,,,,0.00,,,MT VIEW RD,,,,0.00,Y,Four-Way,N,Intersection,None,,,         ,Nathaniel,Myers,Rain,Angle,no,no,no,no,no,False
102155429,METROPOLITAN NASHVILLE POLICE DEPT,20180812051,Davidson,Nashville,9/23/2018 6:20:00 PM,1,0,0,36.238500,-86.580710,SAUNDERSVILLE RD,,,,0.00,,,GREENE HARBOR RD,,,,0.00,Y,OTHER,N,Non-Junction,None,,,         ,Tyler,Hall,Rain,Not Collision with Motor Vehicle in Transport,no,no,no,no,no,False
102155472,METROPOLITAN NASHVILLE POLICE DEPT,20180812423,Davidson,Nashville,9/23/2018 10:30:00 PM,1,1,0,36.153980,-86.758380,I 40,,,,0.00,,,,,,,211.10,N,Not at Intersection,N,Non-Junction,None,,,         ,Kyle,Berkheiser,Rain,Not Collision with Motor Vehicle in Transport,no,no,no,no,no,False
102155474,METROPOLITAN NASHVILLE POLICE DEPT,20180812469,Davidson,Nashville,9/23/2018 11:01:00 PM,1,0,0,36.139960,-86.887310,I 40,,,,0.00,,,,,,,202.00,N,Not at Intersection,N,Non-Junction,None,,,         ,Sean,Weaver,Rain,Not Collision with Motor Vehicle in Transport,no,no,no,no,no,False
102155479,METROPOLITAN NASHVILLE POLICE DEPT,20180812451,Davidson,Nashville,9/23/2018 11:38:00 PM,2,1,0,36.153810,-86.757900,I 40,,,,0.00,,,,,,,211.10,N,Not at Intersection,N,Non-Junction,None,,,         ,Joseph,Zambardi,Rain,Front to Rear,no,no,no,no,no,False
102155490,METROPOLITAN NASHVILLE POLICE DEPT,20180812433,Davidson,Nashville,9/23/2018 10:04:00 PM,1,0,0,36.116900,-86.739050,LUTIE ST,,,,112.00,Feet,West,STERLING BOONE DR,,,,0.00,N,Not at Intersection,N,Non-Junction,None,,,         ,Terence,Mitchell,Rain,Not Collision with Motor Vehicle in Transport,no,no,no,no,yes,False
102155497,METROPOLITAN NASHVILLE POLICE DEPT,20180812720,Davidson,Nashville,9/24/2018 1:00:00 AM,1,1,0,36.091090,-86.651180,MURFREESBORO PKE,,,,52.00,Feet,North,BOROWOOD DR,,,,0.00,N,Not at Intersection,N,Non-Junction,None,,,         ,Thomas,Clingan,Rain,Not Collision with Motor Vehicle in Transport,yes,no,no,no,no,False
102155505,METROPOLITAN NASHVILLE POLICE DEPT,20180812579,Davidson,Nashville,9/23/2018 11:56:00 PM,2,1,0,36.151470,-86.751350,I40 W EXT RAMP,,,,0.00,Feet,East,I 40,,,,0.00,N,Not at Intersection,N,Non-Junction,None,,,         ,Tyler,Manivong,Rain,"Sideswipe, Same Direction",no,no,no,no,no,False
102155516,METROPOLITAN NASHVILLE POLICE DEPT,20180812954,Davidson,Nashville,9/24/2018 2:10:00 AM,1,0,0,36.102700,-86.713670,I 24,,,,0.00,,,,,,,54.40,N,Not at Intersection,N,Non-Junction,None,,,         ,Zachary,Lang,Rain,Unknown,no,no,no,no,yes,False
102155537,METROPOLITAN NASHVILLE POLICE DEPT,20180813099,Davidson,Nashville,9/24/2018 5:08:00 AM,4,2,0,36.175160,-86.771570,I 24,,,,0.00,,,,,,,48.05,N,Not at Intersection,N,Non-Junction,None,,,         ,Daniel,Caruth,Rain,Front to Rear,no,no,no,no,no,False
102155546,METROPOLITAN NASHVILLE POLICE DEPT,20180812632,Davidson,Nashville,9/24/2018 12:30:00 AM,1,1,0,36.125530,-86.733100,I 440,,,,0.00,,,,,,,7.25,N,Not at Intersection,N,Non-Junction,None,,,         ,Terence,Mitchell,Rain,Not Collision with Motor Vehicle in Transport,no,no,no,no,no,False
102155549,METROPOLITAN NASHVILLE POLICE DEPT,20180813260,Davidson,Nashville,9/24/2018 6:55:00 AM,2,0,0,36.154880,-86.830710,I 40,,,,0.00,,,,,,,205.45,N,Not at Intersection, ,,None,,,         ,Curtis,Rich,,,no,no,no,no,no,False
102155551,METROPOLITAN NASHVILLE POLICE DEPT,2018-0813237,Davidson,Goodlettsville,9/24/2018 6:47:00 AM,2,0,0,36.288300,-86.725330,I 65,,,,0.00,,,,,,,94.05,N,Not at Intersection, ,Non-Junction,None,,,         ,Arthur,Hipp,Rain,Front to Rear,no,no,no,no,no,False
102155566,METROPOLITAN NASHVILLE POLICE DEPT,20180813241,Davidson,Nashville,9/24/2018 6:33:00 AM,2,0,0,36.167370,-86.662350,LEBANON PKE,,,,50.00,Feet,West,EDDINGS LN,,,,0.00,N,Not at Intersection, ,Non-Junction,None,,,         ,Gerry,Hutcheson,Rain,Front to Rear,no,no,no,no,yes,False
102155567,METROPOLITAN NASHVILLE POLICE DEPT,2018-0811484,Davidson,Nashville,9/23/2018 11:33:00 AM,2,1,0,36.033310,-86.777420,CHURCH STE,,,,75.00,Feet,West,OVERLOOK BLVD,,,,0.00,N,Not at Intersection,N,Non-Junction,None,,,         ,Sean,Williams,Rain,HeadOn,no,no,no,no,no,False
102155570,METROPOLITAN NASHVILLE POLICE DEPT,20180813284,Davidson,Nashville,9/24/2018 7:08:00 AM,1,0,0,36.239710,-86.746950,I65 S EXT RAMP,,,,0.00,Feet,East,BRILEY PKWYE,,,,0.00,N,Not at Intersection,Y,Entrance/Exit Ramp Related,None,,,         ,Brandon,Wood,Cloudy,Not Collision with Motor Vehicle in Transport,no,no,no,no,no,False
102155582,METROPOLITAN NASHVILLE POLICE DEPT,20180813257,Davidson,Nashville,9/24/2018 6:53:00 AM,2,0,0,36.115390,-86.724750,I 24,,,,0.00,,,,,,,53.25,N,Not at Intersection, ,Entrance/Exit Ramp Related,None,,,         ,Todd,Watson,Rain,Front to Rear,no,no,no,no,no,False
102155584,METROPOLITAN NASHVILLE POLICE DEPT,20180813346,Davidson,Nashville,9/24/2018 7:35:00 AM,2,0,0,36.128710,-86.789010,12TH AVS,,,,0.00,,,ASHWOOD AV,,,,0.00,Y,T-Intersection, ,Intersection-Related,None,,,         ,David,Lang,Rain,Front to Rear,no,no,no,no,no,False
102155587,METROPOLITAN NASHVILLE POLICE DEPT,20180813282,Davidson,Nashville,9/24/2018 6:58:00 AM,2,0,0,36.172520,-86.766180,JAMES ROBERTSON PKWY,,,,272.00,Feet,West,MAIN ST,,,,0.00,N,Not at Intersection, ,,None,,,         ,Doyle,Price,,,no,no,no,no,no,False
102155589,METROPOLITAN NASHVILLE POLICE DEPT,20180813312,Davidson,Nashville,9/24/2018 7:22:00 AM,2,0,0,36.182470,-86.640740,LEBANON PKE,,,,344.00,Feet,East,DOWNEYMEADE DR,,,,0.00,N,Not at Intersection, ,Non-Junction,None,,,         ,Michael,Dance,Rain,Front to Rear,no,no,no,no,no,False
102155590,METROPOLITAN NASHVILLE POLICE DEPT,20180813276,Davidson,Nashville,9/24/2018 5:40:00 AM,1,0,0,36.122100,-86.734350,GLENROSE AV,,,,77.00,Feet,West,SANDRA DR,,,,0.00,N,Not at Intersection,N,Non-Junction,None,,,         ,Jessie,Meadows,Rain,Not Collision with Motor Vehicle in Transport,no,no,no,no,yes,False
102155607,METROPOLITAN NASHVILLE POLICE DEPT,20180813318,Davidson,Nashville,9/24/2018 7:15:00 AM,3,0,0,36.206130,-86.771760,W TRINITY LN,,,,193.00,Feet,West,LUCAS LN,,,,0.00,N,Not at Intersection, ,Non-Junction,None,,,         ,Steven,Spillers,Rain,Front to Rear,no,no,no,no,no,False
102155609,METROPOLITAN NASHVILLE POLICE DEPT,20180813319,Davidson,Nashville,9/24/2018 12:00:00 AM,2,0,0,36.106090,-86.718380,I 24,,,,0.00,,,,,,,54.00,N,Not at Intersection,N,Non-Junction,None,,,         ,Tien,Nguyen,Rain,"Sideswipe, Same Direction",no,no,no,no,yes,False
102155614,METROPOLITAN NASHVILLE POLICE DEPT,20180813250,Davidson,Nashville,9/24/2018 6:26:00 AM,1,1,0,36.180780,-86.822910,BUCHANAN ST,,,,147.00,Feet,East,28TH AVN,,,,0.00,N,Not at Intersection,N,Non-Junction,None,,,         ,Jonathon,Sheppard,Rain,Not Collision with Motor Vehicle in Transport,no,no,no,no,no,False
102155615,METROPOLITAN NASHVILLE POLICE DEPT,20180813197,Davidson,Nashville,9/24/2018 6:15:00 AM,1,0,0,36.232160,-86.826660,BRILEY PKWYW,,,,454.00,Feet,West,BRILEY PKWYE,,,,0.00,N,Not at Intersection,N,Non-Junction,None,,,         ,Royce,McLester,Rain,Not Collision with Motor Vehicle in Transport,no,no,no,no,no,False
102155621,METROPOLITAN NASHVILLE POLICE DEPT,20180813289,Davidson,Nashville,9/24/2018 6:59:00 AM,2,0,0,36.118790,-86.726130,I 24,,,,0.00,,,,,,,53.00,N,Not at Intersection, ,,None,,,         ,Amy,Hirschmann,,,no,no,no,no,no,False
102155622,METROPOLITAN NASHVILLE POLICE DEPT,20180813288,Davidson,Madison,9/24/2018 7:07:00 AM,2,0,0,36.257170,-86.757920,DICKERSON PKE,,,,302.00,Feet,North,DUE WEST AVN,,,,0.00,N,Not at Intersection,N,Non-Junction,None,,,         ,Matthew,Harris,Rain,Angle,no,no,no,no,no,False
102155623,METROPOLITAN NASHVILLE POLICE DEPT,20180813482,Davidson,Nashville,9/24/2018 8:13:00 AM,2,0,0,36.109370,-86.727730,BRILEY PKWYN,,,,98.00,Feet,East,BRILEY PKWYS,,,,0.00,N,Not at Intersection,N,Non-Junction,None,,,         ,Jessie,Meadows,Rain,Front to Rear,no,no,no,no,no,False
102155625,METROPOLITAN NASHVILLE POLICE DEPT,20180813365,Davidson,Nashville,9/24/2018 7:31:00 AM,2,0,0,36.097080,-86.708760,I 24,,,,0.00,,,,,,,54.80,N,Not at Intersection,N,Non-Junction,None,,,         ,Nopel,Stella,Rain,Front to Rear,no,no,no,no,no,False
102155626,METROPOLITAN NASHVILLE POLICE DEPT,20180813384,Davidson,Nashville,9/24/2018 7:55:00 AM,2,0,0,36.114680,-86.647250,COUCHVILLE PKE,,,,0.00,,,REYNOLDS RD,,,,0.00,Y,T-Intersection,N,Intersection,None,,,         ,Michael,Dance,Rain,Front to Rear,no,no,no,no,no,False
102155628,METROPOLITAN NASHVILLE POLICE DEPT,20180813468,Davidson,Nashville,9/24/2018 7:40:00 AM,2,0,0,36.040210,-86.650470,I 24,,,,0.00,,,,,,,60.00,N,Not at Intersection, ,,None,,,         ,James,Jarvis,,,no,no,no,no,no,False
102155632,METROPOLITAN NASHVILLE POLICE DEPT,20180813426,Davidson,Nashville,9/24/2018 8:15:00 AM,2,1,0,36.152730,-86.690540,ELM HILL PKE WB EXT RAMP,,,,0.00,Feet,,BRILEY PKWY N ENT RAMP,,,,0.00,Y,T-Intersection,Y,Intersection,None,,,         ,Gerry,Hutcheson,Rain,Front to Rear,no,no,no,no,no,False
102155636,METROPOLITAN NASHVILLE POLICE DEPT,20180813480,Davidson,Nashville,9/24/2018 8:14:00 AM,2,0,0,36.101920,-86.763750,ARMORY DR,,,,0.00,,,I65 N ENT RAMP,,,,0.00,Y,Y-Intersection, ,Intersection,None,,,         ,Randy,Puckett,Rain,Angle,no,no,no,no,no,False
102155638,VANDERBILT UNIVERSITY POLICE,20180813496,Davidson,Nashville,9/24/2018 8:30:00 AM,2,0,0,36.142190,-86.806010,HIGHLAND AV,,,,0.00,,,,,,,0.00,,, ,,None,,,         ,William,Gladu,,,no,no,no,yes,no,Campus
102155644,METROPOLITAN NASHVILLE POLICE DEPT,20180813390,Davidson,Nashville,9/24/2018 7:57:00 AM,1,1,0,36.072950,-86.692140,I 24,,,,0.00,,,,,,,56.70,N,Not at Intersection,N,Non-Junction,None,,,         ,Amy,Hirschmann,Unknown,Not Collision with Motor Vehicle in Transport,no,no,no,no,no,False
102155648,METROPOLITAN NASHVILLE POLICE DEPT,20180813592,Davidson,Nashville,9/24/2018 9:00:00 AM,2,0,0,36.139910,-86.727810,I 24,,,,0.00,,,,,,,51.50,N,Not at Intersection, ,Non-Junction,None,,,         ,Thomas,Odom,Rain,Angle,no,no,no,no,no,False
102155650,METROPOLITAN NASHVILLE POLICE DEPT,2018-0813362,Davidson,Nashville,9/24/2018 7:44:00 AM,2,0,0,36.073960,-86.734970,BLACKMAN RD,,,,0.00,,,OVERCREST DR,,,,0.00,Y,T-Intersection, ,Intersection,None,,,         ,Erik,Wagner,Rain,Angle,no,no,no,no,no,False
102155652,METROPOLITAN NASHVILLE POLICE DEPT,20180813210,Davidson,Nashville,9/24/2018 6:30:00 AM,2,0,0,36.253700,-86.716430,GALLATIN PKES,,,,205.00,Feet,North,MADISON SQ,,,,0.00,N,Not at Intersection,N,Non-Junction,None,,,         ,Samuel,Kersten,Rain,Angle,no,no,no,no,no,False
102155671,METROPOLITAN NASHVILLE POLICE DEPT,20180813609,Davidson,Nashville,9/24/2018 8:52:00 AM,3,0,0,36.157360,-86.707880,LEBANON PKE,,,,232.00,Feet,West,GAYLAND CT,,,,0.00,N,Not at Intersection,N,Non-Junction,None,,,         ,Thomas,Odom,Rain,Front to Rear,no,no,no,no,no,False
102155673,METROPOLITAN NASHVILLE POLICE DEPT,20180813540,Davidson,Nashville,9/24/2018 8:58:00 AM,3,1,0,36.077510,-86.773940,TYNE BLVD,,,,250.00,Feet,West,FRANKLIN PKE,,,,0.00,N,Not at Intersection,N,Non-Junction,None,,,         ,Phillip,Murphy,Cloudy,Front to Rear,no,no,no,no,no,False
102155685,METROPOLITAN NASHVILLE POLICE DEPT,20180813537,Davidson,Nashville,9/24/2018 8:59:00 AM,2,1,0,36.161520,-86.791930,CHARLOTTE AV,,,,58.00,Feet,West,12TH AVN,,,,0.00,N,Not at Intersection,N,Non-Junction,None,,,         ,Clint,Gilleland,Cloudy,Angle,no,no,no,no,no,False
102155705,METROPOLITAN NASHVILLE POLICE DEPT,20180813595,Davidson,Nashville,9/24/2018 9:33:00 AM,2,0,0,36.110090,-86.720590,I24 W EXT RAMP,,,,0.00,Feet,East,I 24,,,,0.00,N,Not at Intersection, ,Non-Junction,None,,,         ,Nopel,Stella,,"Sideswipe, Same Direction",no,no,no,no,no,False
102155706,METROPOLITAN NASHVILLE POLICE DEPT,20180813450,Davidson,Nashville,9/24/2018 8:20:00 AM,3,0,0,36.070310,-86.690090,I 24,,,,0.00,,,,,,,56.95,N,Not at Intersection,N,Non-Junction,None,,,         ,Jason,Hees,Rain,Front to Rear,no,no,no,no,no,False
102155707,METROPOLITAN NASHVILLE POLICE DEPT,20180813686,Davidson,Nashville,9/24/2018 9:10:00 AM,2,0,0,36.179090,-86.763080,ELLINGTON PKWYS,,,,425.00,Feet,North,SPRING ST ENT RAMP,,,,0.00,N,Not at Intersection,Y,Non-Junction,None,,,         ,Doyle,Price,Rain,Front to Rear,no,no,no,no,yes,False
102155709,METROPOLITAN NASHVILLE POLICE DEPT,20180813304,Davidson,Nashville,9/24/2018 7:10:00 AM,2,0,0,36.255080,-86.786550,I 24,,,,0.00,,,,,,,42.20,N,Not at Intersection,N,Non-Junction,None,,,         ,Peter,Lynch,Rain,Front to Rear,no,no,no,no,no,False
102155710,METROPOLITAN NASHVILLE POLICE DEPT,20180813269,Davidson,Nashville,9/24/2018 6:50:00 AM,2,0,0,36.254390,-86.738910,I 65,,,,0.00,,,,,,,91.55,N,Not at Intersection, ,Non-Junction,None,,,         ,Peter,Lynch,Rain,"Sideswipe, Same Direction",no,no,no,no,no,False
102155711,METROPOLITAN NASHVILLE POLICE DEPT,20180813576,Davidson,Nashville,9/24/2018 9:30:00 AM,2,1,0,36.193060,-86.748670,DOUGLAS AV,,,,0.00,Feet,West,EMMETT AV,,,,0.00,N,Not at Intersection,N,Non-Junction,None,,,         ,Erik,Nash,Cloudy,Front to Rear,no,no,no,no,no,False
102155721,METROPOLITAN NASHVILLE POLICE DEPT,20180813563,Davidson,Nashville,9/24/2018 9:17:00 AM,1,1,0,36.116590,-86.725550,GLENROSE AV,,,,7.00,Feet,South,MALDEN DR,,,,0.00,N,Not at Intersection,N,Non-Junction,None,,,         ,Jessie,Meadows,Rain,Not Collision with Motor Vehicle in Transport,no,no,no,no,no,False
102155722,METROPOLITAN NASHVILLE POLICE DEPT,20180813640,Davidson,Nashville,9/24/2018 9:52:00 AM,2,0,0,36.154630,-86.779160,LAFAYETTE ST,,,,0.00,,,8TH AVS,,,,0.00,Y,Roundabout, ,Intersection-Related,None,,,         ,Nathaniel,Larson,Cloudy,"Sideswipe, Same Direction",no,no,no,no,no,False
102155727,METROPOLITAN NASHVILLE POLICE DEPT,20180813701,Davidson,Nashville,9/24/2018 10:17:00 AM,2,1,0,36.161310,-86.792430,CHARLOTTE AV,,,,83.00,Feet,East,GEORGE L DAVIS BLVD,,,,0.00,N,Not at Intersection,N,Non-Junction,None,,,         ,Kyle,Eicholtz,Cloudy,"Sideswipe, Same Direction",no,no,no,no,yes,False
102155728,METROPOLITAN NASHVILLE POLICE DEPT,20180813461,Davidson,Nashville,9/24/2018 9:27:00 AM,2,0,0,36.208240,-86.767400,DICKERSON PKE,,,,0.00,Feet,,GRIZZARD AV,,,,0.00,Y,T-Intersection, ,Intersection,None,,,         ,Nicholas,Silinsky,Rain,Angle,no,no,no,no,no,False
102155732,METROPOLITAN NASHVILLE POLICE DEPT,20180813236,Davidson,Nashville,9/24/2018 6:20:00 AM,2,0,0,36.030660,-86.783580,I 65,,,,0.00,,,,,,,74.00,N,Not at Intersection,N,Non-Junction,None,,,         ,Jon,Mcvey,Rain,Front to Rear,no,no,no,no,no,False
102155733,METROPOLITAN NASHVILLE POLICE DEPT,20180813759,Davidson,Nashville,9/24/2018 10:55:00 AM,3,1,0,36.126360,-86.903600,I 40,,,,0.00,,,,,,,200.65,N,Not at Intersection,N,Non-Junction,None,,,         ,Curtis,Rich,Rain,Angle,no,no,no,no,no,False
102155734,METROPOLITAN NASHVILLE POLICE DEPT,20180813763,Davidson,Nashville,9/24/2018 10:51:00 AM,2,1,0,36.111550,-86.773400,FRANKLIN PKE,,,,28.00,Feet,South,FRANKLIN PKE SB ENT RAMP,,,,0.00,N,Not at Intersection,N,Non-Junction,None,,,         ,Phillip,Murphy,Cloudy,Front to Rear,no,no,no,no,no,False
102155737,METROPOLITAN NASHVILLE POLICE DEPT,20180813812,Davidson,Nashville,9/24/2018 11:05:00 AM,2,0,0,36.140140,-86.879230,RUSSLEO DR,,,,0.00,Feet,North,CHARLOTTE PKE,,,,0.00,N,Not at Intersection, ,Non-Junction,None,,,         ,Douglas,Atwood,Rain,Angle,no,no,no,no,no,False
102155745,METROPOLITAN NASHVILLE POLICE DEPT,20180813497,Davidson,Nashville,9/24/2018 8:40:00 AM,2,2,0,36.172930,-86.600940,CENTRAL PKE,,,,0.00,Feet,,BURNING TREE DR,,,,0.00,Y,T-Intersection,N,Intersection,None,,,         ,Michael,Dance,Rain,Angle,no,no,no,no,no,False
102155754,METROPOLITAN NASHVILLE POLICE DEPT,20180813484,Davidson,Nashville,9/24/2018 8:06:00 AM,2,0,0,36.098170,-86.822470,HILLSBORO PKE,,,,370.00,Feet,East,BURTON HILLS BLVD,,,,0.00,N,Not at Intersection, ,Non-Junction,None,,,         ,Phillip,Murphy,Cloudy,Front to Rear,no,no,no,no,no,False