master_record_number,agency,agency_tracking_number,county,city,collision_date,vehicles_involved,number_injured,number_dead,latitude,longitude,roadway_name,roadway_suffix,roadway_number,roadway_local_id,distance_from_reference,miles-feet_indicator,direction_from_reference,intersection_road_name,intersection_road_name_suffix,intersection_road_number,intersection_local_id,mile_marker,intersection_indicator,intersect_type,interchange_related_indicator,relation_to_junction,work_zone_type,construction_maintenance_zone,construction_maintenance_zone_location,fatal_case_number,officer_first_name,officer_last_name,weather_condition(s),manner_of_crash,pedestrian,bicycle,scooter,parking,hitrun,mou
102158967,METROPOLITAN NASHVILLE POLICE DEPT,20180823287,Davidson,Nashville,9/27/2018 10:20:00 AM,1,0,0,36.069750,-86.689610,I 24,,,,0.00,,,,,,,57.00,N,Not at Intersection,N,Non-Junction,None,,,         ,Alex,Moore,Rain,Not Collision with Motor Vehicle in Transport,no,no,no,no,no,False
102158968,METROPOLITAN NASHVILLE POLICE DEPT,20180823231,Davidson,Nashville,9/27/2018 9:55:00 AM,2,1,0,36.133200,-86.726880,I24E,,,,74.00,Feet,East,I24 W EXT RAMP,,,,0.00,N,Not at Intersection,N,Non-Junction,None,,,         ,James,Thomas,Rain,Front to Rear,no,no,no,no,no,False
102158969,METROPOLITAN NASHVILLE POLICE DEPT,20180823321,Davidson,Nashville,9/27/2018 10:40:00 AM,2,0,0,36.087660,-86.692400,ANTIOCH PKE,,,,101.00,Feet,North,HARDING PL,,,,0.00,N,Not at Intersection, ,Non-Junction,None,,,         ,Jessie,Meadows,Rain,Front to Rear,no,no,no,no,no,False
102158970,METROPOLITAN NASHVILLE POLICE DEPT,20180822855,Davidson,Nashville,9/27/2018 6:47:00 AM,2,0,0,36.037250,-86.645800,I 24,,,,0.00,,,,,,,60.30,N,Not at Intersection,N,Non-Junction,None,,,         ,Ryan,Howard,Rain,Front to Rear,no,no,no,no,no,False
102158972,METROPOLITAN NASHVILLE POLICE DEPT,2018 0823300,Davidson,Nashville,9/27/2018 10:20:00 AM,3,0,0,36.128330,-86.842460,HARDING PKE,,,,501.00,Feet,East,WOODLAWN DR,,,,0.00,N,Not at Intersection, ,Non-Junction,None,,,         ,Paul,Junkmann,Rain,Front to Rear,no,no,no,no,no,False
102158994,METROPOLITAN NASHVILLE POLICE DEPT,20180823378,Davidson,Nashville,9/27/2018 10:55:00 AM,1,0,0,36.159030,-86.773310,2ND AVS,,,,0.00,,,MOLLOY ST,,,,0.00,Y,Four-Way, ,Non-Junction,Work Zone,,,         ,James,Thornton,Rain,Not Collision with Motor Vehicle in Transport,no,no,no,no,no,False
102159006,METROPOLITAN NASHVILLE POLICE DEPT,20180823507,Davidson,Nashville,9/27/2018 12:03:00 PM,1,1,0,36.215230,-86.589290,LEBANON PKE,,,,239.00,Feet,West,BIG HORN DR,,,,0.00,N,Not at Intersection,N,Non-Junction,None,,,         ,Thomas,Odom,Rain,Not Collision with Motor Vehicle in Transport,yes,no,no,no,yes,False
102159008,METROPOLITAN NASHVILLE POLICE DEPT,20180823085,Davidson,Nashville,9/27/2018 9:00:00 AM,2,0,0,36.044700,-86.661530,CANE RIDGE RD,,,,26.00,Feet,South,BELL RD,,,,0.00,N,Not at Intersection, ,,None,,,         ,Amy,Hirschmann,,,no,no,no,no,no,False
102159019,METROPOLITAN NASHVILLE POLICE DEPT,20180823349,Davidson,Nashville,9/27/2018 10:43:00 AM,2,0,0,36.141850,-86.741480,MURFREESBORO PKE,,,,76.00,Feet,East,CLEVELAND AV,,,,0.00,N,Not at Intersection, ,Non-Junction,None,,,         ,Jessie,Meadows,Rain,Angle,no,no,no,no,no,False
102159038,METROPOLITAN NASHVILLE POLICE DEPT,20180823519,Davidson,Nashville,9/27/2018 12:05:00 PM,2,0,0,36.181000,-86.787410,VAN BUREN ST,,,,37.00,Feet,West,2ND AVN,,,,0.00,N,Not at Intersection, ,,None,,,         ,Kyle,Eicholtz,,,no,no,no,no,no,False
102159047,METROPOLITAN NASHVILLE POLICE DEPT,20180823286,Davidson,Nashville,9/27/2018 10:15:00 AM,1,1,0,36.185910,-86.823320,ED TEMPLE BLVD,,,,98.00,Feet,South,TSU CONNECTOR,,,,0.00,N,Not at Intersection,N,Non-Junction,None,,,         ,David,Crisman,Rain,Not Collision with Motor Vehicle in Transport,no,no,no,no,no,False
102159056,METROPOLITAN NASHVILLE POLICE DEPT,20180823460,Davidson,Nashville,9/27/2018 11:40:00 AM,2,0,0,36.257850,-86.738440,I 65,,,,0.00,,,,,,,91.80,N,Not at Intersection, ,Non-Junction,None,,,         ,Derek,Sibley,Rain,Front to Rear,no,no,no,no,no,False
102159057,METROPOLITAN NASHVILLE POLICE DEPT,20180823431,Davidson,Nashville,9/27/2018 11:30:00 AM,2,0,0,36.155290,-86.812060,CHARLOTTE AV,,,,0.00,,,25TH AVN,,,,0.00,Y,T-Intersection,N,Intersection-Related,None,,,         ,Jon,Mcvey,Rain,Front to Rear,no,no,no,no,yes,False
102159086,METROPOLITAN NASHVILLE POLICE DEPT,20180823413,Davidson,Nashville,9/27/2018 11:05:00 AM,2,0,0,36.259320,-86.757780,DICKERSON PKE,,,,0.00,,,VILLAGE HILLS PVTDR,,,,0.00,Y,T-Intersection, ,Intersection,None,,,         ,Cyretha,Frazier,Rain,Angle,no,no,no,no,no,False
102159087,METROPOLITAN NASHVILLE POLICE DEPT,20180823490,Davidson,Nashville,9/27/2018 11:28:00 AM,2,0,0,36.085200,-86.698790,I24 W EXT RAMP,,,,0.00,Feet,East,I 24,,,,0.00,N,Not at Intersection,N,Non-Junction,None,,,         ,Jessie,Meadows,Rain,"Sideswipe, Same Direction",no,no,no,no,yes,False
102159120,METROPOLITAN NASHVILLE POLICE DEPT,20180823613,Davidson,Nashville,9/27/2018 12:28:00 PM,2,0,0,36.076890,-86.758900,TROUSDALE DR,,,,348.00,Feet,South,BRIARWOOD DR,,,,0.00,N,Not at Intersection,N,Non-Junction,None,,,         ,Samuel,Miller,Rain,Angle,no,no,no,no,no,False
102159125,METROPOLITAN NASHVILLE POLICE DEPT,20180823639,Davidson,Nashville,9/27/2018 12:51:00 PM,2,0,0,36.124290,-86.696340,BRILEY PKWY,,,,0.00,,,VULTEE BLVD,,,,0.00,Y,Four-Way, ,Intersection,None,,,         ,Michael,Dance,Rain,Angle,no,no,no,no,no,False
102159150,METROPOLITAN NASHVILLE POLICE DEPT,20180823561,Davidson,Nashville,9/27/2018 12:21:00 PM,2,0,0,36.133930,-86.799890,20TH AVS,,,,243.00,Feet,South,MAGNOLIA BLVD,,,,0.00,N,Not at Intersection, ,"Driveway, Alley Access, etc",None,,,         ,Phillip,Murphy,Rain,Rear to Side,no,no,no,no,no,False
102159152,METROPOLITAN NASHVILLE POLICE DEPT,20180823777,Davidson,Nashville,9/27/2018 1:51:00 PM,2,0,0,36.177500,-86.794280,ROSA L PARKS BLVD,,,,247.00,Feet,South,CHEATHAM PL,,,,0.00,N,Not at Intersection, ,Non-Junction,None,,,         ,Adam,Warren,Cloudy,"Sideswipe, Same Direction",no,no,no,no,yes,False
102159155,METROPOLITAN NASHVILLE POLICE DEPT,20180823642,Davidson,Nashville,9/27/2018 12:45:00 PM,4,2,0,36.229610,-86.759240,DICKERSON PKE,,,,86.00,Feet,North,BROADMOOR DR,,,,0.00,N,Not at Intersection,N,Non-Junction,None,,,         ,Russell,Freeman,Cloudy,Front to Rear,no,no,no,no,yes,False
102159180,METROPOLITAN NASHVILLE POLICE DEPT,20180823766,Davidson,Nashville,9/27/2018 1:44:00 PM,2,0,0,36.095320,-86.763000,I 65,,,,0.00,,,,,,,78.70,N,Not at Intersection,N,Non-Junction,None,,,         ,Justin,Pinkelton,Cloudy,"Sideswipe, Same Direction",no,no,no,no,yes,False
102159197,METROPOLITAN NASHVILLE POLICE DEPT,20180823648,Davidson,Nashville,9/27/2018 12:57:00 PM,1,1,0,36.318290,-86.813330,CROCKER SPRINGS RD,,,,279.00,Feet,North,CROCKER SPRINGS RD PVTDR,,,,0.00,N,Not at Intersection,N,Non-Junction,None,,,         ,Cyretha,Frazier,,Not Collision with Motor Vehicle in Transport,no,no,no,no,no,False
102159215,METROPOLITAN NASHVILLE POLICE DEPT,20180823755,Davidson,Madison,9/27/2018 1:30:00 PM,1,0,0,36.267940,-86.703410,N DUPONT AV,,,,0.00,,,DELAWARE AV,,,,0.00,Y,T-Intersection,Y,Intersection,None,,,         ,Samuel,Kersten,Rain,Not Collision with Motor Vehicle in Transport,no,no,no,no,yes,False
102159239,THP District 9 - Administrative,318064681,Davidson,Nashville,9/25/2018 4:34:00 PM,2,0,0,36.189550,-86.897870,COCKRILL BEND BLVD,,,,0.00,Feet,West,CENTENNIAL BLVD,,,,0.00,N,Not at Intersection, ,Non-Junction,None,,,         ,Trent,Sutherland,Clear,"Sideswipe, Opposite Direction",no,no,no,yes,no,False
102159250,VANDERBILT UNIVERSITY POLICE,20180823367,Davidson,Nashville,9/27/2018 10:30:00 AM,4,0,0,36.110720,-86.766470,POWELL AV,,,,0.00,,,,,,,0.00,,,N,"Driveway, Alley Access, etc",None,,,         ,Fred,Oakley,Rain,Angle,no,no,no,yes,no,OHO
102159253,METROPOLITAN NASHVILLE POLICE DEPT,20180823615,Davidson,Nashville,9/27/2018 12:49:00 PM,2,0,0,36.142610,-86.743780,MURFREESBORO PKE,,,,185.00,Feet,East,FESSLERS LN,,,,0.00,N,Not at Intersection, ,Non-Junction,None,,,         ,Jessie,Meadows,Rain,"Sideswipe, Same Direction",no,no,no,no,no,False
102159254,METROPOLITAN NASHVILLE POLICE DEPT,20180823819,Davidson,Nashville,9/27/2018 1:50:00 PM,2,0,0,36.046630,-86.683430,BRENTRIDGE DR,,,,40.00,Feet,North,BELL RD,,,,0.00,N,Not at Intersection, ,Non-Junction,None,,,         ,Jessie,Meadows,Rain,Angle,no,no,no,no,no,False
102159260,METROPOLITAN NASHVILLE POLICE DEPT,20180823579,Davidson,Nashville,9/27/2018 12:18:00 PM,2,0,0,36.044950,-86.659750,I24 E EXT RAMP,,,,0.00,,,BELL RD,,,,0.00,Y,T-Intersection,N,Intersection-Related,Work Zone,Lane Shift-Crossover,Advanced Warning Area,         ,Alex,Moore,Cloudy,"Sideswipe, Same Direction",no,no,no,no,no,False
102159287,METROPOLITAN NASHVILLE POLICE DEPT,20180823735,Davidson,Nashville,9/27/2018 1:28:00 PM,2,0,0,36.124240,-86.811660,I 440,,,,0.00,,,,,,,2.50,N,Not at Intersection,N,Non-Junction,None,,,         ,Jon,Mcvey,Cloudy,"Sideswipe, Same Direction",no,no,no,no,no,False
102159290,METROPOLITAN NASHVILLE POLICE DEPT,20180821558,Davidson,Nashville,9/26/2018 8:56:00 PM,2,0,0,36.172470,-86.769730,INTERSTATE DR,,,,63.00,Feet,South,HOWERTON ST,,,,0.00,N,Not at Intersection, ,,None,,,         ,Timothy,Mead,,,no,no,no,no,no,False
102159314,METROPOLITAN NASHVILLE POLICE DEPT,20180824024,Davidson,Nashville,9/27/2018 3:30:00 PM,2,0,0,36.105620,-86.671800,MURFREESBORO PKE,,,,0.00,,,EZELL PKE,,,,0.00,Y,T-Intersection, ,Intersection,None,,,         ,Andrew,Brazee,Cloudy,Front to Rear,no,no,no,no,no,False
102159334,METROPOLITAN NASHVILLE POLICE DEPT,20180824117,Davidson,Nashville,9/27/2018 3:50:00 PM,2,0,0,36.202090,-86.776620,I 65,,,,0.00,,,,,,,87.00,N,Not at Intersection, ,,None,,,         ,Riley,Brewer,,,no,no,no,no,no,False
102159336,METROPOLITAN NASHVILLE POLICE DEPT,20180823906,Davidson,Nashville,9/27/2018 12:00:00 AM,2,0,0,36.223120,-86.806120,LANE DR,,,,76.00,Feet,West,WHITES CREEK PKE,,,,0.00,N,Not at Intersection, ,Non-Junction,None,,,         ,Melvin,Taylor,Clear,Front to Rear,no,no,no,no,yes,False
102159339,METROPOLITAN NASHVILLE POLICE DEPT,20180824118,Davidson,Nashville,9/27/2018 3:55:00 PM,2,0,0,36.114310,-86.772810,I 65,,,,0.00,,,,,,,80.10,N,Not at Intersection, ,Non-Junction,None,,,         ,Conor,Cronin,Clear,"Sideswipe, Same Direction",no,no,no,no,no,False
102159347,METROPOLITAN NASHVILLE POLICE DEPT,20180824104,Davidson,Nashville,9/27/2018 4:04:00 PM,2,0,0,36.248600,-86.728630,DUE WEST AVW,,,,0.00,,,SAUNDERS AV,,,,0.00,Y,Four-Way, ,,None,,,         ,Christopher,Littles,,,no,no,no,no,no,False
102159348,METROPOLITAN NASHVILLE POLICE DEPT,20180824185,Davidson,Nashville,9/27/2018 4:31:00 PM,2,0,0,36.247570,-86.720620,GALLATIN PKES,,,,200.00,Feet,South,DUE WEST AVW,,,,0.00,N,Not at Intersection, ,Non-Junction,None,,,         ,Christopher,Littles,Cloudy,"Sideswipe, Same Direction",no,no,no,no,no,False
102159349,METROPOLITAN NASHVILLE POLICE DEPT,20180824108,Davidson,Nashville,9/27/2018 3:54:00 PM,2,0,0,36.187890,-86.614060,OLD HICKORY BLVD,,,,592.00,Feet,West,OLD LEBANON DIRT RD,,,,0.00,N,Not at Intersection,N,Non-Junction,None,,,         ,Tyler,Hall,Cloudy,"Sideswipe, Same Direction",no,no,no,no,yes,False
102159350,METROPOLITAN NASHVILLE POLICE DEPT,20180824020,Davidson,Nashville,9/27/2018 3:41:00 PM,2,1,0,36.091920,-86.877690,CHEEK RD,,,,8.00,Feet,East,HIGHWAY 100,,,,0.00,N,Not at Intersection,N,Non-Junction,None,,,         ,Joshua,Asbell,Cloudy,Front to Rear,no,no,no,no,no,False
102159362,METROPOLITAN NASHVILLE POLICE DEPT,20180824152,Davidson,Nashville,9/27/2018 3:22:00 PM,2,1,0,36.170410,-86.797820,I 40,,,,0.00,,,,,,,208.00,N,Not at Intersection,N,Non-Junction,None,,,         ,Amery,Milligan,Cloudy,Front to Rear,no,no,no,no,no,False
102159373,METROPOLITAN NASHVILLE POLICE DEPT,20180823890,Davidson,Nashville,9/27/2018 1:49:00 PM,2,0,0,36.149920,-86.796740,DIVISION ST,,,,0.00,,,LYLE AV,,,,0.00,Y,T-Intersection, ,Non-Junction,None,,,         ,Akira,McSwain,Clear,Angle,no,no,no,no,no,False
102159374,METROPOLITAN NASHVILLE POLICE DEPT,20180823956,Davidson,Nashville,9/27/2018 2:32:00 PM,2,0,0,36.142000,-86.785520,11TH AVS,,,,113.00,Feet,South,EDGEHILL AV,,,,0.00,N,Not at Intersection,N,Non-Junction,None,,,         ,Akira,McSwain,Clear,Angle,no,no,no,no,yes,False
102159375,METROPOLITAN NASHVILLE POLICE DEPT,20180824074,Davidson,Nashville,9/27/2018 3:30:00 PM,2,0,0,36.053480,-86.715930,BREWER DR,,,,276.00,Feet,West,NOLENSVILLE PKE,,,,0.00,N,Not at Intersection, ,,None,,,         ,Akira,McSwain,,,no,no,no,no,no,False
102159383,METROPOLITAN NASHVILLE POLICE DEPT,20180824268,Davidson,Nashville,9/27/2018 4:34:00 PM,2,0,0,36.153920,-86.842430,I 40,,,,0.00,,,,,,,204.80,N,Not at Intersection, ,Non-Junction,None,,,         ,Torian,Cox,Cloudy,Front to Rear,no,no,no,no,no,False
102159390,METROPOLITAN NASHVILLE POLICE DEPT,20180824354,Davidson,Nashville,9/27/2018 3:40:00 PM,1,0,0,36.194560,-86.747320,STROUSE AV,,,,136.00,Feet,East,EMMETT AV,,,,0.00,N,Not at Intersection, ,,None,,,         ,Kevin,Clausius,,,no,no,no,no,no,False
102159407,METROPOLITAN NASHVILLE POLICE DEPT,20180824223,Davidson,Nashville,9/27/2018 4:35:00 PM,2,0,0,36.148890,-86.782450,I 40,,,,0.00,,,,,,,209.70,N,Not at Intersection,N,Non-Junction,None,,,         ,Eric,Burford,Clear,Front to Rear,no,no,no,no,no,False
102159409,METROPOLITAN NASHVILLE POLICE DEPT,20180824325,Davidson,Nashville,9/27/2018 5:37:00 PM,2,0,0,36.140640,-86.725260,I 40,,,,0.00,,,,,,,213.40,N,Not at Intersection, ,Non-Junction,None,,,         ,Samuel,Sundra,Clear,Front to Rear,no,no,no,no,no,False
102159411,METROPOLITAN NASHVILLE POLICE DEPT,20180824330,Davidson,Nashville,9/27/2018 5:39:00 PM,2,0,0,36.106750,-86.813320,HILLSBORO PKE,,,,365.00,Feet,North,ABBOTT MARTIN RD,,,,0.00,N,Not at Intersection, ,Non-Junction,None,,,         ,Gabriel,Vasquez,Clear,Angle,no,no,no,no,no,False
102159412,METROPOLITAN NASHVILLE POLICE DEPT,20180824221,Davidson,Nashville,9/27/2018 4:41:00 PM,2,0,0,36.140770,-86.720030,I 40,,,,0.00,,,,,,,213.65,N,Not at Intersection,N,Non-Junction,None,,,         ,Andrew,Brazee,Cloudy,Front to Rear,no,no,no,no,yes,False
102159420,METROPOLITAN NASHVILLE POLICE DEPT,20180824160,Davidson,Nashville,9/27/2018 4:25:00 PM,2,1,0,36.076170,-86.915850,CHIMNEY HL,,,,0.00,Feet,East,HIGHWAY 70S,,,,0.00,N,Not at Intersection,N,Non-Junction,None,,,         ,Ryan,Ludvigson,Cloudy,Front to Rear,no,no,no,no,no,False
102159438,METROPOLITAN NASHVILLE POLICE DEPT,20180824279,Davidson,Nashville,9/27/2018 5:12:00 PM,2,1,0,36.153300,-86.772180,4TH AVS,,,,0.00,,,ELM ST,,,,0.00,Y,Four-Way, ,Intersection-Related,None,,,         ,Joshua,Reece,Cloudy,Angle,no,no,no,no,no,False
102159448,Nashville Airport Police,2018-03878,Davidson,Nashville,9/27/2018 5:09:00 PM,2,0,0,36.135180,-86.667880,TERMINAL DR,,,,371.00,Feet,South,I40 E EXT RAMP,,,,0.00,N,Not at Intersection, ,Non-Junction,None,,,         ,Steve,Wright,Clear,Front to Rear,no,no,no,no,no,False
102159450,METROPOLITAN NASHVILLE POLICE DEPT,20180824208,Davidson,Nashville,9/27/2018 4:33:00 PM,2,0,0,36.169920,-86.766830,I 24,,,,0.00,,,,,,,48.70,N,Not at Intersection, ,Non-Junction,None,,,         ,Barrett,Teague,Clear,Front to Rear,no,no,no,no,no,False
102159462,THP District 9 - Administrative,318064674,Davidson,Antioch,9/25/2018 3:56:00 PM,2,2,0,36.046430,-86.654700,HICKORY HOLLOW PKWY,,,,0.00,,,HICKORY HOLLOW LN,,,,0.00,Y,Four-Way,N,Intersection-Related,None,,,         ,Michael,Morgan,Clear,Angle,no,no,no,no,no,False
102159466,METROPOLITAN NASHVILLE POLICE DEPT,20180824359,Davidson,Nashville,9/27/2018 5:49:00 PM,2,1,0,36.065740,-86.629470,MURFREESBORO PKE,,,,0.00,,,HAMILTON CROSSINGS,,,,0.00,Y,T-Intersection, ,Intersection-Related,None,,,         ,Nathaniel,Myers,Clear,Angle,no,no,no,no,no,False
102159467,METROPOLITAN NASHVILLE POLICE DEPT,20180824412,Davidson,Nashville,9/27/2018 6:05:00 PM,2,0,0,36.235890,-86.781170,RICHMOND HILL DR,,,,0.00,,,BRICK CHURCH PKE,,,,0.00,Y,Four-Way, ,Intersection,None,,,         ,Christopher,Littles,Cloudy,Front to Rear,no,no,no,no,no,False
102159468,METROPOLITAN NASHVILLE POLICE DEPT,20180824472,Davidson,Nashville,9/27/2018 6:22:00 PM,1,0,0,36.245320,-86.679300,NEELYS BEND RD,,,,80.00,Feet,North,RIVER PASS,,,,0.00,N,Not at Intersection, ,Non-Junction,None,,,         ,Christopher,Littles,Cloudy,Not Collision with Motor Vehicle in Transport,no,no,no,no,no,False
102159469,METROPOLITAN NASHVILLE POLICE DEPT,20180824520,Davidson,Goodlettsville,9/27/2018 6:56:00 PM,2,0,0,36.294920,-86.700940,RIVERGATE STATION PVTDR,,,,0.00,,,GALLATIN PKEN,,,,0.00,Y,Four-Way,N,Intersection,None,,,         ,Christopher,Littles,Cloudy,"Sideswipe, Same Direction",no,no,no,no,yes,False
102159477,METROPOLITAN NASHVILLE POLICE DEPT,20180824225,Davidson,Nashville,9/27/2018 12:00:00 AM,2,1,0,36.167370,-86.816020,I 40,,,,0.00,,,,,,,206.75,N,Not at Intersection,N,Non-Junction,None,,,         ,Melvin,Taylor,Clear,Angle,no,no,no,no,no,False
102159478,METROPOLITAN NASHVILLE POLICE DEPT,20180824402,Davidson,Nashville,9/27/2018 12:00:00 AM,2,0,0,36.177240,-86.787820,MONROE ST,,,,21.00,Feet,West,4TH AVN,,,,0.00,N,Not at Intersection, ,Non-Junction,None,,,         ,Melvin,Taylor,Clear,"Sideswipe, Same Direction",no,no,no,no,no,False
102159505,METROPOLITAN NASHVILLE POLICE DEPT,20180824431,Davidson,Nashville,9/27/2018 5:48:00 PM,3,1,0,36.060500,-86.903580,OLD HICKORY BLVD,,,,728.00,Feet,South,HIGHWAY 100,,,,0.00,N,Not at Intersection,N,Non-Junction,None,,,         ,Joshua,Asbell,Cloudy,Front to Rear,no,no,no,no,no,False
102159527,METROPOLITAN NASHVILLE POLICE DEPT,20180824686,Davidson,Not in City Limit,9/27/2018 7:47:00 PM,2,0,0,36.086600,-86.936950,HICKS RD,,,,0.00,,,SAWYER BROWN RD,,,,0.00,Y,Four-Way, ,Intersection,None,,,         ,Ryan,Ludvigson,Cloudy,Angle,no,no,no,no,no,False
102159531,METROPOLITAN NASHVILLE POLICE DEPT,20180824717,Davidson,Not in City Limit,9/27/2018 8:10:00 PM,2,0,0,36.268480,-86.718570,WILLIAMS VALLEY DR,,,,200.00,Feet,North,WILLIAMS AV,,,,0.00,N,Not at Intersection,N,Non-Junction,None,,,         ,Christopher,Littles,Cloudy,Rear to Rear,no,no,no,no,yes,False
102159536,METROPOLITAN NASHVILLE POLICE DEPT,20180824480,Davidson,Nashville,9/27/2018 6:35:00 PM,3,1,0,36.232350,-86.724800,GALLATIN PKE,,,,0.00,,,INGLEWOOD DR,,,,0.00,Y,T-Intersection,N,Intersection,None,,,         ,Alexander,Georgeson,Clear,Angle,no,no,no,no,no,False
102159541,METROPOLITAN NASHVILLE POLICE DEPT,20180824247,Davidson,Nashville,9/27/2018 4:55:00 PM,2,3,0,36.154960,-86.665270,LAKELAND DR,,,,0.00,,,DONELSON PKE,,,,0.00,Y,Four-Way,Y,Intersection,None,,,         ,Allyson,Reis,Clear,Angle,no,no,no,no,no,False
102159542,METROPOLITAN NASHVILLE POLICE DEPT,20180824458,Davidson,Nashville,9/27/2018 6:22:00 PM,2,0,0,36.072460,-86.769560,I 65,,,,0.00,,,,,,,77.10,N,Not at Intersection, ,Non-Junction,None,,,         ,Akira,McSwain,Clear,"Sideswipe, Same Direction",no,no,no,no,no,False
102159543,METROPOLITAN NASHVILLE POLICE DEPT,20180824667,Davidson,Nashville,9/27/2018 7:00:00 PM,2,0,0,36.153470,-86.792330,16TH AVS,,,,88.00,Feet,North,MCGAVOCK ST,,,,0.00,N,Not at Intersection,N,Non-Junction,None,,,         ,Akira,McSwain,Clear,Angle,no,no,no,yes,yes,False
102159548,METROPOLITAN NASHVILLE POLICE DEPT,20180824408,Davidson,Not in City Limit,9/27/2018 6:10:00 PM,1,1,0,36.093510,-86.933910,SAWYER BROWN RD,,,,953.00,Feet,South,GLENWOOD TRACE PVTDR,,,,0.00,N,Not at Intersection,N,Non-Junction,None,,,         ,John,Hoesli,Clear,Not Collision with Motor Vehicle in Transport,no,no,no,no,no,False
102159570,METROPOLITAN NASHVILLE POLICE DEPT,20180824692,Davidson,Nashville,9/27/2018 8:15:00 PM,2,1,0,36.038900,-86.677440,BLUE HOLE RD,,,,0.00,,,CRYSTAL BROOK DR,,,,0.00,Y,T-Intersection,N,Non-Junction,None,,,         ,Eric,Wegener,Clear,Front to Rear,no,no,no,no,no,False
102159577,METROPOLITAN NASHVILLE POLICE DEPT,20180824680,Davidson,Not in City Limit,9/27/2018 8:05:00 PM,1,0,0,35.980300,-86.626920,BATTLE RD,,,,1661.00,Feet,South,CAROTHERS RD,,,,0.00,N,Not at Intersection, ,,None,,,         ,Nathaniel,Myers,,,no,no,no,no,no,False
102159579,METROPOLITAN NASHVILLE POLICE DEPT,20180824702,Davidson,Nashville,9/27/2018 6:41:00 PM,2,0,0,36.056080,-86.642090,BELL RD,,,,402.00,Feet,North,THE OVERLOOK PVTDR,,,,0.00,N,Not at Intersection,N,Non-Junction,None,,,         ,Andrew,Brazee,Clear,Front to Rear,no,no,no,no,yes,False
102159580,METROPOLITAN NASHVILLE POLICE DEPT,20180824493,Davidson,Nashville,9/27/2018 7:16:00 PM,1,0,0,36.142140,-86.666410,I40 W EXT RAMP,,,,60.00,Feet,East,I 40,,,,0.00,N,Not at Intersection, ,Entrance/Exit Ramp Related,None,,,         ,Allyson,Reis,Clear,Not Collision with Motor Vehicle in Transport,no,no,no,no,no,False
102159592,METROPOLITAN NASHVILLE POLICE DEPT,20180824666,Davidson,Not in City Limit,9/27/2018 8:08:00 PM,2,3,0,36.329900,-86.896060,I 24,,,,0.00,,,,,,,33.30,N,Not at Intersection,N,Non-Junction,None,,,         ,Andrey,Volfson,Clear,Front to Rear,no,no,no,no,yes,False
102159594,METROPOLITAN NASHVILLE POLICE DEPT,20180824788,Davidson,Nashville,9/27/2018 8:30:00 PM,2,0,0,36.159450,-86.796610,CHARLOTTE AV,,,,0.00,,,16TH AVN,,,,0.00,Y,T-Intersection,N,Intersection-Related,None,,,         ,Eric,Burford,Clear,Front to Rear,no,no,no,no,yes,False
102159603,METROPOLITAN NASHVILLE POLICE DEPT,20180824702,Davidson,Nashville,9/27/2018 8:02:00 PM,1,0,0,36.134670,-86.727300,I24 E ENT RAMP,,,,0.00,Feet,East,I 24,,,,0.00,N,Not at Intersection,N,Entrance/Exit Ramp Related,None,,,         ,Andrew,Brazee,Clear,Not Collision with Motor Vehicle in Transport,no,no,no,no,no,False
102159609,METROPOLITAN NASHVILLE POLICE DEPT,20180823931,Davidson,Nashville,9/27/2018 2:36:00 PM,2,0,0,36.139390,-86.880160,CHARLOTTE PKE,,,,168.00,Feet,East,ANNEX AV,,,,0.00,N,Not at Intersection,N,Non-Junction,None,,,         ,Jeremy,Huffine,Cloudy,Angle,no,no,no,no,no,False
102159645,METROPOLITAN NASHVILLE POLICE DEPT,20180824578,Davidson,Old Hickory,9/27/2018 7:33:00 PM,2,2,0,36.257910,-86.656850,MARTINGALE DR,,,,0.00,,,ROBINSON RD,,,,0.00,Y,Four-Way,Y,Intersection,None,,,         ,Craig,Gentry,Clear,Angle,no,no,no,no,no,False
102159663,METROPOLITAN NASHVILLE POLICE DEPT,20180824912,Davidson,Nashville,9/27/2018 8:35:00 PM,1,0,0,36.147940,-86.680110,PERIMETER PLACE DR,,,,133.00,Feet,North,PERIMETER CT,,,,0.00,N,Not at Intersection,N,Non-Junction,None,,,         ,Jessica,Johann,Cloudy,Not Collision with Motor Vehicle in Transport,no,no,no,no,no,False
102159717,METROPOLITAN NASHVILLE POLICE DEPT,20180824284,Davidson,Old Hickory,9/27/2018 5:00:00 PM,4,3,0,36.257880,-86.656880,MARTINGALE DR,,,,13.00,Feet,South,ROBINSON RD,,,,0.00,N,Not at Intersection,N,Non-Junction,None,,,         ,Marvis,Malone,Cloudy,HeadOn,no,no,no,no,yes,False
102159740,METROPOLITAN NASHVILLE POLICE DEPT,20180825074,Davidson,Nashville,9/27/2018 11:51:00 PM,1,0,0,36.114670,-86.746750,NOLENSVILLE PKE,,,,0.00,,,,,,,0.00,,, ,OtherLocation,None,,,         ,Brian,Theriac,Clear,Not Collision with Motor Vehicle in Transport,no,no,no,yes,no,False
102159758,METROPOLITAN NASHVILLE POLICE DEPT,20180825306,Davidson,Nashville,9/27/2018 11:31:00 PM,1,0,0,36.153800,-86.756970,I 40,,,,0.00,,,,,,,211.15,N,Not at Intersection,N,Non-Junction,None,,,         ,Joseph,Patricio,Clear,Not Collision with Motor Vehicle in Transport,no,no,no,no,no,False