master_record_number,agency,agency_tracking_number,county,city,collision_date,vehicles_involved,number_injured,number_dead,latitude,longitude,roadway_name,roadway_suffix,roadway_number,roadway_local_id,distance_from_reference,miles-feet_indicator,direction_from_reference,intersection_road_name,intersection_road_name_suffix,intersection_road_number,intersection_local_id,mile_marker,intersection_indicator,intersect_type,interchange_related_indicator,relation_to_junction,work_zone_type,construction_maintenance_zone,construction_maintenance_zone_location,fatal_case_number,officer_first_name,officer_last_name,weather_condition(s),manner_of_crash,pedestrian,bicycle,scooter,parking,hitrun,mou
102162345,METROPOLITAN NASHVILLE POLICE DEPT,20180830241,Davidson,Nashville,9/30/2018 3:00:00 AM,2,0,0,36.164870,-86.763710,I 24,,,,0.00,,,,,,,49.10,N,Not at Intersection,N,Non-Junction,None,,,         ,Daniel,Russett,Clear,Front to Rear,no,no,no,no,yes,False
102162355,METROPOLITAN NASHVILLE POLICE DEPT,20180830300,Davidson,Nashville,9/30/2018 3:00:00 AM,2,1,0,36.069000,-86.683740,ANTIOCH PKE,,,,50.00,Feet,South,RICHARDS RD,,,,0.00,N,Not at Intersection,N,Non-Junction,None,,,         ,David,Simmonds,Clear,Angle,no,no,no,no,yes,False
102162360,METROPOLITAN NASHVILLE POLICE DEPT,20180830122,Davidson,Nashville,9/30/2018 1:40:00 AM,2,0,0,36.161830,-86.774100,1ST AVS,,,,165.00,Feet,South,1ST AVN,,,,0.00,N,Not at Intersection, ,Non-Junction,None,,,         ,Damon,Hutcheson,Clear,"Sideswipe, Same Direction",no,no,no,no,no,False
102162403,METROPOLITAN NASHVILLE POLICE DEPT,20180830457,Davidson,Nashville,9/30/2018 6:04:00 AM,2,1,0,36.172420,-86.794810,10TH AVN,,,,0.00,,,JEFFERSON ST,,,,0.00,Y,Four-Way,Y,Intersection,None,,,         ,Myriah,Iles,Clear,Angle,no,no,no,no,yes,False
102162425,METROPOLITAN NASHVILLE POLICE DEPT,20180830580,Davidson,Nashville,9/30/2018 6:10:00 AM,2,0,0,36.150830,-86.804670,ELLISTON PL,,,,51.00,Feet,South,LOUISE AV,,,,0.00,N,Not at Intersection,N,Non-Junction,None,,,         ,David,Lang,Clear,Front to Rear,no,no,no,no,no,Campus
102162427,METROPOLITAN NASHVILLE POLICE DEPT,20180823712,Davidson,Not in City Limit,9/27/2018 1:25:00 PM,2,0,0,36.264960,-86.682220,NASHWOOD PARK APTS PVTDR,,,,511.00,Feet,South,N DUPONT AV,,,,0.00,N,Not at Intersection,N,OtherLocation,None,,,         ,Michelle,Steidl,Cloudy,"Sideswipe, Opposite Direction",no,no,no,yes,yes,False
102162428,METROPOLITAN NASHVILLE POLICE DEPT,20180830621,Davidson,Nashville,9/30/2018 7:41:00 AM,2,0,0,36.093590,-86.678490,DONELSON PKE,,,,303.00,Feet,North,HARDING PL,,,,0.00,N,Not at Intersection, ,Non-Junction,None,,,         ,Jason,Hees,Fog,"Sideswipe, Same Direction",no,no,no,no,yes,False
102162463,METROPOLITAN NASHVILLE POLICE DEPT,20180830631,Davidson,Nashville,9/30/2018 8:01:00 AM,2,0,0,36.191830,-86.781790,I 65,,,,0.00,,,,,,,86.20,N,Not at Intersection,N,Non-Junction,None,,,         ,Robert,Schohn,Clear,Front to Rear,no,no,no,no,no,False
102162468,METROPOLITAN NASHVILLE POLICE DEPT,20180830730,Davidson,Nashville,9/30/2018 9:00:00 AM,2,0,0,36.153270,-86.769560,2ND AVS,,,,0.00,,,ASH ST,,,,0.00,Y,T-Intersection, ,Non-Junction,None,,,         ,Tony,Folad,Clear,"Sideswipe, Same Direction",no,no,no,no,no,False
102162523,METROPOLITAN NASHVILLE POLICE DEPT,20180830833,Davidson,Nashville,9/30/2018 10:10:00 AM,2,0,0,36.153270,-86.769560,2ND AVS,,,,0.00,,,ASH ST,,,,0.00,Y,T-Intersection, ,Non-Junction,None,,,         ,Tony,Folad,Clear,"Sideswipe, Same Direction",no,no,no,no,no,False
102162539,METROPOLITAN NASHVILLE POLICE DEPT,20180830885,Davidson,Nashville,9/30/2018 10:45:00 AM,2,0,0,36.180740,-86.807910,14TH AVN,,,,230.00,Feet,North,BUCHANAN ST,,,,0.00,N,Not at Intersection, ,Non-Junction,None,,,         ,David,Crisman,Clear,Rear to Side,no,no,no,no,no,False
102162554,METROPOLITAN NASHVILLE POLICE DEPT,20180830918,Davidson,Not in City Limit,9/30/2018 11:15:00 AM,2,0,0,36.079620,-86.960000,I 40,,,,0.00,,,,,,,196.10,N,Not at Intersection, ,Entrance/Exit Ramp Related,None,,,         ,Douglas,Atwood,Clear,Front to Rear,no,no,no,no,no,False
102162555,METROPOLITAN NASHVILLE POLICE DEPT,20180830915,Davidson,Nashville,9/30/2018 11:21:00 AM,2,0,0,36.154610,-86.761980,I 40,,,,0.00,,,,,,,210.90,N,Not at Intersection, ,Entrance/Exit Ramp Related,None,,,         ,Tien,Nguyen,Clear,Front to Rear,no,no,no,no,no,False
102162572,METROPOLITAN NASHVILLE POLICE DEPT,20180830859,Davidson,Nashville,9/30/2018 10:28:00 AM,1,0,0,36.141000,-86.719390,I40 W EXT RAMP,,,,0.00,Feet,East,I 40,,,,0.00,N,Not at Intersection,N,Entrance/Exit Ramp Related,None,,,         ,Kelsey,Hemminger,Clear,Not Collision with Motor Vehicle in Transport,no,no,no,no,no,False
102162583,METROPOLITAN NASHVILLE POLICE DEPT,20180830922,Davidson,Nashville,9/30/2018 11:10:00 AM,2,0,0,36.134660,-86.726910,I24E,,,,671.00,Feet,South,I24 W ENT RAMP,,,,0.00,N,Not at Intersection, ,Non-Junction,None,,,         ,Charles,Wakefield,Clear,Front to Rear,no,no,no,no,no,False
102162607,METROPOLITAN NASHVILLE POLICE DEPT,20180830959,Davidson,Nashville,9/30/2018 11:50:00 AM,2,1,0,36.042310,-86.726520,WOODLANDS AV,,,,0.00,,,OLD HICKORY BLVD,,,,0.00,Y,Four-Way,N,Intersection,None,,,         ,David,Lang,Clear,Front to Rear,no,no,no,no,no,False
102162609,METROPOLITAN NASHVILLE POLICE DEPT,20180830886,Davidson,Nashville,9/30/2018 10:51:00 AM,2,0,0,36.143730,-86.689230,I 40,,,,0.00,,,,,,,215.35,N,Not at Intersection, ,Non-Junction,None,,,         ,Zachary,Scott,Clear,Front to Rear,no,no,no,no,no,False
102162613,METROPOLITAN NASHVILLE POLICE DEPT,20180830992,Davidson,Nashville,9/30/2018 12:06:00 PM,2,0,0,36.207820,-86.776310,I 65,,,,0.00,,,,,,,87.40,N,Not at Intersection, ,Non-Junction,None,,,         ,Royce,McLester,Clear,Front to Rear,no,no,no,no,no,False
102162615,METROPOLITAN NASHVILLE POLICE DEPT,20180830790,Davidson,Nashville,9/30/2018 9:49:00 AM,2,4,0,36.077090,-86.725560,EDMONDSON PKE,,,,0.00,,North,WALLACE RD,,,,0.00,N,Not at Intersection,N,Non-Junction,None,,,         ,Nopel,Stella,Clear,Front to Rear,no,no,no,no,no,False
102162618,METROPOLITAN NASHVILLE POLICE DEPT,20180830901,Davidson,Nashville,9/30/2018 11:10:00 AM,2,0,0,36.073100,-86.920660,OLD HICKORY BLVD,,,,13.00,Feet,South,BELLEVUE VALLEY PLAZA PVTDR,,,,0.00,N,Not at Intersection,N,Non-Junction,None,,,         ,Jack,Crouch,Clear,"Sideswipe, Same Direction",no,no,no,no,no,False
102162620,METROPOLITAN NASHVILLE POLICE DEPT,20180831044,Davidson,Nashville,9/30/2018 1:01:00 PM,2,0,0,36.157870,-86.791540,I40 E ENT RAMP,,,,0.00,,,I 40,,,,0.00,Y,Y-Intersection, ,Non-Junction,None,,,         ,Randy,Puckett,Clear,"Sideswipe, Same Direction",no,no,no,no,yes,False
102162655,METROPOLITAN NASHVILLE POLICE DEPT,20180830938,Davidson,Nashville,9/30/2018 10:36:00 AM,2,0,0,36.244520,-86.722460,LAKEWOOD DR,,,,0.00,,,GALLATIN PKES,,,,0.00,Y,T-Intersection,N,Intersection,None,,,         ,Michelle,Steidl,Clear,Front to Rear,no,no,no,no,no,False
102162671,METROPOLITAN NASHVILLE POLICE DEPT,20180831009,Davidson,Not in City Limit,9/30/2018 12:38:00 PM,1,0,0,36.074020,-86.972400,I 40,,,,0.00,,,,,,,195.30,N,Not at Intersection,N,Non-Junction,None,,,         ,Douglas,Atwood,Clear,Not Collision with Motor Vehicle in Transport,no,no,no,no,no,False
102162674,METROPOLITAN NASHVILLE POLICE DEPT,20180831104,Davidson,Nashville,9/30/2018 1:41:00 PM,2,0,0,36.130290,-86.899940,CHARLOTTE PKE,,,,0.00,,,I40 W EXT RAMP,,,,0.00,Y,T-Intersection, ,,None,,,         ,Benjamin,Cantrell,,,no,no,no,no,no,False
102162678,METROPOLITAN NASHVILLE POLICE DEPT,2018-0830994,Davidson,Nashville,9/30/2018 12:15:00 PM,2,0,0,36.140990,-86.717780,I 40,,,,0.00,,,,,,,213.75,N,Not at Intersection,N,Non-Junction,None,,,         ,Calvin,Graham,Clear,"Sideswipe, Same Direction",no,no,no,no,no,False
102162687,METROPOLITAN NASHVILLE POLICE DEPT,20180830920,Davidson,Nashville,9/30/2018 11:23:00 AM,2,0,0,36.134500,-86.726910,I24E,,,,713.00,Feet,South,I24 E ENT RAMP,,,,0.00,N,Not at Intersection, ,,None,,,         ,Amy,Hirschmann,,,no,no,no,no,no,False
102162695,METROPOLITAN NASHVILLE POLICE DEPT,20180831008,Davidson,Nashville,9/30/2018 12:05:00 PM,2,1,0,36.070640,-86.634820,MURFREESBORO PKE,,,,602.00,Feet,South,BELL RD,,,,0.00,N,Not at Intersection,N,Non-Junction,None,,,         ,Honorio,Canchola,Clear,Angle,no,no,no,no,no,False
102162713,METROPOLITAN NASHVILLE POLICE DEPT,20180831047,Davidson,Nashville,9/30/2018 1:00:00 PM,2,3,0,36.090460,-86.627020,SMITH SPRINGS RD,,,,161.00,Feet,West,BELL RD,,,,0.00,N,Not at Intersection,N,Non-Junction,None,,,         ,Garrett,Reingardt,Clear,Angle,no,no,no,no,no,False
102162714,METROPOLITAN NASHVILLE POLICE DEPT,20180831076,Davidson,Nashville,9/30/2018 12:00:00 AM,1,1,0,36.143790,-86.648320,I 40,,,,0.00,,,,,,,217.30,N,Not at Intersection,N,Non-Junction,None,,,         ,John,Frazier,Clear,Unknown,no,no,no,no,no,False
102162716,METROPOLITAN NASHVILLE POLICE DEPT,20180829658,Davidson,Nashville,9/29/2018 8:28:00 PM,2,2,0,36.232720,-86.824920,BRILEY PKWYW,,,,99.00,Feet,East,BUENA VISTA PKE,,,,0.00,N,Not at Intersection,N,Non-Junction,None,,,         ,Andrey,Volfson,Clear,Front to Rear,no,no,no,no,no,False
102162722,THP District 3 - Nashville,318065559,Davidson,Nashville,9/30/2018 5:41:00 AM,1,0,0,36.189550,-86.897870,COCKRILL BEND BLVD,,,,0.00,Feet,West,CENTENNIAL BLVD,,,,0.00,N,Not at Intersection,N,Non-Junction,None,,,         ,Roberto,Pineda,Fog,Not Collision with Motor Vehicle in Transport,no,no,no,no,no,False
102162763,METROPOLITAN NASHVILLE POLICE DEPT,20180830990,Davidson,Nashville,9/30/2018 12:20:00 PM,2,2,0,36.205860,-86.768290,E TRINITY LN,,,,94.00,Feet,East,W TRINITY LN,,,,0.00,N,Not at Intersection,N,Non-Junction,None,,,         ,Joseph,Progar,Clear,"Sideswipe, Opposite Direction",no,no,no,no,yes,False
102162765,METROPOLITAN NASHVILLE POLICE DEPT,20180831107,Davidson,Nashville,9/30/2018 1:21:00 PM,2,0,0,36.124040,-86.848970,HARDING PKE,,,,0.00,,,ROYAL OAKS CONDOS PVTDR,,,,0.00,Y,OTHER,N,Intersection,None,,,         ,Walter,Gray II,Clear,Angle,no,no,no,no,no,False
102162818,METROPOLITAN NASHVILLE POLICE DEPT,20180831217,Davidson,Nashville,9/30/2018 3:08:00 PM,2,0,0,36.208240,-86.767400,DICKERSON PKE,,,,0.00,,,GRIZZARD AV,,,,0.00,Y,T-Intersection,Y,Intersection,None,,,         ,Riley,Brewer,Clear,HeadOn,no,no,no,no,no,False
102162845,METROPOLITAN NASHVILLE POLICE DEPT,20180831170,Davidson,Nashville,9/30/2018 2:22:00 PM,2,1,0,36.207940,-86.819680,BUENA VISTA PKE,,,,102.00,Feet,North,TAIGANS CT,,,,0.00,N,Not at Intersection,N,Non-Junction,None,,,         ,Bryan,Musgrave,Clear,Angle,no,no,no,no,no,False
102162859,METROPOLITAN NASHVILLE POLICE DEPT,20180831167,Davidson,Nashville,9/30/2018 2:30:00 PM,2,0,0,36.240750,-86.757400,BRILEY PKWY E EXT RAMP,,,,0.00,Feet,,DICKERSON PKE,,,,0.00,Y,T-Intersection, ,Intersection,None,,,         ,Michael,Quinn,Clear,Angle,no,no,no,no,yes,False
102162872,METROPOLITAN NASHVILLE POLICE DEPT,20180831175,Davidson,Nashville,9/30/2018 1:45:00 PM,2,0,0,36.165130,-86.613890,I 40,,,,0.00,,,,,,,220.10,N,Not at Intersection, ,Non-Junction,None,,,         ,Abbey,Sawl,Clear,Not Collision with Motor Vehicle in Transport,no,no,no,no,no,False
102162874,METROPOLITAN NASHVILLE POLICE DEPT,20180829749,Davidson,Goodlettsville,9/29/2018 12:00:00 AM,2,1,0,36.303860,-86.692610,CONFERENCE DR,,,,4.00,Feet,South,THE SHOPPES AT RIVERGATE PVTDR,,,,0.00,N,Not at Intersection,N,Non-Junction,None,,,         ,William,Monaghan,Clear,Angle,no,no,no,no,no,False
102162876,METROPOLITAN NASHVILLE POLICE DEPT,20180831183,Davidson,Nashville,9/30/2018 2:50:00 PM,2,1,0,36.040280,-86.768370,OLD HICKORY BLVD,,,,0.00,,,SEVEN SPRINGS WAY,,,,0.00,Y,Four-Way,N,Intersection,None,,,         ,David,Robberson,Clear,Angle,no,no,no,no,no,False
102162903,METROPOLITAN NASHVILLE POLICE DEPT,20180831233,Davidson,Nashville,9/30/2018 1:30:00 PM,3,0,0,36.056170,-86.741900,EDMONDSON PKE,,,,0.00,,,,,,,0.00,,,N,Non-Junction,None,,,         ,John,Roberson,Clear,Angle,no,no,no,yes,yes,False
102162913,METROPOLITAN NASHVILLE POLICE DEPT,20180831323,Davidson,Nashville,9/30/2018 1:28:00 PM,2,0,0,36.069900,-86.702810,HAYWOOD LN,,,,374.00,Feet,North,LOCUSTWOOD DR,,,,0.00,N,Not at Intersection, ,Non-Junction,None,,,         ,Taylor,Hurley,Clear,"Sideswipe, Opposite Direction",no,no,no,no,no,False
102162917,METROPOLITAN NASHVILLE POLICE DEPT,20180831189,Davidson,Nashville,9/30/2018 1:02:00 PM,1,0,0,36.132140,-86.719380,FOOTHILL CT,,,,123.00,Feet,South,MURFREESBORO PKE,,,,0.00,N,Not at Intersection, ,Non-Junction,None,,,         ,Je-Marc,Sears,Clear,Not Collision with Motor Vehicle in Transport,no,no,no,yes,no,False
102162942,METROPOLITAN NASHVILLE POLICE DEPT,20180831275,Davidson,Nashville,9/30/2018 2:00:00 PM,2,0,0,36.171570,-86.679070,PARK DR,,,,131.00,Feet,East,MCGAVOCK PKE,,,,0.00,N,Not at Intersection,N,Non-Junction,None,,,         ,Corey,Ethridge,Clear,Unknown,no,no,no,yes,yes,False
102162945,METROPOLITAN NASHVILLE POLICE DEPT,20180831296,Davidson,Nashville,9/30/2018 3:46:00 PM,2,0,0,36.183690,-86.747330,EASTLAND AV,,,,0.00,,,GALLATIN AV,,,,0.00,,Not at Intersection, ,Non-Junction,None,,,         ,Marc,Kozen,Clear,Angle,no,no,no,no,no,False
102162951,METROPOLITAN NASHVILLE POLICE DEPT,20180831374,Davidson,Nashville,9/30/2018 12:00:00 AM,2,0,0,36.163800,-86.769900,SHELBY ST PEDESTRIAN BRIDGE GR,,,,159.00,Feet,West,DAVIDSON STREET BIKE CNCTR,,,,0.00,N,Not at Intersection,N,Non-Junction,None,,,         ,Roy,Sain Jr.,Clear,Unknown,no,no,no,yes,yes,False
102162966,METROPOLITAN NASHVILLE POLICE DEPT,20180831380,Davidson,Nashville,9/30/2018 3:10:00 PM,2,0,0,36.147320,-86.798140,GRAND AV,,,,1.00,Feet,East,20TH AVS,,,,0.00,N,Not at Intersection, ,Non-Junction,None,,,         ,Darryl,Williams,Clear,"Sideswipe, Same Direction",no,no,no,no,no,Campus
102162984,VANDERBILT UNIVERSITY POLICE,20180831500,Davidson,Nashville,9/30/2018 5:15:00 PM,2,0,0,36.146520,-86.808820,WEST END AV,,,,0.00,,,,,,,0.00,,, ,Non-Junction,None,,,         ,Joel,Newsom,Clear,Rear to Side,no,no,no,yes,no,Campus
102162999,METROPOLITAN NASHVILLE POLICE DEPT,20180831401,Davidson,Nashville,9/30/2018 4:24:00 PM,2,1,0,36.090330,-86.626500,SMITH SPRINGS RD,,,,0.00,,,BELL RD,,,,0.00,Y,Four-Way,N,Non-Junction,None,,,         ,Brady,Reynolds,Clear,Angle,no,no,no,no,no,False
102163006,METROPOLITAN NASHVILLE POLICE DEPT,20180831497,Davidson,Not in City Limit,9/30/2018 5:45:00 PM,3,1,0,36.073900,-86.926810,HIGHWAY 70S,,,,128.00,Feet,East,WATERFORD CIR,,,,0.00,N,Not at Intersection,N,Non-Junction,None,,,         ,Douglas,Atwood,Clear,Front to Rear,no,no,no,no,no,False
102163007,METROPOLITAN NASHVILLE POLICE DEPT,20180831516,Davidson,Nashville,9/30/2018 5:33:00 PM,4,0,0,36.180450,-86.774220,I 24,,,,0.00,,,,,,,47.65,N,Not at Intersection,N,Non-Junction,None,,,         ,Joseph,Simon,Clear,Front to Rear,no,no,no,no,yes,False
102163011,METROPOLITAN NASHVILLE POLICE DEPT,20180831537,Davidson,Nashville,9/30/2018 4:33:00 PM,2,0,0,36.153330,-86.764060,I 40,,,,0.00,,,,,,,210.75,N,Not at Intersection, ,,None,,,         ,Trenton,Searcy,,,no,no,no,no,no,False
102163036,METROPOLITAN NASHVILLE POLICE DEPT,20180831571,Davidson,Nashville,9/30/2018 6:53:00 PM,2,2,0,36.081100,-86.758360,HARDING PL,,,,0.00,,,TROUSDALE DR,,,,0.00,Y,Four-Way,N,Intersection,None,,,         ,Gabriel,Vasquez,Clear,Angle,no,no,no,no,no,False
102163044,METROPOLITAN NASHVILLE POLICE DEPT,20180831539,Davidson,Nashville,9/30/2018 6:11:00 PM,2,0,0,36.171070,-86.768830,INTERSTATE DR,,,,143.00,Feet,South,JAMES ROBERTSON PKWY,,,,0.00,N,Not at Intersection, ,Non-Junction,None,,,         ,Joseph,Bingham,Clear,Front to Rear,no,no,no,no,no,False
102163051,Bicentennial Capitol Mall State Park,72093018DF01,Davidson,Nashville,9/30/2018 12:30:00 PM,2,1,0,36.168520,-86.786790,7TH AVN,,,,219.00,Feet,North,JAMES ROBERTSON PKWY,,,,0.00,N,Not at Intersection,N,Non-Junction,None,,,         ,Donald,Fend,Clear,Front to Rear,no,no,no,no,no,False
102163052,METROPOLITAN NASHVILLE POLICE DEPT,20180831576,Davidson,Nashville,9/30/2018 6:36:00 PM,2,1,0,36.111340,-86.724420,EAST THOMPSON LN,,,,356.00,Feet,West,I24 E EXT RAMP,,,,0.00,N,Not at Intersection,N,Non-Junction,None,,,         ,Je-Marc,Sears,Clear,Angle,no,no,no,no,yes,False
102163068,METROPOLITAN NASHVILLE POLICE DEPT,20180831338,Davidson,Not in City Limit,9/30/2018 12:00:00 AM,2,1,0,36.018030,-87.030180,HIGHWAY 100,,,,303.00,Feet,East,HIGHWAY 96,,,,0.00,N,Not at Intersection,N,Non-Junction,None,,,         ,Kelby,Dumond,Clear,"Sideswipe, Opposite Direction",no,no,no,no,no,False
102163070,METROPOLITAN NASHVILLE POLICE DEPT,20180831635,Davidson,Nashville,9/30/2018 7:42:00 PM,2,1,0,36.060880,-86.716580,NOLENSVILLE PKE,,,,156.00,Feet,South,MCMURRAY DR,,,,0.00,N,Not at Intersection,N,Non-Junction,None,,,         ,Randall,Ward,Clear,Front to Rear,no,no,no,no,no,False
102163118,METROPOLITAN NASHVILLE POLICE DEPT,20180831346,Davidson,Nashville,9/30/2018 4:22:00 PM,3,0,0,36.168210,-86.806990,MEHARRY BLVD,,,,244.00,Feet,West,DR D B TODD JR BLVD,,,,0.00,N,Not at Intersection,N,Non-Junction,None,,,         ,Kayla,Castro,Clear,"Sideswipe, Opposite Direction",no,no,no,no,no,False
102163134,METROPOLITAN NASHVILLE POLICE DEPT,20180831680,Davidson,Nashville,9/30/2018 8:00:00 PM,2,0,0,36.173040,-86.764810,MAIN ST,,,,175.00,Feet,East,SPRING ST,,,,0.00,N,Not at Intersection,N,Non-Junction,None,,,         ,Barrett,Teague,Clear,Front to Rear,no,no,no,no,no,False
102163139,METROPOLITAN NASHVILLE POLICE DEPT,20180831678,Davidson,Not in City Limit,9/30/2018 8:05:00 PM,2,2,0,36.279550,-86.783570,BRICK CHURCH PKE,,,,0.00,,,OLD HICKORY BLVD,,,,0.00,Y,Four-Way,Y,Intersection,None,,,         ,Michael,Quinn,Clear,Angle,no,no,no,no,no,False
102163159,METROPOLITAN NASHVILLE POLICE DEPT,20180831760,Davidson,Nashville,9/30/2018 9:19:00 PM,1,0,0,36.124790,-86.764000,ROSEDALE AV,,,,0.00,,,GRISSOM DR,,,,0.00,Y,T-Intersection,N,Intersection-Related,None,,,         ,Douglas,Sykes,Clear,Not Collision with Motor Vehicle in Transport,no,no,no,no,no,False
102163171,METROPOLITAN NASHVILLE POLICE DEPT,20180831692,Davidson,Nashville,9/30/2018 7:35:00 PM,2,1,0,36.187990,-86.821560,CLARKSVILLE PKE,,,,0.00,,,ROSA L PARKS BLVD,,,,0.00,Y,Four-Way,Y,Intersection,None,,,         ,Amery,Milligan,Clear,Angle,no,no,no,no,no,False
102163186,METROPOLITAN NASHVILLE POLICE DEPT,20180831747,Davidson,Nashville,9/30/2018 9:01:00 PM,1,0,0,36.185730,-86.878860,CENTENNIAL BLVD,,,,769.00,Feet,South,CENTENNIAL CIR,,,,0.00,N,Not at Intersection,N,Non-Junction,None,,,         ,Jason,Kedzierski,Clear,Not Collision with Motor Vehicle in Transport,no,no,no,no,no,False
102163191,METROPOLITAN NASHVILLE POLICE DEPT,20180831847,Davidson,Nashville,9/30/2018 10:40:00 PM,2,1,0,36.073400,-86.692410,I 24,,,,0.00,,,,,,,56.70,N,Not at Intersection,N,Non-Junction,None,,,         ,Eric,Wegener,Clear,Front to Rear,no,no,no,no,yes,False
102163198,METROPOLITAN NASHVILLE POLICE DEPT,20180831721,Davidson,Nashville,9/30/2018 9:24:00 PM,3,0,0,36.160450,-86.776830,4TH AVS,,,,295.00,Feet,South,4TH AVN,,,,0.00,N,Not at Intersection,N,Non-Junction,None,,,         ,Joseph,Bingham,Clear,Front to Rear,no,no,no,yes,no,False
102163216,METROPOLITAN NASHVILLE POLICE DEPT,20180831800,Davidson,Nashville,9/30/2018 9:47:00 PM,2,1,0,36.161270,-86.859280,MORROW RD,,,,154.00,Feet,West,59TH AVN,,,,0.00,N,Not at Intersection,N,Non-Junction,None,,,         ,Torian,Cox,Clear,Front to Rear,no,no,no,no,no,False
102163233,METROPOLITAN NASHVILLE POLICE DEPT,20180831850,Davidson,Nashville,9/30/2018 9:36:00 PM,2,0,0,36.136060,-86.792450,WEDGEWOOD AV,,,,152.00,Feet,West,15TH AVS,,,,0.00,N,Not at Intersection, ,,None,,,         ,Jonathan,Hadley,,,no,no,no,no,no,False
102163243,METROPOLITAN NASHVILLE POLICE DEPT,20180831899,Davidson,Nashville,9/30/2018 10:50:00 PM,2,0,0,36.205000,-86.757640,JONES AV,,,,43.00,Feet,South,E TRINITY LN,,,,0.00,N,Not at Intersection,N,Non-Junction,None,,,         ,Shaquille,Graham,Clear,"Sideswipe, Opposite Direction",no,no,no,no,yes,False
102163247,METROPOLITAN NASHVILLE POLICE DEPT,20180832018,Davidson,Nashville,9/30/2018 7:59:00 PM,2,0,0,36.079710,-86.644860,MURFREESBORO PKE,,,,114.00,Feet,North,EDGE O LAKE DR,,,,0.00,N,Not at Intersection, ,Non-Junction,None,,,         ,Kaleb,Stella,Clear,Angle,no,no,no,no,no,False
102163272,Nashville Airport Police,2018-03907,Davidson,Nashville,9/28/2018 12:00:00 AM,2,0,0,36.140110,-86.667130,SATELLITE WAY,,,,0.00,,,I40 E EXT RAMP,,,,0.00,,Not at Intersection,N,Non-Junction,None,,,         ,Ahscari,Valencia,Cloudy,Unknown,no,no,no,yes,yes,False
102163278,METROPOLITAN NASHVILLE POLICE DEPT,20180831844,Davidson,Not in City Limit,9/30/2018 10:33:00 PM,4,1,0,36.263910,-86.690300,STATE RT 45,,,,0.00,,,MYATT DR,,,,0.00,Y,Four-Way,N,Intersection,None,,,         ,Wallis,Massey,Clear,Angle,no,no,no,no,no,False
102163556,METROPOLITAN NASHVILLE POLICE DEPT,20180831651,Davidson,Nashville,9/30/2018 7:52:00 PM,1,0,1,36.197060,-86.866760,BRILEY PKWYN,,,,1651.00,Feet,North,BRILEY PKWYS,,,,0.00,N,Not at Intersection,N,Non-Junction,None,,,18-0779  ,Donald,Davidson,Clear,Unknown,no,no,no,no,no,False
102163561,METROPOLITAN NASHVILLE POLICE DEPT,20180827766,Davidson,Nashville,9/28/2018 9:46:00 PM,2,2,0,36.174400,-86.774190,N 1ST ST,,,,0.00,,,OLDHAM ST,,,,0.00,Y,T-Intersection,N,Non-Junction,None,,,         ,Michael,Douglas,Clear,HeadOn,no,no,no,no,no,False
102163569,METROPOLITAN NASHVILLE POLICE DEPT,20180825966,Davidson,Nashville,9/28/2018 8:23:00 AM,2,0,0,36.169190,-86.771850,WOODLAND ST,,,,125.00,Feet,East,S 1ST ST,,,,0.00,N,Not at Intersection, ,Non-Junction,None,,,         ,Cory,West,Clear,"Sideswipe, Same Direction",no,no,no,no,no,False
102163726,METROPOLITAN NASHVILLE POLICE DEPT,20180831689,Davidson,Nashville,9/30/2018 8:16:00 PM,2,1,0,36.204120,-86.786670,HAYNES ST,,,,0.00,,,MEADE AV,,,,0.00,Y,T-Intersection,N,Intersection,None,,,         ,Andrey,Volfson,Clear,HeadOn,no,no,no,no,no,False
102164154,METROPOLITAN NASHVILLE POLICE DEPT,20180831835,Davidson,Nashville,9/30/2018 8:30:00 PM,2,0,0,36.154240,-86.822940,I 440,,,,0.00,,,,,,,0.75,N,Not at Intersection,Y,Entrance/Exit Ramp Related,None,,,         ,John,Roberson,Clear,"Sideswipe, Same Direction",no,no,no,no,yes,False
102164378,METROPOLITAN NASHVILLE POLICE DEPT,2018-0830302,Davidson,Nashville,9/30/2018 12:00:00 AM,1,0,0,36.136400,-86.814150,ACKLEN AV,,,,0.00,,,32ND AVS,,,,0.00,Y,T-Intersection,N,Non-Junction,None,,,         ,Frank,Walker,Clear,Not Collision with Motor Vehicle in Transport,no,no,no,yes,no,False
102166453,GOODLETTSVILLE POLICE DEPT,18-34444,Davidson,Goodlettsville,9/28/2018 4:59:00 PM,2,0,0,36.300540,-86.700870,RIVERGATE PKWY,,,,74.00,Feet,South,BLUEBIRD DR,,,,0.00,N,Not at Intersection, ,Non-Junction,None,,,         ,Zachary,Scannell,Clear,Front to Rear,no,no,no,no,no,False
102177248,THP District 3 - Nashville,318065011,Davidson,Nashville,9/27/2018 1:15:00 PM,1,0,0,36.243080,-86.756770,DICKERSON PKE,,,,417.00,Feet,North,DICKERSON PKE ENT RAMP,,,,0.00,N,Not at Intersection,N,Non-Junction,None,,,         ,Roberto,Pineda,Clear,Unknown,no,no,no,no,yes,False